         0  0.0000000000000000e+00  1.2500000000000000e-01  3.7500000000000000e-01 -0.000000e+00  3.375000e+00 -0.000000e+00  1.562500e+01 -0.000000e+00  8.374023e+01  3.375000e+00  1.562500e+01  1.1250000000000000e+00
        10  1.2499999999999999e-02  1.2490628462431884e-01  3.7472494679502644e-01  6.625852e-03  3.375075e+00  6.625971e-02  1.562648e+01  5.435599e-01  8.375772e+01  3.374704e+00  1.562237e+01  1.1242235852029323e+00
        20  2.5000000000000005e-02  1.2481263646930160e-01  3.7446223934295697e-01  1.324529e-02  3.375300e+00  1.324625e-01  1.563091e+01  1.086792e+00  8.381010e+01  3.373818e+00  1.561449e+01  1.1235813805012369e+00
        30  3.7500000000000012e-02  1.2471905245734295e-01  3.7421180721926517e-01  1.985852e-02  3.375675e+00  1.986176e-01  1.563829e+01  1.629912e+00  8.389730e+01  3.372346e+00  1.560140e+01  1.1230727364917843e+00
        40  5.0000000000000024e-02  1.2462552952819840e-01  3.7397358194132801e-01  2.646575e-02  3.376199e+00  2.647343e-01  1.564861e+01  2.173132e+00  8.401928e+01  3.370294e+00  1.558317e+01  1.1226970584188616e+00
        50  6.2500000000000028e-02  1.2453206463850289e-01  3.7374749693235332e-01  3.306718e-02  3.376872e+00  3.308217e-01  1.566186e+01  2.716666e+00  8.417599e+01  3.367668e+00  1.555987e+01  1.1224538053372943e+00
        60  7.5000000000000039e-02  1.2443865476129956e-01  3.7353348748530268e-01  3.966301e-02  3.377694e+00  3.968888e-01  1.567803e+01  3.260723e+00  8.436742e+01  3.364477e+00  1.553158e+01  1.1223424893057319e+00
        70  8.7500000000000050e-02  1.2434529688557630e-01  3.7333149072680466e-01  4.625344e-02  3.378663e+00  4.629446e-01  1.569713e+01  3.805513e+00  8.459357e+01  3.360730e+00  1.549841e+01  1.1223626746090671e+00
        80  1.0000000000000006e-01  1.2425198801581225e-01  3.7314144558105006e-01  5.283864e-02  3.379781e+00  5.289980e-01  1.571914e+01  4.351245e+00  8.485447e+01  3.356439e+00  1.546048e+01  1.1225139770090231e+00
        90  1.1250000000000007e-01  1.2415872517153222e-01  3.7296329273367951e-01  5.941879e-02  3.381046e+00  5.950577e-01  1.574406e+01  4.898127e+00  8.515016e+01  3.351615e+00  1.541793e+01  1.1227960630220322e+00
       100  1.2500000000000008e-01  1.2406550538687268e-01  3.7279697459564587e-01  6.599406e-02  3.382458e+00  6.611323e-01  1.577190e+01  5.446362e+00  8.548070e+01  3.346272e+00  1.537089e+01  1.1232086492234890e+00
       110  1.3750000000000009e-01  1.2397232571015264e-01  3.7264243526706592e-01  7.256463e-02  3.384018e+00  7.272306e-01  1.580264e+01  5.996158e+00  8.584617e+01  3.340425e+00  1.531954e+01  1.1237515015776429e+00
       120  1.5000000000000011e-01  1.2387918320345789e-01  3.7249962050104607e-01  7.913063e-02  3.385724e+00  7.933609e-01  1.583628e+01  6.547716e+00  8.624668e+01  3.334090e+00  1.526404e+01  1.1244244347923158e+00
       130  1.6250000000000012e-01  1.2378607494223137e-01  3.7236847766749925e-01  8.569223e-02  3.387577e+00  8.595316e-01  1.587283e+01  7.101239e+00  8.668233e+01  3.327283e+00  1.520457e+01  1.1252273116977447e+00
       140  1.7500000000000013e-01  1.2369299801487385e-01  3.7224895571693994e-01  9.224954e-02  3.389577e+00  9.257509e-01  1.591228e+01  7.656930e+00  8.715326e+01  3.320023e+00  1.514134e+01  1.1261600426488709e+00
       150  1.8750000000000014e-01  1.2359994952235330e-01  3.7214100514427051e-01  9.880271e-02  3.391722e+00  9.920270e-01  1.595463e+01  8.214987e+00  8.765962e+01  3.312328e+00  1.507454e+01  1.1272225849504351e+00
       160  2.0000000000000015e-01  1.2350692657782342e-01  3.7204457795254975e-01  1.053518e-01  3.394013e+00  1.058368e+00  1.599988e+01  8.775609e+00  8.820158e+01  3.304219e+00  1.500440e+01  1.1284149423042666e+00
       170  2.1250000000000016e-01  1.2341392630625132e-01  3.7195962761675838e-01  1.118970e-01  3.396451e+00  1.124781e+00  1.604804e+01  9.338996e+00  8.877932e+01  3.295716e+00  1.493113e+01  1.1297371642782266e+00
       180  2.2500000000000017e-01  1.2332094584405395e-01  3.7188610904755837e-01  1.184384e-01  3.399033e+00  1.191275e+00  1.609909e+01  9.905342e+00  8.939305e+01  3.286840e+00  1.485496e+01  1.1311893457962068e+00
       190  2.3750000000000018e-01  1.2322798233874385e-01  3.7182397855505123e-01  1.249760e-01  3.401762e+00  1.257857e+00  1.615305e+01  1.047484e+01  9.004298e+01  3.277614e+00  1.477614e+01  1.1327716266487398e+00
       200  2.5000000000000017e-01  1.2313503294858424e-01  3.7177319381253504e-01  1.315099e-01  3.404635e+00  1.324534e+00  1.620992e+01  1.104769e+01  9.072933e+01  3.268061e+00  1.469490e+01  1.1344841910236594e+00
       210  2.6249999999999990e-01  1.2304209484225200e-01  3.7173371382028247e-01  1.380402e-01  3.407653e+00  1.391314e+00  1.626969e+01  1.162409e+01  9.145236e+01  3.258205e+00  1.461149e+01  1.1363272670564435e+00
       220  2.7499999999999963e-01  1.2294916519851151e-01  3.7170549886931720e-01  1.445669e-01  3.410816e+00  1.458204e+00  1.633237e+01  1.220422e+01  9.221233e+01  3.248069e+00  1.452618e+01  1.1383011263997027e+00
       230  2.8749999999999937e-01  1.2285624120589611e-01  3.7168851050521379e-01  1.510900e-01  3.414124e+00  1.525210e+00  1.639797e+01  1.278827e+01  9.300951e+01  3.237677e+00  1.443921e+01  1.1404060838114507e+00
       240  2.9999999999999910e-01  1.2276332006239857e-01  3.7168271149192722e-01  1.576096e-01  3.417576e+00  1.592341e+00  1.646647e+01  1.337643e+01  9.384419e+01  3.227055e+00  1.435084e+01  1.1426424967617506e+00
       250  3.1249999999999883e-01  1.2267039897517228e-01  3.7168806577564362e-01  1.641257e-01  3.421173e+00  1.659601e+00  1.653790e+01  1.396890e+01  9.471667e+01  3.216229e+00  1.426135e+01  1.1450107650573260e+00
       260  3.2499999999999857e-01  1.2257747516023913e-01  3.7170453844866763e-01  1.706382e-01  3.424913e+00  1.726999e+00  1.661224e+01  1.456585e+01  9.562725e+01  3.205223e+00  1.417099e+01  1.1475113304837792e+00
       270  3.3749999999999830e-01  1.2248454584220818e-01  3.7173209571335558e-01  1.771471e-01  3.428797e+00  1.794539e+00  1.668951e+01  1.516747e+01  9.657627e+01  3.194063e+00  1.408002e+01  1.1501446764650727e+00
       280  3.4999999999999803e-01  1.2239160825400293e-01  3.7177070484608982e-01  1.836523e-01  3.432824e+00  1.862229e+00  1.676970e+01  1.577394e+01  9.756407e+01  3.182775e+00  1.398872e+01  1.1529113277398513e+00
       290  3.6249999999999777e-01  1.2229865963659620e-01  3.7182033416130555e-01  1.901539e-01  3.436994e+00  1.930074e+00  1.685282e+01  1.638545e+01  9.859098e+01  3.171385e+00  1.389735e+01  1.1558118500543613e+00
       300  3.7499999999999750e-01  1.2220569723875695e-01  3.7188095297558360e-01  1.966517e-01  3.441308e+00  1.998080e+00  1.693888e+01  1.700217e+01  9.965736e+01  3.159918e+00  1.380616e+01  1.1588468498715359e+00
       310  3.8749999999999724e-01  1.2211271831680265e-01  3.7195253157179786e-01  2.031457e-01  3.445763e+00  2.066253e+00  1.702787e+01  1.762428e+01  1.007636e+02  3.148402e+00  1.371543e+01  1.1620169740959745e+00
       320  3.9999999999999697e-01  1.2201972013436327e-01  3.7203504116334390e-01  2.096357e-01  3.450361e+00  2.134596e+00  1.711979e+01  1.825196e+01  1.019100e+02  3.136861e+00  1.362541e+01  1.1653229098144300e+00
       330  4.1249999999999670e-01  1.2192669996215340e-01  3.7212845385843191e-01  2.161216e-01  3.455101e+00  2.203117e+00  1.721466e+01  1.888537e+01  1.030970e+02  3.125322e+00  1.353635e+01  1.1687653840515262e+00
       340  4.2499999999999644e-01  1.2183365507775133e-01  3.7223274262447270e-01  2.226032e-01  3.459981e+00  2.271819e+00  1.731247e+01  1.952468e+01  1.043251e+02  3.113809e+00  1.344852e+01  1.1723451635403075e+00
       350  4.3749999999999617e-01  1.2174058276539071e-01  3.7234788125254542e-01  2.290805e-01  3.465003e+00  2.340707e+00  1.741323e+01  2.017008e+01  1.055945e+02  3.102348e+00  1.336215e+01  1.1760630545073312e+00
       360  4.4999999999999590e-01  1.2164748031575900e-01  3.7247384432195968e-01  2.355531e-01  3.470164e+00  2.409785e+00  1.751693e+01  2.082171e+01  1.069056e+02  3.090963e+00  1.327749e+01  1.1799199024719444e+00
       370  4.6249999999999564e-01  1.2155434502580258e-01  3.7261060716491712e-01  2.420210e-01  3.475466e+00  2.479057e+00  1.762358e+01  2.147974e+01  1.082590e+02  3.079680e+00  1.319478e+01  1.1839165920593695e+00
       380  4.7499999999999537e-01  1.2146117419854596e-01  3.7275814583127109e-01  2.484839e-01  3.480907e+00  2.548528e+00  1.773318e+01  2.214433e+01  1.096550e+02  3.068522e+00  1.311426e+01  1.1880540468272636e+00
       390  4.8749999999999510e-01  1.2136796514291545e-01  3.7291643705340416e-01  2.549416e-01  3.486486e+00  2.618200e+00  1.784574e+01  2.281565e+01  1.110939e+02  3.057512e+00  1.303615e+01  1.1923332291053756e+00
       400  4.9999999999999484e-01  1.2127471517357261e-01  3.7308545821121081e-01  2.613938e-01  3.492203e+00  2.688077e+00  1.796124e+01  2.349383e+01  1.125763e+02  3.046675e+00  1.296068e+01  1.1967551398478873e+00
       410  5.1249999999999463e-01  1.2118142161075736e-01  3.7326518729719393e-01  2.678402e-01  3.498057e+00  2.758162e+00  1.807969e+01  2.417903e+01  1.141026e+02  3.036032e+00  1.288806e+01  1.2013208184980821e+00
       420  5.2499999999999436e-01  1.2108808178013898e-01  3.7345560288169471e-01  2.742806e-01  3.504047e+00  2.828457e+00  1.820109e+01  2.487140e+01  1.156730e+02  3.025606e+00  1.281852e+01  1.2060313428649043e+00
       430  5.3749999999999409e-01  1.2099469301267600e-01  3.7365668407823716e-01  2.807147e-01  3.510173e+00  2.898964e+00  1.832543e+01  2.557107e+01  1.172882e+02  3.015418e+00  1.275224e+01  1.2108878290109275e+00
       440  5.4999999999999383e-01  1.2090125264448506e-01  3.7386841050900582e-01  2.871421e-01  3.516434e+00  2.969686e+00  1.845272e+01  2.627819e+01  1.189484e+02  3.005488e+00  1.268944e+01  1.2158914311513713e+00
       450  5.6249999999999356e-01  1.2080775801671789e-01  3.7409076227044663e-01  2.935625e-01  3.522828e+00  3.040625e+00  1.858295e+01  2.699288e+01  1.206541e+02  2.995838e+00  1.263029e+01  1.2210433415636042e+00
       460  5.7499999999999329e-01  1.2071420647544680e-01  3.7432371989902002e-01  2.999755e-01  3.529355e+00  3.111780e+00  1.871611e+01  2.771528e+01  1.224057e+02  2.986486e+00  1.257499e+01  1.2263447905066893e+00
       470  5.8749999999999303e-01  1.2062059537155956e-01  3.7456726433707421e-01  3.063807e-01  3.536014e+00  3.183155e+00  1.885221e+01  2.844551e+01  1.242036e+02  2.977451e+00  1.252372e+01  1.2317970461503687e+00
       480  5.9999999999999276e-01  1.2052692206066129e-01  3.7482137689886152e-01  3.127778e-01  3.542802e+00  3.254748e+00  1.899123e+01  2.918369e+01  1.260482e+02  2.968751e+00  1.247665e+01  1.2374014145130414e+00
       490  6.1249999999999249e-01  1.2043318390298688e-01  3.7508603923670569e-01  3.191663e-01  3.549721e+00  3.326560e+00  1.913317e+01  2.992993e+01  1.279398e+02  2.960404e+00  1.243393e+01  1.2431592394080369e+00
       500  6.2499999999999223e-01  1.2033937826331979e-01  3.7536123330730475e-01  3.255458e-01  3.556767e+00  3.398592e+00  1.927801e+01  3.068434e+01  1.298788e+02  2.952426e+00  1.239574e+01  1.2490719023976591e+00
       510  6.3749999999999196e-01  1.2024550251092080e-01  3.7564694133817056e-01  3.319158e-01  3.563939e+00  3.470841e+00  1.942575e+01  3.144702e+01  1.318656e+02  2.944832e+00  1.236221e+01  1.2551408227542884e+00
       520  6.4999999999999170e-01  1.2015155401946367e-01  3.7594314579423643e-01  3.382758e-01  3.571237e+00  3.543309e+00  1.957638e+01  3.221807e+01  1.339006e+02  2.937639e+00  1.233349e+01  1.2613674574278981e+00
       530  6.6249999999999143e-01  1.2005753016698105e-01  3.7624982934458989e-01  3.446254e-01  3.578659e+00  3.615992e+00  1.972989e+01  3.299757e+01  1.359840e+02  2.930859e+00  1.230973e+01  1.2677533010192308e+00
       540  6.7499999999999116e-01  1.1996342833581676e-01  3.7656697482936402e-01  3.509640e-01  3.586202e+00  3.688889e+00  1.988626e+01  3.378561e+01  1.381162e+02  2.924506e+00  1.229104e+01  1.2742998857579102e+00
       550  6.8749999999999090e-01  1.1986924591258714e-01  3.7689456522677312e-01  3.572911e-01  3.593867e+00  3.761999e+00  2.004547e+01  3.458226e+01  1.402974e+02  2.918593e+00  1.227755e+01  1.2810087814846509e+00
       560  6.9999999999999063e-01  1.1977498028815188e-01  3.7723258362029655e-01  3.636062e-01  3.601650e+00  3.835318e+00  2.020751e+01  3.538759e+01  1.425280e+02  2.913131e+00  1.226938e+01  1.2878815956367693e+00
       570  7.1249999999999036e-01  1.1968062885758997e-01  3.7758101316601156e-01  3.699086e-01  3.609550e+00  3.908843e+00  2.037236e+01  3.620166e+01  1.448082e+02  2.908131e+00  1.226663e+01  1.2949199732360426e+00
       580  7.2499999999999010e-01  1.1958618902018747e-01  3.7793983706006928e-01  3.761979e-01  3.617565e+00  3.982571e+00  2.054000e+01  3.702453e+01  1.471382e+02  2.903604e+00  1.226941e+01  1.3021255968780547e+00
       590  7.3749999999998983e-01  1.1949165817942820e-01  3.7830903850632003e-01  3.824733e-01  3.625693e+00  4.056497e+00  2.071042e+01  3.785623e+01  1.495183e+02  2.899558e+00  1.227782e+01  1.3095001867220017e+00
       600  7.4999999999998956e-01  1.1939703374300160e-01  3.7868860068408888e-01  3.887343e-01  3.633932e+00  4.130618e+00  2.088357e+01  3.869680e+01  1.519486e+02  2.896001e+00  1.229194e+01  1.3170455004799599e+00
       610  7.6249999999998930e-01  1.1930231312280742e-01  3.7907850671608712e-01  3.949802e-01  3.642280e+00  4.204927e+00  2.105945e+01  3.954627e+01  1.544292e+02  2.892942e+00  1.231185e+01  1.3247633334044695e+00
       620  7.7499999999998903e-01  1.1920749373497597e-01  3.7947873963647327e-01  4.012103e-01  3.650735e+00  4.279421e+00  2.123802e+01  4.040465e+01  1.569604e+02  2.890387e+00  1.233763e+01  1.3326555182733937e+00
       630  7.8749999999998876e-01  1.1911257299989440e-01  3.7988928235905461e-01  4.074241e-01  3.659294e+00  4.354092e+00  2.141925e+01  4.127196e+01  1.595421e+02  2.888342e+00  1.236936e+01  1.3407239253707999e+00
       640  7.9999999999998850e-01  1.1901754834224124e-01  3.8031011764563483e-01  4.136207e-01  3.667955e+00  4.428934e+00  2.160312e+01  4.214818e+01  1.621745e+02  2.886812e+00  1.240709e+01  1.3489704624626584e+00
       650  8.1249999999998823e-01  1.1892241719102710e-01  3.8074122807449162e-01  4.197996e-01  3.676716e+00  4.503941e+00  2.178958e+01  4.303330e+01  1.648576e+02  2.885802e+00  1.245088e+01  1.3573970747659860e+00
       660  8.2499999999998797e-01  1.1882717697964457e-01  3.8118259600900728e-01  4.259599e-01  3.685574e+00  4.579105e+00  2.197861e+01  4.392730e+01  1.675913e+02  2.885314e+00  1.250078e+01  1.3660057449101557e+00
       670  8.3749999999998770e-01  1.1873182514592705e-01  3.8163420356642641e-01  4.321009e-01  3.694526e+00  4.654417e+00  2.217016e+01  4.483015e+01  1.703756e+02  2.885352e+00  1.255684e+01  1.3747984928889643e+00
       680  8.4999999999998743e-01  1.1863635913221263e-01  3.8209603258675090e-01  4.382219e-01  3.703570e+00  4.729869e+00  2.236420e+01  4.574180e+01  1.732104e+02  2.885917e+00  1.261909e+01  1.3837773760018606e+00
       690  8.6249999999998717e-01  1.1854077638541925e-01  3.8256806460177606e-01  4.443222e-01  3.712702e+00  4.805453e+00  2.256068e+01  4.666218e+01  1.760956e+02  2.887011e+00  1.268756e+01  1.3929444887829154e+00
       700  8.7499999999998690e-01  1.1844507435712232e-01  3.8305028080425457e-01  4.504008e-01  3.721920e+00  4.881158e+00  2.275956e+01  4.759124e+01  1.790309e+02  2.888633e+00  1.276229e+01  1.4023019629158768e+00
       710  8.8749999999998663e-01  1.1834925050364785e-01  3.8354266201719950e-01  4.564571e-01  3.731221e+00  4.956975e+00  2.296079e+01  4.852889e+01  1.820161e+02  2.890785e+00  1.284328e+01  1.4118519671336311e+00
       720  8.9999999999998637e-01  1.1825330228616457e-01  3.8404518866331144e-01  4.624902e-01  3.740602e+00  5.032893e+00  2.316432e+01  4.947502e+01  1.850510e+02  2.893464e+00  1.293056e+01  1.4215967071003794e+00
       730  9.1249999999998610e-01  1.1815722717078952e-01  3.8455784073454474e-01  4.684992e-01  3.750059e+00  5.108900e+00  2.337010e+01  5.042954e+01  1.881351e+02  2.896670e+00  1.302413e+01  1.4315384252746719e+00
       740  9.2499999999998583e-01  1.1806102262870015e-01  3.8508059776181136e-01  4.744835e-01  3.759590e+00  5.184985e+00  2.357808e+01  5.139233e+01  1.912682e+02  2.900398e+00  1.312398e+01  1.4416794007515050e+00
       750  9.3749999999998557e-01  1.1796468613625187e-01  3.8561343878479976e-01  4.804420e-01  3.769190e+00  5.261136e+00  2.378819e+01  5.236324e+01  1.944497e+02  2.904647e+00  1.323012e+01  1.4520219490815482e+00
       760  9.4999999999998530e-01  1.1786821517510651e-01  3.8615634232193535e-01  4.863740e-01  3.778857e+00  5.337339e+00  2.400038e+01  5.334214e+01  1.976792e+02  2.909413e+00  1.334253e+01  1.4625684220654813e+00
       770  9.6249999999998503e-01  1.1777160723236337e-01  3.8670928634048207e-01  4.922785e-01  3.788586e+00  5.413581e+00  2.421459e+01  5.432885e+01  2.009561e+02  2.914690e+00  1.346119e+01  1.4733212075213302e+00
       780  9.7499999999998477e-01  1.1767485980070425e-01  3.8727224822677181e-01  4.981547e-01  3.798375e+00  5.489849e+00  2.443074e+01  5.532321e+01  2.042797e+02  2.920474e+00  1.358607e+01  1.4842827290229317e+00
       790  9.8749999999998450e-01  1.1757797037853972e-01  3.8784520475655548e-01  5.040018e-01  3.808220e+00  5.566128e+00  2.464878e+01  5.632502e+01  2.076494e+02  2.926759e+00  1.371714e+01  1.4954554456070386e+00
       800  9.9999999999998423e-01  1.1748093647016741e-01  3.8842813206552285e-01  5.098187e-01  3.818116e+00  5.642403e+00  2.486863e+01  5.733407e+01  2.110644e+02  2.933539e+00  1.385437e+01  1.5068418514471036e+00
       810  1.0124999999999840e+00  1.1738375558593293e-01  3.8902100561993996e-01  5.156046e-01  3.828060e+00  5.718658e+00  2.509021e+01  5.835015e+01  2.145239e+02  2.940807e+00  1.399770e+01  1.5184444754912811e+00
       820  1.0249999999999837e+00  1.1728642524240480e-01  3.8962380018743770e-01  5.213585e-01  3.838048e+00  5.794877e+00  2.531346e+01  5.937302e+01  2.180270e+02  2.948554e+00  1.414709e+01  1.5302658810623937e+00
       830  1.0374999999999834e+00  1.1718894296254906e-01  3.9023648980795778e-01  5.270796e-01  3.848077e+00  5.871043e+00  2.553830e+01  6.040243e+01  2.215729e+02  2.956774e+00  1.430247e+01  1.5423086654174791e+00
       840  1.0499999999999832e+00  1.1709130627591641e-01  3.9085904776484759e-01  5.327668e-01  3.858141e+00  5.947141e+00  2.576463e+01  6.143811e+01  2.251603e+02  2.965457e+00  1.446378e+01  1.5545754592644503e+00
       850  1.0624999999999829e+00  1.1699351271883510e-01  3.9149144655610169e-01  5.384193e-01  3.868237e+00  6.023151e+00  2.599238e+01  6.247978e+01  2.287883e+02  2.974594e+00  1.463094e+01  1.5670689262334168e+00
       860  1.0749999999999826e+00  1.1689555983461085e-01  3.9213365786579130e-01  5.440361e-01  3.878361e+00  6.099055e+00  2.622146e+01  6.352716e+01  2.324557e+02  2.984175e+00  1.480386e+01  1.5797917623001168e+00
       870  1.0874999999999824e+00  1.1679744517373286e-01  3.9278565253565345e-01  5.496162e-01  3.888508e+00  6.174836e+00  2.645178e+01  6.457992e+01  2.361612e+02  2.994190e+00  1.498247e+01  1.5927466951590330e+00
       880  1.0999999999999821e+00  1.1669916629408954e-01  3.9344740053687022e-01  5.551587e-01  3.898673e+00  6.250473e+00  2.668325e+01  6.563773e+01  2.399035e+02  3.004629e+00  1.516666e+01  1.6059364835433936e+00
       890  1.1124999999999818e+00  1.1660072076118833e-01  3.9411887094202130e-01  5.606625e-01  3.908854e+00  6.325948e+00  2.691578e+01  6.670027e+01  2.436813e+02  3.015480e+00  1.535633e+01  1.6193639164897595e+00
       900  1.1249999999999816e+00  1.1650210614838322e-01  3.9480003189726043e-01  5.661269e-01  3.919044e+00  6.401240e+00  2.714926e+01  6.776716e+01  2.474931e+02  3.026731e+00  1.555137e+01  1.6330318125443428e+00
       910  1.1374999999999813e+00  1.1640332003711232e-01  3.9549085059468286e-01  5.715507e-01  3.929240e+00  6.476329e+00  2.738359e+01  6.883803e+01  2.513373e+02  3.038371e+00  1.575166e+01  1.6469430189085759e+00
       920  1.1499999999999810e+00  1.1630436001713697e-01  3.9619129324493207e-01  5.769330e-01  3.939437e+00  6.551193e+00  2.761868e+01  6.991250e+01  2.552124e+02  3.050387e+00  1.595706e+01  1.6611004105213523e+00
       930  1.1624999999999808e+00  1.1620522368679319e-01  3.9690132505001985e-01  5.822727e-01  3.949631e+00  6.625812e+00  2.785442e+01  7.099017e+01  2.591166e+02  3.062767e+00  1.616745e+01  1.6755068890751970e+00
       940  1.1749999999999805e+00  1.1610590865324501e-01  3.9762091017643092e-01  5.875691e-01  3.959816e+00  6.700164e+00  2.809070e+01  7.207061e+01  2.630481e+02  3.075496e+00  1.638268e+01  1.6901653819639939e+00
       950  1.1874999999999802e+00  1.1600641253274764e-01  3.9835001172845586e-01  5.928210e-01  3.969988e+00  6.774226e+00  2.832741e+01  7.315339e+01  2.670053e+02  3.088561e+00  1.660261e+01  1.7050788411595770e+00
       960  1.1999999999999800e+00  1.1590673295091550e-01  3.9908859172183031e-01  5.980274e-01  3.980142e+00  6.847976e+00  2.856443e+01  7.423808e+01  2.709860e+02  3.101948e+00  1.682706e+01  1.7202502420147301e+00
       970  1.2124999999999797e+00  1.1580686754299942e-01  3.9983661105766216e-01  6.031875e-01  3.990274e+00  6.921391e+00  2.880166e+01  7.532419e+01  2.749884e+02  3.115644e+00  1.705588e+01  1.7356825819902735e+00
       980  1.2249999999999794e+00  1.1570681395416643e-01  4.0059402949667722e-01  6.083002e-01  4.000378e+00  6.994448e+00  2.903898e+01  7.641127e+01  2.790104e+02  3.129633e+00  1.728888e+01  1.7513788793036644e+00
       990  1.2374999999999792e+00  1.1560656983978848e-01  4.0136080563380683e-01  6.133645e-01  4.010451e+00  7.067123e+00  2.927627e+01  7.749882e+01  2.830499e+02  3.143901e+00  1.752590e+01  1.7673421714970123e+00
      1000  1.2499999999999789e+00  1.1550613286573923e-01  4.0213689687312554e-01  6.183795e-01  4.020486e+00  7.139393e+00  2.951341e+01  7.858635e+01  2.871046e+02  3.158433e+00  1.776672e+01  1.7835755139221758e+00
      1010  1.2624999999999786e+00  1.1540550070869222e-01  4.0292225940317750e-01  6.233442e-01  4.030480e+00  7.211234e+00  2.975028e+01  7.967333e+01  2.911724e+02  3.173212e+00  1.801117e+01  1.8000819781409645e+00
      1020  1.2749999999999784e+00  1.1530467105642779e-01  4.0371684817269343e-01  6.282577e-01  4.040427e+00  7.282621e+00  2.998675e+01  8.075926e+01  2.952508e+02  3.188224e+00  1.825902e+01  1.8168646502384296e+00
      1030  1.2874999999999781e+00  1.1520364160814807e-01  4.0452061686674867e-01  6.331190e-01  4.050323e+00  7.353530e+00  3.022269e+01  8.184358e+01  2.993375e+02  3.203453e+00  1.851008e+01  1.8339266290474483e+00
      1040  1.2999999999999778e+00  1.1510241007479434e-01  4.0533351788335920e-01  6.379272e-01  4.060162e+00  7.423936e+00  3.045799e+01  8.292575e+01  3.034301e+02  3.218883e+00  1.876410e+01  1.8512710242829316e+00
      1050  1.3124999999999776e+00  1.1500097417937158e-01  4.0615550231057884e-01  6.426812e-01  4.069940e+00  7.493814e+00  3.069251e+01  8.400523e+01  3.075259e+02  3.234497e+00  1.902088e+01  1.8689009545841841e+00
      1060  1.3249999999999773e+00  1.1489933165727924e-01  4.0698651990407253e-01  6.473802e-01  4.079651e+00  7.563140e+00  3.092613e+01  8.508143e+01  3.116225e+02  3.250280e+00  1.928017e+01  1.8868195454640597e+00
      1070  1.3374999999999770e+00  1.1479748025664843e-01  4.0782651906525469e-01  6.520232e-01  4.089292e+00  7.631888e+00  3.115871e+01  8.615379e+01  3.157172e+02  3.266215e+00  1.954173e+01  1.9050299271639595e+00
      1080  1.3499999999999768e+00  1.1469541773867854e-01  4.0867544681997459e-01  6.566094e-01  4.098857e+00  7.700034e+00  3.139013e+01  8.722172e+01  3.198074e+02  3.282285e+00  1.980531e+01  1.9235352324136485e+00
      1090  1.3624999999999765e+00  1.1459314187799008e-01  4.0953324879780451e-01  6.611378e-01  4.108342e+00  7.767552e+00  3.162025e+01  8.828463e+01  3.238903e+02  3.298474e+00  2.007065e+01  1.9423385940953364e+00
      1100  1.3749999999999762e+00  1.1449065046297079e-01  4.1039986921195554e-01  6.656075e-01  4.117741e+00  7.834417e+00  3.184894e+01  8.934193e+01  3.279632e+02  3.314766e+00  2.033751e+01  1.9614431428116741e+00
      1110  1.3874999999999760e+00  1.1438794129613679e-01  4.1127525083986255e-01  6.700176e-01  4.127050e+00  7.900604e+00  3.207606e+01  9.039301e+01  3.320232e+02  3.331143e+00  2.060560e+01  1.9808520043575135e+00
      1120  1.3999999999999757e+00  1.1428501219448943e-01  4.1215933500443802e-01  6.743673e-01  4.136265e+00  7.966087e+00  3.230150e+01  9.143726e+01  3.360675e+02  3.347589e+00  2.087466e+01  2.0005682970957572e+00
      1130  1.4124999999999754e+00  1.1418186098988335e-01  4.1305206155608876e-01  6.786556e-01  4.145380e+00  8.030842e+00  3.252510e+01  9.247408e+01  3.400934e+02  3.364087e+00  2.114442e+01  2.0205951292376358e+00
      1140  1.4249999999999752e+00  1.1407848552939848e-01  4.1395336885545997e-01  6.828818e-01  4.154392e+00  8.094844e+00  3.274674e+01  9.350285e+01  3.440977e+02  3.380621e+00  2.141458e+01  2.0409355960283473e+00
      1150  1.4374999999999749e+00  1.1397488367571085e-01  4.1486319375701008e-01  6.870450e-01  4.163294e+00  8.158069e+00  3.296630e+01  9.452296e+01  3.480778e+02  3.397173e+00  2.168488e+01  2.0615927768392441e+00
      1160  1.4499999999999746e+00  1.1387105330747394e-01  4.1578147159340001e-01  6.911443e-01  4.172084e+00  8.220491e+00  3.318362e+01  9.553378e+01  3.520306e+02  3.413729e+00  2.195501e+01  2.0825697321680616e+00
      1170  1.4624999999999744e+00  1.1376699231969986e-01  4.1670813616076130e-01  6.951790e-01  4.180757e+00  8.282086e+00  3.339860e+01  9.653471e+01  3.559531e+02  3.430270e+00  2.222468e+01  2.1038695005491093e+00
      1180  1.4749999999999741e+00  1.1366269862414553e-01  4.1764311970487045e-01  6.991483e-01  4.189308e+00  8.342830e+00  3.361109e+01  9.752512e+01  3.598425e+02  3.446780e+00  2.249361e+01  2.1254950953757348e+00
      1190  1.4874999999999738e+00  1.1355817014970214e-01  4.1858635290826024e-01  7.030514e-01  4.197733e+00  8.402700e+00  3.382096e+01  9.850439e+01  3.636957e+02  3.463244e+00  2.276149e+01  2.1474495016375275e+00
      1200  1.4999999999999736e+00  1.1345340484278520e-01  4.1953776487833450e-01  7.068876e-01  4.206029e+00  8.461672e+00  3.402810e+01  9.947193e+01  3.675099e+02  3.479646e+00  2.302803e+01  2.1697356725757344e+00
      1210  1.5124999999999733e+00  1.1334840066773458e-01  4.2049728313647816e-01  7.106560e-01  4.214190e+00  8.519722e+00  3.423237e+01  1.004271e+02  3.712821e+02  3.495969e+00  2.329294e+01  2.1923565262600131e+00
      1220  1.5249999999999730e+00  1.1324315560720710e-01  4.2146483360823322e-01  7.143560e-01  4.222213e+00  8.576828e+00  3.443364e+01  1.013694e+02  3.750093e+02  3.512198e+00  2.355590e+01  2.2153149420905631e+00
      1230  1.5374999999999728e+00  1.1313766766257963e-01  4.2244034061457347e-01  7.179869e-01  4.230095e+00  8.632968e+00  3.463181e+01  1.022981e+02  3.786887e+02  3.528317e+00  2.381662e+01  2.2386137572299925e+00
      1240  1.5499999999999725e+00  1.1303193485434886e-01  4.2342372686428587e-01  7.215479e-01  4.237830e+00  8.688120e+00  3.482674e+01  1.032126e+02  3.823174e+02  3.544312e+00  2.407481e+01  2.2622557629695961e+00
      1250  1.5624999999999722e+00  1.1292595522253873e-01  4.2441491344755267e-01  7.250385e-01  4.245417e+00  8.742262e+00  3.501832e+01  1.041125e+02  3.858925e+02  3.560167e+00  2.433016e+01  2.2862437010352514e+00
      1260  1.5749999999999720e+00  1.1281972682710319e-01  4.2541381983068799e-01  7.284579e-01  4.252850e+00  8.795373e+00  3.520643e+01  1.049971e+02  3.894113e+02  3.575867e+00  2.458239e+01  2.3105802598387220e+00
      1270  1.5874999999999717e+00  1.1271324774833191e-01  4.2642036385214949e-01  7.318056e-01  4.260127e+00  8.847434e+00  3.539096e+01  1.058658e+02  3.928709e+02  3.591399e+00  2.483120e+01  2.3352680706799251e+00
      1280  1.5999999999999714e+00  1.1260651608726023e-01  4.2743446171978761e-01  7.350810e-01  4.267245e+00  8.898423e+00  3.557181e+01  1.067182e+02  3.962687e+02  3.606748e+00  2.507630e+01  2.3603097039071574e+00
      1290  1.6124999999999712e+00  1.1249952996607485e-01  4.2845602800941118e-01  7.382834e-01  4.274200e+00  8.948322e+00  3.574885e+01  1.075536e+02  3.996019e+02  3.621901e+00  2.531741e+01  2.3857076650417479e+00
      1300  1.6249999999999709e+00  1.1239228752852339e-01  4.2948497566466193e-01  7.414123e-01  4.280990e+00  8.997113e+00  3.592199e+01  1.083715e+02  4.028680e+02  3.636844e+00  2.555425e+01  2.4114643908746305e+00
      1310  1.6374999999999706e+00  1.1228478694031996e-01  4.3052121599828924e-01  7.444671e-01  4.287610e+00  9.044777e+00  3.609114e+01  1.091716e+02  4.060645e+02  3.651564e+00  2.578654e+01  2.4375822455421297e+00
      1320  1.6499999999999704e+00  1.1217702638955637e-01  4.3156465869474903e-01  7.474474e-01  4.294060e+00  9.091297e+00  3.625618e+01  1.099531e+02  4.091887e+02  3.666049e+00  2.601402e+01  2.4640635165895119e+00
      1330  1.6624999999999701e+00  1.1206900408710464e-01  4.3261521181427287e-01  7.503527e-01  4.300335e+00  9.136657e+00  3.641703e+01  1.107158e+02  4.122385e+02  3.680287e+00  2.623642e+01  2.4909104110299181e+00
      1340  1.6749999999999698e+00  1.1196071826702622e-01  4.3367278179835761e-01  7.531825e-01  4.306434e+00  9.180840e+00  3.657360e+01  1.114590e+02  4.152114e+02  3.694265e+00  2.645348e+01  2.5181250514082638e+00
      1350  1.6874999999999696e+00  1.1185216718697134e-01  4.3473727347668639e-01  7.559363e-01  4.312354e+00  9.223832e+00  3.672580e+01  1.121825e+02  4.181051e+02  3.707973e+00  2.666497e+01  2.5457094718780509e+00
      1360  1.6999999999999693e+00  1.1174334912858680e-01  4.3580859007558209e-01  7.586137e-01  4.318093e+00  9.265618e+00  3.687356e+01  1.128857e+02  4.209177e+02  3.721399e+00  2.687063e+01  2.5736656143012597e+00
      1370  1.7124999999999690e+00  1.1163426239790895e-01  4.3688663322790827e-01  7.612144e-01  4.323650e+00  9.306185e+00  3.701679e+01  1.135682e+02  4.236469e+02  3.734533e+00  2.707024e+01  2.6019953243803755e+00
      1380  1.7249999999999688e+00  1.1152490532576581e-01  4.3797130298451797e-01  7.637379e-01  4.329021e+00  9.345520e+00  3.715542e+01  1.142298e+02  4.262909e+02  3.747366e+00  2.726358e+01  2.6307003478322217e+00
      1390  1.7374999999999685e+00  1.1141527626816916e-01  4.3906249782721141e-01  7.661839e-01  4.334206e+00  9.383610e+00  3.728938e+01  1.148699e+02  4.288477e+02  3.759887e+00  2.745044e+01  2.6597823266138581e+00
      1400  1.7499999999999682e+00  1.1130537360670385e-01  4.4016011468324689e-01  7.685521e-01  4.339204e+00  9.420446e+00  3.741862e+01  1.154883e+02  4.313158e+02  3.772089e+00  2.763060e+01  2.6892427952103315e+00
      1410  1.7624999999999680e+00  1.1119519574891790e-01  4.4126404894138516e-01  7.708422e-01  4.344012e+00  9.456016e+00  3.754307e+01  1.160847e+02  4.336933e+02  3.783962e+00  2.780389e+01  2.7190831769945865e+00
      1420  1.7749999999999677e+00  1.1108474112869950e-01  4.4237419446948278e-01  7.730539e-01  4.348629e+00  9.490311e+00  3.766267e+01  1.166588e+02  4.359788e+02  3.795498e+00  2.797012e+01  2.7493047806696862e+00
      1430  1.7874999999999674e+00  1.1097400820665997e-01  4.4349044363365714e-01  7.751869e-01  4.353055e+00  9.523324e+00  3.777738e+01  1.172102e+02  4.381709e+02  3.806690e+00  2.812913e+01  2.7799087968038072e+00
      1440  1.7999999999999672e+00  1.1086299547050504e-01  4.4461268731897557e-01  7.772412e-01  4.357289e+00  9.555045e+00  3.788716e+01  1.177389e+02  4.402683e+02  3.817532e+00  2.828075e+01  2.8108962944682934e+00
      1450  1.8124999999999669e+00  1.1075170143540097e-01  4.4574081495172746e-01  7.792163e-01  4.361330e+00  9.585469e+00  3.799196e+01  1.182444e+02  4.422697e+02  3.828016e+00  2.842485e+01  2.8422682179887140e+00
      1460  1.8249999999999666e+00  1.1064012464433820e-01  4.4687471452320116e-01  7.811123e-01  4.365177e+00  9.614590e+00  3.809175e+01  1.187267e+02  4.441742e+02  3.838137e+00  2.856129e+01  2.8740253838196557e+00
      1470  1.8374999999999664e+00  1.1052826366848550e-01  4.4801427261503068e-01  7.829289e-01  4.368831e+00  9.642402e+00  3.818650e+01  1.191855e+02  4.459809e+02  3.847890e+00  2.868995e+01  2.9061684775527685e+00
      1480  1.8499999999999661e+00  1.1041611710753854e-01  4.4915937442602683e-01  7.846660e-01  4.372291e+00  9.668902e+00  3.827619e+01  1.196208e+02  4.476888e+02  3.857270e+00  2.881073e+01  2.9386980510679939e+00
      1490  1.8624999999999658e+00  1.1030368359006590e-01  4.5030990380053271e-01  7.863235e-01  4.375557e+00  9.694087e+00  3.836080e+01  1.200324e+02  4.492974e+02  3.866273e+00  2.892353e+01  2.9716145198380715e+00
      1500  1.8749999999999656e+00  1.1019096177383901e-01  4.5146574325827171e-01  7.879014e-01  4.378629e+00  9.717955e+00  3.844031e+01  1.204202e+02  4.508061e+02  3.874895e+00  2.902828e+01  3.0049181603950301e+00
      1510  1.8874999999999653e+00  1.1007795034616165e-01  4.5262677402559937e-01  7.893995e-01  4.381508e+00  9.740503e+00  3.851472e+01  1.207841e+02  4.522144e+02  3.883133e+00  2.912490e+01  3.0386091079682709e+00
      1520  1.8999999999999651e+00  1.0996464802419247e-01  4.5379287606828655e-01  7.908180e-01  4.384194e+00  9.761733e+00  3.858402e+01  1.211241e+02  4.535221e+02  3.890985e+00  2.921335e+01  3.0726873543026176e+00
      1530  1.9124999999999648e+00  1.0985105355524681e-01  4.5496392812561348e-01  7.921567e-01  4.386689e+00  9.781643e+00  3.864821e+01  1.214402e+02  4.547290e+02  3.898448e+00  2.929358e+01  3.1071527456650583e+00
      1540  1.9249999999999645e+00  1.0973716571711024e-01  4.5613980774588536e-01  7.934158e-01  4.388992e+00  9.800237e+00  3.870731e+01  1.217323e+02  4.558351e+02  3.905521e+00  2.936558e+01  3.1420049810474788e+00
      1550  1.9374999999999643e+00  1.0962298331832369e-01  4.5732039132330182e-01  7.945952e-01  4.391105e+00  9.817515e+00  3.876132e+01  1.220006e+02  4.568404e+02  3.912203e+00  2.942932e+01  3.1772436105736417e+00
      1560  1.9499999999999640e+00  1.0950850519846984e-01  4.5850555413607097e-01  7.956951e-01  4.393030e+00  9.833482e+00  3.881027e+01  1.222450e+02  4.577451e+02  3.918494e+00  2.948481e+01  3.2128680341165428e+00
      1570  1.9624999999999637e+00  1.0939373022844784e-01  4.5969517038583757e-01  7.967155e-01  4.394767e+00  9.848140e+00  3.885416e+01  1.224657e+02  4.585496e+02  3.924393e+00  2.953206e+01  3.2488775001332177e+00
      1580  1.9749999999999635e+00  1.0927865731073622e-01  4.6088911323830006e-01  7.976566e-01  4.396318e+00  9.861496e+00  3.889304e+01  1.226627e+02  4.592543e+02  3.929902e+00  2.957111e+01  3.2852711047224217e+00
      1590  1.9874999999999632e+00  1.0916328537964702e-01  4.6208725486500052e-01  7.985185e-01  4.397685e+00  9.873554e+00  3.892693e+01  1.228362e+02  4.598597e+02  3.935021e+00  2.960198e+01  3.3220477909107062e+00
      1600  1.9999999999999629e+00  1.0904761340156928e-01  4.6328946648623515e-01  7.993014e-01  4.398870e+00  9.884321e+00  3.895586e+01  1.229863e+02  4.603667e+02  3.939752e+00  2.962474e+01  3.3592063481713348e+00
      1610  2.0124999999999647e+00  1.0893164037520157e-01  4.6449561841503850e-01  8.000054e-01  4.399875e+00  9.893805e+00  3.897989e+01  1.231133e+02  4.607759e+02  3.944097e+00  2.963945e+01  3.3967454121802332e+00
      1620  2.0249999999999666e+00  1.0881536533177186e-01  4.6570558010217344e-01  8.006309e-01  4.400702e+00  9.902013e+00  3.899905e+01  1.232172e+02  4.610884e+02  3.948059e+00  2.964618e+01  3.4346634648119960e+00
      1630  2.0374999999999686e+00  1.0869878733524979e-01  4.6691922018207987e-01  8.011780e-01  4.401353e+00  9.908955e+00  3.901340e+01  1.232983e+02  4.613050e+02  3.951641e+00  2.964503e+01  3.4729588343791438e+00
      1640  2.0499999999999705e+00  1.0858190548254246e-01  4.6813640651973637e-01  8.016469e-01  4.401831e+00  9.914639e+00  3.902298e+01  1.233569e+02  4.614270e+02  3.954846e+00  2.963610e+01  3.5116296961158620e+00
      1650  2.0624999999999725e+00  1.0846471890368256e-01  4.6935700625833132e-01  8.020381e-01  4.402139e+00  9.919076e+00  3.902786e+01  1.233932e+02  4.614555e+02  3.957678e+00  2.961950e+01  3.5506740729082233e+00
      1660  2.0749999999999744e+00  1.0834722676199968e-01  4.7058088586775015e-01  8.023517e-01  4.402279e+00  9.922277e+00  3.902811e+01  1.234075e+02  4.613919e+02  3.960141e+00  2.959535e+01  3.5900898362707565e+00
      1670  2.0874999999999764e+00  1.0822942825428855e-01  4.7180791119374554e-01  8.025880e-01  4.402254e+00  9.924254e+00  3.902378e+01  1.234000e+02  4.612376e+02  3.962241e+00  2.956378e+01  3.6298747075699485e+00
      1680  2.0999999999999783e+00  1.0811132261095174e-01  4.7303794750776773e-01  8.027475e-01  4.402067e+00  9.925019e+00  3.901495e+01  1.233712e+02  4.609941e+02  3.963982e+00  2.952495e+01  3.6700262594929733e+00
      1690  2.1124999999999803e+00  1.0799290909614298e-01  4.7427085955738080e-01  8.028305e-01  4.401722e+00  9.924585e+00  3.900169e+01  1.233213e+02  4.606631e+02  3.965370e+00  2.947899e+01  3.7105419177605699e+00
      1700  2.1249999999999822e+00  1.0787418700788806e-01  4.7550651161718149e-01  8.028374e-01  4.401221e+00  9.922965e+00  3.898408e+01  1.232506e+02  4.602461e+02  3.966411e+00  2.942608e+01  3.7514189630818287e+00
      1710  2.1374999999999842e+00  1.0775515567819666e-01  4.7674476754017192e-01  8.027684e-01  4.400568e+00  9.920173e+00  3.896220e+01  1.231596e+02  4.597449e+02  3.967111e+00  2.936638e+01  3.7926545333474651e+00
      1720  2.1499999999999861e+00  1.0763581447316459e-01  4.7798549080952718e-01  8.026242e-01  4.399767e+00  9.916225e+00  3.893614e+01  1.230486e+02  4.591615e+02  3.967477e+00  2.930007e+01  3.8342456260582178e+00
      1730  2.1624999999999881e+00  1.0751616279305573e-01  4.7922854459062547e-01  8.024050e-01  4.398822e+00  9.911134e+00  3.890598e+01  1.229180e+02  4.584976e+02  3.967516e+00  2.922733e+01  3.8761891009840652e+00
      1740  2.1749999999999901e+00  1.0739620007237655e-01  4.8047379178336336e-01  8.021114e-01  4.397735e+00  9.904917e+00  3.887181e+01  1.227683e+02  4.577552e+02  3.967234e+00  2.914837e+01  3.9184816830488436e+00
      1750  2.1874999999999920e+00  1.0727592577993962e-01  4.8172109507463845e-01  8.017438e-01  4.396511e+00  9.897590e+00  3.883373e+01  1.225997e+02  4.569364e+02  3.966640e+00  2.906337e+01  3.9611199654351763e+00
      1760  2.1999999999999940e+00  1.0715533941890119e-01  4.8297031699085691e-01  8.013026e-01  4.395154e+00  9.889169e+00  3.879183e+01  1.224128e+02  4.560433e+02  3.965742e+00  2.897255e+01  4.0041004129030942e+00
      1770  2.2124999999999959e+00  1.0703444052680593e-01  4.8422131995059337e-01  8.007884e-01  4.393668e+00  9.879670e+00  3.874622e+01  1.222081e+02  4.550779e+02  3.964547e+00  2.887612e+01  4.0474193653154344e+00
      1780  2.2249999999999979e+00  1.0691322867559665e-01  4.8547396631710393e-01  8.002017e-01  4.392057e+00  9.869112e+00  3.869698e+01  1.219858e+02  4.540424e+02  3.963064e+00  2.877429e+01  4.0910730413632992e+00
      1790  2.2374999999999998e+00  1.0679170347162986e-01  4.8672811845077291e-01  7.995430e-01  4.390325e+00  9.857512e+00  3.864422e+01  1.217466e+02  4.529390e+02  3.961302e+00  2.866727e+01  4.1350575424826186e+00
      1800  2.2500000000000018e+00  1.0666986455566679e-01  4.8798363876139428e-01  7.988128e-01  4.388477e+00  9.844888e+00  3.858805e+01  1.214908e+02  4.517701e+02  3.959269e+00  2.855531e+01  4.1793688569545280e+00
      1810  2.2625000000000037e+00  1.0654771160285163e-01  4.8924038976018291e-01  7.980118e-01  4.386516e+00  9.831257e+00  3.852858e+01  1.212189e+02  4.505378e+02  3.956974e+00  2.843862e+01  4.2240028641797869e+00
      1820  2.2750000000000057e+00  1.0642524432268699e-01  4.9049823411149607e-01  7.971403e-01  4.384448e+00  9.816638e+00  3.846590e+01  1.209314e+02  4.492445e+02  3.954426e+00  2.831744e+01  4.2689553391184516e+00
      1830  2.2875000000000076e+00  1.0630246245897988e-01  4.9175703468417120e-01  7.961991e-01  4.382276e+00  9.801051e+00  3.840014e+01  1.206288e+02  4.478926e+02  3.951636e+00  2.819200e+01  4.3142219568853193e+00
      1840  2.3000000000000096e+00  1.0617936578979315e-01  4.9301665460241317e-01  7.951887e-01  4.380006e+00  9.784513e+00  3.833139e+01  1.203116e+02  4.464843e+02  3.948611e+00  2.806253e+01  4.3597982974902596e+00
      1850  2.3125000000000115e+00  1.0605595412736746e-01  4.9427695729623494e-01  7.941096e-01  4.377642e+00  9.767044e+00  3.825978e+01  1.199803e+02  4.450220e+02  3.945363e+00  2.792928e+01  4.4056798507143426e+00
      1860  2.3250000000000135e+00  1.0593222731804604e-01  4.9553780655124557e-01  7.929626e-01  4.375189e+00  9.748662e+00  3.818542e+01  1.196352e+02  4.435082e+02  3.941900e+00  2.779247e+01  4.4518620211097684e+00
      1870  2.3375000000000155e+00  1.0580818524217495e-01  4.9679906655792172e-01  7.917482e-01  4.372651e+00  9.729388e+00  3.810841e+01  1.192770e+02  4.419451e+02  3.938234e+00  2.765236e+01  4.4983401331141559e+00
      1880  2.3500000000000174e+00  1.0568382781399337e-01  4.9806060196014956e-01  7.904670e-01  4.370033e+00  9.709240e+00  3.802888e+01  1.189062e+02  4.403353e+02  3.934372e+00  2.750919e+01  4.5451094362669728e+00
      1890  2.3625000000000194e+00  1.0555915498152271e-01  4.9932227790302663e-01  7.891198e-01  4.367340e+00  9.688238e+00  3.794694e+01  1.185231e+02  4.386810e+02  3.930327e+00  2.736318e+01  4.5921651105173673e+00
      1900  2.3750000000000213e+00  1.0543416672642805e-01  5.0058396007991979e-01  7.877070e-01  4.364576e+00  9.666401e+00  3.786269e+01  1.181284e+02  4.369846e+02  3.926107e+00  2.721458e+01  4.6395022716123488e+00
      1910  2.3875000000000233e+00  1.0530886306387613e-01  5.0184551477867312e-01  7.862294e-01  4.361747e+00  9.643749e+00  3.777627e+01  1.177224e+02  4.352486e+02  3.921723e+00  2.706363e+01  4.6871159765533044e+00
      1920  2.4000000000000252e+00  1.0518324404238566e-01  5.0310680892694848e-01  7.846877e-01  4.358858e+00  9.620301e+00  3.768778e+01  1.173057e+02  4.334753e+02  3.917185e+00  2.691057e+01  4.7350012291096899e+00
      1930  2.4125000000000272e+00  1.0505730974365635e-01  5.0436771013660087e-01  7.830824e-01  4.355913e+00  9.596076e+00  3.759735e+01  1.168788e+02  4.316669e+02  3.912504e+00  2.675562e+01  4.7831529853785888e+00
      1940  2.4250000000000291e+00  1.0493106028239549e-01  5.0562808674717041e-01  7.814143e-01  4.352916e+00  9.571094e+00  3.750507e+01  1.164421e+02  4.298260e+02  3.907690e+00  2.659904e+01  4.8315661593779708e+00
      1950  2.4375000000000311e+00  1.0480449580613044e-01  5.0688780786825705e-01  7.796841e-01  4.349874e+00  9.545374e+00  3.741108e+01  1.159961e+02  4.279547e+02  3.902752e+00  2.644103e+01  4.8802356286633568e+00
      1960  2.4500000000000330e+00  1.0467761649500913e-01  5.0814674342094068e-01  7.778924e-01  4.346791e+00  9.518936e+00  3.731549e+01  1.155413e+02  4.260553e+02  3.897702e+00  2.628185e+01  4.9291562399550513e+00
      1970  2.4625000000000350e+00  1.0455042256159612e-01  5.0940476417807934e-01  7.760399e-01  4.343672e+00  9.491797e+00  3.721840e+01  1.150781e+02  4.241302e+02  3.892550e+00  2.612170e+01  4.9783228147662726e+00
      1980  2.4750000000000369e+00  1.0442291425064612e-01  5.1066174180348212e-01  7.741274e-01  4.340522e+00  9.463977e+00  3.711994e+01  1.146070e+02  4.221814e+02  3.887305e+00  2.596082e+01  5.0277301550198974e+00
      1990  2.4875000000000389e+00  1.0429509183888973e-01  5.1191754888996410e-01  7.721554e-01  4.337345e+00  9.435495e+00  3.702022e+01  1.141285e+02  4.202113e+02  3.881978e+00  2.579942e+01  5.0773730486438566e+00
      2000  2.5000000000000409e+00  1.0416695563478542e-01  5.1317205899622131e-01  7.701248e-01  4.334146e+00  9.406368e+00  3.691935e+01  1.136430e+02  4.182220e+02  3.876580e+00  2.563773e+01  5.1272462751332277e+00
      2010  2.5125000000000428e+00  1.0403850597827616e-01  5.1442514668249273e-01  7.680362e-01  4.330932e+00  9.376616e+00  3.681743e+01  1.131509e+02  4.162157e+02  3.871119e+00  2.547595e+01  5.1773446110705024e+00
      2020  2.5250000000000448e+00  1.0390974324053893e-01  5.1567668754499818e-01  7.658904e-01  4.327705e+00  9.346257e+00  3.671460e+01  1.126526e+02  4.141943e+02  3.865608e+00  2.531429e+01  5.2276628355913735e+00
      2030  2.5375000000000467e+00  1.0378066782371685e-01  5.1692655824916811e-01  7.636880e-01  4.324471e+00  9.315307e+00  3.661094e+01  1.121487e+02  4.121601e+02  3.860054e+00  2.515296e+01  5.2781957357884570e+00
      2040  2.5500000000000487e+00  1.0365128016065078e-01  5.1817463656159934e-01  7.614298e-01  4.321235e+00  9.283786e+00  3.650657e+01  1.116394e+02  4.101149e+02  3.854469e+00  2.499216e+01  5.3289381120413459e+00
      2050  2.5625000000000506e+00  1.0352158071459761e-01  5.1942080138070257e-01  7.591164e-01  4.318002e+00  9.251709e+00  3.640161e+01  1.111252e+02  4.080608e+02  3.848862e+00  2.483209e+01  5.3798847832653660e+00
      2060  2.5750000000000526e+00  1.0339156997894390e-01  5.2066493276612047e-01  7.567487e-01  4.314776e+00  9.219094e+00  3.629614e+01  1.106065e+02  4.059997e+02  3.843242e+00  2.467294e+01  5.4310305920681774e+00
      2070  2.5875000000000545e+00  1.0326124847691627e-01  5.2190691196682781e-01  7.543273e-01  4.311562e+00  9.185958e+00  3.619029e+01  1.100837e+02  4.039336e+02  3.837620e+00  2.451490e+01  5.4823704098074053e+00
      2080  2.6000000000000565e+00  1.0313061676127516e-01  5.2314662144789603e-01  7.518529e-01  4.308364e+00  9.152317e+00  3.608414e+01  1.095571e+02  4.018641e+02  3.832005e+00  2.435815e+01  5.5338991415394840e+00
      2090  2.6125000000000584e+00  1.0299967541401218e-01  5.2438394491602336e-01  7.493264e-01  4.305188e+00  9.118188e+00  3.597781e+01  1.090270e+02  3.997933e+02  3.826407e+00  2.420287e+01  5.5856117308527740e+00
      2100  2.6250000000000604e+00  1.0286842504603043e-01  5.2561876734367485e-01  7.467483e-01  4.302037e+00  9.083585e+00  3.587140e+01  1.084940e+02  3.977227e+02  3.820834e+00  2.404924e+01  5.6375031645769145e+00
      2110  2.6375000000000624e+00  1.0273686629683243e-01  5.2685097499197109e-01  7.441194e-01  4.298917e+00  9.048524e+00  3.576500e+01  1.079582e+02  3.956542e+02  3.815296e+00  2.389742e+01  5.6895684773610817e+00
      2120  2.6500000000000643e+00  1.0260499983419256e-01  5.2808045543222804e-01  7.414406e-01  4.295831e+00  9.013021e+00  3.565871e+01  1.074200e+02  3.935894e+02  3.809803e+00  2.374759e+01  5.7418027561149145e+00
      2130  2.6625000000000663e+00  1.0247282635382277e-01  5.2930709756624283e-01  7.387123e-01  4.292785e+00  8.977090e+00  3.555262e+01  1.068798e+02  3.915298e+02  3.804362e+00  2.359990e+01  5.7942011443052319e+00
      2140  2.6750000000000682e+00  1.0234034657904489e-01  5.3053079164521355e-01  7.359355e-01  4.289782e+00  8.940746e+00  3.544684e+01  1.063378e+02  3.894772e+02  3.798983e+00  2.345450e+01  5.8467588461027411e+00
      2150  2.6875000000000702e+00  1.0220756126044470e-01  5.3175142928742847e-01  7.331109e-01  4.286826e+00  8.904002e+00  3.534144e+01  1.057944e+02  3.874330e+02  3.793675e+00  2.331156e+01  5.8994711303733860e+00
      2160  2.7000000000000721e+00  1.0207447117553275e-01  5.3296890349462123e-01  7.302390e-01  4.283923e+00  8.866872e+00  3.523653e+01  1.052498e+02  3.853987e+02  3.788446e+00  2.317121e+01  5.9523333345084231e+00
      2170  2.7125000000000741e+00  1.0194107712839424e-01  5.3418310866713781e-01  7.273208e-01  4.281076e+00  8.829370e+00  3.513220e+01  1.047043e+02  3.833757e+02  3.783305e+00  2.303360e+01  6.0053408680896956e+00
      2180  2.7250000000000760e+00  1.0180737994933690e-01  5.3539394061774970e-01  7.243568e-01  4.278288e+00  8.791508e+00  3.502852e+01  1.041581e+02  3.813654e+02  3.778260e+00  2.289888e+01  6.0584892163845065e+00
      2190  2.7375000000000780e+00  1.0167338049453567e-01  5.3660129658430766e-01  7.213479e-01  4.275565e+00  8.753298e+00  3.492558e+01  1.036116e+02  3.793692e+02  3.773319e+00  2.276716e+01  6.1117739436669085e+00
      2200  2.7500000000000799e+00  1.0153907964568237e-01  5.3780507524110588e-01  7.182947e-01  4.272910e+00  8.714754e+00  3.482347e+01  1.030649e+02  3.773884e+02  3.768490e+00  2.263858e+01  6.1651906963617247e+00
      2210  2.7625000000000819e+00  1.0140447830961316e-01  5.3900517670912773e-01  7.151980e-01  4.270327e+00  8.675886e+00  3.472228e+01  1.025182e+02  3.754241e+02  3.763781e+00  2.251326e+01  6.2187352060080023e+00
      2220  2.7750000000000838e+00  1.0126957741795556e-01  5.4020150256504307e-01  7.120584e-01  4.267820e+00  8.636706e+00  3.462207e+01  1.019719e+02  3.734777e+02  3.759201e+00  2.239133e+01  6.2724032920395061e+00
      2230  2.7875000000000858e+00  1.0113437792676069e-01  5.4139395584902605e-01  7.088767e-01  4.265392e+00  8.597225e+00  3.452293e+01  1.014261e+02  3.715503e+02  3.754756e+00  2.227291e+01  6.3261908643789990e+00
      2240  2.8000000000000878e+00  1.0099888081613191e-01  5.4258244107149756e-01  7.056537e-01  4.263048e+00  8.557454e+00  3.442493e+01  1.008810e+02  3.696431e+02  3.750454e+00  2.215809e+01  6.3800939258462872e+00
      2250  2.8125000000000897e+00  1.0086308708986605e-01  5.4376686421871734e-01  7.023899e-01  4.260790e+00  8.517402e+00  3.432815e+01  1.003367e+02  3.677570e+02  3.746303e+00  2.204700e+01  6.4341085743755588e+00
      2260  2.8250000000000917e+00  1.0072699777507382e-01  5.4494713275728746e-01  6.990862e-01  4.258622e+00  8.477079e+00  3.423266e+01  9.979354e+01  3.658931e+02  3.742309e+00  2.193974e+01  6.4882310050440264e+00
      2270  2.8375000000000936e+00  1.0059061392181694e-01  5.4612315563758462e-01  6.957431e-01  4.256548e+00  8.436496e+00  3.413853e+01  9.925156e+01  3.640525e+02  3.738480e+00  2.183641e+01  6.5424575119080863e+00
      2280  2.8500000000000956e+00  1.0045393660273221e-01  5.4729484329614309e-01  6.923615e-01  4.254570e+00  8.395660e+00  3.404584e+01  9.871094e+01  3.622361e+02  3.734823e+00  2.173710e+01  6.5967844896482832e+00
      2290  2.8625000000000975e+00  1.0031696691266032e-01  5.4846210765708747e-01  6.889421e-01  4.252693e+00  8.354581e+00  3.395464e+01  9.817182e+01  3.604448e+02  3.731344e+00  2.164191e+01  6.6512084350229594e+00
      2300  2.8750000000000995e+00  1.0017970596827781e-01  5.4962486213248329e-01  6.854854e-01  4.250919e+00  8.313267e+00  3.386500e+01  9.763433e+01  3.586795e+02  3.728050e+00  2.155092e+01  6.7057259481292064e+00
      2310  2.8875000000001014e+00  1.0004215490772117e-01  5.5078302162182213e-01  6.819923e-01  4.249251e+00  8.271726e+00  3.377699e+01  9.709860e+01  3.569411e+02  3.724948e+00  2.146424e+01  6.7603337334736970e+00
      2320  2.9000000000001034e+00  9.9904314890214507e-02  5.5193650251053428e-01  6.784633e-01  4.247693e+00  8.229965e+00  3.369067e+01  9.656473e+01  3.552303e+02  3.722044e+00  2.138194e+01  6.8150286008520586e+00
      2330  2.9125000000001053e+00  9.9766187095700759e-02  5.5308522266759885e-01  6.748993e-01  4.246247e+00  8.187992e+00  3.360609e+01  9.603282e+01  3.535480e+02  3.719345e+00  2.130409e+01  6.8698074660403652e+00
      2340  2.9250000000001073e+00  9.9627772724472069e-02  5.5422910144235460e-01  6.713009e-01  4.244916e+00  8.145814e+00  3.352333e+01  9.550295e+01  3.518948e+02  3.716856e+00  2.123079e+01  6.9246673512972361e+00
      2350  2.9375000000001092e+00  9.9489072996798572e-02  5.5536805966037683e-01  6.676687e-01  4.243702e+00  8.103436e+00  3.344242e+01  9.497522e+01  3.502716e+02  3.714583e+00  2.116210e+01  6.9796053856812135e+00
      2360  2.9500000000001112e+00  9.9350089152557455e-02  5.5650201961862944e-01  6.640034e-01  4.242609e+00  8.060866e+00  3.336344e+01  9.444969e+01  3.486789e+02  3.712532e+00  2.109810e+01  7.0346188051831193e+00
      2370  2.9625000000001132e+00  9.9210822450870734e-02  5.5763090507981983e-01  6.603058e-01  4.241639e+00  8.018109e+00  3.328642e+01  9.392641e+01  3.471174e+02  3.710709e+00  2.103885e+01  7.0897049526769615e+00
      2380  2.9750000000001151e+00  9.9071274169736490e-02  5.5875464126599572e-01  6.565764e-01  4.240794e+00  7.975170e+00  3.321143e+01  9.340546e+01  3.455878e+02  3.709120e+00  2.098443e+01  7.1448612776910920e+00
      2390  2.9875000000001171e+00  9.8931445605664942e-02  5.5987315485145539e-01  6.528160e-01  4.240076e+00  7.932055e+00  3.313851e+01  9.288685e+01  3.440906e+02  3.707770e+00  2.093489e+01  7.2000853360029868e+00
      2400  3.0000000000001190e+00  9.8791338073318913e-02  5.6098637395495599e-01  6.490253e-01  4.239489e+00  7.888769e+00  3.306771e+01  9.237065e+01  3.426264e+02  3.706664e+00  2.089031e+01  7.2553747890600739e+00
      2410  3.0125000000001210e+00  9.8650952905150191e-02  5.6209422813130117e-01  6.452048e-01  4.239033e+00  7.845317e+00  3.299908e+01  9.185686e+01  3.411957e+02  3.705807e+00  2.085075e+01  7.3107274032302509e+00
      2420  3.0250000000001229e+00  9.8510291451042800e-02  5.6319664836227457e-01  6.413553e-01  4.238712e+00  7.801702e+00  3.293266e+01  9.134550e+01  3.397990e+02  3.705205e+00  2.081625e+01  7.3661410488853694e+00
      2430  3.0375000000001249e+00  9.8369355077961143e-02  5.6429356704700673e-01  6.374774e-01  4.238527e+00  7.757929e+00  3.286849e+01  9.083660e+01  3.384369e+02  3.704862e+00  2.078688e+01  7.4216136993210711e+00
      2440  3.0500000000001268e+00  9.8228145169590150e-02  5.6538491799179658e-01  6.335717e-01  4.238480e+00  7.714001e+00  3.280663e+01  9.033015e+01  3.371098e+02  3.704783e+00  2.076270e+01  7.4771434295167261e+00
      2450  3.0625000000001288e+00  9.8086663125989598e-02  5.6647063639937811e-01  6.296390e-01  4.238573e+00  7.669922e+00  3.274710e+01  8.982615e+01  3.358181e+02  3.704973e+00  2.074376e+01  7.5327284147408387e+00
      2460  3.0750000000001307e+00  9.7944910363249052e-02  5.6755065885767519e-01  6.256798e-01  4.238807e+00  7.625695e+00  3.268995e+01  8.932458e+01  3.345622e+02  3.705436e+00  2.073010e+01  7.5883669290034224e+00
      2470  3.0875000000001327e+00  9.7802888313131109e-02  5.6862492332815295e-01  6.216949e-01  4.239184e+00  7.581324e+00  3.263521e+01  8.882543e+01  3.333426e+02  3.706177e+00  2.072179e+01  7.6440573433622356e+00
      2480  3.1000000000001346e+00  9.7660598422745618e-02  5.6969336913363888e-01  6.176847e-01  4.239706e+00  7.536810e+00  3.258293e+01  8.832868e+01  3.321596e+02  3.707200e+00  2.071886e+01  7.6997981240866880e+00
      2490  3.1125000000001366e+00  9.7518042154198528e-02  5.7075593694579752e-01  6.136501e-01  4.240374e+00  7.492157e+00  3.253313e+01  8.783429e+01  3.310136e+02  3.708509e+00  2.072137e+01  7.7555878306826251e+00
      2500  3.1250000000001386e+00  9.7375220984261684e-02  5.7181256877218156e-01  6.095916e-01  4.241190e+00  7.447366e+00  3.248584e+01  8.734223e+01  3.299049e+02  3.710107e+00  2.072936e+01  7.8114251137851349e+00
      2510  3.1375000000001405e+00  9.7232136404041547e-02  5.7286320794294110e-01  6.055098e-01  4.242154e+00  7.402440e+00  3.244111e+01  8.685245e+01  3.288339e+02  3.712000e+00  2.074288e+01  7.8673087129224530e+00
      2520  3.1500000000001425e+00  9.7088789918643600e-02  5.7390779909715806e-01  6.014054e-01  4.243269e+00  7.357380e+00  3.239896e+01  8.636490e+01  3.278008e+02  3.714191e+00  2.076198e+01  7.9232374541568635e+00
      2530  3.1625000000001444e+00  9.6945183046855316e-02  5.7494628816892979e-01  5.972790e-01  4.244534e+00  7.312189e+00  3.235941e+01  8.587954e+01  3.268060e+02  3.716683e+00  2.078669e+01  7.9792102476078526e+00
      2540  3.1750000000001464e+00  9.6801317320819757e-02  5.7597862237311626e-01  5.931312e-01  4.245951e+00  7.266867e+00  3.232250e+01  8.539629e+01  3.258497e+02  3.719479e+00  2.081706e+01  8.0352260848619625e+00
      2550  3.1875000000001483e+00  9.6657194285718548e-02  5.7700475019084396e-01  5.889627e-01  4.247521e+00  7.221417e+00  3.228826e+01  8.491510e+01  3.249322e+02  3.722584e+00  2.085313e+01  8.0912840362762921e+00
      2560  3.2000000000001503e+00  9.6512815499452717e-02  5.7802462135474753e-01  5.847741e-01  4.249244e+00  7.175838e+00  3.225670e+01  8.443589e+01  3.240538e+02  3.726001e+00  2.089494e+01  8.1473832481788353e+00
      2570  3.2125000000001522e+00  9.6368182532339475e-02  5.7903818683402675e-01  5.805659e-01  4.251122e+00  7.130133e+00  3.222785e+01  8.395860e+01  3.232146e+02  3.729732e+00  2.094253e+01  8.2035229399741336e+00
      2580  3.2250000000001542e+00  9.6223296966798738e-02  5.8004539881927075e-01  5.763388e-01  4.253155e+00  7.084302e+00  3.220174e+01  8.348315e+01  3.224149e+02  3.733780e+00  2.099595e+01  8.2597024011567406e+00
      2590  3.2375000000001561e+00  9.6078160397050874e-02  5.8104621070711471e-01  5.720934e-01  4.255344e+00  7.038345e+00  3.217838e+01  8.300945e+01  3.216550e+02  3.738149e+00  2.105521e+01  8.3159209882410892e+00
      2600  3.2500000000001581e+00  9.5932774428821449e-02  5.8204057708472468e-01  5.678304e-01  4.257688e+00  6.992263e+00  3.215780e+01  8.253741e+01  3.209350e+02  3.742841e+00  2.112038e+01  8.3721781216114763e+00
      2610  3.2625000000001600e+00  9.5787140679039609e-02  5.8302845371415613e-01  5.635502e-01  4.260189e+00  6.946057e+00  3.214001e+01  8.206696e+01  3.202551e+02  3.747858e+00  2.119147e+01  8.4284732822984676e+00
      2620  3.2750000000001620e+00  9.5641260775548659e-02  5.8400979751659210e-01  5.592536e-01  4.262847e+00  6.899728e+00  3.212503e+01  8.159799e+01  3.196156e+02  3.753204e+00  2.126854e+01  8.4848060086893113e+00
      2630  3.2875000000001640e+00  9.5495136356819998e-02  5.8498456655640518e-01  5.549411e-01  4.265661e+00  6.853274e+00  3.211288e+01  8.113041e+01  3.190165e+02  3.758880e+00  2.135161e+01  8.5411758931752004e+00
      2640  3.3000000000001659e+00  9.5348769071667075e-02  5.8595272002521159e-01  5.506133e-01  4.268632e+00  6.806697e+00  3.210357e+01  8.066412e+01  3.184580e+02  3.764888e+00  2.144072e+01  8.5975825787442162e+00
      2650  3.3125000000001679e+00  9.5202160578965619e-02  5.8691421822579048e-01  5.462708e-01  4.271761e+00  6.759996e+00  3.209712e+01  8.019902e+01  3.179404e+02  3.771231e+00  2.153590e+01  8.6540257555247670e+00
      2660  3.3250000000001698e+00  9.5055312547380713e-02  5.8786902255592866e-01  5.419142e-01  4.275046e+00  6.713172e+00  3.209355e+01  7.973501e+01  3.174637e+02  3.777911e+00  2.163719e+01  8.7105051572835297e+00
      2670  3.3375000000001718e+00  9.4908226655089745e-02  5.8881709549224914e-01  5.375442e-01  4.278488e+00  6.666225e+00  3.209285e+01  7.927198e+01  3.170281e+02  3.784929e+00  2.174462e+01  8.7670205578897473e+00
      2680  3.3500000000001737e+00  9.4760904589520190e-02  5.8975840057394335e-01  5.331612e-01  4.282087e+00  6.619154e+00  3.209504e+01  7.880983e+01  3.166337e+02  3.792287e+00  2.185822e+01  8.8235717677438767e+00
      2690  3.3625000000001757e+00  9.4613348047084322e-02  5.9069290238646355e-01  5.287658e-01  4.285842e+00  6.571959e+00  3.210014e+01  7.834844e+01  3.162807e+02  3.799986e+00  2.197802e+01  8.8801586301843294e+00
      2700  3.3750000000001776e+00  9.4465558732914623e-02  5.9162056654527018e-01  5.243588e-01  4.289753e+00  6.524640e+00  3.210815e+01  7.788770e+01  3.159691e+02  3.808028e+00  2.210406e+01  8.9367810178723950e+00
      2710  3.3875000000001796e+00  9.4317538360620637e-02  5.9254135967945676e-01  5.199406e-01  4.293819e+00  6.477197e+00  3.211907e+01  7.742751e+01  3.156992e+02  3.816414e+00  2.223637e+01  8.9934388291648233e+00
      2720  3.4000000000001815e+00  9.4169288652023037e-02  5.9345524941540662e-01  5.155118e-01  4.298041e+00  6.429629e+00  3.213292e+01  7.696774e+01  3.154709e+02  3.825145e+00  2.237496e+01  9.0501319844787833e+00
      2730  3.4125000000001835e+00  9.4020811336914381e-02  5.9436220436042242e-01  5.110731e-01  4.302416e+00  6.381937e+00  3.214970e+01  7.650828e+01  3.152844e+02  3.834221e+00  2.251989e+01  9.1068604226559806e+00
      2740  3.4250000000001855e+00  9.3872108152816908e-02  5.9526219408641978e-01  5.066249e-01  4.306946e+00  6.334120e+00  3.216942e+01  7.604902e+01  3.151398e+02  3.843645e+00  2.267116e+01  9.1636240973291692e+00
      2750  3.4375000000001874e+00  9.3723180844739490e-02  5.9615518911349630e-01  5.021679e-01  4.311628e+00  6.286179e+00  3.219207e+01  7.558984e+01  3.150372e+02  3.853415e+00  2.282881e+01  9.2204229733014973e+00
      2760  3.4500000000001894e+00  9.3574031164942978e-02  5.9704116089364967e-01  4.977027e-01  4.316463e+00  6.238111e+00  3.221766e+01  7.513062e+01  3.149767e+02  3.863533e+00  2.299286e+01  9.2772570229397360e+00
      2770  3.4625000000001913e+00  9.3424660872713755e-02  5.9792008179437395e-01  4.932297e-01  4.321448e+00  6.189919e+00  3.224619e+01  7.467126e+01  3.149582e+02  3.873999e+00  2.316334e+01  9.3341262225899655e+00
      2780  3.4750000000001933e+00  9.3275071734132173e-02  5.9879192508237433e-01  4.887497e-01  4.326584e+00  6.141600e+00  3.227765e+01  7.421162e+01  3.149820e+02  3.884813e+00  2.334027e+01  9.3910305490206909e+00
      2790  3.4875000000001952e+00  9.3125265521850548e-02  5.9965666490721548e-01  4.842632e-01  4.331869e+00  6.093156e+00  3.231206e+01  7.375160e+01  3.150480e+02  3.895975e+00  2.352368e+01  9.4479699758985483e+00
      2800  3.5000000000001972e+00  9.2975244014875266e-02  6.0051427628500564e-01  4.797707e-01  4.337302e+00  6.044586e+00  3.234941e+01  7.329108e+01  3.151564e+02  3.907484e+00  2.371358e+01  9.5049444703013464e+00
      2810  3.5125000000001991e+00  9.2825008998354427e-02  6.0136473508211585e-01  4.752729e-01  4.342882e+00  5.995891e+00  3.238968e+01  7.282994e+01  3.153071e+02  3.919342e+00  2.391000e+01  9.5619539892764500e+00
      2820  3.5250000000002011e+00  9.2674562263362292e-02  6.0220801799885681e-01  4.707703e-01  4.348607e+00  5.947069e+00  3.243289e+01  7.236806e+01  3.155002e+02  3.931546e+00  2.411296e+01  9.6189984764460803e+00
      2830  3.5375000000002030e+00  9.2523905606696863e-02  6.0304410255321217e-01  4.662634e-01  4.354477e+00  5.898122e+00  3.247902e+01  7.190535e+01  3.157358e+02  3.944096e+00  2.432246e+01  9.6760778586668756e+00
      2840  3.5500000000002050e+00  9.2373040830677558e-02  6.0387296706455884e-01  4.617529e-01  4.360489e+00  5.849050e+00  3.252806e+01  7.144167e+01  3.160138e+02  3.956993e+00  2.453854e+01  9.7331920427478114e+00
      2850  3.5625000000002069e+00  9.2221969742942736e-02  6.0469459063736508e-01  4.572393e-01  4.366643e+00  5.799852e+00  3.258002e+01  7.097692e+01  3.163344e+02  3.970234e+00  2.476120e+01  9.7903409122323382e+00
      2860  3.5750000000002089e+00  9.2070694156260499e-02  6.0550895314494113e-01  4.527232e-01  4.372936e+00  5.750530e+00  3.263488e+01  7.051100e+01  3.166975e+02  3.983818e+00  2.499046e+01  9.8475243242468373e+00
      2870  3.5875000000002109e+00  9.1919215888334543e-02  6.0631603521312538e-01  4.482052e-01  4.379368e+00  5.701084e+00  3.269263e+01  7.004378e+01  3.171031e+02  3.997744e+00  2.522633e+01  9.9047421064221872e+00
      2880  3.6000000000002128e+00  9.1767536761623511e-02  6.0711581820397176e-01  4.436858e-01  4.385936e+00  5.651513e+00  3.275326e+01  6.957517e+01  3.175513e+02  4.012012e+00  2.546881e+01  9.9619940538920648e+00
      2890  3.6125000000002148e+00  9.1615658603149477e-02  6.0790828419952181e-01  4.391656e-01  4.392639e+00  5.601820e+00  3.281676e+01  6.910505e+01  3.180420e+02  4.026619e+00  2.571793e+01  1.0019279926370228e+01
      2900  3.6250000000002167e+00  9.1463583244331514e-02  6.0869341598537630e-01  4.346452e-01  4.399474e+00  5.552005e+00  3.288311e+01  6.863333e+01  3.185752e+02  4.041563e+00  2.597368e+01  1.0076599445313665e+01
      2910  3.6375000000002187e+00  9.1311312520803462e-02  6.0947119703441277e-01  4.301251e-01  4.406441e+00  5.502069e+00  3.295231e+01  6.815990e+01  3.191509e+02  4.056842e+00  2.623607e+01  1.0133952291172239e+01
      2920  3.6500000000002206e+00  9.1158848272245310e-02  6.1024161149035816e-01  4.256059e-01  4.413538e+00  5.452012e+00  3.302434e+01  6.768467e+01  3.197691e+02  4.072456e+00  2.650510e+01  1.0191338100729759e+01
      2930  3.6625000000002226e+00  9.1006192342223735e-02  6.1100464415139444e-01  4.210883e-01  4.420761e+00  5.401836e+00  3.309918e+01  6.720754e+01  3.204297e+02  4.088401e+00  2.678078e+01  1.0248756464538936e+01
      2940  3.6750000000002245e+00  9.0853346578020938e-02  6.1176028045367659e-01  4.165727e-01  4.428110e+00  5.351543e+00  3.317682e+01  6.672841e+01  3.211327e+02  4.104675e+00  2.706311e+01  1.0306206924452926e+01
      2950  3.6875000000002265e+00  9.0700312830485547e-02  6.1250850645488231e-01  4.120597e-01  4.435581e+00  5.301134e+00  3.325723e+01  6.624720e+01  3.218781e+02  4.121276e+00  2.735208e+01  1.0363688971257805e+01
      2960  3.7000000000002284e+00  9.0547092953872838e-02  6.1324930881756190e-01  4.075499e-01  4.443174e+00  5.250610e+00  3.334040e+01  6.576381e+01  3.226657e+02  4.138200e+00  2.764769e+01  1.0421202042404488e+01
      2970  3.7125000000002304e+00  9.0393688805702282e-02  6.1398267479261892e-01  4.030439e-01  4.450885e+00  5.199973e+00  3.342631e+01  6.527817e+01  3.234955e+02  4.155446e+00  2.794994e+01  1.0478745519845251e+01
      2980  3.7250000000002323e+00  9.0240102246605780e-02  6.1470859220254526e-01  3.985423e-01  4.458713e+00  5.149226e+00  3.351493e+01  6.479018e+01  3.243674e+02  4.173011e+00  2.825881e+01  1.0536318727976475e+01
      2990  3.7375000000002343e+00  9.0086335140191487e-02  6.1542704942474225e-01  3.940456e-01  4.466655e+00  5.098370e+00  3.360625e+01  6.429978e+01  3.252813e+02  4.190891e+00  2.857431e+01  1.0593920931686752e+01
      3000  3.7500000000002363e+00  8.9932389352905845e-02  6.1613803537466127e-01  3.895543e-01  4.474708e+00  5.047408e+00  3.370024e+01  6.380688e+01  3.262371e+02  4.209084e+00  2.889642e+01  1.0651551334514075e+01
      3010  3.7625000000002382e+00  8.9778266753901159e-02  6.1684153948891152e-01  3.850691e-01  4.482871e+00  4.996342e+00  3.379687e+01  6.331142e+01  3.272347e+02  4.227586e+00  2.922512e+01  1.0709209076910227e+01
      3020  3.7750000000002402e+00  8.9623969214906007e-02  6.1753755170825042e-01  3.805906e-01  4.491141e+00  4.945175e+00  3.389612e+01  6.281332e+01  3.282739e+02  4.246393e+00  2.956041e+01  1.0766893234615971e+01
      3030  3.7875000000002421e+00  8.9469498610103587e-02  6.1822606246060363e-01  3.761193e-01  4.499515e+00  4.893909e+00  3.399797e+01  6.231253e+01  3.293545e+02  4.265503e+00  2.990226e+01  1.0824602817144097e+01
      3040  3.8000000000002441e+00  8.9314856816009425e-02  6.1890706264377127e-01  3.716557e-01  4.507991e+00  4.842548e+00  3.410237e+01  6.180899e+01  3.304765e+02  4.284913e+00  3.025067e+01  1.0882336766372267e+01
      3050  3.8125000000002460e+00  8.9160045711362226e-02  6.1958054360829951e-01  3.672005e-01  4.516566e+00  4.791095e+00  3.420932e+01  6.130263e+01  3.316397e+02  4.304617e+00  3.060562e+01  1.0940093955244599e+01
      3060  3.8250000000002480e+00  8.9005067177003044e-02  6.2024649714007785e-01  3.627543e-01  4.525238e+00  4.739553e+00  3.431876e+01  6.079341e+01  3.328438e+02  4.324613e+00  3.096708e+01  1.0997873186581181e+01
      3070  3.8375000000002499e+00  8.8849923095776939e-02  6.2090491544289483e-01  3.583175e-01  4.534003e+00  4.687927e+00  3.443068e+01  6.028128e+01  3.340887e+02  4.344897e+00  3.133504e+01  1.1055673191994224e+01
      3080  3.8500000000002519e+00  8.8694615352426245e-02  6.2155579112091885e-01  3.538908e-01  4.542860e+00  4.636219e+00  3.454504e+01  5.976620e+01  3.353741e+02  4.365465e+00  3.170948e+01  1.1113492630909334e+01
      3090  3.8625000000002538e+00  8.8539145833496036e-02  6.2219911716106091e-01  3.494748e-01  4.551804e+00  4.584433e+00  3.466180e+01  5.924812e+01  3.366998e+02  4.386314e+00  3.209038e+01  1.1171330089691303e+01
      3100  3.8750000000002558e+00  8.8383516427237505e-02  6.2283488691521860e-01  3.450700e-01  4.560834e+00  4.532575e+00  3.478094e+01  5.872703e+01  3.380656e+02  4.407438e+00  3.247770e+01  1.1229184080871022e+01
      3110  3.8875000000002577e+00  8.8227729023517512e-02  6.2346309408253198e-01  3.406769e-01  4.569947e+00  4.480648e+00  3.490241e+01  5.820288e+01  3.394711e+02  4.428835e+00  3.287145e+01  1.1287053042472657e+01
      3120  3.9000000000002597e+00  8.8071785513741230e-02  6.2408373269133510e-01  3.362963e-01  4.579139e+00  4.428657e+00  3.502617e+01  5.767565e+01  3.409162e+02  4.450500e+00  3.327158e+01  1.1344935337436457e+01
      3130  3.9125000000002617e+00  8.7915687790766112e-02  6.2469679708128112e-01  3.319285e-01  4.588407e+00  4.376607e+00  3.515220e+01  5.714533e+01  3.424004e+02  4.472429e+00  3.367808e+01  1.1402829253137499e+01
      3140  3.9250000000002636e+00  8.7759437748826594e-02  6.2530228188518089e-01  3.275743e-01  4.597750e+00  4.324503e+00  3.528044e+01  5.661189e+01  3.439235e+02  4.494619e+00  3.409093e+01  1.1460733000993720e+01
      3150  3.9375000000002656e+00  8.7603037283464663e-02  6.2590018201086639e-01  3.232342e-01  4.607163e+00  4.272350e+00  3.541086e+01  5.607535e+01  3.454851e+02  4.517065e+00  3.451011e+01  1.1518644716163344e+01
      3160  3.9500000000002675e+00  8.7446488291463745e-02  6.2649049262294865e-01  3.189087e-01  4.616643e+00  4.220153e+00  3.554342e+01  5.553568e+01  3.470849e+02  4.539763e+00  3.493560e+01  1.1576562457325748e+01
      3170  3.9625000000002695e+00  8.7289792670784461e-02  6.2707320912453146e-01  3.145984e-01  4.626188e+00  4.167919e+00  3.567806e+01  5.499289e+01  3.487225e+02  4.562709e+00  3.536737e+01  1.1634484206542782e+01
      3180  3.9750000000002714e+00  8.7132952320509827e-02  6.2764832713883978e-01  3.103039e-01  4.635795e+00  4.115653e+00  3.581476e+01  5.444699e+01  3.503975e+02  4.585900e+00  3.580542e+01  1.1692407869197526e+01
      3190  3.9875000000002734e+00  8.6975969140789713e-02  6.2821584249084228e-01  3.060258e-01  4.645460e+00  4.063362e+00  3.595346e+01  5.389800e+01  3.521095e+02  4.609331e+00  3.624973e+01  1.1750331274005472e+01
      3200  4.0000000000002753e+00  8.6818845032799449e-02  6.2877575118880880e-01  3.017646e-01  4.655179e+00  4.011051e+00  3.609411e+01  5.334592e+01  3.538580e+02  4.632999e+00  3.670029e+01  1.1808252173094171e+01
      3210  4.0125000000002728e+00  8.6661581898685100e-02  6.2932804940588261e-01  2.975209e-01  4.664951e+00  3.958727e+00  3.623667e+01  5.279079e+01  3.556425e+02  4.656899e+00  3.715709e+01  1.1866168242147186e+01
      3220  4.0250000000002704e+00  8.6504181641533756e-02  6.2987273346158568e-01  2.932952e-01  4.674772e+00  3.906398e+00  3.638109e+01  5.223264e+01  3.574627e+02  4.681029e+00  3.762012e+01  1.1924077080606949e+01
      3230  4.0375000000002679e+00  8.6346646165336952e-02  6.3040979980341261e-01  2.890881e-01  4.684637e+00  3.854069e+00  3.652731e+01  5.167149e+01  3.593180e+02  4.705385e+00  3.808938e+01  1.1981976211935420e+01
      3240  4.0500000000002654e+00  8.6188977374960493e-02  6.3093924498836085e-01  2.849001e-01  4.694546e+00  3.801749e+00  3.667530e+01  5.110740e+01  3.612078e+02  4.729962e+00  3.856487e+01  1.2039863083923210e+01
      3250  4.0625000000002629e+00  8.6031177176115331e-02  6.3146106566458637e-01  2.807319e-01  4.704493e+00  3.749444e+00  3.682499e+01  5.054041e+01  3.631317e+02  4.754759e+00  3.904660e+01  1.2097735069045335e+01
      3260  4.0750000000002604e+00  8.5873247475347927e-02  6.3197525855303827e-01  2.765839e-01  4.714475e+00  3.697162e+00  3.697633e+01  4.997057e+01  3.650890e+02  4.779771e+00  3.953459e+01  1.2155589464860405e+01
      3270  4.0875000000002579e+00  8.5715190180010503e-02  6.3248182042922396e-01  2.724568e-01  4.724490e+00  3.644912e+00  3.712928e+01  4.939794e+01  3.670792e+02  4.804996e+00  4.002884e+01  1.2213423494446690e+01
      3280  4.1000000000002554e+00  8.5557007198257040e-02  6.3298074810502603e-01  2.683510e-01  4.734535e+00  3.592700e+00  3.728376e+01  4.882259e+01  3.691016e+02  4.830430e+00  4.052938e+01  1.2271234306869061e+01
      3290  4.1125000000002530e+00  8.5398700439040770e-02  6.3347203841072486e-01  2.642671e-01  4.744605e+00  3.540535e+00  3.743973e+01  4.824459e+01  3.711557e+02  4.856072e+00  4.103625e+01  1.2329018977677407e+01
      3300  4.1250000000002505e+00  8.5240271812104820e-02  6.3395568817700498e-01  2.602057e-01  4.754697e+00  3.488425e+00  3.759713e+01  4.766401e+01  3.732407e+02  4.881919e+00  4.154947e+01  1.2386774509428186e+01
      3310  4.1375000000002480e+00  8.5081723227985157e-02  6.3443169421727641e-01  2.561673e-01  4.764809e+00  3.436380e+00  3.775591e+01  4.708093e+01  3.753559e+02  4.907968e+00  4.206910e+01  1.2444497832226734e+01
      3320  4.1500000000002455e+00  8.4923056598019131e-02  6.3490005331009858e-01  2.521523e-01  4.774936e+00  3.384407e+00  3.791599e+01  4.649546e+01  3.775008e+02  4.934217e+00  4.259518e+01  1.2502185804285446e+01
      3330  4.1625000000002430e+00  8.4764273834352796e-02  6.3536076218185555e-01  2.481615e-01  4.785076e+00  3.332516e+00  3.807733e+01  4.590767e+01  3.796744e+02  4.960665e+00  4.312778e+01  1.2559835212494555e+01
      3340  4.1750000000002405e+00  8.4605376849964595e-02  6.3581381748960575e-01  2.441951e-01  4.795225e+00  3.280716e+00  3.823986e+01  4.531768e+01  3.818762e+02  4.987310e+00  4.366697e+01  1.2617442773003331e+01
      3350  4.1875000000002380e+00  8.4446367558674601e-02  6.3625921580424172e-01  2.402539e-01  4.805380e+00  3.229016e+00  3.840353e+01  4.472558e+01  3.841053e+02  5.014150e+00  4.421282e+01  1.2675005131806291e+01
      3360  4.2000000000002355e+00  8.4287247875175372e-02  6.3669695359394263e-01  2.363383e-01  4.815538e+00  3.177425e+00  3.856826e+01  4.413149e+01  3.863609e+02  5.041185e+00  4.476544e+01  1.2732518865331640e+01
      3370  4.2125000000002331e+00  8.4128019715054583e-02  6.3712702720787351e-01  2.324488e-01  4.825695e+00  3.125952e+00  3.873400e+01  4.353553e+01  3.886422e+02  5.068414e+00  4.532493e+01  1.2789980481031229e+01
      3380  4.2250000000002306e+00  8.3968684994831677e-02  6.3754943286034171e-01  2.285859e-01  4.835847e+00  3.074609e+00  3.890068e+01  4.293782e+01  3.909484e+02  5.095836e+00  4.589139e+01  1.2847386417966781e+01
      3390  4.2375000000002281e+00  8.3809245631988466e-02  6.3796416661516742e-01  2.247501e-01  4.845993e+00  3.023404e+00  3.906824e+01  4.233848e+01  3.932786e+02  5.123451e+00  4.646496e+01  1.2904733047391973e+01
      3400  4.2500000000002256e+00  8.3649703545013956e-02  6.3837122437056015e-01  2.209420e-01  4.856128e+00  2.972347e+00  3.923662e+01  4.173766e+01  3.956319e+02  5.151260e+00  4.704577e+01  1.2962016673327621e+01
      3410  4.2625000000002231e+00  8.3490060653441639e-02  6.3877060184440637e-01  2.171619e-01  4.866249e+00  2.921449e+00  3.940574e+01  4.113549e+01  3.980074e+02  5.179262e+00  4.763398e+01  1.3019233533130000e+01
      3420  4.2750000000002206e+00  8.3330318877901641e-02  6.3916229455992957e-01  2.134104e-01  4.876353e+00  2.870719e+00  3.957554e+01  4.053212e+01  4.004042e+02  5.207458e+00  4.822976e+01  1.3076379798046874e+01
      3430  4.2875000000002181e+00  8.3170480140168548e-02  6.3954629783193306e-01  2.096880e-01  4.886437e+00  2.820168e+00  3.974597e+01  3.992770e+01  4.028214e+02  5.235850e+00  4.883329e+01  1.3133451573766669e+01
      3440  4.3000000000002156e+00  8.3010546363217086e-02  6.3992260675344692e-01  2.059950e-01  4.896498e+00  2.769807e+00  3.991694e+01  3.932237e+01  4.052580e+02  5.264439e+00  4.944476e+01  1.3190444900953437e+01
      3450  4.3125000000002132e+00  8.2850519471274878e-02  6.4029121618300444e-01  2.023321e-01  4.906532e+00  2.719645e+00  4.008839e+01  3.871632e+01  4.077130e+02  5.293226e+00  5.006440e+01  1.3247355755774205e+01
      3460  4.3250000000002107e+00  8.2690401389887550e-02  6.4065212073236255e-01  1.986996e-01  4.916537e+00  2.669694e+00  4.026026e+01  3.810969e+01  4.101855e+02  5.322214e+00  5.069242e+01  1.3304180050410636e+01
      3470  4.3375000000002082e+00  8.2530194045978139e-02  6.4100531475487654e-01  1.950979e-01  4.926508e+00  2.619964e+00  4.043248e+01  3.750265e+01  4.126743e+02  5.351406e+00  5.132908e+01  1.3360913633565231e+01
      3480  4.3500000000002057e+00  8.2369899367917776e-02  6.4135079233453030e-01  1.915276e-01  4.936445e+00  2.570465e+00  4.060498e+01  3.689539e+01  4.151785e+02  5.380803e+00  5.197464e+01  1.3417552290953093e+01
      3490  4.3625000000002032e+00  8.2209519285587979e-02  6.4168854727545632e-01  1.879889e-01  4.946342e+00  2.521209e+00  4.077770e+01  3.628808e+01  4.176971e+02  5.410409e+00  5.262938e+01  1.3474091745787845e+01
      3500  4.3750000000002007e+00  8.2049055730457010e-02  6.4201857309226007e-01  1.844825e-01  4.956197e+00  2.472207e+00  4.095056e+01  3.568090e+01  4.202289e+02  5.440229e+00  5.329360e+01  1.3530527659259203e+01
      3510  4.3875000000001982e+00  8.1888510635651529e-02  6.4234086300092041e-01  1.810086e-01  4.966008e+00  2.423468e+00  4.112350e+01  3.507403e+01  4.227730e+02  5.470265e+00  5.396762e+01  1.3586855631003679e+01
      3520  4.4000000000001958e+00  8.1727885936031780e-02  6.4265540991040837e-01  1.775677e-01  4.975772e+00  2.375004e+00  4.129644e+01  3.446768e+01  4.253282e+02  5.500521e+00  5.465178e+01  1.3643071199574688e+01
      3530  4.4125000000001933e+00  8.1567183568271029e-02  6.4296220641516499e-01  1.741602e-01  4.985485e+00  2.326826e+00  4.146933e+01  3.386202e+01  4.278934e+02  5.531003e+00  5.534643e+01  1.3699169842907462e+01
      3540  4.4250000000001908e+00  8.1406405470931281e-02  6.4326124478806779e-01  1.707864e-01  4.995145e+00  2.278945e+00  4.164210e+01  3.325726e+01  4.304675e+02  5.561716e+00  5.605195e+01  1.3755146978789440e+01
      3550  4.4375000000001883e+00  8.1245553584550170e-02  6.4355251697436899e-01  1.674467e-01  5.004749e+00  2.231371e+00  4.181467e+01  3.265360e+01  4.330494e+02  5.592664e+00  5.676873e+01  1.3810997965328603e+01
      3560  4.4500000000001858e+00  8.1084629851720477e-02  6.4383601458637685e-01  1.641415e-01  5.014294e+00  2.184116e+00  4.198699e+01  3.205124e+01  4.356380e+02  5.623853e+00  5.749720e+01  1.3866718101436462e+01
      3570  4.4625000000001833e+00  8.0923636217170705e-02  6.4411172889879242e-01  1.608712e-01  5.023778e+00  2.137189e+00  4.215898e+01  3.145038e+01  4.382321e+02  5.655290e+00  5.823779e+01  1.3922302627314352e+01
      3580  4.4750000000001808e+00  8.0762574627855674e-02  6.4437965084505855e-01  1.576361e-01  5.033198e+00  2.090603e+00  4.233058e+01  3.085124e+01  4.408307e+02  5.686980e+00  5.899096e+01  1.3977746724958005e+01
      3590  4.4875000000001783e+00  8.0601447033040369e-02  6.4463977101435588e-01  1.544365e-01  5.042552e+00  2.044366e+00  4.250173e+01  3.025401e+01  4.434326e+02  5.718931e+00  5.975718e+01  1.4033045518675689e+01
      3600  4.5000000000001759e+00  8.0440255384384443e-02  6.4489207964958961e-01  1.512727e-01  5.051838e+00  1.998491e+00  4.267235e+01  2.965892e+01  4.460365e+02  5.751148e+00  6.053695e+01  1.4088194075630584e+01
      3610  4.5125000000001734e+00  8.0279001636028122e-02  6.4513656664603625e-01  1.481451e-01  5.061052e+00  1.952988e+00  4.284239e+01  2.906618e+01  4.486415e+02  5.783640e+00  6.133079e+01  1.4143187406404579e+01
      3620  4.5250000000001709e+00  8.0117687744687471e-02  6.4537322155099985e-01  1.450540e-01  5.070192e+00  1.907867e+00  4.301178e+01  2.847600e+01  4.512463e+02  5.816413e+00  6.213924e+01  1.4198020465593203e+01
      3630  4.5375000000001684e+00  7.9956315669728301e-02  6.4560203356422408e-01  1.419997e-01  5.079257e+00  1.863138e+00  4.318046e+01  2.788859e+01  4.538499e+02  5.849476e+00  6.296286e+01  1.4252688152431151e+01
      3640  4.5500000000001659e+00  7.9794887373263984e-02  6.4582299153924361e-01  1.389825e-01  5.088244e+00  1.818813e+00  4.334837e+01  2.730418e+01  4.564509e+02  5.882837e+00  6.380224e+01  1.4307185311454079e+01
      3650  4.5625000000001634e+00  7.9633404820235912e-02  6.4603608398552947e-01  1.360025e-01  5.097150e+00  1.774900e+00  4.351545e+01  2.672298e+01  4.590484e+02  5.916503e+00  6.465796e+01  1.4361506733202337e+01
      3660  4.5750000000001609e+00  7.9471869978502002e-02  6.4624129907150185e-01  1.330602e-01  5.105974e+00  1.731410e+00  4.368163e+01  2.614521e+01  4.616412e+02  5.950484e+00  6.553064e+01  1.4415647154966724e+01
      3670  4.5875000000001585e+00  7.9310284818917678e-02  6.4643862462849555e-01  1.301557e-01  5.114714e+00  1.688354e+00  4.384686e+01  2.557108e+01  4.642282e+02  5.984787e+00  6.642094e+01  1.4469601261584227e+01
      3680  4.6000000000001560e+00  7.9148651315425936e-02  6.4662804815547248e-01  1.272893e-01  5.123368e+00  1.645740e+00  4.401108e+01  2.500081e+01  4.668082e+02  6.019422e+00  6.732949e+01  1.4523363686283862e+01
      3690  4.6125000000001535e+00  7.8986971445131532e-02  6.4680955682461760e-01  1.244612e-01  5.131934e+00  1.603578e+00  4.417424e+01  2.443463e+01  4.693802e+02  6.054398e+00  6.825698e+01  1.4576929011588032e+01
      3700  4.6250000000001510e+00  7.8825247188390096e-02  6.4698313748787073e-01  1.216716e-01  5.140411e+00  1.561878e+00  4.433627e+01  2.387274e+01  4.719431e+02  6.089724e+00  6.920409e+01  1.4630291770275553e+01
      3710  4.6375000000001485e+00  7.8663480528881696e-02  6.4714877668413817e-01  1.189208e-01  5.148795e+00  1.520649e+00  4.449713e+01  2.331536e+01  4.744957e+02  6.125409e+00  7.017155e+01  1.4683446446402970e+01
      3720  4.6500000000001460e+00  7.8501673453688428e-02  6.4730646064752395e-01  1.162090e-01  5.157087e+00  1.479900e+00  4.465676e+01  2.276270e+01  4.770370e+02  6.161462e+00  7.116006e+01  1.4736387476394766e+01
      3730  4.6625000000001435e+00  7.8339827953375296e-02  6.4745617531620903e-01  1.135362e-01  5.165284e+00  1.439641e+00  4.481511e+01  2.221498e+01  4.795659e+02  6.197893e+00  7.217038e+01  1.4789109250200772e+01
      3740  4.6750000000001410e+00  7.8177946022054204e-02  6.4759790634226921e-01  1.109028e-01  5.173385e+00  1.399879e+00  4.497213e+01  2.167241e+01  4.820815e+02  6.234712e+00  7.320325e+01  1.4841606112525316e+01
      3750  4.6875000000001386e+00  7.8016029657460795e-02  6.4773163910218523e-01  1.083088e-01  5.181388e+00  1.360623e+00  4.512777e+01  2.113519e+01  4.845827e+02  6.271927e+00  7.425944e+01  1.4893872364130289e+01
      3760  4.7000000000001361e+00  7.7854080861020636e-02  6.4785735870817840e-01  1.057545e-01  5.189292e+00  1.321882e+00  4.528199e+01  2.060354e+01  4.870684e+02  6.309549e+00  7.533974e+01  1.4945902263215590e+01
      3770  4.7125000000001336e+00  7.7692101637911903e-02  6.4797505002032385e-01  1.032399e-01  5.197097e+00  1.283664e+00  4.543474e+01  2.007765e+01  4.895378e+02  6.347586e+00  7.644493e+01  1.4997690026876439e+01
      3780  4.7250000000001311e+00  7.7530093997126653e-02  6.4808469765932064e-01  1.007653e-01  5.204800e+00  1.245977e+00  4.558598e+01  1.955773e+01  4.919899e+02  6.386049e+00  7.757581e+01  1.5049229832640474e+01
      3790  4.7375000000001286e+00  7.7368059951531065e-02  6.4818628602007133e-01  9.833059e-02  5.212400e+00  1.208827e+00  4.573565e+01  1.904397e+01  4.944236e+02  6.424946e+00  7.873321e+01  1.5100515820092351e+01
      3800  4.7500000000001261e+00  7.7206001517921896e-02  6.4827979928591351e-01  9.593606e-02  5.219898e+00  1.172224e+00  4.588374e+01  1.853657e+01  4.968382e+02  6.464287e+00  7.991792e+01  1.5151542092571525e+01
      3810  4.7625000000001236e+00  7.7043920717070197e-02  6.4836522144343300e-01  9.358176e-02  5.227291e+00  1.136173e+00  4.603018e+01  1.803573e+01  4.992328e+02  6.504080e+00  8.113078e+01  1.5202302718963125e+01
      3820  4.7750000000001211e+00  7.6881819573777821e-02  6.4844253629815740e-01  9.126777e-02  5.234579e+00  1.100683e+00  4.617495e+01  1.754162e+01  5.016064e+02  6.544335e+00  8.237262e+01  1.5252791735566383e+01
      3830  4.7875000000001187e+00  7.6719700116911885e-02  6.4851172749058683e-01  8.899419e-02  5.241762e+00  1.065759e+00  4.631802e+01  1.705444e+01  5.039582e+02  6.585060e+00  8.364427e+01  1.5303003148054284e+01
      3840  4.8000000000001162e+00  7.6557564379452214e-02  6.4857277851297823e-01  8.676107e-02  5.248837e+00  1.031407e+00  4.645934e+01  1.657436e+01  5.062876e+02  6.626264e+00  8.494656e+01  1.5352930933511528e+01
      3850  4.8125000000001137e+00  7.6395414398519185e-02  6.4862567272672367e-01  8.456848e-02  5.255806e+00  9.976356e-01  4.659890e+01  1.610156e+01  5.085936e+02  6.667955e+00  8.628032e+01  1.5402569042560444e+01
      3860  4.8250000000001112e+00  7.6233252215408984e-02  6.4867039338014632e-01  8.241646e-02  5.262667e+00  9.644490e-01  4.673664e+01  1.563621e+01  5.108755e+02  6.710140e+00  8.764639e+01  1.5451911401570516e+01
      3870  4.8375000000001087e+00  7.6071079875617967e-02  6.4870692362684579e-01  8.030506e-02  5.269420e+00  9.318532e-01  4.687256e+01  1.517848e+01  5.131327e+02  6.752828e+00  8.904560e+01  1.5500951914949825e+01
      3880  4.8500000000001062e+00  7.5908899428861087e-02  6.4873524654458903e-01  7.823431e-02  5.276065e+00  8.998537e-01  4.700662e+01  1.472854e+01  5.153644e+02  6.796025e+00  9.047878e+01  1.5549684467515224e+01
      3890  4.8625000000001037e+00  7.5746712929095045e-02  6.4875534515451805e-01  7.620422e-02  5.282601e+00  8.684556e-01  4.713880e+01  1.428653e+01  5.175701e+02  6.839738e+00  9.194673e+01  1.5598102926946243e+01
      3900  4.8750000000001013e+00  7.5584522434525347e-02  6.4876720244089414e-01  7.421481e-02  5.289028e+00  8.376640e-01  4.726908e+01  1.385262e+01  5.197490e+02  6.883974e+00  9.345028e+01  1.5646201146314620e+01
      3910  4.8875000000000988e+00  7.5422330007612809e-02  6.4877080137109933e-01  7.226607e-02  5.295346e+00  8.074833e-01  4.739743e+01  1.342695e+01  5.219007e+02  6.928739e+00  9.499021e+01  1.5693972966688589e+01
      3920  4.9000000000000963e+00  7.5260137715076017e-02  6.4876612491609276e-01  7.035801e-02  5.301554e+00  7.779181e-01  4.752384e+01  1.300966e+01  5.240246e+02  6.974039e+00  9.656732e+01  1.5741412219810213e+01
      3930  4.9125000000000938e+00  7.5097947627887865e-02  6.4875315607116557e-01  6.849061e-02  5.307654e+00  7.489723e-01  4.764829e+01  1.260089e+01  5.261202e+02  7.019879e+00  9.818238e+01  1.5788512730843159e+01
      3940  4.9250000000000913e+00  7.4935761821271499e-02  6.4873187787686526e-01  6.666384e-02  5.313645e+00  7.206499e-01  4.777077e+01  1.220078e+01  5.281870e+02  7.066262e+00  9.983614e+01  1.5835268321186300e+01
      3950  4.9375000000000888e+00  7.4773582374675018e-02  6.4870227344028664e-01  6.487767e-02  5.319526e+00  6.929543e-01  4.789126e+01  1.180945e+01  5.302245e+02  7.113195e+00  1.015294e+02  1.5881672811351804e+01
      3960  4.9500000000000863e+00  7.4611411371764649e-02  6.4866432595657708e-01  6.313206e-02  5.325300e+00  6.658890e-01  4.800976e+01  1.142702e+01  5.322325e+02  7.160679e+00  1.032627e+02  1.5927720023904151e+01
      3970  4.9625000000000838e+00  7.4449250900391367e-02  6.4861801873055480e-01  6.142696e-02  5.330964e+00  6.394570e-01  4.812624e+01  1.105361e+01  5.342104e+02  7.208718e+00  1.050370e+02  1.5973403786449248e+01
      3980  4.9750000000000814e+00  7.4287103052568054e-02  6.4856333519849019e-01  5.976231e-02  5.336521e+00  6.136611e-01  4.824072e+01  1.068934e+01  5.361581e+02  7.257315e+00  1.068528e+02  1.6018717934684798e+01
      3990  4.9875000000000789e+00  7.4124969924423453e-02  6.4850025895004682e-01  5.813805e-02  5.341970e+00  5.885037e-01  4.835317e+01  1.033429e+01  5.380751e+02  7.306472e+00  1.087107e+02  1.6063656315489787e+01
      4000  5.0000000000000764e+00  7.3962853616172150e-02  6.4842877375026564e-01  5.655411e-02  5.347312e+00  5.639873e-01  4.846361e+01  9.988587e+00  5.399614e+02  7.356189e+00  1.106115e+02  1.6108212790063178e+01
      4010  5.0125000000000739e+00  7.3800756232062240e-02  6.4834886356165899e-01  5.501041e-02  5.352548e+00  5.401138e-01  4.857202e+01  9.652310e+00  5.418165e+02  7.406467e+00  1.125557e+02  1.6152381237098318e+01
      4020  5.0250000000000714e+00  7.3638679880322591e-02  6.4826051256621320e-01  5.350686e-02  5.357678e+00  5.168850e-01  4.867840e+01  9.325551e+00  5.436404e+02  7.457307e+00  1.145439e+02  1.6196155555991684e+01
      4030  5.0375000000000689e+00  7.3476626673108239e-02  6.4816370518749156e-01  5.204336e-02  5.362702e+00  4.943023e-01  4.878276e+01  9.008392e+00  5.454330e+02  7.508708e+00  1.165765e+02  1.6239529670082074e+01
      4040  5.0500000000000664e+00  7.3314598726436322e-02  6.4805842611267206e-01  5.061983e-02  5.367622e+00  4.723672e-01  4.888510e+01  8.700912e+00  5.471940e+02  7.560667e+00  1.186542e+02  1.6282497529914032e+01
      4050  5.0625000000000639e+00  7.3152598160114227e-02  6.4794466031440956e-01  4.923615e-02  5.372438e+00  4.510807e-01  4.898543e+01  8.403182e+00  5.489235e+02  7.613185e+00  1.207773e+02  1.6325053116518440e+01
      4060  5.0750000000000615e+00  7.2990627097671623e-02  6.4782239307278799e-01  4.789221e-02  5.377152e+00  4.304435e-01  4.908376e+01  8.115267e+00  5.506214e+02  7.666257e+00  1.229462e+02  1.6367190444710751e+01
      4070  5.0875000000000590e+00  7.2828687666275482e-02  6.4769160999695563e-01  4.658788e-02  5.381763e+00  4.104562e-01  4.918008e+01  7.837230e+00  5.522877e+02  7.719880e+00  1.251615e+02  1.6408903566394685e+01
      4080  5.1000000000000565e+00  7.2666781996648250e-02  6.4755229704673667e-01  4.532306e-02  5.386274e+00  3.911192e-01  4.927441e+01  7.569125e+00  5.539224e+02  7.774050e+00  1.274233e+02  1.6450186573873040e+01
      4090  5.1125000000000540e+00  7.2504912222971993e-02  6.4740444055394653e-01  4.409760e-02  5.390684e+00  3.724326e-01  4.936677e+01  7.311003e+00  5.555256e+02  7.828763e+00  1.297320e+02  1.6491033603153632e+01
      4100  5.1250000000000515e+00  7.2343080482802441e-02  6.4724802724365738e-01  4.291136e-02  5.394995e+00  3.543963e-01  4.945717e+01  7.062908e+00  5.570974e+02  7.884013e+00  1.320879e+02  1.6531438837253567e+01
      4110  5.1375000000000490e+00  7.2181288916961808e-02  6.4708304425499141e-01  4.176422e-02  5.399209e+00  3.370100e-01  4.954561e+01  6.824880e+00  5.586380e+02  7.939794e+00  1.344911e+02  1.6571396509486874e+01
      4120  5.1500000000000465e+00  7.2019539669430740e-02  6.4690947916194064e-01  4.065601e-02  5.403326e+00  3.202732e-01  4.963212e+01  6.596953e+00  5.601474e+02  7.996099e+00  1.369419e+02  1.6610900906738205e+01
      4130  5.1625000000000441e+00  7.1857834887242178e-02  6.4672731999360389e-01  3.958659e-02  5.407347e+00  3.041851e-01  4.971672e+01  6.379156e+00  5.616259e+02  8.052920e+00  1.394403e+02  1.6649946372715377e+01
      4140  5.1750000000000416e+00  7.1696176720362631e-02  6.4653655525436271e-01  3.855580e-02  5.411273e+00  2.887449e-01  4.979942e+01  6.171514e+00  5.630738e+02  8.110249e+00  1.419864e+02  1.6688527311171377e+01
      4150  5.1875000000000391e+00  7.1534567321569542e-02  6.4633717394365753e-01  3.756348e-02  5.415107e+00  2.739513e-01  4.988024e+01  5.974047e+00  5.644912e+02  8.168078e+00  1.445803e+02  1.6726638189099887e+01
      4160  5.2000000000000366e+00  7.1373008846327482e-02  6.4612916557529099e-01  3.660946e-02  5.418848e+00  2.598032e-01  4.995921e+01  5.786769e+00  5.658784e+02  8.226396e+00  1.472219e+02  1.6764273539889501e+01
      4170  5.2125000000000341e+00  7.1211503452657199e-02  6.4591252019658119e-01  3.569356e-02  5.422500e+00  2.462990e-01  5.003634e+01  5.609689e+00  5.672358e+02  8.285194e+00  1.499111e+02  1.6801427966438833e+01
      4180  5.2250000000000316e+00  7.1050053300998561e-02  6.4568722840690218e-01  3.481562e-02  5.426061e+00  2.334371e-01  5.011166e+01  5.442815e+00  5.685638e+02  8.344460e+00  1.526478e+02  1.6838096144226590e+01
      4190  5.2375000000000291e+00  7.0888660554067950e-02  6.4545328137607816e-01  3.397546e-02  5.429536e+00  2.212155e-01  5.018520e+01  5.286146e+00  5.698626e+02  8.404183e+00  1.554318e+02  1.6874272824328404e+01
      4200  5.2500000000000266e+00  7.0727327376719204e-02  6.4521067086210859e-01  3.317288e-02  5.432923e+00  2.096324e-01  5.025698e+01  5.139679e+00  5.711326e+02  8.464350e+00  1.582628e+02  1.6909952836383219e+01
      4210  5.2625000000000242e+00  7.0566055935790600e-02  6.4495938922858365e-01  3.240769e-02  5.436226e+00  1.986855e-01  5.032703e+01  5.003407e+00  5.723743e+02  8.524949e+00  1.611407e+02  1.6945131091495909e+01
      4220  5.2750000000000217e+00  7.0404848399950509e-02  6.4469942946171499e-01  3.167972e-02  5.439445e+00  1.883726e-01  5.039537e+01  4.877318e+00  5.735881e+02  8.585967e+00  1.640649e+02  1.6979802585082147e+01
      4230  5.2875000000000192e+00  7.0243706939543224e-02  6.4443078518673957e-01  3.098875e-02  5.442582e+00  1.786910e-01  5.046203e+01  4.761397e+00  5.747745e+02  8.647389e+00  1.670353e+02  1.7013962399642047e+01
      4240  5.3000000000000167e+00  7.0082633726425439e-02  6.4415345068402019e-01  3.033460e-02  5.445638e+00  1.696383e-01  5.052705e+01  4.655624e+00  5.759340e+02  8.709200e+00  1.700512e+02  1.7047605707468303e+01
      4250  5.3125000000000142e+00  6.9921630933795900e-02  6.4386742090449012e-01  2.971705e-02  5.448616e+00  1.612116e-01  5.059045e+01  4.559976e+00  5.770669e+02  8.771386e+00  1.731122e+02  1.7080727773275513e+01
      4260  5.3250000000000117e+00  6.9760700736037379e-02  6.4357269148484109e-01  2.913589e-02  5.451515e+00  1.534081e-01  5.065226e+01  4.474426e+00  5.781740e+02  8.833932e+00  1.762178e+02  1.7113323956759004e+01
      4270  5.3375000000000092e+00  6.9599845308528696e-02  6.4326925876190000e-01  2.859093e-02  5.454339e+00  1.462247e-01  5.071252e+01  4.398945e+00  5.792556e+02  8.896820e+00  1.793672e+02  1.7145389715065210e+01
      4280  5.3500000000000068e+00  6.9439066827480980e-02  6.4295711978679793e-01  2.808193e-02  5.457089e+00  1.396583e-01  5.077126e+01  4.333497e+00  5.803125e+02  8.960034e+00  1.825600e+02  1.7176920605190389e+01
      4290  5.3625000000000043e+00  6.9278367469748747e-02  6.4263627233841691e-01  2.760869e-02  5.459765e+00  1.337055e-01  5.082851e+01  4.278048e+00  5.813450e+02  9.023557e+00  1.857953e+02  1.7207912286280045e+01
      4300  5.3750000000000018e+00  6.9117749412651155e-02  6.4230671493638702e-01  2.717098e-02  5.462371e+00  1.283630e-01  5.088430e+01  4.232556e+00  5.823539e+02  9.087372e+00  1.890724e+02  1.7238360521856841e+01
      4310  5.3874999999999993e+00  6.8957214833781477e-02  6.4196844685358312e-01  2.676857e-02  5.464906e+00  1.236274e-01  5.093868e+01  4.196979e+00  5.833396e+02  9.151460e+00  1.923905e+02  1.7268261181942805e+01
      4320  5.3999999999999968e+00  6.8796765910823260e-02  6.4162146812799703e-01  2.640125e-02  5.467374e+00  1.194949e-01  5.099166e+01  4.171271e+00  5.843029e+02  9.215804e+00  1.957488e+02  1.7297610245100447e+01
      4330  5.4124999999999943e+00  6.8636404821348654e-02  6.4126577957419761e-01  2.606877e-02  5.469775e+00  1.159618e-01  5.104329e+01  4.155385e+00  5.852444e+02  9.280384e+00  1.991462e+02  1.7326403800375104e+01
      4340  5.4249999999999918e+00  6.8476133742633172e-02  6.4090138279409015e-01  2.577091e-02  5.472111e+00  1.130244e-01  5.109361e+01  4.149268e+00  5.861646e+02  9.345182e+00  2.025820e+02  1.7354638049143457e+01
      4350  5.4374999999999893e+00  6.8315954851446634e-02  6.4052828018733465e-01  2.550742e-02  5.474384e+00  1.106788e-01  5.114264e+01  4.152868e+00  5.870643e+02  9.410178e+00  2.060550e+02  1.7382309306864716e+01
      4360  5.4499999999999869e+00  6.8155870323861639e-02  6.4014647496103794e-01  2.527808e-02  5.476595e+00  1.089209e-01  5.119043e+01  4.166129e+00  5.879441e+02  9.475353e+00  2.095642e+02  1.7409414004734490e+01
      4370  5.4624999999999844e+00  6.7995882335048857e-02  6.3975597113898974e-01  2.508262e-02  5.478746e+00  1.077467e-01  5.123700e+01  4.188994e+00  5.888046e+02  9.540687e+00  2.131085e+02  1.7435948691239467e+01
      4380  5.4749999999999819e+00  6.7835993059066263e-02  6.3935677357035947e-01  2.492081e-02  5.480839e+00  1.071520e-01  5.128240e+01  4.221401e+00  5.896465e+02  9.606160e+00  2.166869e+02  1.7461910033612540e+01
      4390  5.4874999999999794e+00  6.7676204668655843e-02  6.3894888793780369e-01  2.479240e-02  5.482874e+00  1.071326e-01  5.132667e+01  4.263289e+00  5.904705e+02  9.671751e+00  2.202981e+02  1.7487294819187952e+01
      4400  5.4999999999999769e+00  6.7516519335036093e-02  6.3853232076512456e-01  2.469713e-02  5.484855e+00  1.076842e-01  5.136983e+01  4.314594e+00  5.912773e+02  9.737441e+00  2.239409e+02  1.7512099956656442e+01
      4410  5.5124999999999744e+00  6.7356939227689316e-02  6.3810707942426292e-01  2.463476e-02  5.486782e+00  1.088023e-01  5.141193e+01  4.375250e+00  5.920675e+02  9.803208e+00  2.276140e+02  1.7536322477219315e+01
      4420  5.5249999999999719e+00  6.7197466514144280e-02  6.3767317214182184e-01  2.460502e-02  5.488657e+00  1.104826e-01  5.145300e+01  4.445191e+00  5.928419e+02  9.869033e+00  2.313163e+02  1.7559959535642413e+01
      4430  5.5374999999999694e+00  6.7038103359768980e-02  6.3723060800512288e-01  2.460765e-02  5.490481e+00  1.127205e-01  5.149308e+01  4.524346e+00  5.936011e+02  9.934893e+00  2.350463e+02  1.7583008411208560e+01
      4440  5.5499999999999670e+00  6.6878851927549041e-02  6.3677939696760544e-01  2.464239e-02  5.492257e+00  1.155115e-01  5.153220e+01  4.612646e+00  5.943458e+02  1.000077e+01  2.388027e+02  1.7605466508572761e+01
      4450  5.5624999999999645e+00  6.6719714377875591e-02  6.3631954985378258e-01  2.470898e-02  5.493985e+00  1.188509e-01  5.157041e+01  4.710019e+00  5.950768e+02  1.006664e+01  2.425842e+02  1.7627331358514706e+01
      4460  5.5749999999999620e+00  6.6560692868320961e-02  6.3585107836368804e-01  2.480714e-02  5.495667e+00  1.227340e-01  5.160773e+01  4.816392e+00  5.957946e+02  1.013249e+01  2.463893e+02  1.7648600618595840e+01
      4470  5.5874999999999595e+00  6.6401789553426557e-02  6.3537399507667991e-01  2.493660e-02  5.497305e+00  1.271562e-01  5.164420e+01  4.931691e+00  5.965001e+02  1.019828e+01  2.502167e+02  1.7669272073716552e+01
      4480  5.5999999999999570e+00  6.6243006584474962e-02  6.3488831345500873e-01  2.509710e-02  5.498901e+00  1.321126e-01  5.167986e+01  5.055840e+00  5.971938e+02  1.026401e+01  2.540647e+02  1.7689343636576609e+01
      4490  5.6124999999999545e+00  6.6084346109274730e-02  6.3439404784653353e-01  2.528834e-02  5.500455e+00  1.375984e-01  5.171475e+01  5.188763e+00  5.978765e+02  1.032966e+01  2.579320e+02  1.7708813348043758e+01
      4500  5.6249999999999520e+00  6.5925810271936003e-02  6.3389121348724720e-01  2.551007e-02  5.501969e+00  1.436087e-01  5.174890e+01  5.330384e+00  5.985489e+02  1.039519e+01  2.618171e+02  1.7727679377421357e+01
      4510  5.6374999999999496e+00  6.5767401212647347e-02  6.3337982650308777e-01  2.576198e-02  5.503446e+00  1.501387e-01  5.178235e+01  5.480624e+00  5.992116e+02  1.046059e+01  2.657183e+02  1.7745940022630819e+01
      4520  5.6499999999999471e+00  6.5609121067458087e-02  6.3285990391143288e-01  2.604380e-02  5.504885e+00  1.571833e-01  5.181512e+01  5.639403e+00  5.998654e+02  1.052585e+01  2.696343e+02  1.7763593710297126e+01
      4530  5.6624999999999446e+00  6.5450971968045835e-02  6.3233146362200532e-01  2.635524e-02  5.506289e+00  1.647376e-01  5.184727e+01  5.806644e+00  6.005108e+02  1.059093e+01  2.735634e+02  1.7780638995747395e+01
      4540  5.6749999999999421e+00  6.5292956041507241e-02  6.3179452443739637e-01  2.669601e-02  5.507659e+00  1.727965e-01  5.187881e+01  5.982265e+00  6.011486e+02  1.065583e+01  2.775041e+02  1.7797074562921583e+01
      4550  5.6874999999999396e+00  6.5135075410118509e-02  6.3124910605300655e-01  2.706583e-02  5.508997e+00  1.813551e-01  5.190978e+01  6.166186e+00  6.017795e+02  1.072051e+01  2.814548e+02  1.7812899224196684e+01
      4560  5.6999999999999371e+00  6.4977332191124726e-02  6.3069522905668851e-01  2.746438e-02  5.510304e+00  1.904081e-01  5.194022e+01  6.358326e+00  6.024040e+02  1.078497e+01  2.854139e+02  1.7828111920128002e+01
      4570  5.7124999999999346e+00  6.4819728496511297e-02  6.3013291492785228e-01  2.789138e-02  5.511581e+00  1.999506e-01  5.197017e+01  6.558603e+00  6.030229e+02  1.084918e+01  2.893798e+02  1.7842711719106173e+01
      4580  5.7249999999999321e+00  6.4662266432785179e-02  6.2956218603610348e-01  2.834653e-02  5.512830e+00  2.099773e-01  5.199964e+01  6.766935e+00  6.036367e+02  1.091312e+01  2.933510e+02  1.7856697816939032e+01
      4590  5.7374999999999297e+00  6.4504948100744836e-02  6.2898306563952522e-01  2.882953e-02  5.514052e+00  2.204831e-01  5.202869e+01  6.983239e+00  6.042462e+02  1.097677e+01  2.973258e+02  1.7870069536350382e+01
      4600  5.7499999999999272e+00  6.4347775595269108e-02  6.2839557788255596e-01  2.934006e-02  5.515249e+00  2.314628e-01  5.205733e+01  7.207434e+00  6.048519e+02  1.104013e+01  3.013026e+02  1.7882826326406043e+01
      4610  5.7624999999999247e+00  6.4190751005084687e-02  6.2779974779334913e-01  2.987784e-02  5.516421e+00  2.429112e-01  5.208560e+01  7.439436e+00  6.054544e+02  1.110315e+01  3.052798e+02  1.7894967761868706e+01
      4620  5.7749999999999222e+00  6.4033876412554980e-02  6.2719560128080176e-01  3.044253e-02  5.517570e+00  2.548230e-01  5.211353e+01  7.679163e+00  6.060544e+02  1.116584e+01  3.092559e+02  1.7906493542479261e+01
      4630  5.7874999999999197e+00  6.3877153893453983e-02  6.2658316513119716e-01  3.103385e-02  5.518697e+00  2.671931e-01  5.214115e+01  7.926530e+00  6.066525e+02  1.122818e+01  3.132292e+02  1.7917403492169967e+01
      4640  5.7999999999999172e+00  6.3720585516752790e-02  6.2596246700443936e-01  3.165146e-02  5.519803e+00  2.800160e-01  5.216849e+01  8.181456e+00  6.072493e+02  1.129013e+01  3.171982e+02  1.7927697558212142e+01
      4650  5.8124999999999147e+00  6.3564173344395153e-02  6.2533353542990533e-01  3.229507e-02  5.520891e+00  2.932867e-01  5.219558e+01  8.443856e+00  6.078453e+02  1.135170e+01  3.211613e+02  1.7937375810302669e+01
      4660  5.8249999999999122e+00  6.3407919431086202e-02  6.2469639980192460e-01  3.296434e-02  5.521960e+00  3.069997e-01  5.222245e+01  8.713647e+00  6.084411e+02  1.141286e+01  3.251169e+02  1.7946438439584202e+01
      4670  5.8374999999999098e+00  6.3251825824074834e-02  6.2405109037491291e-01  3.365897e-02  5.523013e+00  3.211497e-01  5.224913e+01  8.990745e+00  6.090373e+02  1.147359e+01  3.290635e+02  1.7954885757612473e+01
      4680  5.8499999999999073e+00  6.3095894562941388e-02  6.2339763825817640e-01  3.437862e-02  5.524049e+00  3.357314e-01  5.227565e+01  9.275069e+00  6.096345e+02  1.153389e+01  3.329995e+02  1.7962718195262639e+01
      4690  5.8624999999999048e+00  6.2940127679377331e-02  6.2273607541028331e-01  3.512298e-02  5.525071e+00  3.507396e-01  5.230203e+01  9.566533e+00  6.102331e+02  1.159373e+01  3.369235e+02  1.7969936301584774e+01
      4700  5.8749999999999023e+00  6.2784527196983922e-02  6.2206643463320566e-01  3.589173e-02  5.526080e+00  3.661687e-01  5.232829e+01  9.865055e+00  6.108338e+02  1.165310e+01  3.408338e+02  1.7976540742606876e+01
      4710  5.8874999999998998e+00  6.2629095131055496e-02  6.2138874956606371e-01  3.668453e-02  5.527076e+00  3.820135e-01  5.235448e+01  1.017055e+01  6.114369e+02  1.171200e+01  3.447291e+02  1.7982532300089368e+01
      4720  5.8999999999998973e+00  6.2473833488370906e-02  6.2070305467862663e-01  3.750105e-02  5.528060e+00  3.982686e-01  5.238061e+01  1.048294e+01  6.120432e+02  1.177039e+01  3.486078e+02  1.7987911870232416e+01
      4730  5.9124999999998948e+00  6.2318744266991723e-02  6.2000938526437177e-01  3.834098e-02  5.529035e+00  4.149287e-01  5.240670e+01  1.080214e+01  6.126529e+02  1.182828e+01  3.524685e+02  1.7992680462342587e+01
      4740  5.9249999999998924e+00  6.2163829456050285e-02  6.1930777743336862e-01  3.920397e-02  5.530000e+00  4.319883e-01  5.243279e+01  1.112806e+01  6.132667e+02  1.188564e+01  3.563098e+02  1.7996839197449429e+01
      4750  5.9374999999998899e+00  6.2009091035554499e-02  6.1859826810483010e-01  4.008969e-02  5.530957e+00  4.494421e-01  5.245890e+01  1.146063e+01  6.138850e+02  1.194246e+01  3.601302e+02  1.8000389306894760e+01
      4760  5.9499999999998874e+00  6.1854530976178504e-02  6.1788089499937926e-01  4.099781e-02  5.531906e+00  4.672846e-01  5.248504e+01  1.179976e+01  6.145083e+02  1.199874e+01  3.639285e+02  1.8003332130874334e+01
      4770  5.9624999999998849e+00  6.1700151239067073e-02  6.1715569663097958e-01  4.192799e-02  5.532849e+00  4.855106e-01  5.251125e+01  1.214538e+01  6.151370e+02  1.205447e+01  3.677032e+02  1.8005669116950266e+01
      4780  5.9749999999998824e+00  6.1545953775641059e-02  6.1642271229867829e-01  4.287991e-02  5.533787e+00  5.041146e-01  5.253754e+01  1.249738e+01  6.157716e+02  1.210962e+01  3.714530e+02  1.8007401818529718e+01
      4790  5.9874999999998799e+00  6.1391940527396757e-02  6.1568198207808711e-01  4.385321e-02  5.534720e+00  5.230912e-01  5.256394e+01  1.285571e+01  6.164124e+02  1.216419e+01  3.751767e+02  1.8008531893312991e+01
      4800  5.9999999999998774e+00  6.1238113425716195e-02  6.1493354681253121e-01  4.484756e-02  5.535649e+00  5.424351e-01  5.259047e+01  1.322027e+01  6.170601e+02  1.221817e+01  3.788729e+02  1.8009061101713339e+01
      4810  6.0124999999998749e+00  6.1084474391676115e-02  6.1417744810401076e-01  4.586262e-02  5.536575e+00  5.621407e-01  5.261715e+01  1.359099e+01  6.177148e+02  1.227155e+01  3.825404e+02  1.8008991305252071e+01
      4820  6.0249999999998725e+00  6.0931025335857404e-02  6.1341372830394636e-01  4.689806e-02  5.537500e+00  5.822029e-01  5.264399e+01  1.396778e+01  6.183771e+02  1.232432e+01  3.861781e+02  1.8008324464927750e+01
      4830  6.0374999999998700e+00  6.0777768158163312e-02  6.1264243050361678e-01  4.795352e-02  5.538423e+00  6.026161e-01  5.267103e+01  1.435056e+01  6.190473e+02  1.237647e+01  3.897846e+02  1.8007062639563753e+01
      4840  6.0499999999998675e+00  6.0624704747628183e-02  6.1186359852444394e-01  4.902867e-02  5.539346e+00  6.233750e-01  5.269827e+01  1.473925e+01  6.197258e+02  1.242800e+01  3.933590e+02  1.8005207984137932e+01
      4850  6.0624999999998650e+00  6.0471836982244245e-02  6.1107727690805924e-01  5.012317e-02  5.540269e+00  6.444742e-01  5.272574e+01  1.513378e+01  6.204129e+02  1.247889e+01  3.969001e+02  1.8002762748090230e+01
      4860  6.0749999999998625e+00  6.0319166728779960e-02  6.1028351090606714e-01  5.123667e-02  5.541194e+00  6.659084e-01  5.275345e+01  1.553406e+01  6.211091e+02  1.252914e+01  4.004067e+02  1.7999729273617586e+01
      4870  6.0874999999998600e+00  6.0166695842600516e-02  6.0948234646976762e-01  5.236883e-02  5.542120e+00  6.876721e-01  5.278142e+01  1.594002e+01  6.218146e+02  1.257874e+01  4.038779e+02  1.7996109993952146e+01
      4880  6.0999999999998575e+00  6.0014426167498316e-02  6.0867383023951704e-01  5.351931e-02  5.543049e+00  7.097601e-01  5.280968e+01  1.635157e+01  6.225299e+02  1.262768e+01  4.073127e+02  1.7991907431629024e+01
      4890  6.1124999999998550e+00  5.9862359535522429e-02  6.0785800953405877e-01  5.468776e-02  5.543981e+00  7.321669e-01  5.283822e+01  1.676864e+01  6.232551e+02  1.267596e+01  4.107101e+02  1.7987124196737426e+01
      4900  6.1249999999998526e+00  5.9710497766803802e-02  6.0703493233954975e-01  5.587384e-02  5.544917e+00  7.548873e-01  5.286708e+01  1.719114e+01  6.239907e+02  1.272358e+01  4.140691e+02  1.7981762985169635e+01
      4910  6.1374999999998501e+00  5.9558842669398621e-02  6.0620464729849266e-01  5.707721e-02  5.545858e+00  7.779158e-01  5.289626e+01  1.761901e+01  6.247368e+02  1.277052e+01  4.173888e+02  1.7975826576854729e+01
      4920  6.1499999999998476e+00  5.9407396039121922e-02  6.0536720369842578e-01  5.829752e-02  5.546803e+00  8.012473e-01  5.292578e+01  1.805215e+01  6.254939e+02  1.281678e+01  4.206684e+02  1.7969317833993106e+01
      4930  6.1624999999998451e+00  5.9256159659384272e-02  6.0452265146056849e-01  5.953444e-02  5.547755e+00  8.248763e-01  5.295565e+01  1.849051e+01  6.262622e+02  1.286236e+01  4.239070e+02  1.7962239699277891e+01
      4940  6.1749999999998426e+00  5.9105135301041271e-02  6.0367104112822401e-01  6.078761e-02  5.548712e+00  8.487976e-01  5.298589e+01  1.893398e+01  6.270419e+02  1.290726e+01  4.271039e+02  1.7954595194119179e+01
      4950  6.1874999999998401e+00  5.8954324722232387e-02  6.0281242385501455e-01  6.205670e-02  5.549677e+00  8.730059e-01  5.301651e+01  1.938251e+01  6.278334e+02  1.295147e+01  4.302582e+02  1.7946387416862752e+01
      4960  6.1999999999998376e+00  5.8803729668237950e-02  6.0194685139312021e-01  6.334137e-02  5.550649e+00  8.974960e-01  5.304753e+01  1.983601e+01  6.286368e+02  1.299498e+01  4.333693e+02  1.7937619541006612e+01
      4970  6.2124999999998352e+00  5.8653351871324227e-02  6.0107437608121250e-01  6.464128e-02  5.551629e+00  9.222625e-01  5.307895e+01  2.029441e+01  6.294524e+02  1.303780e+01  4.364365e+02  1.7928294813420507e+01
      4980  6.2249999999998327e+00  5.8503193050600276e-02  6.0019505083238311e-01  6.595609e-02  5.552617e+00  9.473003e-01  5.311078e+01  2.075763e+01  6.302804e+02  1.307992e+01  4.394591e+02  1.7918416552563752e+01
      4990  6.2374999999998302e+00  5.8353254911877213e-02  5.9930892912191081e-01  6.728545e-02  5.553614e+00  9.726041e-01  5.314304e+01  2.122560e+01  6.311211e+02  1.312134e+01  4.424366e+02  1.7907988146706895e+01
      5000  6.2499999999998277e+00  5.8203539147529633e-02  5.9841606497491295e-01  6.862904e-02  5.554620e+00  9.981687e-01  5.317575e+01  2.169824e+01  6.319746e+02  1.316206e+01  4.453682e+02  1.7897013052155316e+01
      5010  6.2624999999998252e+00  5.8054047436354783e-02  5.9751651295387509e-01  6.998652e-02  5.555637e+00  1.023989e+00  5.320889e+01  2.217547e+01  6.328411e+02  1.320207e+01  4.482535e+02  1.7885494791478617e+01
      5020  6.2749999999998227e+00  5.7904781443447906e-02  5.9661032814615966e-01  7.135754e-02  5.556663e+00  1.050060e+00  5.324250e+01  2.265722e+01  6.337209e+02  1.324138e+01  4.510921e+02  1.7873436951743184e+01
      5030  6.2874999999998202e+00  5.7755742820065799e-02  5.9569756615134262e-01  7.274179e-02  5.557700e+00  1.076376e+00  5.327657e+01  2.314341e+01  6.346141e+02  1.327999e+01  4.538833e+02  1.7860843182753086e+01
      5040  6.2999999999998177e+00  5.7606933203501583e-02  5.9477828306844271e-01  7.413893e-02  5.558747e+00  1.102932e+00  5.331112e+01  2.363398e+01  6.355209e+02  1.331789e+01  4.566268e+02  1.7847717195294017e+01
      5050  6.3124999999998153e+00  5.7458354216964547e-02  5.9385253548318939e-01  7.554862e-02  5.559806e+00  1.129723e+00  5.334615e+01  2.412884e+01  6.364414e+02  1.335508e+01  4.593222e+02  1.7834062759388946e+01
      5060  6.3249999999998128e+00  5.7310007469456123e-02  5.9292038045511009e-01  7.697055e-02  5.560877e+00  1.156745e+00  5.338168e+01  2.462792e+01  6.373758e+02  1.339158e+01  4.619691e+02  1.7819883702559927e+01
      5070  6.3374999999998103e+00  5.7161894555658378e-02  5.9198187550457426e-01  7.840437e-02  5.561960e+00  1.183991e+00  5.341770e+01  2.513116e+01  6.383243e+02  1.342736e+01  4.645671e+02  1.7805183908098130e+01
      5080  6.3499999999998078e+00  5.7014017055813895e-02  5.9103707859980315e-01  7.984978e-02  5.563054e+00  1.211458e+00  5.345422e+01  2.563847e+01  6.392869e+02  1.346245e+01  4.671161e+02  1.7789967313346846e+01
      5090  6.3624999999998053e+00  5.6866376535620149e-02  5.9008604814378351e-01  8.130644e-02  5.564162e+00  1.239139e+00  5.349126e+01  2.614978e+01  6.402638e+02  1.349683e+01  4.696156e+02  1.7774237907989157e+01
      5100  6.3749999999998028e+00  5.6718974546118281e-02  5.8912884296116752e-01  8.277404e-02  5.565282e+00  1.267030e+00  5.352882e+01  2.666502e+01  6.412551e+02  1.353051e+01  4.720656e+02  1.7757999732352648e+01
      5110  6.3874999999998003e+00  5.6571812623596104e-02  5.8816552228513752e-01  8.425225e-02  5.566415e+00  1.295126e+00  5.356690e+01  2.718413e+01  6.422609e+02  1.356350e+01  4.744657e+02  1.7741256875719106e+01
      5120  6.3999999999997979e+00  5.6424892289480000e-02  5.8719614574413437e-01  8.574077e-02  5.567562e+00  1.323422e+00  5.360551e+01  2.770701e+01  6.432813e+02  1.359578e+01  4.768159e+02  1.7724013474653418e+01
      5130  6.4124999999997954e+00  5.6278215050243267e-02  5.8622077334874600e-01  8.723928e-02  5.568721e+00  1.351914e+00  5.364466e+01  2.823361e+01  6.443165e+02  1.362738e+01  4.791159e+02  1.7706273711337484e+01
      5140  6.4249999999997929e+00  5.6131782397308788e-02  5.8523946547834882e-01  8.874746e-02  5.569895e+00  1.380595e+00  5.368434e+01  2.876385e+01  6.453664e+02  1.365828e+01  4.813657e+02  1.7688041811921138e+01
      5150  6.4374999999997904e+00  5.5985595806961025e-02  5.8425228286790654e-01  9.026501e-02  5.571083e+00  1.409462e+00  5.372456e+01  2.929767e+01  6.464312e+02  1.368850e+01  4.835652e+02  1.7669322044884289e+01
      5160  6.4499999999997879e+00  5.5839656740257322e-02  5.8325928659464632e-01  9.179163e-02  5.572284e+00  1.438510e+00  5.376533e+01  2.983498e+01  6.475109e+02  1.371803e+01  4.857144e+02  1.7650118719415588e+01
      5170  6.4624999999997854e+00  5.5693966642943765e-02  5.8226053806475520e-01  9.332701e-02  5.573500e+00  1.467734e+00  5.380665e+01  3.037572e+01  6.486056e+02  1.374687e+01  4.878132e+02  1.7630436183798484e+01
      5180  6.4749999999997829e+00  5.5548526945376153e-02  5.8125609900012143e-01  9.487085e-02  5.574730e+00  1.497128e+00  5.384852e+01  3.091981e+01  6.497153e+02  1.377505e+01  4.898617e+02  1.7610278823820032e+01
      5190  6.4874999999997804e+00  5.5403339062439952e-02  5.8024603142502129e-01  9.642285e-02  5.575975e+00  1.526689e+00  5.389095e+01  3.146720e+01  6.508402e+02  1.380254e+01  4.918599e+02  1.7589651061185727e+01
      5200  6.4999999999997780e+00  5.5258404393480773e-02  5.7923039765283180e-01  9.798272e-02  5.577234e+00  1.556412e+00  5.393393e+01  3.201780e+01  6.519801e+02  1.382937e+01  4.938078e+02  1.7568557351955484e+01
      5210  6.5124999999997755e+00  5.5113724322228670e-02  5.7820926027276576e-01  9.955017e-02  5.578508e+00  1.586291e+00  5.397747e+01  3.257154e+01  6.531352e+02  1.385553e+01  4.957056e+02  1.7547002184990259e+01
      5220  6.5249999999997730e+00  5.4969300216734913e-02  5.7718268213658375e-01  1.011249e-01  5.579797e+00  1.616323e+00  5.402157e+01  3.312837e+01  6.543055e+02  1.388103e+01  4.975534e+02  1.7524990080416909e+01
      5230  6.5374999999997705e+00  5.4825133429303639e-02  5.7615072634544329e-01  1.027066e-01  5.581101e+00  1.646503e+00  5.406623e+01  3.368820e+01  6.554910e+02  1.390587e+01  4.993513e+02  1.7502525588105435e+01
      5240  6.5499999999997680e+00  5.4681225296439914e-02  5.7511345623665033e-01  1.042951e-01  5.582420e+00  1.676826e+00  5.411146e+01  3.425098e+01  6.566917e+02  1.393006e+01  5.010995e+02  1.7479613286165488e+01
      5250  6.5624999999997655e+00  5.4537577138779908e-02  5.7407093537048959e-01  1.058900e-01  5.583753e+00  1.707288e+00  5.415725e+01  3.481662e+01  6.579075e+02  1.395361e+01  5.027981e+02  1.7456257779454276e+01
      5260  6.5749999999997630e+00  5.4394190261045840e-02  5.7302322751716817e-01  1.074911e-01  5.585102e+00  1.737883e+00  5.420360e+01  3.538506e+01  6.591386e+02  1.397651e+01  5.044475e+02  1.7432463698103685e+01
      5270  6.5874999999997605e+00  5.4251065951993811e-02  5.7197039664365001e-01  1.090980e-01  5.586466e+00  1.768609e+00  5.425051e+01  3.595624e+01  6.603849e+02  1.399878e+01  5.060478e+02  1.7408235696062505e+01
      5280  6.5999999999997581e+00  5.4108205484361849e-02  5.7091250690077067e-01  1.107106e-01  5.587845e+00  1.799460e+00  5.429799e+01  3.653008e+01  6.616463e+02  1.402041e+01  5.075994e+02  1.7383578449655147e+01
      5290  6.6124999999997556e+00  5.3965610114831891e-02  5.6984962261013139e-01  1.123286e-01  5.589239e+00  1.830432e+00  5.434603e+01  3.710652e+01  6.629228e+02  1.404142e+01  5.091024e+02  1.7358496656155122e+01
      5300  6.6249999999997531e+00  5.3823281083983501e-02  5.6878180825132729e-01  1.139516e-01  5.590648e+00  1.861521e+00  5.439463e+01  3.768548e+01  6.642145e+02  1.406181e+01  5.105572e+02  1.7332995032376839e+01
      5310  6.6374999999997506e+00  5.3681219616257700e-02  5.6770912844899646e-01  1.155795e-01  5.592072e+00  1.892721e+00  5.444379e+01  3.826691e+01  6.655213e+02  1.408159e+01  5.119641e+02  1.7307078313284212e+01
      5320  6.6499999999997481e+00  5.3539426919924728e-02  5.6663164796018772e-01  1.172120e-01  5.593511e+00  1.924030e+00  5.449351e+01  3.885074e+01  6.668430e+02  1.410076e+01  5.133234e+02  1.7280751250613246e+01
      5330  6.6624999999997456e+00  5.3397904187046458e-02  5.6554943166158733e-01  1.188488e-01  5.594965e+00  1.955443e+00  5.454378e+01  3.943689e+01  6.681798e+02  1.411933e+01  5.146355e+02  1.7254018611515551e+01
      5340  6.6749999999997431e+00  5.3256652593457507e-02  5.6446254453692168e-01  1.204897e-01  5.596434e+00  1.986956e+00  5.459461e+01  4.002531e+01  6.695315e+02  1.413730e+01  5.159008e+02  1.7226885177213418e+01
      5350  6.6874999999997407e+00  5.3115673298729238e-02  5.6337105166450696e-01  1.221345e-01  5.597918e+00  2.018564e+00  5.464599e+01  4.061592e+01  6.708980e+02  1.415468e+01  5.171197e+02  1.7199355741678122e+01
      5360  6.6999999999997382e+00  5.2974967446154764e-02  5.6227501820475723e-01  1.237828e-01  5.599416e+00  2.050263e+00  5.469792e+01  4.120866e+01  6.722794e+02  1.417148e+01  5.182925e+02  1.7171435110318576e+01
      5370  6.7124999999997357e+00  5.2834536162729595e-02  5.6117450938789470e-01  1.254345e-01  5.600930e+00  2.082050e+00  5.475040e+01  4.180346e+01  6.736755e+02  1.418771e+01  5.194198e+02  1.7143128098694397e+01
      5380  6.7249999999997332e+00  5.2694380559132455e-02  5.6006959050172134e-01  1.270894e-01  5.602458e+00  2.113920e+00  5.480342e+01  4.240026e+01  6.750862e+02  1.420336e+01  5.205018e+02  1.7114439531238158e+01
      5390  6.7374999999997307e+00  5.2554501729715389e-02  5.5896032687946462e-01  1.287471e-01  5.604001e+00  2.145869e+00  5.485698e+01  4.299900e+01  6.765116e+02  1.421845e+01  5.215392e+02  1.7085374240002228e+01
      5400  6.7499999999997282e+00  5.2414900752490522e-02  5.5784678388783049e-01  1.304076e-01  5.605558e+00  2.177894e+00  5.491108e+01  4.359961e+01  6.779514e+02  1.423299e+01  5.225322e+02  1.7055937063417371e+01
      5410  6.7624999999997257e+00  5.2275578689127827e-02  5.5672902691501625e-01  1.320705e-01  5.607129e+00  2.209990e+00  5.496572e+01  4.420202e+01  6.794056e+02  1.424698e+01  5.234815e+02  1.7026132845073811e+01
      5420  6.7749999999997232e+00  5.2136536584949211e-02  5.5560712135898660e-01  1.337356e-01  5.608715e+00  2.242154e+00  5.502088e+01  4.480617e+01  6.808740e+02  1.426042e+01  5.243875e+02  1.6995966432513633e+01
      5430  6.7874999999997208e+00  5.1997775468922251e-02  5.5448113261576659e-01  1.354027e-01  5.610314e+00  2.274381e+00  5.507657e+01  4.541200e+01  6.823567e+02  1.427333e+01  5.252507e+02  1.6965442676046067e+01
      5440  6.7999999999997183e+00  5.1859296353673930e-02  5.5335112606796788e-01  1.370717e-01  5.611928e+00  2.306669e+00  5.513278e+01  4.601944e+01  6.838534e+02  1.428571e+01  5.260716e+02  1.6934566427578773e+01
      5450  6.8124999999997158e+00  5.1721100235482868e-02  5.5221716707328383e-01  1.387423e-01  5.613556e+00  2.339013e+00  5.518950e+01  4.662843e+01  6.853642e+02  1.429757e+01  5.268507e+02  1.6903342539464315e+01
      5460  6.8249999999997133e+00  5.1583188094295872e-02  5.5107932095330148e-01  1.404143e-01  5.615197e+00  2.371410e+00  5.524674e+01  4.723890e+01  6.868887e+02  1.430891e+01  5.275885e+02  1.6871775863369262e+01
      5470  6.8374999999997108e+00  5.1445560893733346e-02  5.4993765298227903e-01  1.420875e-01  5.616852e+00  2.403855e+00  5.530448e+01  4.785081e+01  6.884270e+02  1.431975e+01  5.282857e+02  1.6839871249154278e+01
      5480  6.8499999999997083e+00  5.1308219581104333e-02  5.4879222837619168e-01  1.437617e-01  5.618520e+00  2.436346e+00  5.536273e+01  4.846407e+01  6.899789e+02  1.433009e+01  5.289426e+02  1.6807633543779108e+01
      5490  6.8624999999997058e+00  5.1171165087421353e-02  5.4764311228184404e-01  1.454368e-01  5.620201e+00  2.468879e+00  5.542147e+01  4.907864e+01  6.915443e+02  1.433993e+01  5.295599e+02  1.6775067590220843e+01
      5500  6.8749999999997033e+00  5.1034398327423465e-02  5.4649036976614840e-01  1.471124e-01  5.621895e+00  2.501450e+00  5.548070e+01  4.969444e+01  6.931230e+02  1.434929e+01  5.301382e+02  1.6742178226411859e+01
      5510  6.8874999999997009e+00  5.0897920199591551e-02  5.4533406580555721e-01  1.487886e-01  5.623603e+00  2.534056e+00  5.554042e+01  5.031142e+01  6.947149e+02  1.435817e+01  5.306779e+02  1.6708970284193157e+01
      5520  6.8999999999996984e+00  5.0761731586173656e-02  5.4417426527565627e-01  1.504650e-01  5.625322e+00  2.566693e+00  5.560061e+01  5.092952e+01  6.963198e+02  1.436658e+01  5.311797e+02  1.6675448588290394e+01
      5530  6.9124999999996959e+00  5.0625833353216028e-02  5.4301103294086350e-01  1.521415e-01  5.627055e+00  2.599359e+00  5.566128e+01  5.154867e+01  6.979377e+02  1.437452e+01  5.316441e+02  1.6641617955305090e+01
      5540  6.9249999999996934e+00  5.0490226350584769e-02  5.4184443344435884e-01  1.538179e-01  5.628799e+00  2.632049e+00  5.572242e+01  5.216883e+01  6.995683e+02  1.438201e+01  5.320716e+02  1.6607483192721016e+01
      5550  6.9374999999996909e+00  5.0354911412003656e-02  5.4067453129807430e-01  1.554941e-01  5.630556e+00  2.664760e+00  5.578402e+01  5.278991e+01  7.012114e+02  1.438905e+01  5.324630e+02  1.6573049097936618e+01
      5560  6.9499999999996884e+00  5.0219889355087345e-02  5.3950139087296867e-01  1.571698e-01  5.632325e+00  2.697490e+00  5.584607e+01  5.341188e+01  7.028671e+02  1.439564e+01  5.328188e+02  1.6538320457306654e+01
      5570  6.9624999999996859e+00  5.0085160981373930e-02  5.3832507638934746e-01  1.588450e-01  5.634105e+00  2.730234e+00  5.590857e+01  5.403466e+01  7.045350e+02  1.440180e+01  5.331394e+02  1.6503302045208798e+01
      5580  6.9749999999996835e+00  4.9950727076365706e-02  5.3714565190740160e-01  1.605195e-01  5.635897e+00  2.762991e+00  5.597151e+01  5.465821e+01  7.062150e+02  1.440754e+01  5.334256e+02  1.6467998623124206e+01
      5590  6.9874999999996810e+00  4.9816588409573509e-02  5.3596318131794596e-01  1.621931e-01  5.637700e+00  2.795756e+00  5.603489e+01  5.528245e+01  7.079069e+02  1.441285e+01  5.336780e+02  1.6432414938740791e+01
      5600  6.9999999999996785e+00  4.9682745734556243e-02  5.3477772833324211e-01  1.638656e-01  5.639514e+00  2.828526e+00  5.609869e+01  5.590735e+01  7.096106e+02  1.441774e+01  5.338970e+02  1.6396555725069540e+01
      5610  7.0124999999996760e+00  4.9549199788967685e-02  5.3358935647809203e-01  1.655370e-01  5.641339e+00  2.861299e+00  5.616291e+01  5.653282e+01  7.113259e+02  1.442223e+01  5.340833e+02  1.6360425699583107e+01
      5620  7.0249999999996735e+00  4.9415951294604916e-02  5.3239812908099615e-01  1.672070e-01  5.643174e+00  2.894072e+00  5.622755e+01  5.715883e+01  7.130526e+02  1.442632e+01  5.342375e+02  1.6324029563370914e+01
      5630  7.0374999999996710e+00  4.9283000957458571e-02  5.3120410926561878e-01  1.688756e-01  5.645020e+00  2.926841e+00  5.629259e+01  5.778531e+01  7.147905e+02  1.443002e+01  5.343602e+02  1.6287372000314527e+01
      5640  7.0499999999996685e+00  4.9150349467764934e-02  5.3000735994222248e-01  1.705425e-01  5.646876e+00  2.959604e+00  5.635803e+01  5.841220e+01  7.165394e+02  1.443333e+01  5.344520e+02  1.6250457676279094e+01
      5650  7.0624999999996660e+00  4.9017997500059120e-02  5.2880794379957208e-01  1.722078e-01  5.648742e+00  2.992358e+00  5.642386e+01  5.903946e+01  7.182992e+02  1.443627e+01  5.345134e+02  1.6213291238325780e+01
      5660  7.0749999999996636e+00  4.8885945713235630e-02  5.2760592329670064e-01  1.738711e-01  5.650618e+00  3.025100e+00  5.649008e+01  5.966703e+01  7.200697e+02  1.443883e+01  5.345451e+02  1.6175877313939061e+01
      5670  7.0874999999996611e+00  4.8754194750600117e-02  5.2640136065511711e-01  1.755325e-01  5.652503e+00  3.057827e+00  5.655667e+01  6.029484e+01  7.218506e+02  1.444103e+01  5.345476e+02  1.6138220510277563e+01
      5680  7.0999999999996586e+00  4.8622745239936684e-02  5.2519431785098936e-01  1.771917e-01  5.654397e+00  3.090537e+00  5.662362e+01  6.092286e+01  7.236417e+02  1.444287e+01  5.345215e+02  1.6100325413439432e+01
      5690  7.1124999999996561e+00  4.8491597793562428e-02  5.2398485660767047e-01  1.788488e-01  5.656300e+00  3.123227e+00  5.669094e+01  6.155101e+01  7.254429e+02  1.444436e+01  5.344674e+02  1.6062196587746286e+01
      5700  7.1249999999996536e+00  4.8360753008401307e-02  5.2277303838827183e-01  1.805034e-01  5.658212e+00  3.155894e+00  5.675861e+01  6.217926e+01  7.272540e+02  1.444550e+01  5.343859e+02  1.6023838575049151e+01
      5710  7.1374999999996511e+00  4.8230211466039820e-02  5.2155892438849183e-01  1.821556e-01  5.660132e+00  3.188535e+00  5.682662e+01  6.280754e+01  7.290747e+02  1.444631e+01  5.342776e+02  1.5985255894048947e+01
      5720  7.1499999999996486e+00  4.8099973732804148e-02  5.2034257552965801e-01  1.838053e-01  5.662060e+00  3.221149e+00  5.689497e+01  6.343580e+01  7.309048e+02  1.444679e+01  5.341430e+02  1.5946453039637920e+01
      5730  7.1624999999996461e+00  4.7970040359822261e-02  5.1912405245181037e-01  1.854522e-01  5.663997e+00  3.253732e+00  5.696364e+01  6.406400e+01  7.327442e+02  1.444694e+01  5.339827e+02  1.5907434482257752e+01
      5740  7.1749999999996437e+00  4.7840411883097560e-02  5.1790341550712771e-01  1.870963e-01  5.665941e+00  3.286283e+00  5.703264e+01  6.469208e+01  7.345926e+02  1.444678e+01  5.337972e+02  1.5868204667278299e+01
      5750  7.1874999999996412e+00  4.7711088823583506e-02  5.1668072475344784e-01  1.887376e-01  5.667892e+00  3.318798e+00  5.710194e+01  6.531999e+01  7.364498e+02  1.444631e+01  5.335872e+02  1.5828768014392637e+01
      5760  7.1999999999996387e+00  4.7582071687258393e-02  5.1545603994792533e-01  1.903759e-01  5.669851e+00  3.351276e+00  5.717155e+01  6.594767e+01  7.383156e+02  1.444553e+01  5.333531e+02  1.5789128917031388e+01
      5770  7.2124999999996362e+00  4.7453360965194917e-02  5.1422942054104170e-01  1.920111e-01  5.671816e+00  3.383713e+00  5.724145e+01  6.657509e+01  7.401897e+02  1.444445e+01  5.330956e+02  1.5749291741796402e+01
      5780  7.2249999999996337e+00  4.7324957133646317e-02  5.1300092567053179e-01  1.936431e-01  5.673789e+00  3.416109e+00  5.731163e+01  6.720218e+01  7.420720e+02  1.444308e+01  5.328151e+02  1.5709260827909716e+01
      5790  7.2374999999996312e+00  4.7196860654117476e-02  5.1177061415578273e-01  1.952719e-01  5.675767e+00  3.448459e+00  5.738209e+01  6.782890e+01  7.439623e+02  1.444143e+01  5.325123e+02  1.5669040486684565e+01
      5800  7.2499999999996287e+00  4.7069071973451830e-02  5.1053854449215397e-01  1.968973e-01  5.677752e+00  3.480763e+00  5.745282e+01  6.845520e+01  7.458602e+02  1.443950e+01  5.321876e+02  1.5628635001011624e+01
      5810  7.2624999999996263e+00  4.6941591523908553e-02  5.0930477484564041e-01  1.985192e-01  5.679743e+00  3.513018e+00  5.752381e+01  6.908104e+01  7.477656e+02  1.443729e+01  5.318416e+02  1.5588048624864632e+01
      5820  7.2749999999996238e+00  4.6814419723247500e-02  5.0806936304765360e-01  2.001377e-01  5.681739e+00  3.545222e+00  5.759505e+01  6.970636e+01  7.496783e+02  1.443482e+01  5.314748e+02  1.5547285582824724e+01
      5830  7.2874999999996213e+00  4.6687556974812493e-02  5.0683236658997000e-01  2.017525e-01  5.683741e+00  3.577373e+00  5.766652e+01  7.033111e+01  7.515979e+02  1.443209e+01  5.310878e+02  1.5506350069619291e+01
      5840  7.2999999999996188e+00  4.6561003667617479e-02  5.0559384261986562e-01  2.033637e-01  5.685748e+00  3.609469e+00  5.773824e+01  7.095526e+01  7.535244e+02  1.442910e+01  5.306810e+02  1.5465246249684363e+01
      5850  7.3124999999996163e+00  4.6434760176433623e-02  5.0435384793544569e-01  2.049711e-01  5.687759e+00  3.641507e+00  5.781017e+01  7.157875e+01  7.554574e+02  1.442586e+01  5.302550e+02  1.5423978256738387e+01
      5860  7.3249999999996138e+00  4.6308826861877130e-02  5.0311243898108837e-01  2.065748e-01  5.689775e+00  3.673487e+00  5.788232e+01  7.220154e+01  7.573968e+02  1.442238e+01  5.298102e+02  1.5382550193379952e+01
      5870  7.3374999999996113e+00  4.6183204070496614e-02  5.0186967184314923e-01  2.081745e-01  5.691796e+00  3.705405e+00  5.795468e+01  7.282359e+01  7.593423e+02  1.441866e+01  5.293472e+02  1.5340966130696547e+01
      5880  7.3499999999996088e+00  4.6057892134864803e-02  5.0062560224571495e-01  2.097703e-01  5.693820e+00  3.737260e+00  5.802723e+01  7.344484e+01  7.612936e+02  1.441471e+01  5.288664e+02  1.5299230107897152e+01
      5890  7.3624999999996064e+00  4.5932891373668405e-02  4.9938028554664404e-01  2.113620e-01  5.695849e+00  3.769050e+00  5.809998e+01  7.406526e+01  7.632505e+02  1.441054e+01  5.283683e+02  1.5257346131956414e+01
      5900  7.3749999999996039e+00  4.5808202091801857e-02  4.9813377673371839e-01  2.129497e-01  5.697881e+00  3.800774e+00  5.817290e+01  7.468480e+01  7.652129e+02  1.440614e+01  5.278535e+02  1.5215318177280398e+01
      5910  7.3874999999996014e+00  4.5683824580458970e-02  4.9688613042091495e-01  2.145333e-01  5.699916e+00  3.832429e+00  5.824599e+01  7.530342e+01  7.671804e+02  1.440153e+01  5.273223e+02  1.5173150185386913e+01
      5920  7.3999999999995989e+00  4.5559759117228538e-02  4.9563740084496077e-01  2.161126e-01  5.701954e+00  3.864014e+00  5.831924e+01  7.592108e+01  7.691528e+02  1.439671e+01  5.267752e+02  1.5130846064602672e+01
      5930  7.4124999999995964e+00  4.5436005966184211e-02  4.9438764186188022e-01  2.176878e-01  5.703995e+00  3.895527e+00  5.839265e+01  7.653773e+01  7.711299e+02  1.439168e+01  5.262128e+02  1.5088409689778739e+01
      5940  7.4249999999995939e+00  4.5312565377987044e-02  4.9313690694390777e-01  2.192586e-01  5.706038e+00  3.926967e+00  5.846620e+01  7.715333e+01  7.731115e+02  1.438645e+01  5.256354e+02  1.5045844902020466e+01
      5950  7.4374999999995914e+00  4.5189437589975102e-02  4.9188524917634646e-01  2.208250e-01  5.708084e+00  3.958331e+00  5.853989e+01  7.776785e+01  7.750972e+02  1.438103e+01  5.250434e+02  1.5003155508436581e+01
      5960  7.4499999999995890e+00  4.5066622826267763e-02  4.9063272125472768e-01  2.223871e-01  5.710131e+00  3.989619e+00  5.861369e+01  7.838123e+01  7.770869e+02  1.437542e+01  5.244374e+02  1.4960345281900747e+01
      5970  7.4624999999995865e+00  4.4944121297856451e-02  4.8937937548210364e-01  2.239447e-01  5.712181e+00  4.020828e+00  5.868762e+01  7.899345e+01  7.790804e+02  1.436963e+01  5.238177e+02  1.4917417960832285e+01
      5980  7.4749999999995840e+00  4.4821933202706159e-02  4.8812526376639248e-01  2.254979e-01  5.714231e+00  4.051957e+00  5.876166e+01  7.960446e+01  7.810773e+02  1.436365e+01  5.231847e+02  1.4874377248991431e+01
      5990  7.4874999999995815e+00  4.4700058725856667e-02  4.8687043761799498e-01  2.270465e-01  5.716283e+00  4.083005e+00  5.883579e+01  8.021423e+01  7.830775e+02  1.435751e+01  5.225390e+02  1.4831226815290727e+01
      6000  7.4999999999995790e+00  4.4578498039517460e-02  4.8561494814748529e-01  2.285905e-01  5.718336e+00  4.113970e+00  5.891001e+01  8.082270e+01  7.850806e+02  1.435119e+01  5.218808e+02  1.4787970293620582e+01
      6010  7.5124999999995765e+00  4.4457251303174593e-02  4.8435884606346630e-01  2.301299e-01  5.720390e+00  4.144851e+00  5.898431e+01  8.142986e+01  7.870866e+02  1.434470e+01  5.212106e+02  1.4744611282691816e+01
      6020  7.5249999999995740e+00  4.4336318663683018e-02  4.8310218167060054e-01  2.316647e-01  5.722444e+00  4.175647e+00  5.905869e+01  8.203566e+01  7.890951e+02  1.433806e+01  5.205287e+02  1.4701153345891598e+01
      6030  7.5374999999995715e+00  4.4215700255373393e-02  4.8184500486768872e-01  2.331947e-01  5.724498e+00  4.206355e+00  5.913313e+01  8.264006e+01  7.911058e+02  1.433126e+01  5.198357e+02  1.4657600011155825e+01
      6040  7.5499999999995691e+00  4.4095396200155158e-02  4.8058736514596129e-01  2.347201e-01  5.726552e+00  4.236975e+00  5.920762e+01  8.324303e+01  7.931187e+02  1.432431e+01  5.191317e+02  1.4613954770854576e+01
      6050  7.5624999999995666e+00  4.3975406607611768e-02  4.7932931158750092e-01  2.362407e-01  5.728606e+00  4.267506e+00  5.928215e+01  8.384453e+01  7.951333e+02  1.431721e+01  5.184173e+02  1.4570221081692933e+01
      6060  7.5749999999995641e+00  4.3855731575112647e-02  4.7807089286379312e-01  2.377565e-01  5.730659e+00  4.297946e+00  5.935673e+01  8.444453e+01  7.971495e+02  1.430996e+01  5.176927e+02  1.4526402364624685e+01
      6070  7.5874999999995616e+00  4.3736371187904889e-02  4.7681215723433529e-01  2.392676e-01  5.732712e+00  4.328293e+00  5.943133e+01  8.504300e+01  7.991670e+02  1.430258e+01  5.169583e+02  1.4482502004781843e+01
      6080  7.5999999999995591e+00  4.3617325519228256e-02  4.7555315254548414e-01  2.407737e-01  5.734763e+00  4.358548e+00  5.950595e+01  8.563989e+01  8.011856e+02  1.429506e+01  5.162145e+02  1.4438523351416059e+01
      6090  7.6124999999995566e+00  4.3498594630407159e-02  4.7429392622937105e-01  2.422751e-01  5.736813e+00  4.388708e+00  5.958058e+01  8.623518e+01  8.032051e+02  1.428742e+01  5.154616e+02  1.4394469717853308e+01
      6100  7.6249999999995541e+00  4.3380178570965093e-02  4.7303452530290629e-01  2.437715e-01  5.738862e+00  4.418772e+00  5.965521e+01  8.682883e+01  8.052252e+02  1.427964e+01  5.147000e+02  1.4350344381463589e+01
      6110  7.6374999999995516e+00  4.3262077378718955e-02  4.7177499636697601e-01  2.452630e-01  5.740909e+00  4.448740e+00  5.972983e+01  8.742081e+01  8.072457e+02  1.427175e+01  5.139299e+02  1.4306150583641529e+01
      6120  7.6499999999995492e+00  4.3144291079889638e-02  4.7051538560570433e-01  2.467496e-01  5.742954e+00  4.478611e+00  5.980444e+01  8.801109e+01  8.092663e+02  1.426373e+01  5.131517e+02  1.4261891529800957e+01
      6130  7.6624999999995467e+00  4.3026819689204493e-02  4.6925573878583932e-01  2.482312e-01  5.744996e+00  4.508382e+00  5.987903e+01  8.859965e+01  8.112868e+02  1.425560e+01  5.123657e+02  1.4217570389380493e+01
      6140  7.6749999999995442e+00  4.2909663210001378e-02  4.6799610125626762e-01  2.497079e-01  5.747036e+00  4.538054e+00  5.995358e+01  8.918643e+01  8.133070e+02  1.424735e+01  5.115723e+02  1.4173190295862325e+01
      6150  7.6874999999995417e+00  4.2792821634330090e-02  4.6673651794762250e-01  2.511795e-01  5.749073e+00  4.567625e+00  6.002808e+01  8.977143e+01  8.153267e+02  1.423900e+01  5.107717e+02  1.4128754346802982e+01
      6160  7.6999999999995392e+00  4.2676294943064783e-02  4.6547703337195112e-01  2.526462e-01  5.751108e+00  4.597095e+00  6.010254e+01  9.035460e+01  8.173456e+02  1.423055e+01  5.099641e+02  1.4084265603873943e+01
      6170  7.7124999999995367e+00  4.2560083106002129e-02  4.6421769162266102e-01  2.541078e-01  5.753139e+00  4.626462e+00  6.017694e+01  9.093593e+01  8.193634e+02  1.422199e+01  5.091500e+02  1.4039727092915609e+01
      6180  7.7249999999995342e+00  4.2444186081965138e-02  4.6295853637429174e-01  2.555644e-01  5.755166e+00  4.655725e+00  6.025128e+01  9.151537e+01  8.213800e+02  1.421333e+01  5.083296e+02  1.3995141804000932e+01
      6190  7.7374999999995318e+00  4.2328603818914165e-02  4.6169961088262690e-01  2.570159e-01  5.757190e+00  4.684884e+00  6.032553e+01  9.209291e+01  8.233952e+02  1.420458e+01  5.075031e+02  1.3950512691510514e+01
      6200  7.7499999999995293e+00  4.2213336254046642e-02  4.6044095798480345e-01  2.584624e-01  5.759210e+00  4.713938e+00  6.039971e+01  9.266851e+01  8.254086e+02  1.419574e+01  5.066708e+02  1.3905842674217755e+01
      6210  7.7624999999995268e+00  4.2098383313903101e-02  4.5918262009948152e-01  2.599038e-01  5.761226e+00  4.742886e+00  6.047379e+01  9.324215e+01  8.274200e+02  1.418681e+01  5.058330e+02  1.3861134635383518e+01
      6220  7.7749999999995243e+00  4.1983744914471155e-02  4.5792463922716703e-01  2.613401e-01  5.763238e+00  4.771727e+00  6.054777e+01  9.381380e+01  8.294294e+02  1.417780e+01  5.049900e+02  1.3816391422862026e+01
      6230  7.7874999999995218e+00  4.1869420961290531e-02  4.5666705695062398e-01  2.627713e-01  5.765245e+00  4.800460e+00  6.062165e+01  9.438344e+01  8.314363e+02  1.416870e+01  5.041419e+02  1.3771615849216580e+01
      6240  7.7999999999995193e+00  4.1755411349558832e-02  4.5540991443530771e-01  2.641974e-01  5.767248e+00  4.829085e+00  6.069540e+01  9.495103e+01  8.334406e+02  1.415953e+01  5.032891e+02  1.3726810691842317e+01
      6250  7.8124999999995168e+00  4.1641715964233397e-02  4.5415325242995425e-01  2.656184e-01  5.769245e+00  4.857601e+00  6.076904e+01  9.551657e+01  8.354421e+02  1.415028e+01  5.024317e+02  1.3681978693099639e+01
      6260  7.8249999999995143e+00  4.1528334680134601e-02  4.5289711126719001e-01  2.670343e-01  5.771237e+00  4.886007e+00  6.084254e+01  9.608001e+01  8.374406e+02  1.414095e+01  5.015700e+02  1.3637122560457591e+01
      6270  7.8374999999995119e+00  4.1415267362056390e-02  4.5164153086427145e-01  2.684451e-01  5.773224e+00  4.914303e+00  6.091590e+01  9.664134e+01  8.394357e+02  1.413156e+01  5.007043e+02  1.3592244966642101e+01
      6280  7.8499999999995094e+00  4.1302513864858996e-02  4.5038655072386247e-01  2.698507e-01  5.775205e+00  4.942488e+00  6.098911e+01  9.720054e+01  8.414274e+02  1.412210e+01  4.998346e+02  1.3547348549797185e+01
      6290  7.8624999999995069e+00  4.1190074033586779e-02  4.4913220993489067e-01  2.712511e-01  5.777180e+00  4.970561e+00  6.106217e+01  9.775757e+01  8.434154e+02  1.411257e+01  4.989614e+02  1.3502435913649670e+01
      6300  7.8749999999995044e+00  4.1077947703552997e-02  4.4787854717354647e-01  2.726465e-01  5.779149e+00  4.998521e+00  6.113506e+01  9.831243e+01  8.453994e+02  1.410298e+01  4.980847e+02  1.3457509627684296e+01
      6310  7.8874999999995019e+00  4.0966134700461870e-02  4.4662560070418195e-01  2.740367e-01  5.781112e+00  5.026369e+00  6.120779e+01  9.886508e+01  8.473793e+02  1.409333e+01  4.972048e+02  1.3412572227324645e+01
      6320  7.8999999999994994e+00  4.0854634840500149e-02  4.4537340838049289e-01  2.754217e-01  5.783068e+00  5.054103e+00  6.128033e+01  9.941550e+01  8.493549e+02  1.408362e+01  4.963218e+02  1.3367626214123099e+01
      6330  7.9124999999994969e+00  4.0743447930441670e-02  4.4412200764653276e-01  2.768016e-01  5.785018e+00  5.081723e+00  6.135269e+01  9.996368e+01  8.513259e+02  1.407385e+01  4.954360e+02  1.3322674055955144e+01
      6340  7.9249999999994944e+00  4.0632573767751604e-02  4.4287143553805319e-01  2.781764e-01  5.786961e+00  5.109229e+00  6.142485e+01  1.005096e+02  8.532922e+02  1.406404e+01  4.945475e+02  1.3277718187222192e+01
      6350  7.9374999999994920e+00  4.0522012140686223e-02  4.4162172868364313e-01  2.795460e-01  5.788897e+00  5.136620e+00  6.149681e+01  1.010532e+02  8.552534e+02  1.405417e+01  4.936565e+02  1.3232761009059033e+01
      6360  7.9499999999994895e+00  4.0411762828395530e-02  4.4037292330608674e-01  2.809104e-01  5.790825e+00  5.163895e+00  6.156856e+01  1.015945e+02  8.572095e+02  1.404426e+01  4.927633e+02  1.3187804889549575e+01
      6370  7.9624999999994870e+00  4.0301825601024723e-02  4.3912505522371414e-01  2.822697e-01  5.792746e+00  5.191054e+00  6.164010e+01  1.021335e+02  8.591602e+02  1.403429e+01  4.918678e+02  1.3142852163945404e+01
      6380  7.9749999999994845e+00  4.0192200219814608e-02  4.3787815985188694e-01  2.836238e-01  5.794659e+00  5.218097e+00  6.171142e+01  1.026702e+02  8.611053e+02  1.402429e+01  4.909705e+02  1.3097905134892448e+01
      6390  7.9874999999994820e+00  4.0082886437202842e-02  4.3663227220437117e-01  2.849728e-01  5.796565e+00  5.245023e+00  6.178250e+01  1.032045e+02  8.630447e+02  1.401424e+01  4.900713e+02  1.3052966072661290e+01
      6400  7.9999999999994795e+00  3.9973883996921693e-02  4.3538742689492688e-01  2.863167e-01  5.798462e+00  5.271831e+00  6.185335e+01  1.037364e+02  8.649780e+02  1.400415e+01  4.891705e+02  1.3008037215382483e+01
      6410  8.0124999999994859e+00  3.9865192634103819e-02  4.3414365813886535e-01  2.876554e-01  5.800351e+00  5.298522e+00  6.192395e+01  1.042659e+02  8.669052e+02  1.399403e+01  4.882681e+02  1.2963120769287618e+01
      6420  8.0249999999994923e+00  3.9756812075373363e-02  4.3290099975464824e-01  2.889889e-01  5.802232e+00  5.325095e+00  6.199430e+01  1.047930e+02  8.688260e+02  1.398386e+01  4.873644e+02  1.2918218908954358e+01
      6430  8.0374999999994987e+00  3.9648742038951967e-02  4.3165948516553709e-01  2.903173e-01  5.804104e+00  5.351550e+00  6.206439e+01  1.053177e+02  8.707402e+02  1.397367e+01  4.864595e+02  1.2873333777553817e+01
      6440  8.0499999999995051e+00  3.9540982234753538e-02  4.3041914740131954e-01  2.916406e-01  5.805968e+00  5.377886e+00  6.213421e+01  1.058399e+02  8.726477e+02  1.396344e+01  4.855536e+02  1.2828467487106451e+01
      6450  8.0624999999995115e+00  3.9433532364484186e-02  4.2918001910002457e-01  2.929588e-01  5.807822e+00  5.404103e+00  6.220377e+01  1.063596e+02  8.745482e+02  1.395318e+01  4.846466e+02  1.2783622118735364e+01
      6460  8.0749999999995179e+00  3.9326392121738947e-02  4.2794213250967306e-01  2.942718e-01  5.809667e+00  5.430200e+00  6.227305e+01  1.068769e+02  8.764416e+02  1.394289e+01  4.837389e+02  1.2738799722929235e+01
      6470  8.0874999999995243e+00  3.9219561192099593e-02  4.2670551949013502e-01  2.955797e-01  5.811503e+00  5.456178e+00  6.234204e+01  1.073917e+02  8.783277e+02  1.393257e+01  4.828305e+02  1.2694002319804593e+01
      6480  8.0999999999995307e+00  3.9113039253231112e-02  4.2547021151493847e-01  2.968824e-01  5.813329e+00  5.482036e+00  6.241073e+01  1.079040e+02  8.802062e+02  1.392222e+01  4.819215e+02  1.2649231899372216e+01
      6490  8.1124999999995371e+00  3.9006825974978829e-02  4.2423623967313906e-01  2.981801e-01  5.815146e+00  5.507774e+00  6.247914e+01  1.084138e+02  8.820771e+02  1.391185e+01  4.810121e+02  1.2604490421806418e+01
      6500  8.1249999999995435e+00  3.8900921019461687e-02  4.2300363467125335e-01  2.994726e-01  5.816953e+00  5.533392e+00  6.254723e+01  1.089210e+02  8.839401e+02  1.390146e+01  4.801023e+02  1.2559779817716951e+01
      6510  8.1374999999995499e+00  3.8795324041172023e-02  4.2177242683514826e-01  3.007600e-01  5.818749e+00  5.558889e+00  6.261502e+01  1.094257e+02  8.857951e+02  1.389105e+01  4.791923e+02  1.2515101988422970e+01
      6520  8.1499999999995563e+00  3.8690034687066832e-02  4.2054264611204462e-01  3.020424e-01  5.820536e+00  5.584265e+00  6.268248e+01  1.099278e+02  8.876418e+02  1.388062e+01  4.782822e+02  1.2470458806229242e+01
      6530  8.1624999999995627e+00  3.8585052596664116e-02  4.1931432207246877e-01  3.033196e-01  5.822312e+00  5.609519e+00  6.274963e+01  1.104273e+02  8.894801e+02  1.387016e+01  4.773721e+02  1.2425852114704835e+01
      6540  8.1749999999995691e+00  3.8480377402135023e-02  4.1808748391227918e-01  3.045917e-01  5.824078e+00  5.634653e+00  6.281644e+01  1.109243e+02  8.913099e+02  1.385969e+01  4.764620e+02  1.2381283728962417e+01
      6550  8.1874999999995755e+00  3.8376008728399677e-02  4.1686216045471469e-01  3.058588e-01  5.825833e+00  5.659665e+00  6.288292e+01  1.114187e+02  8.931310e+02  1.384921e+01  4.755521e+02  1.2336755435939189e+01
      6560  8.1999999999995818e+00  3.8271946193217506e-02  4.1563838015235866e-01  3.071208e-01  5.827577e+00  5.684556e+00  6.294906e+01  1.119104e+02  8.949431e+02  1.383871e+01  4.746425e+02  1.2292268994681564e+01
      6570  8.2124999999995882e+00  3.8168189407281908e-02  4.1441617108934953e-01  3.083777e-01  5.829310e+00  5.709325e+00  6.301485e+01  1.123995e+02  8.967462e+02  1.382819e+01  4.737332e+02  1.2247826136626500e+01
      6580  8.2249999999995946e+00  3.8064737974310370e-02  4.1319556098337190e-01  3.096295e-01  5.831032e+00  5.733972e+00  6.308028e+01  1.128861e+02  8.985400e+02  1.381766e+01  4.728244e+02  1.2203428565887954e+01
      6590  8.2374999999996010e+00  3.7961591491137162e-02  4.1197657718778391e-01  3.108763e-01  5.832742e+00  5.758497e+00  6.314536e+01  1.133699e+02  9.003245e+02  1.380712e+01  4.719161e+02  1.2159077959542092e+01
      6600  8.2499999999996074e+00  3.7858749547803300e-02  4.1075924669376918e-01  3.121180e-01  5.834441e+00  5.782900e+00  6.321007e+01  1.138511e+02  9.020994e+02  1.379657e+01  4.710084e+02  1.2114775967913564e+01
      6610  8.2624999999996138e+00  3.7756211727646490e-02  4.0954359613243330e-01  3.133547e-01  5.836129e+00  5.807180e+00  6.327441e+01  1.143297e+02  9.038646e+02  1.378601e+01  4.701013e+02  1.2070524214861230e+01
      6620  8.2749999999996202e+00  3.7653977607392433e-02  4.0832965177698444e-01  3.145864e-01  5.837804e+00  5.831339e+00  6.333838e+01  1.148056e+02  9.056199e+02  1.377545e+01  4.691950e+02  1.2026324298066243e+01
      6630  8.2874999999996266e+00  3.7552046757242559e-02  4.0711743954489577e-01  3.158130e-01  5.839468e+00  5.855374e+00  6.340196e+01  1.152788e+02  9.073652e+02  1.376487e+01  4.682895e+02  1.1982177789318101e+01
      6640  8.2999999999996330e+00  3.7450418740963186e-02  4.0590698500006939e-01  3.170346e-01  5.841120e+00  5.879288e+00  6.346516e+01  1.157493e+02  9.091004e+02  1.375429e+01  4.673849e+02  1.1938086234801963e+01
      6650  8.3124999999996394e+00  3.7349093115973252e-02  4.0469831335502338e-01  3.182511e-01  5.842759e+00  5.903079e+00  6.352796e+01  1.162171e+02  9.108252e+02  1.374370e+01  4.664812e+02  1.1894051155384808e+01
      6660  8.3249999999996458e+00  3.7248069433432375e-02  4.0349144947311122e-01  3.194627e-01  5.844386e+00  5.926747e+00  6.359037e+01  1.166823e+02  9.125395e+02  1.373311e+01  4.655786e+02  1.1850074046901931e+01
      6670  8.3374999999996522e+00  3.7147347238329208e-02  4.0228641787065611e-01  3.206692e-01  5.846000e+00  5.950292e+00  6.365238e+01  1.171447e+02  9.142433e+02  1.372251e+01  4.646770e+02  1.1806156380442889e+01
      6680  8.3499999999996586e+00  3.7046926069564876e-02  4.0108324271926699e-01  3.218708e-01  5.847602e+00  5.973715e+00  6.371397e+01  1.176044e+02  9.159362e+02  1.371191e+01  4.637765e+02  1.1762299602636201e+01
      6690  8.3624999999996650e+00  3.6946805460039631e-02  3.9988194784793640e-01  3.230673e-01  5.849191e+00  5.997015e+00  6.377516e+01  1.180613e+02  9.176183e+02  1.370131e+01  4.628771e+02  1.1718505135934080e+01
      6700  8.3749999999996714e+00  3.6846984936741989e-02  3.9868255674535474e-01  3.242589e-01  5.850767e+00  6.020192e+00  6.383592e+01  1.185156e+02  9.192894e+02  1.369070e+01  4.619791e+02  1.1674774378895204e+01
      6710  8.3874999999996778e+00  3.6747464020827639e-02  3.9748509256209358e-01  3.254455e-01  5.852330e+00  6.043247e+00  6.389626e+01  1.189671e+02  9.209492e+02  1.368010e+01  4.610822e+02  1.1631108706467806e+01
      6720  8.3999999999996842e+00  3.6648242227708537e-02  3.9628957811282906e-01  3.266271e-01  5.853880e+00  6.066178e+00  6.395618e+01  1.194158e+02  9.225978e+02  1.366949e+01  4.601867e+02  1.1587509470269957e+01
      6730  8.4124999999996906e+00  3.6549319067133886e-02  3.9509603587860886e-01  3.278037e-01  5.855416e+00  6.088987e+00  6.401566e+01  1.198618e+02  9.242349e+02  1.365889e+01  4.592926e+02  1.1543977998871171e+01
      6740  8.4249999999996970e+00  3.6450694043274862e-02  3.9390448800902433e-01  3.289754e-01  5.856939e+00  6.111674e+00  6.407471e+01  1.203051e+02  9.258605e+02  1.364828e+01  4.583998e+02  1.1500515598068478e+01
      6750  8.4374999999997033e+00  3.6352366654805075e-02  3.9271495632454234e-01  3.301422e-01  5.858448e+00  6.134237e+00  6.413331e+01  1.207455e+02  9.274743e+02  1.363768e+01  4.575085e+02  1.1457123551165441e+01
      6760  8.4499999999997097e+00  3.6254336394985300e-02  3.9152746231862312e-01  3.313039e-01  5.859944e+00  6.156678e+00  6.419147e+01  1.211832e+02  9.290764e+02  1.362708e+01  4.566187e+02  1.1413803119246944e+01
      6770  8.4624999999997161e+00  3.6156602751742956e-02  3.9034202716006255e-01  3.324608e-01  5.861425e+00  6.178996e+00  6.424917e+01  1.216182e+02  9.306664e+02  1.361648e+01  4.557304e+02  1.1370555541452875e+01
      6780  8.4749999999997225e+00  3.6059165207754165e-02  3.8915867169517415e-01  3.336127e-01  5.862893e+00  6.201191e+00  6.430642e+01  1.220503e+02  9.322444e+02  1.360588e+01  4.548436e+02  1.1327382035250203e+01
      6790  8.4874999999997289e+00  3.5962023240521411e-02  3.8797741645001971e-01  3.347597e-01  5.864346e+00  6.223264e+00  6.436321e+01  1.224797e+02  9.338102e+02  1.359529e+01  4.539584e+02  1.1284283796703354e+01
      6800  8.4999999999997353e+00  3.5865176322458871e-02  3.8679828163266600e-01  3.359018e-01  5.865786e+00  6.245214e+00  6.441954e+01  1.229063e+02  9.353637e+02  1.358470e+01  4.530748e+02  1.1241262000741642e+01
      6810  8.5124999999997417e+00  3.5768623920966372e-02  3.8562128713539678e-01  3.370389e-01  5.867210e+00  6.267042e+00  6.447540e+01  1.233301e+02  9.369048e+02  1.357412e+01  4.521929e+02  1.1198317801426530e+01
      6820  8.5249999999997481e+00  3.5672365498509120e-02  3.8444645253696386e-01  3.381712e-01  5.868621e+00  6.288747e+00  6.453078e+01  1.237511e+02  9.384333e+02  1.356354e+01  4.513126e+02  1.1155452332214139e+01
      6830  8.5374999999997545e+00  3.5576400512698211e-02  3.8327379710477422e-01  3.392985e-01  5.870017e+00  6.310330e+00  6.458569e+01  1.241693e+02  9.399491e+02  1.355296e+01  4.504340e+02  1.1112666706219446e+01
      6840  8.5499999999997609e+00  3.5480728416366084e-02  3.8210333979715816e-01  3.404210e-01  5.871398e+00  6.331791e+00  6.464012e+01  1.245847e+02  9.414522e+02  1.354239e+01  4.495571e+02  1.1069962016472649e+01
      6850  8.5624999999997673e+00  3.5385348657642868e-02  3.8093509926555180e-01  3.415386e-01  5.872764e+00  6.353129e+00  6.469406e+01  1.249973e+02  9.429424e+02  1.353183e+01  4.486819e+02  1.1027339336179777e+01
      6860  8.5749999999997737e+00  3.5290260680035691e-02  3.7976909385670732e-01  3.426513e-01  5.874115e+00  6.374345e+00  6.474751e+01  1.254071e+02  9.444196e+02  1.352127e+01  4.478085e+02  1.0984799718975509e+01
      6870  8.5874999999997801e+00  3.5195463922501724e-02  3.7860534161491299e-01  3.437591e-01  5.875451e+00  6.395440e+00  6.480048e+01  1.258140e+02  9.458837e+02  1.351072e+01  4.469369e+02  1.0942344199175833e+01
      6880  8.5999999999997865e+00  3.5100957819525380e-02  3.7744386028421761e-01  3.448620e-01  5.876772e+00  6.416412e+00  6.485294e+01  1.262182e+02  9.473347e+02  1.350018e+01  4.460670e+02  1.0899973792028854e+01
      6890  8.6124999999997929e+00  3.5006741801191454e-02  3.7628466731057963e-01  3.459601e-01  5.878078e+00  6.437263e+00  6.490491e+01  1.266195e+02  9.487723e+02  1.348965e+01  4.451990e+02  1.0857689493962031e+01
      6900  8.6249999999997993e+00  3.4912815293260679e-02  3.7512777984408208e-01  3.470533e-01  5.879368e+00  6.457991e+00  6.495637e+01  1.270181e+02  9.501965e+02  1.347912e+01  4.443328e+02  1.0815492282826877e+01
      6910  8.6374999999998057e+00  3.4819177717243632e-02  3.7397321474113582e-01  3.481416e-01  5.880643e+00  6.478598e+00  6.500732e+01  1.274138e+02  9.516073e+02  1.346860e+01  4.434683e+02  1.0773383118141474e+01
      6920  8.6499999999998121e+00  3.4725828490472774e-02  3.7282098856661239e-01  3.492251e-01  5.881902e+00  6.499084e+00  6.505776e+01  1.278066e+02  9.530044e+02  1.345808e+01  4.426058e+02  1.0731362941329611e+01
      6930  8.6624999999998185e+00  3.4632767026174731e-02  3.7167111759604576e-01  3.503038e-01  5.883145e+00  6.519448e+00  6.510769e+01  1.281967e+02  9.543879e+02  1.344758e+01  4.417450e+02  1.0689432675959186e+01
      6940  8.6749999999998249e+00  3.4539992733545209e-02  3.7052361781779586e-01  3.513776e-01  5.884373e+00  6.539691e+00  6.515710e+01  1.285839e+02  9.557576e+02  1.343708e+01  4.408862e+02  1.0647593227974074e+01
      6950  8.6874999999998312e+00  3.4447505017816321e-02  3.6937850493519964e-01  3.524465e-01  5.885584e+00  6.559813e+00  6.520599e+01  1.289683e+02  9.571134e+02  1.342659e+01  4.400292e+02  1.0605845485928096e+01
      6960  8.6999999999998376e+00  3.4355303280331276e-02  3.6823579436870357e-01  3.535107e-01  5.886780e+00  6.579814e+00  6.525436e+01  1.293499e+02  9.584553e+02  1.341611e+01  4.391740e+02  1.0564190321212006e+01
      6970  8.7124999999998440e+00  3.4263386918612679e-02  3.6709550125803753e-01  3.545700e-01  5.887959e+00  6.599694e+00  6.530220e+01  1.297287e+02  9.597831e+02  1.340564e+01  4.383208e+02  1.0522628588281087e+01
      6980  8.7249999999998504e+00  3.4171755326432803e-02  3.6595764046432289e-01  3.556245e-01  5.889123e+00  6.619453e+00  6.534950e+01  1.301046e+02  9.610968e+02  1.339517e+01  4.374694e+02  1.0481161124876110e+01
      6990  8.7374999999998568e+00  3.4080407893883703e-02  3.6482222657221952e-01  3.566742e-01  5.890269e+00  6.639092e+00  6.539628e+01  1.304777e+02  9.623963e+02  1.338472e+01  4.366199e+02  1.0439788752246239e+01
      7000  8.7499999999998632e+00  3.3989344007445715e-02  3.6368927389200417e-01  3.577190e-01  5.891400e+00  6.658610e+00  6.544251e+01  1.308479e+02  9.636815e+02  1.337427e+01  4.357723e+02  1.0398512275363911e+01
      7010  8.7624999999998696e+00  3.3898563050055994e-02  3.6255879646173378e-01  3.587591e-01  5.892514e+00  6.678008e+00  6.548821e+01  1.312153e+02  9.649524e+02  1.336383e+01  4.349266e+02  1.0357332483141349e+01
      7020  8.7749999999998760e+00  3.3808064401174391e-02  3.6143080804930661e-01  3.597943e-01  5.893611e+00  6.697285e+00  6.553336e+01  1.315799e+02  9.662088e+02  1.335340e+01  4.340827e+02  1.0316250148641632e+01
      7030  8.7874999999998824e+00  3.3717847436854395e-02  3.6030532215456795e-01  3.608248e-01  5.894692e+00  6.716443e+00  6.557797e+01  1.319417e+02  9.674507e+02  1.334298e+01  4.332408e+02  1.0275266029287611e+01
      7040  8.7999999999998888e+00  3.3627911529806001e-02  3.5918235201140392e-01  3.618505e-01  5.895755e+00  6.735480e+00  6.562203e+01  1.323006e+02  9.686780e+02  1.333257e+01  4.324007e+02  1.0234380867068035e+01
      7050  8.8124999999998952e+00  3.3538256049464935e-02  3.5806191058980186e-01  3.628713e-01  5.896802e+00  6.754398e+00  6.566553e+01  1.326567e+02  9.698907e+02  1.332217e+01  4.315626e+02  1.0193595388740272e+01
      7060  8.8249999999999016e+00  3.3448880362056566e-02  3.5694401059792880e-01  3.638874e-01  5.897832e+00  6.773197e+00  6.570849e+01  1.330100e+02  9.710886e+02  1.331178e+01  4.307263e+02  1.0152910306031295e+01
      7070  8.8374999999999080e+00  3.3359783830663195e-02  3.5582866448417516e-01  3.648987e-01  5.898845e+00  6.791876e+00  6.575088e+01  1.333604e+02  9.722717e+02  1.330139e+01  4.298918e+02  1.0112326315835109e+01
      7080  8.8499999999999144e+00  3.3270965815284784e-02  3.5471588443922064e-01  3.659052e-01  5.899840e+00  6.810436e+00  6.579272e+01  1.337080e+02  9.734399e+02  1.329102e+01  4.290593e+02  1.0071844100406398e+01
      7090  8.8624999999999208e+00  3.3182425672907447e-02  3.5360568239807266e-01  3.669069e-01  5.900819e+00  6.828876e+00  6.583399e+01  1.340528e+02  9.745933e+02  1.328065e+01  4.282286e+02  1.0031464327553063e+01
      7100  8.8749999999999272e+00  3.3094162757565222e-02  3.5249807004209777e-01  3.679039e-01  5.901780e+00  6.847198e+00  6.587470e+01  1.343947e+02  9.757316e+02  1.327029e+01  4.273998e+02  9.9911876508253812e+00
      7110  8.8874999999999336e+00  3.3006176420402399e-02  3.5139305880103339e-01  3.688961e-01  5.902723e+00  6.865401e+00  6.591485e+01  1.347339e+02  9.768548e+02  1.325994e+01  4.265728e+02  9.9510147097008979e+00
      7120  8.8999999999999400e+00  3.2918466009737635e-02  3.5029065985501884e-01  3.698835e-01  5.903650e+00  6.883486e+00  6.595442e+01  1.350701e+02  9.779630e+02  1.324960e+01  4.257477e+02  9.9109461297689183e+00
      7130  8.9124999999999464e+00  3.2831030871125294e-02  3.4919088413660604e-01  3.708661e-01  5.904558e+00  6.901452e+00  6.599342e+01  1.354036e+02  9.790560e+02  1.323927e+01  4.249244e+02  9.8709825229101593e+00
      7140  8.9249999999999527e+00  3.2743870347417874e-02  3.4809374233274204e-01  3.718440e-01  5.905449e+00  6.919300e+00  6.603185e+01  1.357343e+02  9.801337e+02  1.322895e+01  4.241029e+02  9.8311244874744368e+00
      7150  8.9374999999999591e+00  3.2656983778826351e-02  3.4699924488675138e-01  3.728172e-01  5.906322e+00  6.937029e+00  6.606971e+01  1.360621e+02  9.811962e+02  1.321864e+01  4.232833e+02  9.7913726084565162e+00
      7160  8.9499999999999655e+00  3.2570370502980638e-02  3.4590740200035419e-01  3.737855e-01  5.907177e+00  6.954641e+00  6.610698e+01  1.363871e+02  9.822433e+02  1.320833e+01  4.224655e+02  9.7517274576665223e+00
      7170  8.9624999999999719e+00  3.2484029854990715e-02  3.4481822363558912e-01  3.747492e-01  5.908015e+00  6.972136e+00  6.614367e+01  1.367093e+02  9.832751e+02  1.319803e+01  4.216495e+02  9.7121895939014493e+00
      7180  8.9749999999999783e+00  3.2397961167506310e-02  3.4373171951681836e-01  3.757080e-01  5.908834e+00  6.989513e+00  6.617979e+01  1.370286e+02  9.842914e+02  1.318774e+01  4.208352e+02  9.6727595631098566e+00
      7190  8.9874999999999847e+00  3.2312163770774345e-02  3.4264789913265781e-01  3.766622e-01  5.909636e+00  7.006772e+00  6.621531e+01  1.373452e+02  9.852922e+02  1.317746e+01  4.200228e+02  9.6334378985577231e+00
      7200  8.9999999999999911e+00  3.2226636992699148e-02  3.4156677173794103e-01  3.776115e-01  5.910419e+00  7.023914e+00  6.625026e+01  1.376589e+02  9.862774e+02  1.316718e+01  4.192121e+02  9.5942251209884652e+00
      7210  9.0124999999999975e+00  3.2141380158901417e-02  3.4048834635563152e-01  3.785562e-01  5.911184e+00  7.040940e+00  6.628461e+01  1.379698e+02  9.872472e+02  1.315692e+01  4.184032e+02  9.5551217387827947e+00
      7220  9.0250000000000039e+00  3.2056392592774124e-02  3.3941263177878772e-01  3.794961e-01  5.911931e+00  7.057849e+00  6.631837e+01  1.382779e+02  9.882012e+02  1.314666e+01  4.175960e+02  9.5161282481143772e+00
      7230  9.0375000000000103e+00  3.1971673615540118e-02  3.3833963657244986e-01  3.804312e-01  5.912659e+00  7.074641e+00  6.635154e+01  1.385833e+02  9.891397e+02  1.313641e+01  4.167905e+02  9.4772451331031693e+00
      7240  9.0500000000000167e+00  3.1887222546310635e-02  3.3726936907557864e-01  3.813617e-01  5.913369e+00  7.091316e+00  6.638412e+01  1.388858e+02  9.900624e+02  1.312616e+01  4.159868e+02  9.4384728659673556e+00
      7250  9.0625000000000231e+00  3.1803038702137611e-02  3.3620183740295739e-01  3.822874e-01  5.914061e+00  7.107876e+00  6.641610e+01  1.391855e+02  9.909694e+02  1.311592e+01  4.151848e+02  9.3998119071711450e+00
      7260  9.0750000000000295e+00  3.1719121398074965e-02  3.3513704944706835e-01  3.832083e-01  5.914734e+00  7.124320e+00  6.644749e+01  1.394824e+02  9.918606e+02  1.310569e+01  4.143844e+02  9.3612627055715869e+00
      7270  9.0875000000000359e+00  3.1635469947230599e-02  3.3407501288001623e-01  3.841246e-01  5.915388e+00  7.140647e+00  6.647828e+01  1.397765e+02  9.927360e+02  1.309547e+01  4.135858e+02  9.3228256985622515e+00
      7280  9.1000000000000423e+00  3.1552083660820095e-02  3.3301573515537142e-01  3.850361e-01  5.916024e+00  7.156860e+00  6.650846e+01  1.400678e+02  9.935955e+02  1.308525e+01  4.127887e+02  9.2845013122132123e+00
      7290  9.1125000000000487e+00  3.1468961848223724e-02  3.3195922351008145e-01  3.859429e-01  5.916641e+00  7.172956e+00  6.653805e+01  1.403563e+02  9.944392e+02  1.307504e+01  4.119934e+02  9.2462899614118008e+00
      7300  9.1250000000000551e+00  3.1386103817039955e-02  3.3090548496631939e-01  3.868449e-01  5.917239e+00  7.188938e+00  6.656703e+01  1.406420e+02  9.952670e+02  1.306483e+01  4.111997e+02  9.2081920499981411e+00
      7310  9.1375000000000615e+00  3.1303508873137174e-02  3.2985452633332429e-01  3.877423e-01  5.917818e+00  7.204805e+00  6.659541e+01  1.409250e+02  9.960788e+02  1.305463e+01  4.104075e+02  9.1702079708998170e+00
      7320  9.1500000000000679e+00  3.1221176320709039e-02  3.2880635420928150e-01  3.886349e-01  5.918379e+00  7.220557e+00  6.662319e+01  1.412052e+02  9.968746e+02  1.304444e+01  4.096170e+02  9.1323381062635089e+00
      7330  9.1625000000000743e+00  3.1139105462325910e-02  3.2776097498316531e-01  3.895228e-01  5.918920e+00  7.236194e+00  6.665035e+01  1.414826e+02  9.976545e+02  1.303425e+01  4.088281e+02  9.0945828275849436e+00
      7340  9.1750000000000806e+00  3.1057295598985204e-02  3.2671839483654430e-01  3.904060e-01  5.919443e+00  7.251717e+00  6.667691e+01  1.417572e+02  9.984184e+02  1.302406e+01  4.080407e+02  9.0569424958369495e+00
      7350  9.1875000000000870e+00  3.0975746030166368e-02  3.2567861974544854e-01  3.912845e-01  5.919946e+00  7.267126e+00  6.670286e+01  1.420290e+02  9.991662e+02  1.301389e+01  4.072549e+02  9.0194174615941840e+00
      7360  9.2000000000000934e+00  3.0894456053880002e-02  3.2464165548216301e-01  3.921583e-01  5.920430e+00  7.282420e+00  6.672820e+01  1.422981e+02  9.998979e+02  1.300371e+01  4.064706e+02  8.9820080651568990e+00
      7370  9.2125000000000998e+00  3.0813424966718204e-02  3.2360750761704810e-01  3.930274e-01  5.920895e+00  7.297601e+00  6.675293e+01  1.425644e+02  1.000614e+03  1.299354e+01  4.056878e+02  8.9447146366721775e+00
      7380  9.2250000000001062e+00  3.0732652063906286e-02  3.2257618152037498e-01  3.938917e-01  5.921340e+00  7.312669e+00  6.677704e+01  1.428280e+02  1.001313e+03  1.298338e+01  4.049066e+02  8.9075374962531289e+00
      7390  9.2375000000001126e+00  3.0652136639351648e-02  3.2154768236406722e-01  3.947514e-01  5.921767e+00  7.327623e+00  6.680054e+01  1.430888e+02  1.001997e+03  1.297321e+01  4.041268e+02  8.8704769540958086e+00
      7400  9.2500000000001190e+00  3.0571877985692733e-02  3.2052201512356698e-01  3.956064e-01  5.922174e+00  7.342464e+00  6.682343e+01  1.433468e+02  1.002664e+03  1.296306e+01  4.033484e+02  8.8335333105947296e+00
      7410  9.2625000000001254e+00  3.0491875394349666e-02  3.1949918457955739e-01  3.964567e-01  5.922561e+00  7.357192e+00  6.684570e+01  1.436021e+02  1.003315e+03  1.295290e+01  4.025716e+02  8.7967068564567050e+00
      7420  9.2750000000001318e+00  3.0412128155570400e-02  3.1847919531978269e-01  3.973022e-01  5.922929e+00  7.371807e+00  6.686736e+01  1.438546e+02  1.003950e+03  1.294275e+01  4.017961e+02  8.7599978728106098e+00
      7430  9.2875000000001382e+00  3.0332635558480068e-02  3.1746205174080838e-01  3.981431e-01  5.923278e+00  7.386310e+00  6.688839e+01  1.441044e+02  1.004569e+03  1.293260e+01  4.010221e+02  8.7234066313196799e+00
      7440  9.3000000000001446e+00  3.0253396891129374e-02  3.1644775804978237e-01  3.989793e-01  5.923607e+00  7.400700e+00  6.690881e+01  1.443515e+02  1.005172e+03  1.292246e+01  4.002494e+02  8.6869333942856795e+00
      7450  9.3125000000001510e+00  3.0174411440539211e-02  3.1543631826620644e-01  3.998108e-01  5.923916e+00  7.414979e+00  6.692862e+01  1.445958e+02  1.005758e+03  1.291231e+01  3.994782e+02  8.6505784147593587e+00
      7460  9.3250000000001574e+00  3.0095678492750865e-02  3.1442773622369846e-01  4.006376e-01  5.924206e+00  7.429146e+00  6.694780e+01  1.448375e+02  1.006328e+03  1.290217e+01  3.987083e+02  8.6143419366401428e+00
      7470  9.3375000000001638e+00  3.0017197332868516e-02  3.1342201557170707e-01  4.014597e-01  5.924476e+00  7.443201e+00  6.696636e+01  1.450763e+02  1.006882e+03  1.289203e+01  3.979397e+02  8.5782241947821198e+00
      7480  9.3500000000001702e+00  2.9938967245106821e-02  3.1241915977728868e-01  4.022772e-01  5.924726e+00  7.457144e+00  6.698430e+01  1.453125e+02  1.007420e+03  1.288190e+01  3.971724e+02  8.5422254150932240e+00
      7490  9.3625000000001766e+00  2.9860987512837459e-02  3.1141917212682202e-01  4.030899e-01  5.924956e+00  7.470977e+00  6.700163e+01  1.455460e+02  1.007942e+03  1.287176e+01  3.964065e+02  8.5063458146358659e+00
      7500  9.3750000000001830e+00  2.9783257418632060e-02  3.1042205572774001e-01  4.038980e-01  5.925167e+00  7.484698e+00  6.701833e+01  1.457767e+02  1.008447e+03  1.286163e+01  3.956418e+02  8.4705856017227514e+00
      7510  9.3875000000001894e+00  2.9705776244307831e-02  3.0942781351027049e-01  4.047014e-01  5.925358e+00  7.498309e+00  6.703440e+01  1.460047e+02  1.008937e+03  1.285149e+01  3.948784e+02  8.4349449760152559e+00
      7520  9.4000000000001958e+00  2.9628543270971704e-02  3.0843644822912564e-01  4.055001e-01  5.925529e+00  7.511809e+00  6.704986e+01  1.462301e+02  1.009410e+03  1.284136e+01  3.941163e+02  8.3994241286161060e+00
      7530  9.4125000000002021e+00  2.9551557779062876e-02  3.0744796246523043e-01  4.062942e-01  5.925679e+00  7.525199e+00  6.706469e+01  1.464527e+02  1.009866e+03  1.283122e+01  3.933553e+02  8.3640232421646772e+00
      7540  9.4250000000002085e+00  2.9474819048398247e-02  3.0646235862742899e-01  4.070836e-01  5.925810e+00  7.538479e+00  6.707891e+01  1.466726e+02  1.010307e+03  1.282109e+01  3.925956e+02  8.3287424909266221e+00
      7550  9.4375000000002149e+00  2.9398326358211827e-02  3.0547963895416802e-01  4.078683e-01  5.925921e+00  7.551649e+00  6.709249e+01  1.468899e+02  1.010731e+03  1.281096e+01  3.918371e+02  8.2935820408861538e+00
      7560  9.4500000000002213e+00  2.9322078987201419e-02  3.0449980551521089e-01  4.086483e-01  5.926012e+00  7.564709e+00  6.710546e+01  1.471045e+02  1.011140e+03  1.280082e+01  3.910798e+02  8.2585420498339843e+00
      7570  9.4625000000002277e+00  2.9246076213566986e-02  3.0352286021332159e-01  4.094237e-01  5.926082e+00  7.577660e+00  6.711780e+01  1.473164e+02  1.011532e+03  1.279069e+01  3.903236e+02  8.2236226674554551e+00
      7580  9.4750000000002341e+00  2.9170317315052680e-02  3.0254880478591845e-01  4.101945e-01  5.926133e+00  7.590502e+00  6.712952e+01  1.475256e+02  1.011908e+03  1.278055e+01  3.895685e+02  8.1888240354169035e+00
      7590  9.4875000000002405e+00  2.9094801568990164e-02  3.0157764080679084e-01  4.109606e-01  5.926163e+00  7.603235e+00  6.714061e+01  1.477322e+02  1.012267e+03  1.277041e+01  3.888146e+02  8.1541462874507928e+00
      7600  9.5000000000002469e+00  2.9019528252337935e-02  3.0060936968775681e-01  4.117220e-01  5.926173e+00  7.615859e+00  6.715108e+01  1.479361e+02  1.012611e+03  1.276027e+01  3.880617e+02  8.1195895494398442e+00
      7610  9.5125000000002533e+00  2.8944496641721731e-02  2.9964399268030478e-01  4.124788e-01  5.926163e+00  7.628375e+00  6.716093e+01  1.481373e+02  1.012938e+03  1.275013e+01  3.873099e+02  8.0851539395004366e+00
      7620  9.5250000000002597e+00  2.8869706013472569e-02  2.9868151087728279e-01  4.132309e-01  5.926133e+00  7.640783e+00  6.717015e+01  1.483359e+02  1.013249e+03  1.273999e+01  3.865592e+02  8.0508395680623881e+00
      7630  9.5375000000002661e+00  2.8795155643670026e-02  2.9772192521454910e-01  4.139784e-01  5.926082e+00  7.653082e+00  6.717875e+01  1.485319e+02  1.013544e+03  1.272984e+01  3.858096e+02  8.0166465379520808e+00
      7640  9.5500000000002725e+00  2.8720844808177312e-02  2.9676523647258879e-01  4.147212e-01  5.926012e+00  7.665274e+00  6.718673e+01  1.487252e+02  1.013824e+03  1.271969e+01  3.850609e+02  7.9825749444695413e+00
      7650  9.5625000000002789e+00  2.8646772782684501e-02  2.9581144527820713e-01  4.154595e-01  5.925920e+00  7.677359e+00  6.719408e+01  1.489159e+02  1.014086e+03  1.270954e+01  3.843133e+02  7.9486248754687896e+00
      7660  9.5750000000002853e+00  2.8572938842740390e-02  2.9486055210612405e-01  4.161930e-01  5.925809e+00  7.689336e+00  6.720081e+01  1.491040e+02  1.014333e+03  1.269939e+01  3.835667e+02  7.9147964114337963e+00
      7670  9.5875000000002917e+00  2.8499342263796211e-02  2.9391255728062743e-01  4.169220e-01  5.925677e+00  7.701206e+00  6.720692e+01  1.492894e+02  1.014564e+03  1.268923e+01  3.828210e+02  7.8810896255561289e+00
      7680  9.6000000000002981e+00  2.8425982321240821e-02  2.9296746097719001e-01  4.176463e-01  5.925524e+00  7.712970e+00  6.721241e+01  1.494722e+02  1.014779e+03  1.267906e+01  3.820762e+02  7.8475045838093509e+00
      7690  9.6125000000003045e+00  2.8352858290437089e-02  2.9202526322410577e-01  4.183660e-01  5.925352e+00  7.724626e+00  6.721727e+01  1.496524e+02  1.014978e+03  1.266890e+01  3.813325e+02  7.8140413450243154e+00
      7700  9.6250000000003109e+00  2.8279969446758431e-02  2.9108596390408464e-01  4.190811e-01  5.925158e+00  7.736177e+00  6.722151e+01  1.498300e+02  1.015161e+03  1.265872e+01  3.805896e+02  7.7806999609626271e+00
      7710  9.6375000000003173e+00  2.8207315065626758e-02  2.9014956275587644e-01  4.197915e-01  5.924945e+00  7.747622e+00  6.722514e+01  1.500051e+02  1.015328e+03  1.264855e+01  3.798476e+02  7.7474804763894056e+00
      7720  9.6500000000003237e+00  2.8134894422546974e-02  2.8921605937586592e-01  4.204974e-01  5.924711e+00  7.758960e+00  6.722814e+01  1.501775e+02  1.015479e+03  1.263836e+01  3.791065e+02  7.7143829291448913e+00
      7730  9.6625000000003300e+00  2.8062706793141351e-02  2.8828545321969173e-01  4.211987e-01  5.924456e+00  7.770194e+00  6.723052e+01  1.503473e+02  1.015614e+03  1.262818e+01  3.783662e+02  7.6814073502164995e+00
      7740  9.6750000000003364e+00  2.7990751453186871e-02  2.8735774360380506e-01  4.218953e-01  5.924181e+00  7.781322e+00  6.723228e+01  1.505146e+02  1.015733e+03  1.261798e+01  3.776268e+02  7.6485537638085157e+00
      7750  9.6875000000003428e+00  2.7919027678648334e-02  2.8643292970709622e-01  4.225873e-01  5.923885e+00  7.792345e+00  6.723342e+01  1.506793e+02  1.015837e+03  1.260778e+01  3.768882e+02  7.6158221874118484e+00
      7760  9.7000000000003492e+00  2.7847534745712752e-02  2.8551101057245393e-01  4.232748e-01  5.923569e+00  7.803263e+00  6.723395e+01  1.508414e+02  1.015924e+03  1.259758e+01  3.761505e+02  7.5832126318729145e+00
      7770  9.7125000000003556e+00  2.7776271930823417e-02  2.8459198510835293e-01  4.239577e-01  5.923232e+00  7.814077e+00  6.723385e+01  1.510010e+02  1.015996e+03  1.258737e+01  3.754135e+02  7.5507251014616088e+00
      7780  9.7250000000003620e+00  2.7705238510712833e-02  2.8367585209040780e-01  4.246359e-01  5.922875e+00  7.824786e+00  6.723315e+01  1.511580e+02  1.016052e+03  1.257715e+01  3.746773e+02  7.5183595939402448e+00
      7790  9.7375000000003684e+00  2.7634433762437287e-02  2.8276261016296950e-01  4.253096e-01  5.922497e+00  7.835392e+00  6.723182e+01  1.513125e+02  1.016093e+03  1.256692e+01  3.739418e+02  7.4861161006278714e+00
      7800  9.7500000000003748e+00  2.7563856963405131e-02  2.8185225784065648e-01  4.259788e-01  5.922099e+00  7.845894e+00  6.722988e+01  1.514645e+02  1.016118e+03  1.255669e+01  3.732071e+02  7.4539946064690810e+00
      7810  9.7625000000003812e+00  2.7493507391415102e-02  2.8094479350994161e-01  4.266433e-01  5.921680e+00  7.856292e+00  6.722732e+01  1.516139e+02  1.016127e+03  1.254644e+01  3.724731e+02  7.4219950900981093e+00
      7820  9.7750000000003876e+00  2.7423384324684212e-02  2.8004021543065583e-01  4.273033e-01  5.921240e+00  7.866587e+00  6.722416e+01  1.517608e+02  1.016120e+03  1.253619e+01  3.717398e+02  7.3901175239042960e+00
      7830  9.7875000000003940e+00  2.7353487041880509e-02  2.7913852173758602e-01  4.279588e-01  5.920780e+00  7.876779e+00  6.722038e+01  1.519051e+02  1.016098e+03  1.252594e+01  3.710072e+02  7.3583618740966488e+00
      7840  9.8000000000004004e+00  2.7283814822153484e-02  2.7823971044196838e-01  4.286096e-01  5.920299e+00  7.886869e+00  6.721598e+01  1.520470e+02  1.016061e+03  1.251567e+01  3.702753e+02  7.3267281007677738e+00
      7850  9.8125000000004068e+00  2.7214366945164471e-02  2.7734377943304866e-01  4.292560e-01  5.919798e+00  7.896856e+00  6.721098e+01  1.521863e+02  1.016008e+03  1.250539e+01  3.695440e+02  7.2952161579578032e+00
      7860  9.8250000000004132e+00  2.7145142691118715e-02  2.7645072647959690e-01  4.298978e-01  5.919276e+00  7.906741e+00  6.720537e+01  1.523232e+02  1.015940e+03  1.249511e+01  3.688134e+02  7.2638259937163401e+00
      7870  9.8375000000004196e+00  2.7076141340793513e-02  2.7556054923143636e-01  4.305350e-01  5.918733e+00  7.916524e+00  6.719915e+01  1.524576e+02  1.015856e+03  1.248482e+01  3.680833e+02  7.2325575501655939e+00
      7880  9.8500000000004260e+00  2.7007362175568352e-02  2.7467324522094438e-01  4.311677e-01  5.918170e+00  7.926206e+00  6.719233e+01  1.525895e+02  1.015757e+03  1.247451e+01  3.673539e+02  7.2014107635626816e+00
      7890  9.8625000000004324e+00  2.6938804477454902e-02  2.7378881186457749e-01  4.317959e-01  5.917586e+00  7.935786e+00  6.718489e+01  1.527189e+02  1.015642e+03  1.246420e+01  3.666251e+02  7.1703855643604202e+00
      7900  9.8750000000004388e+00  2.6870467529123990e-02  2.7290724646437137e-01  4.324196e-01  5.916982e+00  7.945265e+00  6.717686e+01  1.528459e+02  1.015513e+03  1.245388e+01  3.658968e+02  7.1394818772690103e+00
      7910  9.8875000000004452e+00  2.6802350613936342e-02  2.7202854620943612e-01  4.330388e-01  5.916357e+00  7.954644e+00  6.716822e+01  1.529704e+02  1.015368e+03  1.244354e+01  3.651691e+02  7.1086996213167559e+00
      7920  9.9000000000004515e+00  2.6734453015968086e-02  2.7115270817744630e-01  4.336534e-01  5.915711e+00  7.963922e+00  6.715897e+01  1.530924e+02  1.015208e+03  1.243320e+01  3.644420e+02  7.0780387099104214e+00
      7930  9.9125000000004579e+00  2.6666774020040071e-02  2.7027972933612660e-01  4.342636e-01  5.915045e+00  7.973100e+00  6.714913e+01  1.532120e+02  1.015033e+03  1.242284e+01  3.637153e+02  7.0474990508947783e+00
      7940  9.9250000000004643e+00  2.6599312911745561e-02  2.6940960654474322e-01  4.348693e-01  5.914358e+00  7.982178e+00  6.713869e+01  1.533292e+02  1.014843e+03  1.241248e+01  3.629892e+02  7.0170805466130322e+00
      7950  9.9375000000004707e+00  2.6532068977476037e-02  2.6854233655556198e-01  4.354705e-01  5.913651e+00  7.991157e+00  6.712765e+01  1.534440e+02  1.014638e+03  1.240210e+01  3.622636e+02  6.9867830939653457e+00
      7960  9.9500000000004771e+00  2.6465041504446337e-02  2.6767791601532209e-01  4.360672e-01  5.912923e+00  8.000036e+00  6.711601e+01  1.535563e+02  1.014418e+03  1.239171e+01  3.615385e+02  6.9566065844685721e+00
      7970  9.9625000000004835e+00  2.6398229780726229e-02  2.6681634146669164e-01  4.366594e-01  5.912175e+00  8.008816e+00  6.710378e+01  1.536662e+02  1.014183e+03  1.238131e+01  3.608138e+02  6.9265509043137250e+00
      7980  9.9750000000004899e+00  2.6331633095259693e-02  2.6595760934974239e-01  4.372472e-01  5.911406e+00  8.017497e+00  6.709096e+01  1.537737e+02  1.013934e+03  1.237089e+01  3.600896e+02  6.8966159344258315e+00
      7990  9.9875000000004963e+00  2.6265250737894465e-02  2.6510171600337579e-01  4.378305e-01  5.910617e+00  8.026080e+00  6.707754e+01  1.538789e+02  1.013669e+03  1.236047e+01  3.593658e+02  6.8668015505210285e+00
      8000  1.0000000000000503e+01  2.6199081999406088e-02  2.6424865766677674e-01  4.384094e-01  5.909807e+00  8.034565e+00  6.706353e+01  1.539816e+02  1.013390e+03  1.235003e+01  3.586424e+02  6.8371076231642922e+00
