         0  0.0000000000000000e+00  1.2500000000000000e-01  3.7500000000000000e-01 -0.000000e+00  3.375000e+00 -0.000000e+00  1.562500e+01 -0.000000e+00  8.374023e+01  3.375000e+00  1.562500e+01  1.1250000000000000e+00
        10  1.2499999999999999e-02  1.2495313352672065e-01  3.7486549883588205e-01  6.627508e-03  3.375075e+00  6.627628e-02  1.562648e+01  5.436959e-01  8.375772e+01  3.374704e+00  1.562237e+01  1.1246452839969110e+00
        20  2.5000000000000005e-02  1.2490628310375450e-01  3.7474322186291570e-01  1.325191e-02  3.375301e+00  1.325288e-01  1.563092e+01  1.087336e+00  8.381017e+01  3.373817e+00  1.561448e+01  1.1244246690645197e+00
        30  3.7500000000000012e-02  1.2485944720521135e-01  3.7463313512372659e-01  1.987342e-02  3.375676e+00  1.987667e-01  1.563831e+01  1.631136e+00  8.389754e+01  3.372342e+00  1.560137e+01  1.1243378700271338e+00
        40  5.0000000000000024e-02  1.2481262430933322e-01  3.7453520642883181e-01  2.649224e-02  3.376202e+00  2.649994e-01  1.564866e+01  2.175312e+00  8.401985e+01  3.370285e+00  1.558309e+01  1.1243846552847840e+00
        50  6.2500000000000028e-02  1.2476581289827424e-01  3.7444940533821236e-01  3.310857e-02  3.376877e+00  3.312361e-01  1.566195e+01  2.720077e+00  8.417711e+01  3.367650e+00  1.555970e+01  1.1245648464227254e+00
        60  7.5000000000000039e-02  1.2471901145788296e-01  3.7437570314259083e-01  3.972261e-02  3.377702e+00  3.974859e-01  1.567819e+01  3.265645e+00  8.436935e+01  3.364445e+00  1.553129e+01  1.1248783178461310e+00
        70  8.7500000000000050e-02  1.2467221847748784e-01  3.7431407284442930e-01  4.633456e-02  3.378676e+00  4.637580e-01  1.569739e+01  3.812229e+00  8.459664e+01  3.360680e+00  1.549795e+01  1.1253249964395104e+00
        80  1.0000000000000006e-01  1.2462543244968384e-01  3.7426448913863064e-01  5.294460e-02  3.379800e+00  5.300614e-01  1.571953e+01  4.360043e+00  8.485905e+01  3.356365e+00  1.545981e+01  1.1259048612504765e+00
        90  1.1250000000000007e-01  1.2457865187012251e-01  3.7422692839296195e-01  5.955292e-02  3.381073e+00  5.964050e-01  1.574461e+01  4.909298e+00  8.515669e+01  3.351510e+00  1.541697e+01  1.1266179431975047e+00
       100  1.2500000000000008e-01  1.2453187523730433e-01  3.7420136862818942e-01  6.615970e-02  3.382496e+00  6.627978e-01  1.577265e+01  5.460207e+00  8.548967e+01  3.346130e+00  1.536960e+01  1.1274643248013858e+00
       110  1.3750000000000009e-01  1.2448510105237290e-01  3.7418778949793352e-01  7.276510e-02  3.384068e+00  7.292488e-01  1.580364e+01  6.012979e+00  8.585814e+01  3.340237e+00  1.531783e+01  1.1284441399401102e+00
       120  1.5000000000000011e-01  1.2443832781891263e-01  3.7418617226824746e-01  7.936930e-02  3.385789e+00  7.957665e-01  1.583758e+01  6.567827e+00  8.626224e+01  3.333849e+00  1.526185e+01  1.1295575736269170e+00
       130  1.6250000000000012e-01  1.2439155404274807e-01  3.7419649979692449e-01  8.597244e-02  3.387660e+00  8.623599e-01  1.587449e+01  7.124960e+00  8.670215e+01  3.326980e+00  1.520183e+01  1.1308048618113788e+00
       140  1.7500000000000013e-01  1.2434477823174711e-01  3.7421875651252762e-01  9.257467e-02  3.389679e+00  9.290374e-01  1.591435e+01  7.684589e+00  8.717808e+01  3.319648e+00  1.513796e+01  1.1321862912032741e+00
       150  1.8750000000000014e-01  1.2429799889562487e-01  3.7425292839316932e-01  9.917613e-02  3.391848e+00  9.958076e-01  1.595718e+01  8.246922e+00  8.769023e+01  3.311873e+00  1.507045e+01  1.1337021991192073e+00
       160  2.0000000000000015e-01  1.2425121454575251e-01  3.7429900294502133e-01  1.057769e-01  3.394167e+00  1.062679e+00  1.600298e+01  8.812169e+00  8.823883e+01  3.303674e+00  1.499952e+01  1.1353529733518348e+00
       170  2.1250000000000016e-01  1.2420442369496691e-01  3.7435696918057926e-01  1.123772e-01  3.396635e+00  1.129660e+00  1.605175e+01  9.380540e+00  8.882414e+01  3.295071e+00  1.492537e+01  1.1371390520616300e+00
       180  2.2500000000000017e-01  1.2415762485738456e-01  3.7442681759667917e-01  1.189771e-01  3.399252e+00  1.196759e+00  1.610351e+01  9.952240e+00  8.944642e+01  3.286086e+00  1.484825e+01  1.1390609236911853e+00
       190  2.3750000000000018e-01  1.2411081654821619e-01  3.7450854015227952e-01  1.255767e-01  3.402019e+00  1.263983e+00  1.615826e+01  1.052748e+01  9.010597e+01  3.276742e+00  1.476840e+01  1.1411191269020438e+00
       200  2.5000000000000017e-01  1.2406399728358718e-01  3.7460213024600708e-01  1.321760e-01  3.404936e+00  1.331342e+00  1.621599e+01  1.110647e+01  9.080307e+01  3.267060e+00  1.468606e+01  1.1433142505340301e+00
       210  2.6249999999999990e-01  1.2401716558035759e-01  3.7470758269347987e-01  1.387751e-01  3.408002e+00  1.398842e+00  1.627673e+01  1.168940e+01  9.153805e+01  3.257066e+00  1.460149e+01  1.1456469335872068e+00
       220  2.7499999999999963e-01  1.2397031995594780e-01  3.7482489370442379e-01  1.453742e-01  3.411218e+00  1.466492e+00  1.634048e+01  1.227650e+01  9.231125e+01  3.246783e+00  1.451493e+01  1.1481178652264825e+00
       230  2.8749999999999937e-01  1.2392345892816474e-01  3.7495406085956784e-01  1.519732e-01  3.414583e+00  1.534300e+00  1.640725e+01  1.286796e+01  9.312302e+01  3.236237e+00  1.442667e+01  1.1507277848089665e+00
       240  2.9999999999999910e-01  1.2387658101503232e-01  3.7509508308735262e-01  1.585721e-01  3.418098e+00  1.602272e+00  1.647704e+01  1.346399e+01  9.397372e+01  3.225451e+00  1.433696e+01  1.1534774819342326e+00
       250  3.1249999999999883e-01  1.2382968473462526e-01  3.7524796064044197e-01  1.651710e-01  3.421763e+00  1.670416e+00  1.654986e+01  1.406479e+01  9.486375e+01  3.214454e+00  1.424607e+01  1.1563677965175843e+00
       260  3.2499999999999857e-01  1.2378276860490371e-01  3.7541269507205510e-01  1.717700e-01  3.425578e+00  1.738740e+00  1.662573e+01  1.467057e+01  9.579349e+01  3.203270e+00  1.415428e+01  1.1593996188864943e+00
       270  3.3749999999999830e-01  1.2373583114355363e-01  3.7558928921212631e-01  1.783689e-01  3.429542e+00  1.807250e+00  1.670464e+01  1.528153e+01  9.676337e+01  3.191926e+00  1.406185e+01  1.1625738899004388e+00
       280  3.4999999999999803e-01  1.2368887086782869e-01  3.7577774714330264e-01  1.849677e-01  3.433657e+00  1.875953e+00  1.678661e+01  1.589787e+01  9.777380e+01  3.180449e+00  1.396907e+01  1.1658916010942424e+00
       290  3.6249999999999777e-01  1.2364188629439284e-01  3.7597807417678630e-01  1.915665e-01  3.437921e+00  1.944856e+00  1.687165e+01  1.651979e+01  9.882523e+01  3.168865e+00  1.387621e+01  1.1693537948452528e+00
       300  3.7499999999999750e-01  1.2359487593917279e-01  3.7619027682802497e-01  1.981651e-01  3.442334e+00  2.013966e+00  1.695977e+01  1.714750e+01  9.991812e+01  3.157201e+00  1.378354e+01  1.1729615645644687e+00
       310  3.8749999999999724e-01  1.2354783831720460e-01  3.7641436279227858e-01  2.047635e-01  3.446897e+00  2.083289e+00  1.705097e+01  1.778118e+01  1.010529e+02  3.145485e+00  1.369133e+01  1.1767160549119313e+00
       320  3.9999999999999697e-01  1.2350077194249078e-01  3.7665034092004829e-01  2.113615e-01  3.451610e+00  2.152831e+00  1.714527e+01  1.842104e+01  1.022301e+02  3.133743e+00  1.359987e+01  1.1806184620366156e+00
       330  4.1249999999999670e-01  1.2345367532785649e-01  3.7689822119239208e-01  2.179592e-01  3.456472e+00  2.222598e+00  1.724267e+01  1.906727e+01  1.034502e+02  3.122002e+00  1.350940e+01  1.1846700338410705e+00
       340  4.2499999999999644e-01  1.2340654698480910e-01  3.7715801469612159e-01  2.245562e-01  3.461483e+00  2.292596e+00  1.734318e+01  1.972007e+01  1.047137e+02  3.110289e+00  1.342021e+01  1.1888720702711177e+00
       350  4.3749999999999617e-01  1.2335938542340263e-01  3.7742973359891502e-01  2.311526e-01  3.466643e+00  2.362830e+00  1.744681e+01  2.037963e+01  1.060210e+02  3.098629e+00  1.333256e+01  1.1932259236308593e+00
       360  4.4999999999999590e-01  1.2331218915210510e-01  3.7771339112431751e-01  2.377480e-01  3.471952e+00  2.433305e+00  1.755357e+01  2.104613e+01  1.073728e+02  3.087050e+00  1.324670e+01  1.1977329989232763e+00
       370  4.6249999999999564e-01  1.2326495667766510e-01  3.7800900152666572e-01  2.443424e-01  3.477409e+00  2.504027e+00  1.766346e+01  2.171977e+01  1.087695e+02  3.075577e+00  1.316288e+01  1.2023947542168121e+00
       380  4.7499999999999537e-01  1.2321768650498813e-01  3.7831658006594487e-01  2.509355e-01  3.483015e+00  2.575000e+00  1.777650e+01  2.240074e+01  1.102116e+02  3.064236e+00  1.308137e+01  1.2072127010380789e+00
       390  4.8749999999999510e-01  1.2317037713700965e-01  3.7863614298255494e-01  2.575272e-01  3.488768e+00  2.646228e+00  1.789269e+01  2.308921e+01  1.116998e+02  3.053051e+00  1.300239e+01  1.2121884047911340e+00
       400  4.9999999999999484e-01  1.2312302707457641e-01  3.7896770747203479e-01  2.641170e-01  3.494668e+00  2.717717e+00  1.801204e+01  2.378536e+01  1.132345e+02  3.042048e+00  1.292620e+01  1.2173234852035808e+00
       410  5.1249999999999463e-01  1.2307563481632747e-01  3.7931129165971805e-01  2.707049e-01  3.500715e+00  2.789469e+00  1.813455e+01  2.448938e+01  1.148163e+02  3.031250e+00  1.285303e+01  1.2226196167997685e+00
       420  5.2499999999999436e-01  1.2302819885857931e-01  3.7966691457535473e-01  2.772905e-01  3.506908e+00  2.861488e+00  1.826023e+01  2.520145e+01  1.164457e+02  3.020681e+00  1.278310e+01  1.2280785294014542e+00
       430  5.3749999999999409e-01  1.2298071769521565e-01  3.8003459612767504e-01  2.838735e-01  3.513247e+00  2.933778e+00  1.838908e+01  2.592172e+01  1.181234e+02  3.010364e+00  1.271664e+01  1.2337020086561965e+00
       440  5.4999999999999383e-01  1.2293318981757831e-01  3.8041435707892574e-01  2.904536e-01  3.519731e+00  3.006342e+00  1.852111e+01  2.665037e+01  1.198498e+02  3.000322e+00  1.265386e+01  1.2394918965937654e+00
       450  5.6249999999999356e-01  1.2288561371436185e-01  3.8080621901938316e-01  2.970305e-01  3.526360e+00  3.079182e+00  1.865632e+01  2.738757e+01  1.216255e+02  2.990576e+00  1.259497e+01  1.2454500922108989e+00
       460  5.7499999999999329e-01  1.2283798787151294e-01  3.8121020434182518e-01  3.036037e-01  3.533131e+00  3.152301e+00  1.879472e+01  2.813347e+01  1.234511e+02  2.981147e+00  1.254017e+01  1.2515785520846592e+00
       470  5.8749999999999303e-01  1.2279031077213039e-01  3.8162633621598885e-01  3.101729e-01  3.540046e+00  3.225700e+00  1.893630e+01  2.888824e+01  1.253270e+02  2.972056e+00  1.248966e+01  1.2578792910146421e+00
       480  5.9999999999999276e-01  1.2274258089637061e-01  3.8205463856301808e-01  3.167377e-01  3.547102e+00  3.299380e+00  1.908107e+01  2.965201e+01  1.272540e+02  2.963322e+00  1.244364e+01  1.2643543826943804e+00
       490  6.1249999999999249e-01  1.2269479672135439e-01  3.8249513602989132e-01  3.232976e-01  3.554299e+00  3.373345e+00  1.922902e+01  3.042494e+01  1.292324e+02  2.954964e+00  1.240227e+01  1.2710059604120836e+00
       500  6.2499999999999223e-01  1.2264695672107885e-01  3.8294785396383474e-01  3.298523e-01  3.561636e+00  3.447593e+00  1.938015e+01  3.120717e+01  1.312629e+02  2.947001e+00  1.236575e+01  1.2778362177810290e+00
       510  6.3749999999999196e-01  1.2259905936633103e-01  3.8341281838674396e-01  3.364011e-01  3.569111e+00  3.522125e+00  1.953447e+01  3.199883e+01  1.333459e+02  2.939449e+00  1.233422e+01  1.2848474094997395e+00
       520  6.4999999999999170e-01  1.2255110312460446e-01  3.8389005596957426e-01  3.429437e-01  3.576724e+00  3.596941e+00  1.969196e+01  3.280005e+01  1.354819e+02  2.932325e+00  1.230787e+01  1.2920418521422488e+00
       530  6.6249999999999143e-01  1.2250308646002082e-01  3.8437959400675709e-01  3.494796e-01  3.584472e+00  3.672041e+00  1.985262e+01  3.361097e+01  1.376716e+02  2.925645e+00  1.228684e+01  1.2994219249784902e+00
       540  6.7499999999999116e-01  1.2245500783325315e-01  3.8488146039058374e-01  3.560081e-01  3.592356e+00  3.747424e+00  2.001644e+01  3.443168e+01  1.399153e+02  2.919423e+00  1.227128e+01  1.3069900708250783e+00
       550  6.8749999999999090e-01  1.2240686570145269e-01  3.8539568358561205e-01  3.625287e-01  3.600372e+00  3.823089e+00  2.018342e+01  3.526231e+01  1.422134e+02  2.913674e+00  1.226133e+01  1.3147487969265068e+00
       560  6.9999999999999063e-01  1.2235865851817923e-01  3.8592229260305033e-01  3.690409e-01  3.608520e+00  3.899033e+00  2.035354e+01  3.610295e+01  1.445666e+02  2.908411e+00  1.225713e+01  1.3227006758669164e+00
       570  7.1249999999999036e-01  1.2231038473333286e-01  3.8646131697514996e-01  3.755440e-01  3.616798e+00  3.975253e+00  2.052679e+01  3.695369e+01  1.469752e+02  2.903646e+00  1.225880e+01  1.3308483465124177e+00
       580  7.2499999999999010e-01  1.2226204279309361e-01  3.8701278672958195e-01  3.820374e-01  3.625204e+00  4.051749e+00  2.070316e+01  3.781464e+01  1.494395e+02  2.899390e+00  1.226647e+01  1.3391945149840621e+00
       590  7.3749999999998983e-01  1.2221363113985803e-01  3.8757673236381618e-01  3.885205e-01  3.633736e+00  4.128515e+00  2.088263e+01  3.868585e+01  1.519601e+02  2.895653e+00  1.228025e+01  1.3477419556613852e+00
       600  7.4999999999998956e-01  1.2216514821218359e-01  3.8815318481948280e-01  3.949926e-01  3.642393e+00  4.205548e+00  2.106519e+01  3.956740e+01  1.545372e+02  2.892447e+00  1.230024e+01  1.3564935122164627e+00
       610  7.6249999999998930e-01  1.2211659244473388e-01  3.8874217545672857e-01  4.014531e-01  3.651172e+00  4.282843e+00  2.125080e+01  4.045936e+01  1.571712e+02  2.889779e+00  1.232655e+01  1.3654520986783891e+00
       620  7.7499999999998903e-01  1.2206796226823000e-01  3.8934373602854744e-01  4.079012e-01  3.660071e+00  4.360397e+00  2.143946e+01  4.136176e+01  1.598624e+02  2.887656e+00  1.235928e+01  1.3746207005280229e+00
       630  7.8749999999998876e-01  1.2201925610940044e-01  3.8995789865509228e-01  4.143362e-01  3.669088e+00  4.438202e+00  2.163114e+01  4.227464e+01  1.626110e+02  2.886088e+00  1.239851e+01  1.3840023758227100e+00
       640  7.9999999999998850e-01  1.2197047239093700e-01  3.9058469579797378e-01  4.207573e-01  3.678221e+00  4.516253e+00  2.182581e+01  4.319805e+01  1.654173e+02  2.885078e+00  1.244432e+01  1.3936002563508336e+00
       650  8.1249999999998823e-01  1.2192160953145692e-01  3.9122416023450146e-01  4.271638e-01  3.687467e+00  4.594543e+00  2.202344e+01  4.413198e+01  1.682814e+02  2.884634e+00  1.249679e+01  1.4034175488157317e+00
       660  8.2499999999998797e-01  1.2187266594546037e-01  3.9187632503191777e-01  4.335549e-01  3.696823e+00  4.673066e+00  2.222401e+01  4.507644e+01  1.712036e+02  2.884758e+00  1.255599e+01  1.4134575360486932e+00
       670  8.3749999999998770e-01  1.2182364004330007e-01  3.9254122352156623e-01  4.399298e-01  3.706288e+00  4.751812e+00  2.242746e+01  4.603144e+01  1.741839e+02  2.885456e+00  1.262197e+01  1.4237235782504845e+00
       680  8.4999999999998743e-01  1.2177453023114616e-01  3.9321888927302168e-01  4.462877e-01  3.715857e+00  4.830774e+00  2.263378e+01  4.699694e+01  1.772225e+02  2.886728e+00  1.269480e+01  1.4342191142608547e+00
       690  8.6249999999998717e-01  1.2172533491096182e-01  3.9390935606815775e-01  4.526277e-01  3.725529e+00  4.909943e+00  2.284292e+01  4.797292e+01  1.803192e+02  2.888579e+00  1.277453e+01  1.4449476628554498e+00
       700  8.7499999999998690e-01  1.2167605248047468e-01  3.9461265787515093e-01  4.589489e-01  3.735300e+00  4.989308e+00  2.305484e+01  4.895933e+01  1.834741e+02  2.891008e+00  1.286119e+01  1.4559128240694097e+00
       710  8.8749999999998663e-01  1.2162668133315681e-01  3.9532882882240566e-01  4.652505e-01  3.745167e+00  5.068859e+00  2.326950e+01  4.995611e+01  1.866870e+02  2.894016e+00  1.295483e+01  1.4671182805467375e+00
       720  8.9999999999998637e-01  1.2157721985820807e-01  3.9605790317240985e-01  4.715316e-01  3.755127e+00  5.148586e+00  2.348684e+01  5.096318e+01  1.899579e+02  2.897602e+00  1.305548e+01  1.4785677989146953e+00
       730  9.1249999999998610e-01  1.2152766644053746e-01  3.9679991529548120e-01  4.777912e-01  3.765177e+00  5.228477e+00  2.370681e+01  5.198045e+01  1.932865e+02  2.901766e+00  1.316314e+01  1.4902652311821361e+00
       740  9.2499999999998583e-01  1.2147801946075458e-01  3.9755489964343432e-01  4.840285e-01  3.775313e+00  5.308519e+00  2.392936e+01  5.300783e+01  1.966726e+02  2.906504e+00  1.327786e+01  1.5022145161605331e+00
       750  9.3749999999998557e-01  1.2142827729515747e-01  3.9832289072311611e-01  4.902424e-01  3.785532e+00  5.388699e+00  2.415444e+01  5.404517e+01  2.001158e+02  2.911815e+00  1.339962e+01  1.5144196809068613e+00
       760  9.4999999999998530e-01  1.2137843831573167e-01  3.9910392306983189e-01  4.964320e-01  3.795830e+00  5.469004e+00  2.438199e+01  5.509236e+01  2.036157e+02  2.917695e+00  1.352844e+01  1.5268848421863708e+00
       770  9.6249999999998503e-01  1.2132850089014481e-01  3.9989803122064732e-01  5.025963e-01  3.806203e+00  5.549419e+00  2.461193e+01  5.614924e+01  2.071719e+02  2.924138e+00  1.366431e+01  1.5396142079543569e+00
       780  9.7499999999998477e-01  1.2127846338175002e-01  4.0070524968752685e-01  5.087344e-01  3.816647e+00  5.629929e+00  2.484420e+01  5.721563e+01  2.107838e+02  2.931141e+00  1.380721e+01  1.5526120788549278e+00
       790  9.8749999999998450e-01  1.2122832414958942e-01  4.0152561293034783e-01  5.148451e-01  3.827159e+00  5.710519e+00  2.507874e+01  5.829134e+01  2.144507e+02  2.938698e+00  1.395713e+01  1.5658828497351411e+00
       800  9.9999999999998423e-01  1.2117808154840407e-01  4.0235915532973765e-01  5.209275e-01  3.837734e+00  5.791172e+00  2.531547e+01  5.937618e+01  2.181721e+02  2.946801e+00  1.411404e+01  1.5794310111725194e+00
       810  1.0124999999999840e+00  1.2112773392864264e-01  4.0320591115972620e-01  5.269805e-01  3.848368e+00  5.871871e+00  2.555431e+01  6.046991e+01  2.219471e+02  2.955444e+00  1.427790e+01  1.5932611510139663e+00
       820  1.0249999999999837e+00  1.2107727963648036e-01  4.0406591456024588e-01  5.330031e-01  3.859058e+00  5.952599e+00  2.579518e+01  6.157230e+01  2.257749e+02  2.964619e+00  1.444868e+01  1.6073779559236567e+00
       830  1.0374999999999834e+00  1.2102671701383456e-01  4.0493919950940216e-01  5.389941e-01  3.869798e+00  6.033336e+00  2.603800e+01  6.268308e+01  2.296544e+02  2.974318e+00  1.462631e+01  1.6217862129376464e+00
       840  1.0499999999999832e+00  1.2097604439838602e-01  4.0582579979555877e-01  5.449526e-01  3.880584e+00  6.114064e+00  2.628267e+01  6.380196e+01  2.335848e+02  2.984531e+00  1.481075e+01  1.6364908110225116e+00
       850  1.0624999999999829e+00  1.2092526012360919e-01  4.0672574898920344e-01  5.508774e-01  3.891411e+00  6.194763e+00  2.652912e+01  6.492866e+01  2.375648e+02  2.995248e+00  1.500191e+01  1.6514967426351190e+00
       860  1.0749999999999826e+00  1.2087436251879503e-01  4.0763908041457286e-01  5.567673e-01  3.902275e+00  6.275412e+00  2.677723e+01  6.606285e+01  2.415933e+02  3.006460e+00  1.519973e+01  1.6668091052807261e+00
       870  1.0874999999999824e+00  1.2082334990908691e-01  4.0856582712105899e-01  5.626214e-01  3.913171e+00  6.355991e+00  2.702693e+01  6.720419e+01  2.456690e+02  3.018155e+00  1.540411e+01  1.6824331030659390e+00
       880  1.0999999999999821e+00  1.2077222061551832e-01  4.0950602185435847e-01  5.684384e-01  3.924094e+00  6.436477e+00  2.727809e+01  6.835232e+01  2.497904e+02  3.030322e+00  1.561497e+01  1.6983740482432679e+00
       890  1.1124999999999818e+00  1.2072097295504741e-01  4.1045969702735408e-01  5.742173e-01  3.935039e+00  6.516848e+00  2.753062e+01  6.950687e+01  2.539560e+02  3.042948e+00  1.583220e+01  1.7146373627435751e+00
       900  1.1249999999999816e+00  1.2066960524060587e-01  4.1142688469074662e-01  5.799568e-01  3.946002e+00  6.597082e+00  2.778441e+01  7.066743e+01  2.581644e+02  3.056022e+00  1.605567e+01  1.7312285796924152e+00
       910  1.1374999999999813e+00  1.2061811578114248e-01  4.1240761650340468e-01  5.856559e-01  3.956976e+00  6.677153e+00  2.803935e+01  7.183358e+01  2.624137e+02  3.069529e+00  1.628528e+01  1.7481533449062805e+00
       920  1.1499999999999810e+00  1.2056650288167742e-01  4.1340192370241291e-01  5.913133e-01  3.967958e+00  6.757039e+00  2.829531e+01  7.300488e+01  2.667022e+02  3.083456e+00  1.652088e+01  1.7654174183641427e+00
       930  1.1624999999999808e+00  1.2051476484335130e-01  4.1440983707286455e-01  5.969279e-01  3.978940e+00  6.836714e+00  2.855218e+01  7.418088e+01  2.710280e+02  3.097789e+00  1.676232e+01  1.7830266756498621e+00
       940  1.1749999999999805e+00  1.2046289996348962e-01  4.1543138691731213e-01  6.024986e-01  3.989919e+00  6.916153e+00  2.880984e+01  7.536110e+01  2.753891e+02  3.112513e+00  1.700947e+01  1.8009871093603189e+00
       950  1.1874999999999802e+00  1.2041090653566144e-01  4.1646660302493099e-01  6.080241e-01  4.000889e+00  6.995330e+00  2.906816e+01  7.654503e+01  2.797834e+02  3.127614e+00  1.726214e+01  1.8193048304742498e+00
       960  1.1999999999999800e+00  1.2035878284974623e-01  4.1751551464039610e-01  6.135033e-01  4.011844e+00  7.074217e+00  2.932701e+01  7.773215e+01  2.842087e+02  3.143075e+00  1.752017e+01  1.8379860696762353e+00
       970  1.2124999999999797e+00  1.2030652719200385e-01  4.1857815043239477e-01  6.189350e-01  4.022779e+00  7.152789e+00  2.958626e+01  7.892193e+01  2.886628e+02  3.158881e+00  1.778337e+01  1.8570371786299913e+00
       980  1.2249999999999794e+00  1.2025413784514934e-01  4.1965453846184597e-01  6.243179e-01  4.033688e+00  7.231016e+00  2.984577e+01  8.011380e+01  2.931431e+02  3.175015e+00  1.805154e+01  1.8764646311950801e+00
       990  1.2374999999999792e+00  1.2020161308843022e-01  4.2074470614980347e-01  6.296510e-01  4.044565e+00  7.308872e+00  3.010540e+01  8.130720e+01  2.976473e+02  3.191461e+00  1.832448e+01  1.8962750245806204e+00
      1000  1.2499999999999789e+00  1.2014895119770755e-01  4.2184868024500499e-01  6.349330e-01  4.055405e+00  7.386328e+00  3.036501e+01  8.250152e+01  3.021728e+02  3.208202e+00  1.860196e+01  1.9164750804293211e+00
      1010  1.2624999999999786e+00  1.2009615044554332e-01  4.2296648679113807e-01  6.401628e-01  4.066203e+00  7.463355e+00  3.062446e+01  8.369615e+01  3.067167e+02  3.225219e+00  1.888377e+01  1.9370716458250339e+00
      1020  1.2749999999999784e+00  1.2004320910129103e-01  4.2409815109374271e-01  6.453391e-01  4.076952e+00  7.539923e+00  3.088360e+01  8.489046e+01  3.112764e+02  3.242496e+00  1.916965e+01  1.9580716942164598e+00
      1030  1.2874999999999781e+00  1.1999012543118874e-01  4.2524369768681430e-01  6.504607e-01  4.087646e+00  7.616002e+00  3.114227e+01  8.608380e+01  3.158490e+02  3.260014e+00  1.945936e+01  1.9794823262496051e+00
      1040  1.2999999999999778e+00  1.1993689769845785e-01  4.2640315029907516e-01  6.555266e-01  4.098280e+00  7.691563e+00  3.140034e+01  8.727552e+01  3.204315e+02  3.277755e+00  1.975264e+01  2.0013107705011617e+00
      1050  1.3124999999999776e+00  1.1988352416340665e-01  4.2757653181995031e-01  6.605354e-01  4.108849e+00  7.766575e+00  3.165763e+01  8.846492e+01  3.250208e+02  3.295700e+00  2.004922e+01  2.0235643841047204e+00
      1060  1.3249999999999773e+00  1.1983000308353679e-01  4.2876386426521412e-01  6.654860e-01  4.119345e+00  7.841008e+00  3.191400e+01  8.965132e+01  3.296138e+02  3.313831e+00  2.034882e+01  2.0462506532613745e+00
      1070  1.3374999999999770e+00  1.1977633271365477e-01  4.2996516874236285e-01  6.703773e-01  4.129764e+00  7.914830e+00  3.216930e+01  9.083400e+01  3.342073e+02  3.332129e+00  2.065114e+01  2.0693771936264485e+00
      1080  1.3499999999999768e+00  1.1972251130598695e-01  4.3118046541568050e-01  6.752081e-01  4.140100e+00  7.988010e+00  3.242334e+01  9.201225e+01  3.387979e+02  3.350575e+00  2.095589e+01  2.0929517505627708e+00
      1090  1.3624999999999765e+00  1.1966853711030140e-01  4.3240977347103304e-01  6.799771e-01  4.150346e+00  8.060518e+00  3.267599e+01  9.318534e+01  3.433823e+02  3.369149e+00  2.126276e+01  2.1169821992522886e+00
      1100  1.3749999999999762e+00  1.1961440837403071e-01  4.3365311108041116e-01  6.846834e-01  4.160497e+00  8.132321e+00  3.292707e+01  9.435251e+01  3.479571e+02  3.387832e+00  2.157143e+01  2.1414765446558315e+00
      1110  1.3874999999999760e+00  1.1956012334240097e-01  4.3491049536621879e-01  6.893256e-01  4.170548e+00  8.203389e+00  3.317642e+01  9.551302e+01  3.525186e+02  3.406605e+00  2.188157e+01  2.1664429213121266e+00
      1120  1.3999999999999757e+00  1.1950568025856753e-01  4.3618194236533459e-01  6.939028e-01  4.180492e+00  8.273689e+00  3.342388e+01  9.666609e+01  3.570634e+02  3.425447e+00  2.219284e+01  2.1918895929658984e+00
      1130  1.4124999999999754e+00  1.1945107736374914e-01  4.3746746699296823e-01  6.984137e-01  4.190324e+00  8.343191e+00  3.366928e+01  9.781097e+01  3.615879e+02  3.444340e+00  2.250492e+01  2.2178249520154703e+00
      1140  1.4249999999999752e+00  1.1939631289737383e-01  4.3876708300632228e-01  7.028572e-01  4.200039e+00  8.411862e+00  3.391245e+01  9.894687e+01  3.660883e+02  3.463263e+00  2.281743e+01  2.2442575187697797e+00
      1150  1.4374999999999749e+00  1.1934138509722408e-01  4.4008080296811097e-01  7.072323e-01  4.209630e+00  8.479672e+00  3.415323e+01  1.000730e+02  3.705609e+02  3.482198e+00  2.313004e+01  2.2711959405046009e+00
      1160  1.4499999999999746e+00  1.1928629219958925e-01  4.4140863820995158e-01  7.115379e-01  4.219092e+00  8.546588e+00  3.439146e+01  1.011886e+02  3.750020e+02  3.501125e+00  2.344237e+01  2.2986489903080614e+00
      1170  1.4624999999999744e+00  1.1923103243942064e-01  4.4275059879558976e-01  7.157728e-01  4.228420e+00  8.612580e+00  3.462697e+01  1.022928e+02  3.794078e+02  3.520023e+00  2.375406e+01  2.3266255657049904e+00
      1180  1.4749999999999741e+00  1.1917560405049363e-01  4.4410669348415471e-01  7.199361e-01  4.237608e+00  8.677617e+00  3.485959e+01  1.033850e+02  3.837746e+02  3.538875e+00  2.406474e+01  2.3551346870502696e+00
      1190  1.4874999999999738e+00  1.1912000526557241e-01  4.4547692969328118e-01  7.240267e-01  4.246652e+00  8.741669e+00  3.508917e+01  1.044642e+02  3.880984e+02  3.557660e+00  2.437403e+01  2.3841854956808590e+00
      1200  1.4999999999999736e+00  1.1906423431658067e-01  4.4686131346229085e-01  7.280435e-01  4.255545e+00  8.804704e+00  3.531553e+01  1.055296e+02  3.923755e+02  3.576360e+00  2.468156e+01  2.4137872518166645e+00
      1210  1.5124999999999733e+00  1.1900828943477373e-01  4.4825984941538155e-01  7.319856e-01  4.264284e+00  8.866693e+00  3.553852e+01  1.065806e+02  3.966021e+02  3.594955e+00  2.498694e+01  2.4439493322005390e+00
      1220  1.5249999999999730e+00  1.1895216885092169e-01  4.4967254072489954e-01  7.358519e-01  4.272862e+00  8.927606e+00  3.575798e+01  1.076164e+02  4.007743e+02  3.613428e+00  2.528979e+01  2.4746812274675767e+00
      1230  1.5374999999999728e+00  1.1889587079548883e-01  4.5109938907475200e-01  7.396415e-01  4.281275e+00  8.987414e+00  3.597376e+01  1.086360e+02  4.048883e+02  3.631759e+00  2.558972e+01  2.5059925392347697e+00
      1240  1.5499999999999725e+00  1.1883939349882537e-01  4.5254039462396983e-01  7.433534e-01  4.289519e+00  9.046089e+00  3.618569e+01  1.096389e+02  4.089404e+02  3.649931e+00  2.588637e+01  2.5378929769020604e+00
      1250  1.5624999999999722e+00  1.1878273519136007e-01  4.5399555597049129e-01  7.469867e-01  4.297588e+00  9.103602e+00  3.639363e+01  1.106241e+02  4.129269e+02  3.667926e+00  2.617933e+01  2.5703923541559672e+00
      1260  1.5749999999999720e+00  1.1872589410379368e-01  4.5546487011523645e-01  7.505404e-01  4.305478e+00  9.159926e+00  3.659743e+01  1.115911e+02  4.168439e+02  3.685726e+00  2.646824e+01  2.6035005851682680e+00
      1270  1.5874999999999717e+00  1.1866886846730657e-01  4.5694833242648158e-01  7.540138e-01  4.313186e+00  9.215033e+00  3.679694e+01  1.125390e+02  4.206880e+02  3.703314e+00  2.675272e+01  2.6372276804818258e+00
      1280  1.5999999999999714e+00  1.1861165651376045e-01  4.5844593660462241e-01  7.574058e-01  4.320706e+00  9.268899e+00  3.699201e+01  1.134671e+02  4.244555e+02  3.720673e+00  2.703240e+01  2.6715837425772255e+00
      1290  1.6124999999999712e+00  1.1855425647591225e-01  4.5995767464739451e-01  7.607158e-01  4.328036e+00  9.321496e+00  3.718252e+01  1.143747e+02  4.281428e+02  3.737788e+00  2.730691e+01  2.7065789611134941e+00
      1300  1.6249999999999709e+00  1.1849666658762563e-01  4.6148353681556653e-01  7.639427e-01  4.335170e+00  9.372801e+00  3.736832e+01  1.152611e+02  4.317466e+02  3.754642e+00  2.757589e+01  2.7422236078381554e+00
      1310  1.6374999999999706e+00  1.1843888508409403e-01  4.6302351159921362e-01  7.670859e-01  4.342105e+00  9.422789e+00  3.754928e+01  1.161257e+02  4.352634e+02  3.771220e+00  2.783898e+01  2.7785280311618443e+00
      1320  1.6499999999999704e+00  1.1838091020206076e-01  4.6457758568463253e-01  7.701445e-01  4.348839e+00  9.471437e+00  3.772528e+01  1.169678e+02  4.386900e+02  3.787508e+00  2.809585e+01  2.8155026503939000e+00
      1330  1.6624999999999701e+00  1.1832274018004880e-01  4.6614574392192393e-01  7.731179e-01  4.355367e+00  9.518723e+00  3.789620e+01  1.177868e+02  4.420233e+02  3.803490e+00  2.834615e+01  2.8531579496365214e+00
      1340  1.6749999999999698e+00  1.1826437325859089e-01  4.6772796929336613e-01  7.760053e-01  4.361686e+00  9.564625e+00  3.806192e+01  1.185820e+02  4.452600e+02  3.819153e+00  2.858955e+01  2.8915044713360980e+00
      1350  1.6874999999999696e+00  1.1820580768046589e-01  4.6932424288259805e-01  7.788059e-01  4.367794e+00  9.609124e+00  3.822232e+01  1.193530e+02  4.483974e+02  3.834484e+00  2.882575e+01  2.9305528094912825e+00
      1360  1.6999999999999693e+00  1.1814704169093779e-01  4.7093454384476185e-01  7.815192e-01  4.373688e+00  9.652199e+00  3.837731e+01  1.200990e+02  4.514325e+02  3.849470e+00  2.905443e+01  2.9703136025188330e+00
      1370  1.7124999999999690e+00  1.1808807353799766e-01  4.7255884937755882e-01  7.841444e-01  4.379366e+00  9.693832e+00  3.852678e+01  1.208197e+02  4.543627e+02  3.864099e+00  2.927530e+01  3.0107975257795259e+00
      1380  1.7249999999999688e+00  1.1802890147261040e-01  4.7419713469341573e-01  7.866810e-01  4.384824e+00  9.734007e+00  3.867064e+01  1.215145e+02  4.571854e+02  3.878361e+00  2.948809e+01  3.0520152837678127e+00
      1390  1.7374999999999685e+00  1.1796952374896610e-01  4.7584937299276076e-01  7.891284e-01  4.390062e+00  9.772706e+00  3.880881e+01  1.221829e+02  4.598981e+02  3.892243e+00  2.969253e+01  3.0939776019702689e+00
      1400  1.7499999999999682e+00  1.1790993862473188e-01  4.7751553543852143e-01  7.914860e-01  4.395077e+00  9.809914e+00  3.894119e+01  1.228244e+02  4.624987e+02  3.905736e+00  2.988837e+01  3.1366952183992076e+00
      1410  1.7624999999999680e+00  1.1785014436130749e-01  4.7919559113188676e-01  7.937532e-01  4.399867e+00  9.845618e+00  3.906771e+01  1.234388e+02  4.649848e+02  3.918831e+00  3.007537e+01  3.1801788748102728e+00
      1420  1.7749999999999677e+00  1.1779013922408348e-01  4.8088950708944728e-01  7.959297e-01  4.404432e+00  9.879804e+00  3.918831e+01  1.240255e+02  4.673547e+02  3.931520e+00  3.025333e+01  3.2244393076126991e+00
      1430  1.7874999999999674e+00  1.1772992148270944e-01  4.8259724822179328e-01  7.980148e-01  4.408771e+00  9.912460e+00  3.930293e+01  1.245843e+02  4.696065e+02  3.943793e+00  3.042203e+01  3.2694872384847162e+00
      1440  1.7999999999999672e+00  1.1766948941134962e-01  4.8431877731360029e-01  8.000083e-01  4.412881e+00  9.943577e+00  3.941150e+01  1.251149e+02  4.717385e+02  3.955644e+00  3.058129e+01  3.3153333647062642e+00
      1450  1.8124999999999669e+00  1.1760884128895607e-01  4.8605405500530724e-01  8.019095e-01  4.416763e+00  9.973144e+00  3.951398e+01  1.256169e+02  4.737494e+02  3.967067e+00  3.073096e+01  3.3619883492243647e+00
      1460  1.8249999999999666e+00  1.1754797539953483e-01  4.8780303977650963e-01  8.037182e-01  4.420417e+00  1.000115e+01  3.961033e+01  1.260901e+02  4.756378e+02  3.978056e+00  3.087088e+01  3.4094628104672897e+00
      1470  1.8374999999999664e+00  1.1748689003241794e-01  4.8956568793104471e-01  8.054341e-01  4.423841e+00  1.002760e+01  3.970052e+01  1.265343e+02  4.774026e+02  3.988605e+00  3.100093e+01  3.4577673119257057e+00
      1480  1.8499999999999661e+00  1.1742558348253605e-01  4.9134195358392863e-01  8.070567e-01  4.427037e+00  1.005247e+01  3.978451e+01  1.269493e+02  4.790429e+02  3.998710e+00  3.112100e+01  3.5069123515209433e+00
      1490  1.8624999999999658e+00  1.1736405405069322e-01  4.9313178865017826e-01  8.085858e-01  4.430004e+00  1.007577e+01  3.986229e+01  1.273351e+02  4.805579e+02  4.008369e+00  3.123100e+01  3.5569083507817343e+00
      1500  1.8749999999999656e+00  1.1730230004384334e-01  4.9493514283557721e-01  8.100211e-01  4.432743e+00  1.009749e+01  3.993385e+01  1.276914e+02  4.819471e+02  4.017579e+00  3.133087e+01  3.6077656438527606e+00
      1510  1.8874999999999653e+00  1.1724031977536170e-01  4.9675196362949703e-01  8.113624e-01  4.435255e+00  1.011763e+01  3.999918e+01  1.280183e+02  4.832102e+02  4.026336e+00  3.142056e+01  3.6594944663600155e+00
      1520  1.8999999999999651e+00  1.1717811156532990e-01  4.9858219629981948e-01  8.126095e-01  4.437541e+00  1.013619e+01  4.005828e+01  1.283156e+02  4.843468e+02  4.034641e+00  3.150003e+01  3.7121049441595622e+00
      1530  1.9124999999999648e+00  1.1711567374080764e-01  5.0042578388995351e-01  8.137621e-01  4.439603e+00  1.015317e+01  4.011117e+01  1.285835e+02  4.853572e+02  4.042493e+00  3.156929e+01  3.7656070819975507e+00
      1540  1.9249999999999645e+00  1.1705300463611584e-01  5.0228266721815729e-01  8.148202e-01  4.441441e+00  1.016857e+01  4.015786e+01  1.288219e+02  4.862413e+02  4.049893e+00  3.162835e+01  3.8200107521113242e+00
      1550  1.9374999999999643e+00  1.1699010259310857e-01  5.0415278487906967e-01  8.157837e-01  4.443058e+00  1.018239e+01  4.019838e+01  1.290310e+02  4.869995e+02  4.056840e+00  3.167723e+01  3.8753256828025155e+00
      1560  1.9499999999999640e+00  1.1692696596145732e-01  5.0603607324759525e-01  8.166523e-01  4.444456e+00  1.019464e+01  4.023275e+01  1.292108e+02  4.876325e+02  4.063338e+00  3.171601e+01  3.9315614470143250e+00
      1570  1.9624999999999637e+00  1.1686359309892269e-01  5.0793246648515178e-01  8.174261e-01  4.445636e+00  1.020532e+01  4.026102e+01  1.293615e+02  4.881410e+02  4.069389e+00  3.174474e+01  3.9887274509465804e+00
      1580  1.9749999999999635e+00  1.1679998237163450e-01  5.0984189654837242e-01  8.181051e-01  4.446603e+00  1.021444e+01  4.028324e+01  1.294833e+02  4.885257e+02  4.074996e+00  3.176352e+01  4.0468329227435422e+00
      1590  1.9874999999999632e+00  1.1673613215436474e-01  5.1176429320020245e-01  8.186892e-01  4.447358e+00  1.022201e+01  4.029944e+01  1.295763e+02  4.887879e+02  4.080164e+00  3.177248e+01  4.1058869012893631e+00
      1600  1.9999999999999629e+00  1.1667204083079999e-01  5.1369958402355509e-01  8.191784e-01  4.447904e+00  1.022803e+01  4.030971e+01  1.296409e+02  4.889287e+02  4.084896e+00  3.177173e+01  4.1658982251488395e+00
      1610  2.0124999999999647e+00  1.1660770679381563e-01  5.1564769443746528e-01  8.195728e-01  4.448246e+00  1.023251e+01  4.031409e+01  1.296774e+02  4.889495e+02  4.089199e+00  3.176144e+01  4.2268755216893616e+00
      1620  2.0249999999999666e+00  1.1654312844574521e-01  5.1760854771578813e-01  8.198725e-01  4.448385e+00  1.023547e+01  4.031267e+01  1.296859e+02  4.888520e+02  4.093079e+00  3.174177e+01  4.2888271964235649e+00
      1630  2.0374999999999686e+00  1.1647830419864300e-01  5.1958206500848614e-01  8.200776e-01  4.448327e+00  1.023691e+01  4.030551e+01  1.296669e+02  4.886378e+02  4.096542e+00  3.171291e+01  4.3517614226095125e+00
      1640  2.0499999999999705e+00  1.1641323247455050e-01  5.2156816536551132e-01  8.201881e-01  4.448074e+00  1.023685e+01  4.029272e+01  1.296208e+02  4.883087e+02  4.099595e+00  3.167506e+01  4.4156861311484432e+00
      1650  2.0624999999999725e+00  1.1634791170576100e-01  5.2356676576326322e-01  8.202043e-01  4.447632e+00  1.023530e+01  4.027438e+01  1.295479e+02  4.878668e+02  4.102248e+00  3.162846e+01  4.4806090008176831e+00
      1660  2.0749999999999744e+00  1.1628234033507054e-01  5.2557778113364917e-01  8.201263e-01  4.447004e+00  1.023227e+01  4.025058e+01  1.294487e+02  4.873143e+02  4.104508e+00  3.157332e+01  4.5465374488790085e+00
      1670  2.0874999999999764e+00  1.1621651681603584e-01  5.2760112439575102e-01  8.199543e-01  4.446196e+00  1.022779e+01  4.022143e+01  1.293236e+02  4.866534e+02  4.106385e+00  3.150991e+01  4.6134786220998389e+00
      1680  2.0999999999999783e+00  1.1615043961322329e-01  5.2963670649011452e-01  8.196885e-01  4.445212e+00  1.022186e+01  4.018704e+01  1.291731e+02  4.858865e+02  4.107889e+00  3.143850e+01  4.6814393882265062e+00
      1690  2.1124999999999803e+00  1.1608410720245201e-01  5.3168443641553809e-01  8.193292e-01  4.444056e+00  1.021451e+01  4.014753e+01  1.289976e+02  4.850161e+02  4.109029e+00  3.135937e+01  4.7504263279472285e+00
      1700  2.1249999999999822e+00  1.1601751807103576e-01  5.3374422126847765e-01  8.188767e-01  4.442735e+00  1.020574e+01  4.010300e+01  1.287978e+02  4.840449e+02  4.109818e+00  3.127281e+01  4.8204457273822996e+00
      1710  2.1374999999999842e+00  1.1595067071801628e-01  5.3581596628501216e-01  8.183312e-01  4.441254e+00  1.019559e+01  4.005359e+01  1.285741e+02  4.829756e+02  4.110265e+00  3.117914e+01  4.8915035711379318e+00
      1720  2.1499999999999861e+00  1.1588356365439854e-01  5.3789957488519446e-01  8.176930e-01  4.439618e+00  1.018406e+01  3.999942e+01  1.283271e+02  4.818110e+02  4.110384e+00  3.107867e+01  4.9636055359590348e+00
      1730  2.1624999999999881e+00  1.1581619540336614e-01  5.3999494871999087e-01  8.169626e-01  4.437832e+00  1.017118e+01  3.994062e+01  1.280574e+02  4.805541e+02  4.110186e+00  3.097173e+01  5.0367569850160416e+00
      1740  2.1749999999999901e+00  1.1574856450050705e-01  5.4210198772054752e-01  8.161401e-01  4.435904e+00  1.015696e+01  3.987734e+01  1.277656e+02  4.792078e+02  4.109683e+00  3.085866e+01  5.1109629628589826e+00
      1750  2.1874999999999920e+00  1.1568066949402044e-01  5.4422059014986646e-01  8.152261e-01  4.433839e+00  1.014144e+01  3.980971e+01  1.274522e+02  4.777752e+02  4.108890e+00  3.073982e+01  5.1862281910695698e+00
      1760  2.1999999999999940e+00  1.1561250894492577e-01  5.4635065265680505e-01  8.142209e-01  4.431644e+00  1.012462e+01  3.973788e+01  1.271179e+02  4.762595e+02  4.107820e+00  3.061557e+01  5.2625570646435182e+00
      1770  2.2124999999999959e+00  1.1554408142725894e-01  5.4849207033226244e-01  8.131249e-01  4.429324e+00  1.010653e+01  3.966199e+01  1.267632e+02  4.746639e+02  4.106486e+00  3.048627e+01  5.3399536491306536e+00
      1780  2.2249999999999979e+00  1.1547538552825951e-01  5.5064473676765124e-01  8.119385e-01  4.426887e+00  1.008719e+01  3.958219e+01  1.263890e+02  4.729915e+02  4.104903e+00  3.035229e+01  5.4184216785596062e+00
      1790  2.2374999999999998e+00  1.1540641984856434e-01  5.5280854411536051e-01  8.106622e-01  4.424339e+00  1.006663e+01  3.949865e+01  1.259957e+02  4.712459e+02  4.103084e+00  3.021403e+01  5.4979645541736035e+00
      1800  2.2500000000000018e+00  1.1533718300237283e-01  5.5498338315137274e-01  8.092964e-01  4.421687e+00  1.004486e+01  3.941150e+01  1.255841e+02  4.694301e+02  4.101046e+00  3.007186e+01  5.5785853439990198e+00
      1810  2.2625000000000037e+00  1.1526767361762372e-01  5.5716914333973810e-01  8.078417e-01  4.418938e+00  1.002191e+01  3.932093e+01  1.251547e+02  4.675478e+02  4.098802e+00  2.992617e+01  5.6602867832692016e+00
      1820  2.2750000000000057e+00  1.1519789033614691e-01  5.5936571289898629e-01  8.062985e-01  4.416099e+00  9.997796e+00  3.922708e+01  1.247083e+02  4.656021e+02  4.096368e+00  2.977737e+01  5.7430712757214364e+00
      1830  2.2875000000000076e+00  1.1512783181382277e-01  5.6157297887027613e-01  8.046673e-01  4.413177e+00  9.972548e+00  3.913012e+01  1.242456e+02  4.635967e+02  4.093759e+00  2.962584e+01  5.8269408957849631e+00
      1840  2.3000000000000096e+00  1.1505749672071820e-01  5.6379082718722051e-01  8.029486e-01  4.410180e+00  9.946187e+00  3.903021e+01  1.237671e+02  4.615347e+02  4.090992e+00  2.947200e+01  5.9118973916741488e+00
      1850  2.3125000000000115e+00  1.1498688374122498e-01  5.6601914274731546e-01  8.011430e-01  4.407115e+00  9.918735e+00  3.892753e+01  1.232735e+02  4.594198e+02  4.088081e+00  2.931624e+01  5.9979421893994393e+00
      1860  2.3250000000000135e+00  1.1491599157418397e-01  5.6825780948486893e-01  7.992510e-01  4.403990e+00  9.890214e+00  3.882223e+01  1.227655e+02  4.572554e+02  4.085042e+00  2.915897e+01  6.0850763977057820e+00
      1870  2.3375000000000155e+00  1.1484481893299717e-01  5.7050671044519485e-01  7.972732e-01  4.400812e+00  9.860649e+00  3.871449e+01  1.222438e+02  4.550448e+02  4.081892e+00  2.900059e+01  6.1733008139469963e+00
      1880  2.3500000000000174e+00  1.1477336454574125e-01  5.7276572786023505e-01  7.952102e-01  4.397589e+00  9.830060e+00  3.860448e+01  1.217090e+02  4.527914e+02  4.078647e+00  2.884150e+01  6.2626159309004681e+00
      1890  2.3625000000000194e+00  1.1470162715525908e-01  5.7503474322518977e-01  7.930625e-01  4.394329e+00  9.798472e+00  3.849237e+01  1.211618e+02  4.504988e+02  4.075322e+00  2.868212e+01  6.3530219445260876e+00
      1900  2.3750000000000213e+00  1.1462960551924627e-01  5.7731363737625729e-01  7.908307e-01  4.391039e+00  9.765906e+00  3.837833e+01  1.206027e+02  4.481701e+02  4.071934e+00  2.852284e+01  6.4445187626698974e+00
      1910  2.3875000000000233e+00  1.1455729841033258e-01  5.7960229056925583e-01  7.885155e-01  4.387728e+00  9.732384e+00  3.826254e+01  1.200325e+02  4.458089e+02  4.068498e+00  2.836406e+01  6.5371060147101883e+00
      1920  2.4000000000000252e+00  1.1448470461614688e-01  5.8190058255909671e-01  7.861174e-01  4.384403e+00  9.697928e+00  3.814516e+01  1.194517e+02  4.434184e+02  4.065032e+00  2.820619e+01  6.6307830621430695e+00
      1930  2.4125000000000272e+00  1.1441182293937607e-01  5.8420839267989222e-01  7.836371e-01  4.381072e+00  9.662559e+00  3.802637e+01  1.188610e+02  4.410018e+02  4.061551e+00  2.804961e+01  6.7255490101008588e+00
      1940  2.4250000000000291e+00  1.1433865219781297e-01  5.8652559992563169e-01  7.810752e-01  4.377744e+00  9.626300e+00  3.790634e+01  1.182609e+02  4.385625e+02  4.058071e+00  2.789472e+01  6.8214027197944205e+00
      1950  2.4375000000000311e+00  1.1426519122438955e-01  5.8885208303132996e-01  7.784324e-01  4.374426e+00  9.589169e+00  3.778524e+01  1.176520e+02  4.361036e+02  4.054608e+00  2.774191e+01  6.9183428218699206e+00
      1960  2.4500000000000330e+00  1.1419143886721049e-01  5.9118772055443758e-01  7.757093e-01  4.371127e+00  9.551189e+00  3.766325e+01  1.170349e+02  4.336283e+02  4.051178e+00  2.759156e+01  7.0163677306665004e+00
      1970  2.4625000000000350e+00  1.1411739398956491e-01  5.9353239095651711e-01  7.729065e-01  4.367854e+00  9.512378e+00  3.754053e+01  1.164102e+02  4.311397e+02  4.047798e+00  2.744405e+01  7.1154756593600812e+00
      1980  2.4750000000000369e+00  1.1404305546994038e-01  5.9588597268490073e-01  7.700248e-01  4.364617e+00  9.472756e+00  3.741726e+01  1.157784e+02  4.286409e+02  4.044482e+00  2.729976e+01  7.2156646359770864e+00
      1990  2.4875000000000389e+00  1.1396842220200770e-01  5.9824834425439344e-01  7.670648e-01  4.361422e+00  9.432341e+00  3.729360e+01  1.151400e+02  4.261348e+02  4.041246e+00  2.715905e+01  7.3169325202595417e+00
      2000  2.5000000000000409e+00  1.1389349309462186e-01  6.0061938432873152e-01  7.640271e-01  4.358278e+00  9.391153e+00  3.716973e+01  1.144956e+02  4.236245e+02  4.038107e+00  2.702229e+01  7.4192770213597985e+00
      2010  2.5125000000000428e+00  1.1381826707178477e-01  6.0299897180179451e-01  7.609126e-01  4.355193e+00  9.349208e+00  3.704582e+01  1.138455e+02  4.211127e+02  4.035078e+00  2.688984e+01  7.5226957163447299e+00
      2020  2.5250000000000448e+00  1.1374274307262222e-01  6.0538698587838247e-01  7.577217e-01  4.352175e+00  9.306524e+00  3.692202e+01  1.131904e+02  4.186025e+02  4.032177e+00  2.676205e+01  7.6271860694838303e+00
      2030  2.5375000000000467e+00  1.1366692005133318e-01  6.0778330615447806e-01  7.544554e-01  4.349232e+00  9.263117e+00  3.679851e+01  1.125306e+02  4.160964e+02  4.029416e+00  2.663926e+01  7.7327454522966832e+00
      2040  2.5500000000000487e+00  1.1359079697713770e-01  6.1018781269687361e-01  7.511142e-01  4.346373e+00  9.219003e+00  3.667546e+01  1.118665e+02  4.135974e+02  4.026812e+00  2.652181e+01  7.8393711643322472e+00
      2050  2.5625000000000506e+00  1.1351437283421549e-01  6.1260038612201906e-01  7.476989e-01  4.343605e+00  9.174197e+00  3.655302e+01  1.111987e+02  4.111080e+02  4.024378e+00  2.641004e+01  7.9470604546526946e+00
      2060  2.5750000000000526e+00  1.1343764662163075e-01  6.1502090767402651e-01  7.442101e-01  4.340936e+00  9.128714e+00  3.643136e+01  1.105274e+02  4.086308e+02  4.022130e+00  2.630428e+01  8.0558105439908267e+00
      2070  2.5875000000000545e+00  1.1336061735324596e-01  6.1744925930172090e-01  7.406487e-01  4.338375e+00  9.082566e+00  3.631064e+01  1.098531e+02  4.061685e+02  4.020082e+00  2.620484e+01  8.1656186475514119e+00
      2080  2.6000000000000565e+00  1.1328328405763489e-01  6.1988532373452832e-01  7.370153e-01  4.335928e+00  9.035768e+00  3.619102e+01  1.091760e+02  4.037234e+02  4.018247e+00  2.611204e+01  8.2764819984233355e+00
      2090  2.6125000000000584e+00  1.1320564577797311e-01  6.2232898455730901e-01  7.333107e-01  4.333604e+00  8.988332e+00  3.607265e+01  1.084965e+02  4.012981e+02  4.016639e+00  2.602618e+01  8.3883978715707777e+00
      2100  2.6250000000000604e+00  1.1312770157193455e-01  6.2478012628379243e-01  7.295355e-01  4.331411e+00  8.940268e+00  3.595571e+01  1.078150e+02  3.988950e+02  4.015273e+00  2.594756e+01  8.5013636083682744e+00
      2110  2.6375000000000624e+00  1.1304945051156468e-01  6.2723863442872463e-01  7.256906e-01  4.329356e+00  8.891589e+00  3.584033e+01  1.071316e+02  3.965163e+02  4.014161e+00  2.587648e+01  8.6153766416450104e+00
      2120  2.6500000000000643e+00  1.1297089168315456e-01  6.2970439557847890e-01  7.217766e-01  4.327448e+00  8.842302e+00  3.572668e+01  1.064467e+02  3.941643e+02  4.013316e+00  2.581321e+01  8.7304345212036534e+00
      2130  2.6625000000000663e+00  1.1289202418709963e-01  6.3217729746016227e-01  7.177943e-01  4.325692e+00  8.792419e+00  3.561490e+01  1.057605e+02  3.918413e+02  4.012751e+00  2.575805e+01  8.8465349397756921e+00
      2140  2.6750000000000682e+00  1.1281284713775468e-01  6.3465722900907795e-01  7.137445e-01  4.324098e+00  8.741948e+00  3.550516e+01  1.050732e+02  3.895495e+02  4.012480e+00  2.571126e+01  8.9636757593763008e+00
      2150  2.6875000000000702e+00  1.1273335966327910e-01  6.3714408043440529e-01  7.096279e-01  4.322671e+00  8.690895e+00  3.539759e+01  1.043849e+02  3.872909e+02  4.012514e+00  2.567311e+01  9.0818550380236065e+00
      2160  2.7000000000000721e+00  1.1265356090547289e-01  6.3963774328318279e-01  7.054453e-01  4.321421e+00  8.639269e+00  3.529235e+01  1.036958e+02  3.850677e+02  4.012866e+00  2.564385e+01  9.2010710567789378e+00
      2170  2.7125000000000741e+00  1.1257345001960545e-01  6.4213811050235359e-01  7.011974e-01  4.320352e+00  8.587075e+00  3.518958e+01  1.030062e+02  3.828819e+02  4.013547e+00  2.562375e+01  9.3213223470751583e+00
      2180  2.7250000000000760e+00  1.1249302617423618e-01  6.4464507649885217e-01  6.968849e-01  4.319474e+00  8.534318e+00  3.508944e+01  1.023160e+02  3.807355e+02  4.014570e+00  2.561304e+01  9.4426077182878991e+00
      2190  2.7375000000000780e+00  1.1241228855102872e-01  6.4715853719778660e-01  6.925088e-01  4.318792e+00  8.481004e+00  3.499205e+01  1.016253e+02  3.786305e+02  4.015946e+00  2.561198e+01  9.5649262855161012e+00
      2200  2.7500000000000799e+00  1.1233123634456035e-01  6.4967839009846118e-01  6.880696e-01  4.318314e+00  8.427136e+00  3.489757e+01  1.009344e+02  3.765688e+02  4.017686e+00  2.562079e+01  9.6882774975256503e+00
      2210  2.7625000000000819e+00  1.1224986876211973e-01  6.5220453432834624e-01  6.835682e-01  4.318046e+00  8.372717e+00  3.480614e+01  1.002431e+02  3.745524e+02  4.019801e+00  2.563972e+01  9.8126611648212787e+00
      2220  2.7750000000000838e+00  1.1216818502349718e-01  6.5473687069480757e-01  6.790054e-01  4.317995e+00  8.317750e+00  3.471789e+01  9.955148e+01  3.725830e+02  4.022303e+00  2.566898e+01  9.9380774878005873e+00
      2230  2.7875000000000858e+00  1.1208618436077515e-01  6.5727530173473081e-01  6.743819e-01  4.318166e+00  8.262236e+00  3.463296e+01  9.885957e+01  3.706625e+02  4.025202e+00  2.570879e+01  1.0064527084955067e+01
      2240  2.8000000000000878e+00  1.1200386601811008e-01  6.5981973176183728e-01  6.696986e-01  4.318568e+00  8.206178e+00  3.455150e+01  9.816734e+01  3.687928e+02  4.028509e+00  2.575938e+01  1.0192011021071396e+01
      2250  2.8125000000000897e+00  1.1192122925150255e-01  6.6237006691162259e-01  6.649562e-01  4.319205e+00  8.149574e+00  3.447363e+01  9.747472e+01  3.669756e+02  4.032234e+00  2.582096e+01  1.0320530835394681e+01
      2260  2.8250000000000917e+00  1.1183827332857371e-01  6.6492621518413175e-01  6.601555e-01  4.320083e+00  8.092424e+00  3.439949e+01  9.678165e+01  3.652127e+02  4.036388e+00  2.589374e+01  1.0450088569711614e+01
      2270  2.8375000000000936e+00  1.1175499752832500e-01  6.6748808648424129e-01  6.552972e-01  4.321210e+00  8.034729e+00  3.432921e+01  9.608802e+01  3.635059e+02  4.040979e+00  2.597792e+01  1.0580686796308424e+01
      2280  2.8500000000000956e+00  1.1167140114089537e-01  6.7005559265962822e-01  6.503823e-01  4.322589e+00  7.976486e+00  3.426293e+01  9.539372e+01  3.618570e+02  4.046019e+00  2.607372e+01  1.0712328645766590e+01
      2290  2.8625000000000975e+00  1.1158748346732347e-01  6.7262864753632945e-01  6.454115e-01  4.324228e+00  7.917693e+00  3.420077e+01  9.469861e+01  3.602677e+02  4.051518e+00  2.618132e+01  1.0845017834548003e+01
      2300  2.8750000000000995e+00  1.1150324381929450e-01  6.7520716695185312e-01  6.403855e-01  4.326130e+00  7.858347e+00  3.414286e+01  9.400253e+01  3.587397e+02  4.057484e+00  2.630094e+01  1.0978758692330079e+01
      2310  2.8875000000001014e+00  1.1141868151888062e-01  6.7779106878587458e-01  6.353052e-01  4.328302e+00  7.798446e+00  3.408933e+01  9.330529e+01  3.572748e+02  4.063927e+00  2.643278e+01  1.1113556189047401e+01
      2320  2.9000000000001034e+00  1.1133379589829595e-01  6.8038027298848780e-01  6.301714e-01  4.330749e+00  7.737985e+00  3.404031e+01  9.260669e+01  3.558747e+02  4.070858e+00  2.657703e+01  1.1249415961592547e+01
      2330  2.9125000000001053e+00  1.1124858629962990e-01  6.8297470160604867e-01  6.249850e-01  4.333475e+00  7.676960e+00  3.399591e+01  9.190651e+01  3.545411e+02  4.078285e+00  2.673389e+01  1.1386344340137661e+01
      2340  2.9250000000001073e+00  1.1116305207457944e-01  6.8557427880442434e-01  6.197466e-01  4.336485e+00  7.615367e+00  3.395627e+01  9.120451e+01  3.532759e+02  4.086218e+00  2.690357e+01  1.1524348374026923e+01
      2350  2.9375000000001092e+00  1.1107719258419171e-01  6.8817893088997828e-01  6.144572e-01  4.339784e+00  7.553201e+00  3.392150e+01  9.050042e+01  3.520807e+02  4.094667e+00  2.708627e+01  1.1663435857197461e+01
      2360  2.9500000000001112e+00  1.1099100719858929e-01  6.9078858632800766e-01  6.091176e-01  4.343375e+00  7.490455e+00  3.389173e+01  8.979396e+01  3.509574e+02  4.103640e+00  2.728219e+01  1.1803615353082877e+01
      2370  2.9625000000001132e+00  1.1090449529669770e-01  6.9340317575867516e-01  6.037286e-01  4.347264e+00  7.427126e+00  3.386707e+01  8.908484e+01  3.499077e+02  4.113147e+00  2.749153e+01  1.1944896218951699e+01
      2380  2.9750000000001151e+00  1.1081765626598272e-01  6.9602263201065639e-01  5.982910e-01  4.351454e+00  7.363205e+00  3.384765e+01  8.837274e+01  3.489334e+02  4.123198e+00  2.771452e+01  1.2087288629635349e+01
      2390  2.9875000000001171e+00  1.1073048950216530e-01  6.9864689011225689e-01  5.928056e-01  4.355949e+00  7.298688e+00  3.383357e+01  8.765734e+01  3.480364e+02  4.133802e+00  2.795137e+01  1.2230803600596051e+01
      2400  3.0000000000001190e+00  1.1064299440894680e-01  7.0127588730014934e-01  5.872733e-01  4.360752e+00  7.233567e+00  3.382496e+01  8.693827e+01  3.472183e+02  4.144969e+00  2.820230e+01  1.2375453010288156e+01
      2410  3.0125000000001210e+00  1.1055517039773965e-01  7.0390956302570395e-01  5.816950e-01  4.365867e+00  7.167836e+00  3.382192e+01  8.621519e+01  3.464812e+02  4.156708e+00  2.846753e+01  1.2521249621760996e+01
      2420  3.0250000000001229e+00  1.1046701688738654e-01  7.0654785895900329e-01  5.760714e-01  4.371297e+00  7.101487e+00  3.382457e+01  8.548772e+01  3.458269e+02  4.169029e+00  2.874730e+01  1.2668207103454639e+01
      2430  3.0375000000001249e+00  1.1037853330388220e-01  7.0919071899041519e-01  5.704035e-01  4.377045e+00  7.034515e+00  3.383302e+01  8.475547e+01  3.452572e+02  4.181943e+00  2.904185e+01  1.2816340049135420e+01
      2440  3.0500000000001268e+00  1.1028971908009549e-01  7.1183808922989844e-01  5.646920e-01  4.383113e+00  6.966911e+00  3.384738e+01  8.401803e+01  3.447741e+02  4.195458e+00  2.935144e+01  1.2965663996919668e+01
      2450  3.0625000000001288e+00  1.1020057365549481e-01  7.1448991800395523e-01  5.589378e-01  4.389505e+00  6.898668e+00  3.386775e+01  8.327501e+01  3.443795e+02  4.209586e+00  2.967633e+01  1.3116195447330487e+01
      2460  3.0750000000001307e+00  1.1011109647586476e-01  7.1714615585034802e-01  5.531418e-01  4.396222e+00  6.829780e+00  3.389424e+01  8.252597e+01  3.440754e+02  4.224337e+00  3.001679e+01  1.3267951880332452e+01
      2470  3.0875000000001327e+00  1.1002128699304486e-01  7.1980675551047313e-01  5.473049e-01  4.403267e+00  6.760239e+00  3.392695e+01  8.177049e+01  3.438637e+02  4.239721e+00  3.037309e+01  1.3420951771287815e+01
      2480  3.1000000000001346e+00  1.0993114466463172e-01  7.2247167191955386e-01  5.414279e-01  4.410641e+00  6.690039e+00  3.396598e+01  8.100812e+01  3.437465e+02  4.255749e+00  3.074555e+01  1.3575214605775248e+01
      2490  3.1125000000001366e+00  1.0984066895373278e-01  7.2514086219463003e-01  5.355117e-01  4.418346e+00  6.619172e+00  3.401144e+01  8.023842e+01  3.437259e+02  4.272434e+00  3.113446e+01  1.3730760893210380e+01
      2500  3.1250000000001386e+00  1.0974985932867000e-01  7.2781428562027650e-01  5.295571e-01  4.426384e+00  6.547632e+00  3.406341e+01  7.946094e+01  3.438038e+02  4.289785e+00  3.154016e+01  1.3887612179208169e+01
      2510  3.1375000000001405e+00  1.0965871526272430e-01  7.3049190363225980e-01  5.235651e-01  4.434756e+00  6.475412e+00  3.412199e+01  7.867523e+01  3.439823e+02  4.307816e+00  3.196298e+01  1.4045791056621855e+01
      2520  3.1500000000001425e+00  1.0956723623386255e-01  7.3317367979896464e-01  5.175365e-01  4.443463e+00  6.402506e+00  3.418728e+01  7.788081e+01  3.442636e+02  4.326537e+00  3.240328e+01  1.4205321175193028e+01
      2530  3.1625000000001444e+00  1.0947542172447729e-01  7.3585957980077088e-01  5.114722e-01  4.452505e+00  6.328908e+00  3.425936e+01  7.707722e+01  3.446496e+02  4.345963e+00  3.286145e+01  1.4366227249745569e+01
      2540  3.1750000000001464e+00  1.0938327122111342e-01  7.3854957140728872e-01  5.053731e-01  4.461884e+00  6.254613e+00  3.433832e+01  7.626401e+01  3.451427e+02  4.366105e+00  3.333786e+01  1.4528535066854698e+01
      2550  3.1875000000001483e+00  1.0929078421422586e-01  7.4124362445255265e-01  4.992401e-01  4.471599e+00  6.179615e+00  3.442424e+01  7.544071e+01  3.457448e+02  4.386977e+00  3.383294e+01  1.4692271489918431e+01
      2560  3.2000000000001503e+00  1.0919796019789935e-01  7.4394171080817373e-01  4.930742e-01  4.481650e+00  6.103910e+00  3.451721e+01  7.460685e+01  3.464582e+02  4.408592e+00  3.434713e+01  1.4857464462556026e+01
      2570  3.2125000000001522e+00  1.0910479866962280e-01  7.4664380435445232e-01  4.868761e-01  4.492038e+00  6.027493e+00  3.461730e+01  7.376197e+01  3.472850e+02  4.430966e+00  3.488088e+01  1.5024143010262861e+01
      2580  3.2250000000001542e+00  1.0901129913001700e-01  7.4934988094947652e-01  4.806469e-01  4.502763e+00  5.950360e+00  3.472460e+01  7.290562e+01  3.482273e+02  4.454112e+00  3.543467e+01  1.5192337240235485e+01
      2590  3.2375000000001561e+00  1.0891746108260539e-01  7.5205991839626385e-01  4.743874e-01  4.513822e+00  5.872507e+00  3.483916e+01  7.203734e+01  3.492874e+02  4.478046e+00  3.600900e+01  1.5362078339293518e+01
      2600  3.2500000000001581e+00  1.0882328403356048e-01  7.5477389640793413e-01  4.680986e-01  4.525217e+00  5.793933e+00  3.496106e+01  7.115669e+01  3.504673e+02  4.502783e+00  3.660442e+01  1.5533398569812100e+01
      2610  3.2625000000001600e+00  1.0872876749147541e-01  7.5749179657087162e-01  4.617814e-01  4.536945e+00  5.714634e+00  3.509036e+01  7.026323e+01  3.517692e+02  4.528339e+00  3.722147e+01  1.5706331263581912e+01
      2620  3.2750000000001620e+00  1.0863391096713305e-01  7.6021360230613211e-01  4.554367e-01  4.549005e+00  5.634609e+00  3.522712e+01  6.935653e+01  3.531952e+02  4.554732e+00  3.786074e+01  1.5880910813507448e+01
      2630  3.2875000000001640e+00  1.0853871397327479e-01  7.6293929882867828e-01  4.490656e-01  4.561397e+00  5.553857e+00  3.537141e+01  6.843618e+01  3.547475e+02  4.581978e+00  3.852285e+01  1.6057172663058878e+01
      2640  3.3000000000001659e+00  1.0844317602437997e-01  7.6566887310499021e-01  4.426688e-01  4.574118e+00  5.472377e+00  3.552327e+01  6.750176e+01  3.564280e+02  4.610095e+00  3.920844e+01  1.6235153293386180e+01
      2650  3.3125000000001679e+00  1.0834729663644979e-01  7.6840231380858171e-01  4.362474e-01  4.587166e+00  5.390170e+00  3.568276e+01  6.655288e+01  3.582390e+02  4.639102e+00  3.991818e+01  1.6414890208000852e+01
      2660  3.3250000000001698e+00  1.0825107532679965e-01  7.7113961127378672e-01  4.298024e-01  4.600538e+00  5.307237e+00  3.584991e+01  6.558917e+01  3.601823e+02  4.669017e+00  4.065278e+01  1.6596421914938958e+01
      2670  3.3375000000001718e+00  1.0815451161384765e-01  7.7388075744768958e-01  4.233347e-01  4.614234e+00  5.223578e+00  3.602476e+01  6.461026e+01  3.622600e+02  4.699861e+00  4.141299e+01  1.6779787906303724e+01
      2680  3.3500000000001737e+00  1.0805760501692785e-01  7.7662574584016109e-01  4.168452e-01  4.628250e+00  5.139197e+00  3.620736e+01  6.361580e+01  3.644739e+02  4.731654e+00  4.219958e+01  1.6965028635104375e+01
      2690  3.3625000000001757e+00  1.0796035505608492e-01  7.7937457147216915e-01  4.103350e-01  4.642582e+00  5.054098e+00  3.639773e+01  6.260546e+01  3.668260e+02  4.764417e+00  4.301337e+01  1.7152185489289394e+01
      2700  3.3750000000001776e+00  1.0786276125189456e-01  7.8212723082229174e-01  4.038051e-01  4.657229e+00  4.968282e+00  3.659589e+01  6.157894e+01  3.693181e+02  4.798171e+00  4.385521e+01  1.7341300762882838e+01
      2710  3.3875000000001796e+00  1.0776482312529054e-01  7.8488372177137777e-01  3.972564e-01  4.672186e+00  4.881757e+00  3.680187e+01  6.053593e+01  3.719519e+02  4.832940e+00  4.472599e+01  1.7532417624140280e+01
      2720  3.4000000000001815e+00  1.0766654019738292e-01  7.8764404354566397e-01  3.906899e-01  4.687451e+00  4.794526e+00  3.701568e+01  5.947618e+01  3.747290e+02  4.868746e+00  4.562666e+01  1.7725580080618329e+01
      2730  3.4125000000001835e+00  1.0756791198929366e-01  7.9040819665797268e-01  3.841067e-01  4.703019e+00  4.706597e+00  3.723734e+01  5.839944e+01  3.776511e+02  4.905613e+00  4.655820e+01  1.7920832941092129e+01
      2740  3.4250000000001855e+00  1.0746893802201615e-01  7.9317618284742708e-01  3.775077e-01  4.718886e+00  4.617976e+00  3.746683e+01  5.730548e+01  3.807197e+02  4.943566e+00  4.752163e+01  1.8118221774223557e+01
      2750  3.4375000000001874e+00  1.0736961781623910e-01  7.9594800501736973e-01  3.708941e-01  4.735048e+00  4.528671e+00  3.770416e+01  5.619410e+01  3.839361e+02  4.982631e+00  4.851804e+01  1.8317792863903975e+01
      2760  3.4500000000001894e+00  1.0726995089222646e-01  7.9872366717186849e-01  3.642668e-01  4.751501e+00  4.438692e+00  3.794933e+01  5.506513e+01  3.873016e+02  5.022834e+00  4.954856e+01  1.8519593161207894e+01
      2770  3.4625000000001913e+00  1.0716993676967769e-01  8.0150317435041618e-01  3.576269e-01  4.768240e+00  4.348047e+00  3.820231e+01  5.391842e+01  3.908175e+02  5.064203e+00  5.061439e+01  1.8723670232882455e+01
      2780  3.4750000000001933e+00  1.0706957496760078e-01  8.0428653256147520e-01  3.509754e-01  4.785260e+00  4.256747e+00  3.846308e+01  5.275385e+01  3.944848e+02  5.106766e+00  5.171677e+01  1.8930072206326059e+01
      2790  3.4875000000001952e+00  1.0696886500419339e-01  8.0707374871421167e-01  3.443134e-01  4.802555e+00  4.164803e+00  3.873162e+01  5.157133e+01  3.983044e+02  5.150552e+00  5.285704e+01  1.9138847710995570e+01
      2800  3.5000000000001972e+00  1.0686780639673918e-01  8.0986483054919023e-01  3.376419e-01  4.820122e+00  4.072227e+00  3.900789e+01  5.037078e+01  4.022772e+02  5.195593e+00  5.403656e+01  1.9350045816224142e+01
      2810  3.5125000000001991e+00  1.0676639866150407e-01  8.1265978656747162e-01  3.309622e-01  4.837953e+00  3.979033e+00  3.929185e+01  4.915217e+01  4.064038e+02  5.241919e+00  5.525682e+01  1.9563715965405954e+01
      2820  3.5250000000002011e+00  1.0666464131365311e-01  8.1545862595869678e-01  3.242751e-01  4.856044e+00  3.885233e+00  3.958346e+01  4.791549e+01  4.106847e+02  5.289563e+00  5.651936e+01  1.9779907906556609e+01
      2830  3.5375000000002030e+00  1.0656253386716132e-01  8.1826135852788062e-01  3.175819e-01  4.874387e+00  3.790841e+00  3.988265e+01  4.666076e+01  4.151204e+02  5.338559e+00  5.782582e+01  1.9998671619236298e+01
      2840  3.5500000000002050e+00  1.0646007583473928e-01  8.2106799462116842e-01  3.108836e-01  4.892978e+00  3.695874e+00  4.018936e+01  4.538801e+01  4.197109e+02  5.388942e+00  5.917793e+01  2.0220057237875640e+01
      2850  3.5625000000002069e+00  1.0635726672777968e-01  8.2387854505073443e-01  3.041814e-01  4.911809e+00  3.600347e+00  4.050352e+01  4.409734e+01  4.244565e+02  5.440749e+00  6.057753e+01  2.0444114971527213e+01
      2860  3.5750000000002089e+00  1.0625410605629876e-01  8.2669302101853881e-01  2.974764e-01  4.930873e+00  3.504276e+00  4.082506e+01  4.278884e+01  4.293569e+02  5.494018e+00  6.202659e+01  2.0670895020119225e+01
      2870  3.5875000000002109e+00  1.0615059332889300e-01  8.2951143403956440e-01  2.907698e-01  4.950165e+00  3.407679e+00  4.115389e+01  4.146266e+01  4.344118e+02  5.548789e+00  6.352719e+01  2.0900447487274839e+01
      2880  3.6000000000002128e+00  1.0604672805270084e-01  8.3233379586434464e-01  2.840626e-01  4.969676e+00  3.310574e+00  4.148992e+01  4.011895e+01  4.396208e+02  5.605102e+00  6.508154e+01  2.1132822289819210e+01
      2890  3.6125000000002148e+00  1.0594250973338623e-01  8.3516011840076354e-01  2.773561e-01  4.989400e+00  3.212980e+00  4.183304e+01  3.875791e+01  4.449832e+02  5.663001e+00  6.669204e+01  2.1368069064082945e+01
      2900  3.6250000000002167e+00  1.0583793787511674e-01  8.3799041363559157e-01  2.706515e-01  5.009328e+00  3.114915e+00  4.218314e+01  3.737976e+01  4.504982e+02  5.722530e+00  6.836122e+01  2.1606237069167506e+01
      2910  3.6375000000002187e+00  1.0573301198056026e-01  8.4082469355566802e-01  2.639498e-01  5.029454e+00  3.016401e+00  4.254012e+01  3.598475e+01  4.561646e+02  5.783737e+00  7.009182e+01  2.1847375087344759e+01
      2920  3.6500000000002206e+00  1.0562773155089070e-01  8.4366297006877145e-01  2.572524e-01  5.049768e+00  2.917457e+00  4.290384e+01  3.457316e+01  4.619811e+02  5.846671e+00  7.188678e+01  2.2091531321784622e+01
      2930  3.6625000000002226e+00  1.0552209608580865e-01  8.4650525492446249e-01  2.505605e-01  5.070264e+00  2.818106e+00  4.327417e+01  3.314529e+01  4.679465e+02  5.911382e+00  7.374924e+01  2.2338753291859895e+01
      2940  3.6750000000002245e+00  1.0541610508355403e-01  8.4935155963488373e-01  2.438751e-01  5.090932e+00  2.718368e+00  4.365096e+01  3.170147e+01  4.740588e+02  5.977925e+00  7.568262e+01  2.2589087726265561e+01
      2950  3.6875000000002265e+00  1.0530975804094594e-01  8.5220189539576974e-01  2.371977e-01  5.111764e+00  2.618267e+00  4.403408e+01  3.024207e+01  4.803163e+02  6.046355e+00  7.769061e+01  2.2842580454244704e+01
      2960  3.7000000000002284e+00  1.0520305445343797e-01  8.5505627300751996e-01  2.305294e-01  5.132751e+00  2.517826e+00  4.442336e+01  2.876746e+01  4.867169e+02  6.116732e+00  7.977717e+01  2.3099276295228968e+01
      2970  3.7125000000002304e+00  1.0509599381515261e-01  8.5791470279665727e-01  2.238715e-01  5.153885e+00  2.417068e+00  4.481862e+01  2.727805e+01  4.932582e+02  6.189117e+00  8.194663e+01  2.3359218947230943e+01
      2980  3.7250000000002323e+00  1.0498857561895743e-01  8.6077719453764590e-01  2.172253e-01  5.175155e+00  2.316016e+00  4.521971e+01  2.577428e+01  4.999376e+02  6.263577e+00  8.420365e+01  2.3622450874338803e+01
      2990  3.7375000000002343e+00  1.0488079935654485e-01  8.6364375737509747e-01  2.105920e-01  5.196553e+00  2.214697e+00  4.562643e+01  2.425658e+01  5.067525e+02  6.340178e+00  8.655330e+01  2.3889013193707061e+01
      3000  3.7500000000002363e+00  1.0477266451849680e-01  8.6651439974647926e-01  2.039729e-01  5.218069e+00  2.113134e+00  4.603859e+01  2.272545e+01  5.136999e+02  6.418994e+00  8.900111e+01  2.4158945562435648e+01
      3010  3.7625000000002382e+00  1.0466417059439788e-01  8.6938912930540868e-01  1.973694e-01  5.239693e+00  2.011354e+00  4.645600e+01  2.118138e+01  5.207764e+02  6.500099e+00  9.155305e+01  2.4432286064773265e+01
      3020  3.7750000000002402e+00  1.0455531707292602e-01  8.7226795284538283e-01  1.907827e-01  5.261416e+00  1.909382e+00  4.687843e+01  1.962488e+01  5.279788e+02  6.583573e+00  9.421565e+01  2.4709071100067263e+01
      3030  3.7875000000002421e+00  1.0444610344196656e-01  8.7515087622406418e-01  1.842142e-01  5.283228e+00  1.807244e+00  4.730568e+01  1.805649e+01  5.353033e+02  6.669500e+00  9.699600e+01  2.4989335271931125e+01
      3040  3.8000000000002441e+00  1.0433652918873695e-01  8.7803790428803241e-01  1.776652e-01  5.305117e+00  1.704968e+00  4.773752e+01  1.647676e+01  5.427461e+02  6.757968e+00  9.990183e+01  2.5273111279082187e+01
      3050  3.8125000000002460e+00  1.0422659379992172e-01  8.8092904079806189e-01  1.711371e-01  5.327075e+00  1.602581e+00  4.817372e+01  1.488626e+01  5.503031e+02  6.849069e+00  1.029416e+02  2.5560429808322109e+01
      3060  3.8250000000002480e+00  1.0411629676179554e-01  8.8382428835465388e-01  1.646312e-01  5.349090e+00  1.500110e+00  4.861403e+01  1.328558e+01  5.579700e+02  6.942901e+00  1.061243e+02  2.5851319430141459e+01
      3070  3.8375000000002499e+00  1.0400563756039144e-01  8.8672364832392181e-01  1.581490e-01  5.371151e+00  1.397583e+00  4.905821e+01  1.167532e+01  5.657422e+02  7.039566e+00  1.094601e+02  2.6145806497414391e+01
      3080  3.8500000000002519e+00  1.0389461568165846e-01  8.8962712076345329e-01  1.516917e-01  5.393249e+00  1.295028e+00  4.950600e+01  1.005611e+01  5.736150e+02  7.139172e+00  1.129598e+02  2.6443915047663786e+01
      3090  3.8625000000002538e+00  1.0378323061161361e-01  8.9253470434839211e-01  1.452608e-01  5.415372e+00  1.192475e+00  4.995712e+01  8.428561e+00  5.815836e+02  7.241832e+00  1.166351e+02  2.6745666709345535e+01
      3100  3.8750000000002558e+00  1.0367148183654032e-01  8.9544639629694434e-01  1.388577e-01  5.437509e+00  1.089952e+00  5.041132e+01  6.793332e+00  5.896426e+02  7.347664e+00  1.204989e+02  2.7051080612615294e+01
      3110  3.8875000000002577e+00  1.0355936884315542e-01  8.9836219229582981e-01  1.324839e-01  5.459650e+00  9.874888e-01  5.086832e+01  5.151077e+00  5.977867e+02  7.456793e+00  1.245652e+02  2.7360173304992010e+01
      3120  3.9000000000002597e+00  1.0344689111882463e-01  9.0128208642476149e-01  1.261407e-01  5.481782e+00  8.851152e-01  5.132781e+01  3.502464e+00  6.060105e+02  7.569349e+00  1.288491e+02  2.7672958672343945e+01
      3130  3.9125000000002617e+00  1.0333404815174659e-01  9.0420607108026074e-01  1.198296e-01  5.503896e+00  7.828612e-01  5.178953e+01  1.848174e+00  6.143080e+02  7.685468e+00  1.333669e+02  2.7989447865565012e+01
      3140  3.9250000000002636e+00  1.0322083943119303e-01  9.0713413689784783e-01  1.135520e-01  5.525979e+00  6.807573e-01  5.225315e+01  1.888998e-01  6.226735e+02  7.805292e+00  1.381365e+02  2.8309649233309571e+01
      3150  3.9375000000002656e+00  1.0310726444771239e-01  9.1006627267322848e-01  1.073094e-01  5.548021e+00  5.788344e-01  5.271839e+01 -1.474657e+00  6.311007e+02  7.928969e+00  1.431770e+02  2.8633568261080242e+01
      3160  3.9500000000002675e+00  1.0299332269337508e-01  9.1300246528100903e-01  1.011034e-01  5.570011e+00  4.771236e-01  5.318492e+01 -3.141783e+00  6.395833e+02  8.056655e+00  1.485092e+02  2.8961207516981986e+01
      3170  3.9625000000002695e+00  1.0287901366201559e-01  9.1594269959185970e-01  9.493527e-02  5.591936e+00  3.756566e-01  5.365244e+01 -4.811757e+00  6.481148e+02  8.188511e+00  1.541555e+02  2.9292566604347144e+01
      3180  3.9750000000002714e+00  1.0276433684949458e-01  9.1888695838649426e-01  8.880663e-02  5.613786e+00  2.744652e-01  5.412061e+01 -6.483845e+00  6.566887e+02  8.324702e+00  1.601400e+02  2.9627642121453473e+01
      3190  3.9875000000002734e+00  1.0264929175395424e-01  9.2183522226714376e-01  8.271895e-02  5.635550e+00  1.735817e-01  5.458913e+01 -8.157304e+00  6.652980e+02  8.465401e+00  1.664885e+02  2.9966427628464746e+01
      3200  4.0000000000002753e+00  1.0253387787610585e-01  9.2478746956556623e-01  7.667376e-02  5.657217e+00  7.303893e-02  5.505765e+01 -9.831383e+00  6.739359e+02  8.610788e+00  1.732288e+02  3.0308913621710531e+01
      3210  4.0125000000002728e+00  1.0241809471951756e-01  9.2774367624730125e-01  7.067257e-02  5.678775e+00 -2.713016e-02  5.552585e+01 -1.150532e+01  6.825952e+02  8.761046e+00  1.803906e+02  3.0655087515329257e+01
      3220  4.0250000000002704e+00  1.0230194179091349e-01  9.3070381581193518e-01  6.471692e-02  5.700214e+00 -1.268921e-01  5.599339e+01 -1.317834e+01  6.912688e+02  8.916365e+00  1.880057e+02  3.1004933630316970e+01
      3230  4.0375000000002679e+00  1.0218541860048566e-01  9.3366785918896955e-01  5.880836e-02  5.721523e+00 -2.262129e-01  5.645993e+01 -1.484967e+01  6.999493e+02  9.076938e+00  1.961079e+02  3.1358433190869501e+01
      3240  4.0500000000002654e+00  1.0206852466223901e-01  9.3663577462881920e-01  5.294843e-02  5.742691e+00 -3.250583e-01  5.692514e+01 -1.651850e+01  7.086292e+02  9.242965e+00  2.047331e+02  3.1715564327972686e+01
      3250  4.0625000000002629e+00  1.0195125949430693e-01  9.3960752758885158e-01  4.713871e-02  5.763708e+00 -4.233936e-01  5.738867e+01 -1.818405e+01  7.173010e+02  9.414648e+00  2.139195e+02  3.2076302090051279e+01
      3260  4.0750000000002604e+00  1.0183362261932741e-01  9.4258308061368468e-01  4.138077e-02  5.784563e+00 -5.211837e-01  5.785018e+01 -1.984549e+01  7.259571e+02  9.592191e+00  2.237075e+02  3.2440618460484750e+01
      3270  4.0875000000002579e+00  1.0171561356480900e-01  9.4556239321021873e-01  3.567619e-02  5.805246e+00 -6.183928e-01  5.830934e+01 -2.150200e+01  7.345899e+02  9.775805e+00  2.341396e+02  3.2808482381751681e+01
      3280  4.1000000000002554e+00  1.0159723186352108e-01  9.4854542171613476e-01  3.002656e-02  5.825747e+00 -7.149849e-01  5.876580e+01 -2.315276e+01  7.431915e+02  9.965699e+00  2.452606e+02  3.3179859785891509e+01
      3290  4.1125000000002530e+00  1.0147847705388990e-01  9.5153211916269265e-01  2.443349e-02  5.846057e+00 -8.109236e-01  5.921922e+01 -2.479690e+01  7.517542e+02  1.016208e+01  2.571174e+02  3.3554713630968259e+01
      3300  4.1250000000002505e+00  1.0135934868042867e-01  9.5452243513081969e-01  1.889860e-02  5.866167e+00 -9.061717e-01  5.966927e+01 -2.643358e+01  7.602702e+02  1.036517e+01  2.697591e+02  3.3933003943164756e+01
      3310  4.1375000000002480e+00  1.0123984629418550e-01  9.5751631560076289e-01  1.342350e-02  5.886066e+00 -1.000692e+00  6.011563e+01 -2.806193e+01  7.687318e+02  1.057517e+01  2.832370e+02  3.4314687864098033e+01
      3320  4.1500000000002455e+00  1.0111996945318230e-01  9.6051370279516735e-01  8.009839e-03  5.905747e+00 -1.094446e+00  6.055795e+01 -2.968107e+01  7.771310e+02  1.079228e+01  2.976040e+02  3.4699719702935511e+01
      3330  4.1625000000002430e+00  1.0099971772291125e-01  9.6351453501543349e-01  2.659259e-03  5.925200e+00 -1.187396e+00  6.099592e+01 -3.129011e+01  7.854602e+02  1.101673e+01  3.129151e+02  3.5088050992867593e+01
      3340  4.1750000000002405e+00  1.0087909067683502e-01  9.6651874647139802e-01 -2.626582e-03  5.944419e+00 -1.279502e+00  6.142922e+01 -3.288814e+01  7.937117e+02  1.124869e+01  3.292269e+02  3.5479630551426666e+01
      3350  4.1875000000002380e+00  1.0075808789689557e-01  9.6952626710455392e-01 -7.846012e-03  5.963394e+00 -1.370725e+00  6.185754e+01 -3.447425e+01  8.018778e+02  1.148837e+01  3.465976e+02  3.5874404544241713e+01
      3360  4.2000000000002355e+00  1.0063670897407603e-01  9.7253702240462903e-01 -1.299735e-02  5.982119e+00 -1.461026e+00  6.228057e+01 -3.604752e+01  8.099510e+02  1.173596e+01  3.650864e+02  3.6272316551666293e+01
      3370  4.2125000000002331e+00  1.0051495350895595e-01  9.7555093322007702e-01 -1.807889e-02  6.000587e+00 -1.550363e+00  6.269803e+01 -3.760701e+01  8.179240e+02  1.199163e+01  3.847538e+02  3.6673307637836487e+01
      3380  4.2250000000002306e+00  1.0039282111231343e-01  9.7856791556239120e-01 -2.308894e-02  6.018791e+00 -1.638696e+00  6.310963e+01 -3.915178e+01  8.257894e+02  1.225554e+01  4.056607e+02  3.7077316421654189e+01
      3390  4.2375000000002281e+00  1.0027031140573778e-01  9.8158788040485767e-01 -2.802575e-02  6.036726e+00 -1.725984e+00  6.351508e+01 -4.068085e+01  8.335401e+02  1.252786e+01  4.278689e+02  3.7484279149214871e+01
      3400  4.2500000000002256e+00  1.0014742402226640e-01  9.8461073347567418e-01 -3.288760e-02  6.054384e+00 -1.812183e+00  6.391414e+01 -4.219328e+01  8.411693e+02  1.280873e+01  4.514397e+02  3.7894129767229913e+01
      3410  4.2625000000002231e+00  1.0002415860706629e-01  9.8763637504645518e-01 -3.767273e-02  6.071763e+00 -1.897252e+00  6.430653e+01 -4.368808e+01  8.486701e+02  1.309827e+01  4.764343e+02  3.8306799996979706e+01
      3420  4.2750000000002206e+00  9.9900514818117264e-02  9.9066469971609661e-01 -4.237935e-02  6.088856e+00 -1.981147e+00  6.469203e+01 -4.516427e+01  8.560362e+02  1.339659e+01  5.029133e+02  3.8722219408396803e+01
      3430  4.2875000000002181e+00  9.9776492326941246e-02  9.9369559619049075e-01 -4.700568e-02  6.105660e+00 -2.063825e+00  6.507040e+01 -4.662085e+01  8.632613e+02  1.370378e+01  5.309358e+02  3.9140315493864065e+01
      3440  4.3000000000002156e+00  9.9652090819351294e-02  9.9672894705953774e-01 -5.154990e-02  6.122172e+00 -2.145242e+00  6.544144e+01 -4.805682e+01  8.703396e+02  1.401992e+01  5.605594e+02  3.9561013741388550e+01
      3450  4.3125000000002132e+00  9.9527309996235408e-02  9.9976462857066362e-01 -5.601018e-02  6.138387e+00 -2.225353e+00  6.580494e+01 -4.947117e+01  8.772652e+02  1.434505e+01  5.918395e+02  3.9984237706799888e+01
      3460  4.3250000000002107e+00  9.9402149574351173e-02  1.0028025104007732e+00 -6.038467e-02  6.154304e+00 -2.304112e+00  6.616073e+01 -5.086288e+01  8.840331e+02  1.467921e+01  6.248288e+02  4.0409909084690412e+01
      3470  4.3375000000002082e+00  9.9276609287170942e-02  1.0058424554268404e+00 -6.467148e-02  6.169921e+00 -2.381474e+00  6.650863e+01 -5.223094e+01  8.906381e+02  1.502239e+01  6.595766e+02  4.0837947777854957e+01
      3480  4.3500000000002057e+00  9.9150688885747768e-02  1.0088843194957755e+00 -6.886872e-02  6.185235e+00 -2.457393e+00  6.684850e+01 -5.357432e+01  8.970758e+02  1.537457e+01  6.961288e+02  4.1268271965000551e+01
      3490  4.3625000000002032e+00  9.9024388139595965e-02  1.0119279511944828e+00 -7.297445e-02  6.200247e+00 -2.531821e+00  6.718021e+01 -5.489198e+01  9.033419e+02  1.573571e+01  7.345266e+02  4.1700798166557298e+01
      3500  4.3750000000002007e+00  9.8897706837633589e-02  1.0149731916213431e+00 -7.698672e-02  6.214956e+00 -2.604710e+00  6.750364e+01 -5.618289e+01  9.094327e+02  1.610573e+01  7.748067e+02  4.2135441308475073e+01
      3510  4.3875000000001982e+00  9.8770644789110115e-02  1.0180198741590269e+00 -8.090356e-02  6.229362e+00 -2.676013e+00  6.781869e+01 -5.744601e+01  9.153448e+02  1.648453e+01  8.170000e+02  4.2572114783901185e+01
      3520  4.4000000000001958e+00  9.8643201824601706e-02  1.0210678242503635e+00 -8.472294e-02  6.243465e+00 -2.745681e+00  6.812530e+01 -5.868029e+01  9.210754e+02  1.687196e+01  8.611317e+02  4.3010730512691808e+01
      3530  4.4125000000001933e+00  9.8515377797005935e-02  1.0241168591778695e+00 -8.844284e-02  6.257268e+00 -2.813664e+00  6.842339e+01 -5.988470e+01  9.266220e+02  1.726787e+01  9.072206e+02  4.3451198998759239e+01
      3540  4.4250000000001908e+00  9.8387172582585170e-02  1.0271667878473898e+00 -9.206118e-02  6.270771e+00 -2.879912e+00  6.871295e+01 -6.105819e+01  9.319826e+02  1.767206e+01  9.552785e+02  4.3893429385265748e+01
      3550  4.4375000000001883e+00  9.8258586082023980e-02  1.0302174105774009e+00 -9.557587e-02  6.283977e+00 -2.944374e+00  6.899394e+01 -6.219971e+01  9.371558e+02  1.808430e+01  1.005310e+03  4.4337329507736875e+01
      3560  4.4500000000001858e+00  9.8129618221507772e-02  1.0332685188945163e+00 -9.898477e-02  6.296889e+00 -3.006999e+00  6.926636e+01 -6.330820e+01  9.421406e+02  1.850434e+01  1.057311e+03  4.4782805945181423e+01
      3570  4.4625000000001833e+00  9.8000268953842590e-02  1.0363198953359400e+00 -1.022857e-01  6.309510e+00 -3.067735e+00  6.953025e+01 -6.438262e+01  9.469365e+02  1.893189e+01  1.111272e+03  4.5229764069348533e+01
      3580  4.4750000000001808e+00  9.7870538259586456e-02  1.0393713132598457e+00 -1.054766e-01  6.321845e+00 -3.126529e+00  6.978564e+01 -6.542192e+01  9.515437e+02  1.936664e+01  1.167171e+03  4.5678108092251207e+01
      3590  4.4875000000001783e+00  9.7740426148216750e-02  1.0424225366648154e+00 -1.085550e-01  6.333896e+00 -3.183327e+00  7.003259e+01 -6.642504e+01  9.559626e+02  1.980823e+01  1.224980e+03  4.6127741112145344e+01
      3600  4.5000000000001759e+00  9.7609932659298959e-02  1.0454733200186395e+00 -1.115189e-01  6.345670e+00 -3.238075e+00  7.027118e+01 -6.739093e+01  9.601943e+02  2.025629e+01  1.284663e+03  4.6578565158135888e+01
      3610  4.5125000000001734e+00  9.7479057863686797e-02  1.0485234080973573e+00 -1.143659e-01  6.357171e+00 -3.290720e+00  7.050152e+01 -6.831852e+01  9.642405e+02  2.071043e+01  1.346172e+03  4.7030481233616257e+01
      3620  4.5250000000001709e+00  9.7347801864764952e-02  1.0515725358361219e+00 -1.170938e-01  6.368404e+00 -3.341204e+00  7.072372e+01 -6.920677e+01  9.681032e+02  2.117020e+01  1.409453e+03  4.7483389358739871e+01
      3630  4.5375000000001684e+00  9.7216164799658195e-02  1.0546204281912477e+00 -1.197001e-01  6.379376e+00 -3.389472e+00  7.093792e+01 -7.005462e+01  9.717851e+02  2.163516e+01  1.474441e+03  4.7937188612174623e+01
      3640  4.5500000000001659e+00  9.7084146840508631e-02  1.0576668000153417e+00 -1.221826e-01  6.390093e+00 -3.435468e+00  7.114427e+01 -7.086100e+01  9.752894e+02  2.210482e+01  1.541063e+03  4.8391777172285167e+01
      3650  4.5625000000001634e+00  9.6951748195737458e-02  1.0607113559456445e+00 -1.245389e-01  6.400562e+00 -3.479133e+00  7.134296e+01 -7.162485e+01  9.786195e+02  2.257868e+01  1.609238e+03  4.8847052358050959e+01
      3660  4.5750000000001609e+00  9.6818969111322511e-02  1.0637537903061971e+00 -1.267666e-01  6.410790e+00 -3.520410e+00  7.153417e+01 -7.234512e+01  9.817798e+02  2.305622e+01  1.678875e+03  4.9302910669836450e+01
      3670  4.5875000000001585e+00  9.6685809872109563e-02  1.0667937870248503e+00 -1.288633e-01  6.420784e+00 -3.559242e+00  7.171811e+01 -7.302073e+01  9.847746e+02  2.353690e+01  1.749876e+03  4.9759247830289155e+01
      3680  4.6000000000001560e+00  9.6552270803096168e-02  1.0698310195650784e+00 -1.308267e-01  6.430552e+00 -3.595568e+00  7.189501e+01 -7.365062e+01  9.876092e+02  2.402015e+01  1.822135e+03  5.0215958825508238e+01
      3690  4.6125000000001535e+00  9.6418352270760593e-02  1.0728651508737888e+00 -1.326543e-01  6.440102e+00 -3.629330e+00  7.206510e+01 -7.423371e+01  9.902889e+02  2.450542e+01  1.895539e+03  5.0672937946666494e+01
      3700  4.6250000000001510e+00  9.6284054684364850e-02  1.0758958333450557e+00 -1.343438e-01  6.449442e+00 -3.660470e+00  7.222865e+01 -7.476895e+01  9.928197e+02  2.499211e+01  1.969969e+03  5.1130078832263067e+01
      3710  4.6375000000001485e+00  9.6149378497278976e-02  1.0789227088006099e+00 -1.358928e-01  6.458581e+00 -3.688926e+00  7.238592e+01 -7.525525e+01  9.952079e+02  2.547963e+01  2.045299e+03  5.1587274511109840e+01
      3720  4.6500000000001460e+00  9.6014324208318680e-02  1.0819454084871851e+00 -1.372989e-01  6.467527e+00 -3.714641e+00  7.253720e+01 -7.569155e+01  9.974603e+02  2.596738e+01  2.121397e+03  5.2044417446199652e+01
      3730  4.6625000000001435e+00  9.5878892363038731e-02  1.0849635530917165e+00 -1.385599e-01  6.476288e+00 -3.737554e+00  7.268279e+01 -7.607678e+01  9.995839e+02  2.645475e+01  2.198127e+03  5.2501399579535608e+01
      3740  4.6750000000001410e+00  9.5743083555070135e-02  1.0879767527736897e+00 -1.396734e-01  6.484875e+00 -3.757608e+00  7.282299e+01 -7.640985e+01  1.001586e+03  2.694113e+01  2.275350e+03  5.2958112378015478e+01
      3750  4.6875000000001386e+00  9.5606898427432849e-02  1.0909846072163307e+00 -1.406373e-01  6.493296e+00 -3.774742e+00  7.295811e+01 -7.668971e+01  1.003475e+03  2.742590e+01  2.352921e+03  5.3414446880392610e+01
      3760  4.7000000000001361e+00  9.5470337673824596e-02  1.0939867056951946e+00 -1.414493e-01  6.501560e+00 -3.788900e+00  7.308850e+01 -7.691528e+01  1.005258e+03  2.790846e+01  2.430694e+03  5.3870293745375584e+01
      3770  4.7125000000001336e+00  9.5333402039946391e-02  1.0969826271664931e+00 -1.421073e-01  6.509678e+00 -3.800024e+00  7.321448e+01 -7.708550e+01  1.006944e+03  2.838819e+01  2.508521e+03  5.4325543300873434e+01
      3780  4.7250000000001311e+00  9.5196092324755704e-02  1.0999719403731265e+00 -1.426093e-01  6.517657e+00 -3.808058e+00  7.333641e+01 -7.719931e+01  1.008541e+03  2.886450e+01  2.586254e+03  5.4780085594353508e+01
      3790  4.7375000000001286e+00  9.5058409381746076e-02  1.1029542039705278e+00 -1.429534e-01  6.525509e+00 -3.812947e+00  7.345464e+01 -7.725565e+01  1.010058e+03  2.933679e+01  2.663741e+03  5.5233810444315694e+01
      3800  4.7500000000001261e+00  9.4920354120214809e-02  1.1059289666711216e+00 -1.431376e-01  6.533242e+00 -3.814637e+00  7.356953e+01 -7.725348e+01  1.011505e+03  2.980447e+01  2.740835e+03  5.5686607492825232e+01
      3810  4.7625000000001236e+00  9.4781927506464470e-02  1.1088957674082038e+00 -1.431602e-01  6.540867e+00 -3.813075e+00  7.368144e+01 -7.719175e+01  1.012890e+03  3.026696e+01  2.817385e+03  5.6138366259052013e+01
      3820  4.7750000000001211e+00  9.4643130565051206e-02  1.1118541355190510e+00 -1.430197e-01  6.548393e+00 -3.808213e+00  7.379075e+01 -7.706944e+01  1.014222e+03  3.072370e+01  2.893246e+03  5.6588976193739796e+01
      3830  4.7875000000001187e+00  9.4503964379935634e-02  1.1148035909474372e+00 -1.427145e-01  6.555829e+00 -3.800000e+00  7.389783e+01 -7.688554e+01  1.015512e+03  3.117415e+01  2.968272e+03  5.7038326734534294e+01
      3840  4.8000000000001162e+00  9.4364430095669277e-02  1.1177436444653359e+00 -1.422432e-01  6.563186e+00 -3.788392e+00  7.400305e+01 -7.663904e+01  1.016767e+03  3.161776e+01  3.042323e+03  5.7486307362077383e+01
      3850  4.8125000000001137e+00  9.4224528918516015e-02  1.1206737979140737e+00 -1.416047e-01  6.570473e+00 -3.773345e+00  7.410679e+01 -7.632897e+01  1.017999e+03  3.205401e+01  3.115259e+03  5.7932807656793400e+01
      3860  4.8250000000001112e+00  9.4084262117556300e-02  1.1235935444645591e+00 -1.407980e-01  6.577699e+00 -3.754818e+00  7.420943e+01 -7.595435e+01  1.019216e+03  3.248241e+01  3.186946e+03  5.8377717356247565e+01
      3870  4.8375000000001087e+00  9.3943631025746030e-02  1.1265023688969689e+00 -1.398221e-01  6.584875e+00 -3.732772e+00  7.431134e+01 -7.551424e+01  1.020428e+03  3.290247e+01  3.257254e+03  5.8820926412994602e+01
      3880  4.8500000000001062e+00  9.3802637040948225e-02  1.1293997478988544e+00 -1.386764e-01  6.592009e+00 -3.707172e+00  7.441289e+01 -7.500773e+01  1.021645e+03  3.331373e+01  3.326058e+03  5.9262325052861328e+01
      3890  4.8625000000001037e+00  9.3661281626944537e-02  1.1322851503825366e+00 -1.373604e-01  6.599111e+00 -3.677988e+00  7.451446e+01 -7.443391e+01  1.022875e+03  3.371573e+01  3.393237e+03  5.9701803833512272e+01
      3900  4.8750000000001013e+00  9.3519566314357261e-02  1.1351580378210935e+00 -1.358738e-01  6.606191e+00 -3.645191e+00  7.461640e+01 -7.379193e+01  1.024129e+03  3.410807e+01  3.458677e+03  6.0139253703272360e+01
      3910  4.8875000000000988e+00  9.3377492701574222e-02  1.1380178646023626e+00 -1.342166e-01  6.613256e+00 -3.608756e+00  7.471908e+01 -7.308094e+01  1.025414e+03  3.449033e+01  3.522270e+03  6.0574566060125647e+01
      3920  4.9000000000000963e+00  9.3235062455609211e-02  1.1408640784010362e+00 -1.323888e-01  6.620316e+00 -3.568663e+00  7.482285e+01 -7.230014e+01  1.026741e+03  3.486213e+01  3.583912e+03  6.1007632810800182e+01
      3930  4.9125000000000938e+00  9.3092277312915514e-02  1.1436961205686855e+00 -1.303910e-01  6.627379e+00 -3.524895e+00  7.492806e+01 -7.144878e+01  1.028118e+03  3.522313e+01  3.643507e+03  6.1438346429922632e+01
      3940  4.9250000000000913e+00  9.2949139080154175e-02  1.1465134265407504e+00 -1.282237e-01  6.634454e+00 -3.477439e+00  7.503502e+01 -7.052611e+01  1.029554e+03  3.557298e+01  3.700966e+03  6.1866600019198422e+01
      3950  4.9375000000000888e+00  9.2805649634901094e-02  1.1493154262604088e+00 -1.258877e-01  6.641549e+00 -3.426287e+00  7.514408e+01 -6.953147e+01  1.031057e+03  3.591137e+01  3.756204e+03  6.2292287366544031e+01
      3960  4.9500000000000863e+00  9.2661810926310734e-02  1.1521015446188756e+00 -1.233841e-01  6.648671e+00 -3.371435e+00  7.525554e+01 -6.846420e+01  1.032635e+03  3.623803e+01  3.809146e+03  6.2715303005218161e+01
      3970  4.9625000000000838e+00  9.2517624975718402e-02  1.1548712019111476e+00 -1.207143e-01  6.655828e+00 -3.312884e+00  7.536969e+01 -6.732373e+01  1.034296e+03  3.655267e+01  3.859722e+03  6.3135542272897290e+01
      3980  4.9750000000000814e+00  9.2373093877185147e-02  1.1576238143072921e+00 -1.178798e-01  6.663026e+00 -3.250639e+00  7.548684e+01 -6.610951e+01  1.036047e+03  3.685507e+01  3.907870e+03  6.3552901370698009e+01
      3990  4.9875000000000789e+00  9.2228219797989938e-02  1.1603587943377272e+00 -1.148824e-01  6.670273e+00 -3.184709e+00  7.560724e+01 -6.482107e+01  1.037896e+03  3.714501e+01  3.953533e+03  6.3967277422184907e+01
      4000  5.0000000000000764e+00  9.2083004979035848e-02  1.1630755513926390e+00 -1.117243e-01  6.677575e+00 -3.115110e+00  7.573116e+01 -6.345799e+01  1.039850e+03  3.742230e+01  3.996665e+03  6.4378568532349561e+01
      4010  5.0125000000000739e+00  9.1937451735233183e-02  1.1657734922343190e+00 -1.084076e-01  6.684937e+00 -3.041859e+00  7.585883e+01 -6.201990e+01  1.041915e+03  3.768677e+01  4.037223e+03  6.4786673846583909e+01
      4020  5.0250000000000714e+00  9.1791562455774661e-02  1.1684520215211953e+00 -1.049349e-01  6.692365e+00 -2.964981e+00  7.599048e+01 -6.050652e+01  1.044098e+03  3.793829e+01  4.075173e+03  6.5191493609694646e+01
      4030  5.0375000000000689e+00  9.1645339604386228e-02  1.1711105423439714e+00 -1.013090e-01  6.699863e+00 -2.884505e+00  7.612631e+01 -5.891764e+01  1.046405e+03  3.817675e+01  4.110489e+03  6.5592929224954503e+01
      4040  5.0500000000000664e+00  9.1498785719467887e-02  1.1737484567711414e+00 -9.753298e-02  6.707436e+00 -2.800464e+00  7.626652e+01 -5.725311e+01  1.048840e+03  3.840205e+01  4.143151e+03  6.5990883313227485e+01
      4050  5.0625000000000639e+00  9.1351903414204433e-02  1.1763651664046118e+00 -9.360996e-02  6.715088e+00 -2.712897e+00  7.641128e+01 -5.551288e+01  1.051410e+03  3.861414e+01  4.173146e+03  6.6385259772193436e+01
      4060  5.0750000000000615e+00  9.1204695376576855e-02  1.1789600729432537e+00 -8.954340e-02  6.722821e+00 -2.621845e+00  7.656073e+01 -5.369697e+01  1.054118e+03  3.881296e+01  4.200468e+03  6.6775963835662708e+01
      4070  5.0875000000000590e+00  9.1057164369315671e-02  1.1815325787538364e+00 -8.533697e-02  6.730639e+00 -2.527358e+00  7.671502e+01 -5.180549e+01  1.056971e+03  3.899852e+01  4.225119e+03  6.7162902133025625e+01
      4080  5.1000000000000565e+00  9.0909313229794980e-02  1.1840820874480249e+00 -8.099450e-02  6.738542e+00 -2.429488e+00  7.687425e+01 -4.983866e+01  1.059971e+03  3.917082e+01  4.247107e+03  6.7545982748792738e+01
      4090  5.1125000000000540e+00  9.0761144869818219e-02  1.1866080044645466e+00 -7.652004e-02  6.746534e+00 -2.328291e+00  7.703854e+01 -4.779676e+01  1.063124e+03  3.932989e+01  4.266446e+03  6.7925115282248868e+01
      4100  5.1250000000000515e+00  9.0612662275373151e-02  1.1891097376547561e+00 -7.191780e-02  6.754614e+00 -2.223829e+00  7.720795e+01 -4.568021e+01  1.066431e+03  3.947581e+01  4.283159e+03  6.8300210907157279e+01
      4110  5.1375000000000490e+00  9.0463868506284864e-02  1.1915866978713232e+00 -6.719215e-02  6.762783e+00 -2.116169e+00  7.738255e+01 -4.348952e+01  1.069898e+03  3.960865e+01  4.297272e+03  6.8671182431513088e+01
      4120  5.1500000000000465e+00  9.0314766695802157e-02  1.1940382995580103e+00 -6.234764e-02  6.771041e+00 -2.005380e+00  7.756239e+01 -4.122528e+01  1.073525e+03  3.972852e+01  4.308820e+03  6.9037944357262248e+01
      4130  5.1625000000000441e+00  9.0165360050117271e-02  1.1964639613394303e+00 -5.738894e-02  6.779386e+00 -1.891538e+00  7.774749e+01 -3.888824e+01  1.077317e+03  3.983556e+01  4.317844e+03  6.9400412939919434e+01
      4140  5.1750000000000416e+00  9.0015651847798778e-02  1.1988631066099393e+00 -5.232086e-02  6.787817e+00 -1.774721e+00  7.793786e+01 -3.647921e+01  1.081276e+03  3.992991e+01  4.324388e+03  6.9758506248014498e+01
      4150  5.1875000000000391e+00  8.9865645439166697e-02  1.2012351641200414e+00 -4.714833e-02  6.796332e+00 -1.655013e+00  7.813349e+01 -3.399914e+01  1.085403e+03  4.001176e+01  4.328505e+03  7.0112144222234448e+01
      4160  5.2000000000000366e+00  8.9715344245583917e-02  1.2035795685589528e+00 -4.187636e-02  6.804929e+00 -1.532500e+00  7.833437e+01 -3.144909e+01  1.089700e+03  4.008130e+01  4.330251e+03  7.0461248734168208e+01
      4170  5.2125000000000341e+00  8.9564751758675537e-02  1.2058957611324979e+00 -3.651008e-02  6.813604e+00 -1.407274e+00  7.854046e+01 -2.883024e+01  1.094170e+03  4.013874e+01  4.329688e+03  7.0805743644516809e+01
      4180  5.2250000000000316e+00  8.9413871539478995e-02  1.2081831901345090e+00 -3.105468e-02  6.822353e+00 -1.279428e+00  7.875169e+01 -2.614387e+01  1.098812e+03  4.018431e+01  4.326881e+03  7.1145554860598480e+01
      4190  5.2375000000000291e+00  8.9262707217524592e-02  1.2104413115111328e+00 -2.551542e-02  6.831172e+00 -1.149062e+00  7.896802e+01 -2.339138e+01  1.103629e+03  4.021828e+01  4.321902e+03  7.1480610393029053e+01
      4200  5.2500000000000266e+00  8.9111262489844995e-02  1.2126695894161412e+00 -1.989760e-02  6.840057e+00 -1.016275e+00  7.918936e+01 -2.057429e+01  1.108621e+03  4.024091e+01  4.314825e+03  7.1810840411342198e+01
      4210  5.2625000000000242e+00  8.8959541119909710e-02  1.2148674967567810e+00 -1.420656e-02  6.849002e+00 -8.811720e-01  7.941561e+01 -1.769423e+01  1.113788e+03  4.025247e+01  4.305728e+03  7.2136177298456630e+01
      4220  5.2750000000000217e+00  8.8807546936502196e-02  1.2170345157283424e+00 -8.447661e-03  6.858003e+00 -7.438604e-01  7.964668e+01 -1.475293e+01  1.119131e+03  4.025328e+01  4.294691e+03  7.2456555703704367e+01
      4230  5.2875000000000192e+00  8.8655283832525550e-02  1.2191701383367928e+00 -2.626276e-03  6.867053e+00 -6.044499e-01  7.988244e+01 -1.175223e+01  1.124649e+03  4.024364e+01  4.281799e+03  7.2771912594303160e+01
      4240  5.3000000000000167e+00  8.8502755763743335e-02  1.2212738669082142e+00  3.252227e-03  6.876146e+00 -4.630527e-01  8.012277e+01 -8.694085e+00  1.130343e+03  4.022387e+01  4.267136e+03  7.3082187305029265e+01
      4250  5.3125000000000142e+00  8.8349966747456918e-02  1.2233452145840544e+00  9.182495e-03  6.885275e+00 -3.197833e-01  8.036754e+01 -5.580530e+00  1.136212e+03  4.019431e+01  4.250792e+03  7.3387321585893503e+01
      4260  5.3250000000000117e+00  8.8196920861125419e-02  1.2253837058010715e+00  1.515920e-02  6.894435e+00 -1.747580e-01  8.061659e+01 -2.413707e+00  1.142255e+03  4.015529e+01  4.232854e+03  7.3687259647662614e+01
      4270  5.3375000000000092e+00  8.8043622240926170e-02  1.2273888767553627e+00  2.117707e-02  6.903617e+00 -2.809507e-02  8.086977e+01  8.041540e-01  1.148472e+03  4.010716e+01  4.213414e+03  7.3981948204981592e+01
      4280  5.3500000000000068e+00  8.7890075080256175e-02  1.2293602758492141e+00  2.723085e-02  6.912814e+00  1.200860e-01  8.112691e+01  4.070740e+00  1.154860e+03  4.005028e+01  4.192561e+03  7.4271336516921750e+01
      4290  5.3625000000000043e+00  8.7736283628160217e-02  1.2312974641203509e+00  3.331537e-02  6.922020e+00  2.696644e-01  8.138783e+01  7.383656e+00  1.161418e+03  3.998501e+01  4.170386e+03  7.4555376424797515e+01
      4300  5.3750000000000018e+00  8.7582252187764525e-02  1.2332000156523373e+00  3.942553e-02  6.931226e+00  4.205185e-01  8.165236e+01  1.074044e+01  1.168144e+03  3.991171e+01  4.146980e+03  7.4834022387051647e+01
      4310  5.3874999999999993e+00  8.7427985114585757e-02  1.2350675179660051e+00  4.555631e-02  6.940426e+00  5.725260e-01  8.192030e+01  1.413854e+01  1.175037e+03  3.983074e+01  4.122432e+03  7.5107231511053044e+01
      4320  5.3999999999999968e+00  8.7273486814854612e-02  1.2368995723907090e+00  5.170276e-02  6.949610e+00  7.255642e-01  8.219146e+01  1.757538e+01  1.182093e+03  3.974247e+01  4.096831e+03  7.5374963581679040e+01
      4330  5.4124999999999943e+00  8.7118761743743153e-02  1.2386957944153318e+00  5.786006e-02  6.958772e+00  8.795104e-01  8.246562e+01  2.104830e+01  1.189309e+03  3.964726e+01  4.070263e+03  7.5637181086517927e+01
      4340  5.4249999999999918e+00  8.6963814403588760e-02  1.2404558140182311e+00  6.402347e-02  6.967904e+00  1.034242e+00  8.274258e+01  2.455460e+01  1.196682e+03  3.954547e+01  4.042815e+03  7.5893849237620401e+01
      4350  5.4374999999999893e+00  8.6808649342066266e-02  1.2421792759756105e+00  7.018836e-02  6.976997e+00  1.189637e+00  8.302211e+01  2.809154e+01  1.204209e+03  3.943746e+01  4.014569e+03  7.6144935989658677e+01
      4360  5.4499999999999869e+00  8.6653271150301997e-02  1.2438658401482627e+00  7.635025e-02  6.986044e+00  1.345573e+00  8.330400e+01  3.165634e+01  1.211886e+03  3.932358e+01  3.985605e+03  7.6390412054439025e+01
      4370  5.4624999999999844e+00  8.6497684460992985e-02  1.2455151817460326e+00  8.250475e-02  6.995037e+00  1.501931e+00  8.358801e+01  3.524620e+01  1.219708e+03  3.920419e+01  3.956003e+03  7.6630250911710007e+01
      4380  5.4749999999999819e+00  8.6341893946459913e-02  1.2471269915700447e+00  8.864762e-02  7.003969e+00  1.658590e+00  8.387389e+01  3.885829e+01  1.227670e+03  3.907962e+01  3.925836e+03  7.6864428816198824e+01
      4390  5.4874999999999794e+00  8.6185904316688475e-02  1.2487009762320671e+00  9.477476e-02  7.012831e+00  1.815434e+00  8.416142e+01  4.248976e+01  1.235768e+03  3.895021e+01  3.895178e+03  7.7092924800910112e+01
      4400  5.4999999999999769e+00  8.6029720317334246e-02  1.2502368583513799e+00  1.008822e-01  7.021616e+00  1.972346e+00  8.445034e+01  4.613776e+01  1.243996e+03  3.881629e+01  3.864095e+03  7.7315720676615456e+01
      4410  5.5124999999999744e+00  8.5873346727723357e-02  1.2517343767287794e+00  1.069661e-01  7.030317e+00  2.129212e+00  8.474041e+01  4.979943e+01  1.252347e+03  3.867818e+01  3.832655e+03  7.7532801027646542e+01
      4420  5.5249999999999719e+00  8.5716788358809998e-02  1.2531932864975630e+00  1.130228e-01  7.038926e+00  2.285919e+00  8.503135e+01  5.347193e+01  1.260816e+03  3.853618e+01  3.800918e+03  7.7744153203932413e+01
      4430  5.5374999999999694e+00  8.5560050051125811e-02  1.2546133592519866e+00  1.190488e-01  7.047437e+00  2.442358e+00  8.532292e+01  5.715239e+01  1.269396e+03  3.839060e+01  3.768942e+03  7.7949767309419443e+01
      4440  5.5499999999999670e+00  8.5403136672721647e-02  1.2559943831525726e+00  1.250407e-01  7.055841e+00  2.598421e+00  8.561485e+01  6.083800e+01  1.278079e+03  3.824172e+01  3.736782e+03  7.8149636186931758e+01
      4450  5.5624999999999645e+00  8.5246053117088050e-02  1.2573361630094380e+00  1.309953e-01  7.064132e+00  2.754005e+00  8.590687e+01  6.452594e+01  1.286859e+03  3.808983e+01  3.704488e+03  7.8343755399567186e+01
      4460  5.5749999999999620e+00  8.5088804301068716e-02  1.2586385203425130e+00  1.369095e-01  7.072303e+00  2.909006e+00  8.619871e+01  6.821342e+01  1.295728e+03  3.793519e+01  3.672108e+03  7.8532123208715632e+01
      4470  5.5874999999999595e+00  8.4931395162775411e-02  1.2599012934201015e+00  1.427805e-01  7.080348e+00  3.063326e+00  8.649010e+01  7.189768e+01  1.304676e+03  3.777806e+01  3.639685e+03  7.8714740548924141e+01
      4480  5.5999999999999570e+00  8.4773830659481866e-02  1.2611243372752170e+00  1.486055e-01  7.088260e+00  3.216869e+00  8.678077e+01  7.557599e+01  1.313696e+03  3.761867e+01  3.607258e+03  7.8891610999613235e+01
      4490  5.6124999999999545e+00  8.4616115765536931e-02  1.2623075237004997e+00  1.543818e-01  7.096033e+00  3.369543e+00  8.707043e+01  7.924568e+01  1.322779e+03  3.745728e+01  3.574863e+03  7.9062740753963368e+01
      4500  5.6249999999999520e+00  8.4458255470272137e-02  1.2634507412217171e+00  1.601071e-01  7.103660e+00  3.521258e+00  8.735882e+01  8.290409e+01  1.331916e+03  3.729409e+01  3.542534e+03  7.9228138584988471e+01
      4510  5.6374999999999496e+00  8.4300254775906747e-02  1.2645538950504502e+00  1.657791e-01  7.111137e+00  3.671928e+00  8.764565e+01  8.654864e+01  1.341097e+03  3.712931e+01  3.510300e+03  7.9387815809111231e+01
      4520  5.6499999999999471e+00  8.4142118695467519e-02  1.2656169070164618e+00  1.713957e-01  7.118457e+00  3.821471e+00  8.793065e+01  9.017677e+01  1.350312e+03  3.696315e+01  3.478187e+03  7.9541786247316011e+01
      4530  5.6624999999999446e+00  8.3983852250721441e-02  1.2666397154798039e+00  1.769549e-01  7.125614e+00  3.969807e+00  8.821355e+01  9.378600e+01  1.359552e+03  3.679579e+01  3.446218e+03  7.9690066184166554e+01
      4540  5.6749999999999421e+00  8.3825460470110094e-02  1.2676222752236543e+00  1.824549e-01  7.132604e+00  4.116862e+00  8.849407e+01  9.737389e+01  1.368807e+03  3.662741e+01  3.414415e+03  7.9832674324790077e+01
      4550  5.6874999999999396e+00  8.3666948386706269e-02  1.2685645573277522e+00  1.878940e-01  7.139422e+00  4.262562e+00  8.877194e+01  1.009381e+02  1.378066e+03  3.645817e+01  3.382795e+03  7.9969631750130347e+01
      4560  5.6999999999999371e+00  8.3508321036187244e-02  1.2694665490239305e+00  1.932707e-01  7.146062e+00  4.406841e+00  8.904689e+01  1.044763e+02  1.387319e+03  3.628823e+01  3.351373e+03  8.0100961870566550e+01
      4570  5.7124999999999346e+00  8.3349583454827333e-02  1.2703282535331422e+00  1.985836e-01  7.152520e+00  4.549633e+00  8.931866e+01  1.079862e+02  1.396555e+03  3.611773e+01  3.320162e+03  8.0226690378169621e+01
      4580  5.7249999999999321e+00  8.3190740677504676e-02  1.2711496898853101e+00  2.038316e-01  7.158792e+00  4.690878e+00  8.958699e+01  1.114657e+02  1.405764e+03  3.594681e+01  3.289174e+03  8.0346845197725344e+01
      4590  5.7374999999999297e+00  8.3031797735739279e-02  1.2719308927224418e+00  2.090134e-01  7.164873e+00  4.830518e+00  8.985163e+01  1.149127e+02  1.414935e+03  3.577559e+01  3.258417e+03  8.0461456436776700e+01
      4600  5.7499999999999272e+00  8.2872759655757910e-02  1.2726719120853753e+00  2.141282e-01  7.170760e+00  4.968500e+00  9.011231e+01  1.183252e+02  1.424059e+03  3.560419e+01  3.227899e+03  8.0570556334767986e+01
      4610  5.7624999999999247e+00  8.2713631456582837e-02  1.2733728131851290e+00  2.191751e-01  7.176449e+00  5.104772e+00  9.036882e+01  1.217012e+02  1.433123e+03  3.543272e+01  3.197626e+03  8.0674179211555739e+01
      4620  5.7749999999999222e+00  8.2554418148144168e-02  1.2740336761592062e+00  2.241534e-01  7.181937e+00  5.239290e+00  9.062089e+01  1.250388e+02  1.442119e+03  3.526128e+01  3.167600e+03  8.0772361415354055e+01
      4630  5.7874999999999197e+00  8.2395124729438066e-02  1.2746545958132560e+00  2.290626e-01  7.187219e+00  5.372009e+00  9.086832e+01  1.283363e+02  1.451035e+03  3.508997e+01  3.137827e+03  8.0865141270321118e+01
      4640  5.7999999999999172e+00  8.2235756186711625e-02  1.2752356813497108e+00  2.339021e-01  7.192295e+00  5.502891e+00  9.111087e+01  1.315921e+02  1.459861e+03  3.491886e+01  3.108308e+03  8.0952559023849261e+01
      4650  5.8124999999999147e+00  8.2076317491665357e-02  1.2757770560825963e+00  2.386716e-01  7.197160e+00  5.631898e+00  9.134833e+01  1.348043e+02  1.468589e+03  3.474804e+01  3.079043e+03  8.1034656793733802e+01
      4660  5.8249999999999122e+00  8.1916813599724303e-02  1.2762788571406358e+00  2.433709e-01  7.201812e+00  5.758999e+00  9.158051e+01  1.379717e+02  1.477207e+03  3.457758e+01  3.050034e+03  8.1111478515271756e+01
      4670  5.8374999999999098e+00  8.1757249448330904e-02  1.2767412351579766e+00  2.479999e-01  7.206250e+00  5.884164e+00  9.180721e+01  1.410926e+02  1.485706e+03  3.440756e+01  3.021281e+03  8.1183069888370625e+01
      4680  5.8499999999999073e+00  8.1597629955257198e-02  1.2771643539544035e+00  2.525585e-01  7.210471e+00  6.007367e+00  9.202825e+01  1.441657e+02  1.494078e+03  3.423803e+01  2.992781e+03  8.1249478324781421e+01
      4690  5.8624999999999048e+00  8.1437960017001917e-02  1.2775483902048312e+00  2.570467e-01  7.214474e+00  6.128584e+00  9.224345e+01  1.471899e+02  1.502313e+03  3.406905e+01  2.964536e+03  8.1310752895412151e+01
      4700  5.8749999999999023e+00  8.1278244507187528e-02  1.2778935330990941e+00  2.614649e-01  7.218257e+00  6.247797e+00  9.245265e+01  1.501638e+02  1.510404e+03  3.390067e+01  2.936542e+03  8.1366944277853364e+01
      4710  5.8874999999998998e+00  8.1118488275026004e-02  1.2781999839927265e+00  2.658131e-01  7.221819e+00  6.364987e+00  9.265571e+01  1.530865e+02  1.518341e+03  3.373296e+01  2.908800e+03  8.1418104704065740e+01
      4720  5.8999999999998973e+00  8.0958696143815692e-02  1.2784679560493535e+00  2.700919e-01  7.225159e+00  6.480142e+00  9.285249e+01  1.559568e+02  1.526118e+03  3.356595e+01  2.881307e+03  8.1464287908239484e+01
      4730  5.9124999999998948e+00  8.0798872909491670e-02  1.2786976738752407e+00  2.743015e-01  7.228278e+00  6.593250e+00  9.304285e+01  1.587741e+02  1.533726e+03  3.339968e+01  2.854062e+03  8.1505549074857129e+01
      4740  5.9249999999998924e+00  8.0639023339215563e-02  1.2788893731470368e+00  2.784424e-01  7.231174e+00  6.704304e+00  9.322669e+01  1.615373e+02  1.541159e+03  3.323421e+01  2.827065e+03  8.1541944786875163e+01
      4750  5.9374999999998899e+00  8.0479152170019788e-02  1.2790433002329200e+00  2.825153e-01  7.233847e+00  6.813297e+00  9.340390e+01  1.642458e+02  1.548411e+03  3.306957e+01  2.800312e+03  8.1573532974050295e+01
      4760  5.9499999999998874e+00  8.0319264107489144e-02  1.2791597118080038e+00  2.865208e-01  7.236297e+00  6.920227e+00  9.357438e+01  1.668989e+02  1.555475e+03  3.290580e+01  2.773805e+03  8.1600372861305388e+01
      4770  5.9624999999998849e+00  8.0159363824502838e-02  1.2792388744651482e+00  2.904595e-01  7.238526e+00  7.025093e+00  9.373807e+01  1.694962e+02  1.562346e+03  3.274292e+01  2.747542e+03  8.1622524917160860e+01
      4780  5.9749999999998824e+00  7.9999455960011873e-02  1.2792810643206614e+00  2.943323e-01  7.240532e+00  7.127899e+00  9.389489e+01  1.720370e+02  1.569019e+03  3.258099e+01  2.721522e+03  8.1640050802106330e+01
      4790  5.9874999999998799e+00  7.9839545117886254e-02  1.2792865666171696e+00  2.981399e-01  7.242319e+00  7.228647e+00  9.404479e+01  1.745212e+02  1.575490e+03  3.242002e+01  2.695747e+03  8.1653013316877335e+01
      4800  5.9999999999998774e+00  7.9679635865779808e-02  1.2792556753226818e+00  3.018832e-01  7.243885e+00  7.327346e+00  9.418772e+01  1.769483e+02  1.581754e+03  3.226005e+01  2.670215e+03  8.1661476350589709e+01
      4810  6.0124999999998749e+00  7.9519732734085802e-02  1.2791886927279732e+00  3.055631e-01  7.245234e+00  7.424004e+00  9.432366e+01  1.793182e+02  1.587808e+03  3.210112e+01  2.644928e+03  8.1665504828665277e+01
      4820  6.0249999999998725e+00  7.9359840214905220e-02  1.2790859290415484e+00  3.091807e-01  7.246365e+00  7.518632e+00  9.445258e+01  1.816308e+02  1.593649e+03  3.194325e+01  2.619886e+03  8.1665164660443239e+01
      4830  6.0374999999998700e+00  7.9199962761094256e-02  1.2789477019841424e+00  3.127368e-01  7.247282e+00  7.611244e+00  9.457448e+01  1.838860e+02  1.599274e+03  3.178648e+01  2.595092e+03  8.1660522686512309e+01
      4840  6.0499999999998675e+00  7.9040104785338558e-02  1.2787743363825466e+00  3.162325e-01  7.247986e+00  7.701854e+00  9.468936e+01  1.860839e+02  1.604680e+03  3.163082e+01  2.570547e+03  8.1651646625574216e+01
      4850  6.0624999999998650e+00  7.8880270659307805e-02  1.2785661637634922e+00  3.196689e-01  7.248479e+00  7.790480e+00  9.479724e+01  1.882245e+02  1.609867e+03  3.147632e+01  2.546252e+03  8.1638605020946230e+01
      4860  6.0749999999998625e+00  7.8720464712824845e-02  1.2783235219484534e+00  3.230472e-01  7.248763e+00  7.877139e+00  9.489813e+01  1.903081e+02  1.614833e+03  3.132301e+01  2.522211e+03  8.1621467186534431e+01
      4870  6.0874999999998600e+00  7.8560691233111601e-02  1.2780467546503622e+00  3.263683e-01  7.248842e+00  7.961853e+00  9.499207e+01  1.923348e+02  1.619578e+03  3.117090e+01  2.498426e+03  8.1600303152302942e+01
      4880  6.0999999999998575e+00  7.8400954464085765e-02  1.2777362110713271e+00  3.296336e-01  7.248717e+00  8.044642e+00  9.507911e+01  1.943052e+02  1.624101e+03  3.102003e+01  2.474900e+03  8.1575183609227054e+01
      4890  6.1124999999998550e+00  7.8241258605685995e-02  1.2773922455041449e+00  3.328441e-01  7.248391e+00  8.125530e+00  9.515930e+01  1.962194e+02  1.628401e+03  3.087044e+01  2.451636e+03  8.1546179853669003e+01
      4900  6.1249999999998526e+00  7.8081607813269463e-02  1.2770152169360083e+00  3.360011e-01  7.247868e+00  8.204543e+00  9.523270e+01  1.980781e+02  1.632481e+03  3.072214e+01  2.428638e+03  8.1513363731224359e+01
      4910  6.1374999999998501e+00  7.7922006197045035e-02  1.2766054886568188e+00  3.391058e-01  7.247150e+00  8.281704e+00  9.529938e+01  1.998817e+02  1.636340e+03  3.057518e+01  2.405910e+03  8.1476807580021386e+01
      4920  6.1499999999998476e+00  7.7762457821567210e-02  1.2761634278710883e+00  3.421594e-01  7.246242e+00  8.357043e+00  9.535942e+01  2.016308e+02  1.639980e+03  3.042957e+01  2.383455e+03  8.1436584173510909e+01
      4930  6.1624999999998451e+00  7.7602966705257542e-02  1.2756894053151968e+00  3.451631e-01  7.245145e+00  8.430586e+00  9.541291e+01  2.033260e+02  1.643403e+03  3.028535e+01  2.361279e+03  8.1392766662734360e+01
      4940  6.1749999999998426e+00  7.7443536819998313e-02  1.2751837948797362e+00  3.481182e-01  7.243864e+00  8.502364e+00  9.545994e+01  2.049680e+02  1.646611e+03  3.014256e+01  2.339385e+03  8.1345428518208763e+01
      4950  6.1874999999998401e+00  7.7284172090759606e-02  1.2746469732376187e+00  3.510260e-01  7.242402e+00  8.572406e+00  9.550061e+01  2.065575e+02  1.649605e+03  3.000121e+01  2.317777e+03  8.1294643471370890e+01
      4960  6.1999999999998376e+00  7.7124876395267994e-02  1.2740793194786992e+00  3.538877e-01  7.240763e+00  8.640743e+00  9.553503e+01  2.080954e+02  1.652389e+03  2.986133e+01  2.296461e+03  8.1240485455740270e+01
      4970  6.2124999999998352e+00  7.6965653563736192e-02  1.2734812147509520e+00  3.567045e-01  7.238951e+00  8.707407e+00  9.556331e+01  2.095824e+02  1.654966e+03  2.972297e+01  2.275440e+03  8.1183028547808675e+01
      4980  6.2249999999998327e+00  7.6806507378617953e-02  1.2728530419088102e+00  3.594778e-01  7.236970e+00  8.772431e+00  9.558557e+01  2.110194e+02  1.657338e+03  2.958614e+01  2.254719e+03  8.1122346907811618e+01
      4990  6.2374999999998302e+00  7.6647441574428390e-02  1.2721951851690838e+00  3.622088e-01  7.234822e+00  8.835847e+00  9.560192e+01  2.124073e+02  1.659509e+03  2.945089e+01  2.234304e+03  8.1058514720412632e+01
      5000  6.2499999999998277e+00  7.6488459837581735e-02  1.2715080297748216e+00  3.648987e-01  7.232513e+00  8.897690e+00  9.561250e+01  2.137470e+02  1.661483e+03  2.931723e+01  2.214198e+03  8.0991606135446574e+01
      5010  6.2624999999998252e+00  7.6329565806291771e-02  1.2707919616673511e+00  3.675488e-01  7.230046e+00  8.957993e+00  9.561744e+01  2.150395e+02  1.663264e+03  2.918519e+01  2.194406e+03  8.0921695208814697e+01
      5020  6.2749999999998227e+00  7.6170763070504327e-02  1.2700473671669390e+00  3.701604e-01  7.227425e+00  9.016790e+00  9.561686e+01  2.162858e+02  1.664855e+03  2.905481e+01  2.174932e+03  8.0848855843656168e+01
      5030  6.2874999999998202e+00  7.6012055171868584e-02  1.2692746326623940e+00  3.727346e-01  7.224655e+00  9.074116e+00  9.561090e+01  2.174868e+02  1.666262e+03  2.892611e+01  2.155781e+03  8.0773161731920680e+01
      5040  6.2999999999998177e+00  7.5853445603741243e-02  1.2684741443096486e+00  3.752728e-01  7.221739e+00  9.130007e+00  9.559971e+01  2.186436e+02  1.667487e+03  2.879912e+01  2.136957e+03  8.0694686296443393e+01
      5050  6.3124999999998153e+00  7.5694937811243507e-02  1.2676462877398826e+00  3.777761e-01  7.218681e+00  9.184497e+00  9.558342e+01  2.197573e+02  1.668536e+03  2.867387e+01  2.118464e+03  8.0613502633684348e+01
      5060  6.3249999999998128e+00  7.5536535191339294e-02  1.2667914477770796e+00  3.802457e-01  7.215485e+00  9.237622e+00  9.556218e+01  2.208289e+02  1.669413e+03  2.855039e+01  2.100306e+03  8.0529683457248041e+01
      5070  6.3374999999998103e+00  7.5378241092957959e-02  1.2659100081655583e+00  3.826828e-01  7.212156e+00  9.289417e+00  9.553612e+01  2.218595e+02  1.670123e+03  2.842869e+01  2.082487e+03  8.0443301042281917e+01
      5080  6.3499999999998078e+00  7.5220058817133312e-02  1.2650023513072504e+00  3.850887e-01  7.208698e+00  9.339916e+00  9.550540e+01  2.228501e+02  1.670671e+03  2.830881e+01  2.065010e+03  8.0354427170947872e+01
      5090  6.3624999999998053e+00  7.5061991617205864e-02  1.2640688580091199e+00  3.874643e-01  7.205114e+00  9.389156e+00  9.547015e+01  2.238019e+02  1.671061e+03  2.819077e+01  2.047878e+03  8.0263133079021884e+01
      5100  6.3749999999998028e+00  7.4904042699019943e-02  1.2631099072408412e+00  3.898110e-01  7.201408e+00  9.437171e+00  9.543053e+01  2.247160e+02  1.671299e+03  2.807459e+01  2.031094e+03  8.0169489403784240e+01
      5110  6.3874999999998003e+00  7.4746215221181689e-02  1.2621258759025631e+00  3.921299e-01  7.197585e+00  9.483996e+00  9.538667e+01  2.255933e+02  1.671388e+03  2.796030e+01  2.014662e+03  8.0073566133318621e+01
      5120  6.3999999999997979e+00  7.4588512295322207e-02  1.2611171386031175e+00  3.944219e-01  7.193648e+00  9.529665e+00  9.533872e+01  2.264351e+02  1.671335e+03  2.784792e+01  1.998584e+03  7.9975432557330521e+01
      5130  6.4124999999997954e+00  7.4430936986401658e-02  1.2600840674485676e+00  3.966883e-01  7.189602e+00  9.574212e+00  9.528683e+01  2.272424e+02  1.671143e+03  2.773746e+01  1.982862e+03  7.9875157219551426e+01
      5140  6.4249999999997929e+00  7.4273492313031569e-02  1.2590270318410566e+00  3.989301e-01  7.185449e+00  9.617672e+00  9.523113e+01  2.280164e+02  1.670818e+03  2.762894e+01  1.967498e+03  7.9772807871916996e+01
      5150  6.4374999999997904e+00  7.4116181247833091e-02  1.2579463982881016e+00  4.011483e-01  7.181194e+00  9.660078e+00  9.517177e+01  2.287579e+02  1.670365e+03  2.752240e+01  1.952493e+03  7.9668451430521145e+01
      5160  6.4499999999997879e+00  7.3959006717801437e-02  1.2568425302219084e+00  4.033440e-01  7.176840e+00  9.701463e+00  9.510889e+01  2.294682e+02  1.669788e+03  2.741783e+01  1.937851e+03  7.9562153933496504e+01
      5170  6.4624999999997854e+00  7.3801971604697078e-02  1.2557157878293652e+00  4.055182e-01  7.172392e+00  9.741859e+00  9.504262e+01  2.301484e+02  1.669092e+03  2.731525e+01  1.923570e+03  7.9453980500852083e+01
      5180  6.4749999999997829e+00  7.3645078745482317e-02  1.2545665278918794e+00  4.076718e-01  7.167852e+00  9.781298e+00  9.497310e+01  2.307993e+02  1.668282e+03  2.721469e+01  1.909653e+03  7.9343995296374288e+01
      5190  6.4874999999997804e+00  7.3488330932728982e-02  1.2533951036354267e+00  4.098059e-01  7.163224e+00  9.819812e+00  9.490045e+01  2.314221e+02  1.667362e+03  2.711614e+01  1.896099e+03  7.9232261491630268e+01
      5200  6.4999999999997780e+00  7.3331730915093624e-02  1.2522018645904445e+00  4.119213e-01  7.158511e+00  9.857432e+00  9.482482e+01  2.320177e+02  1.666337e+03  2.701963e+01  1.882910e+03  7.9118841232131444e+01
      5210  6.5124999999997755e+00  7.3175281397778097e-02  1.2509871564618602e+00  4.140191e-01  7.153717e+00  9.894187e+00  9.474633e+01  2.325873e+02  1.665212e+03  2.692516e+01  1.870084e+03  7.9003795605676515e+01
      5220  6.5249999999997730e+00  7.3018985043012991e-02  1.2497513210082742e+00  4.161000e-01  7.148845e+00  9.930108e+00  9.466510e+01  2.331316e+02  1.663990e+03  2.683274e+01  1.857623e+03  7.8887184612944566e+01
      5230  6.5374999999997705e+00  7.2862844470565846e-02  1.2484946959314087e+00  4.181649e-01  7.143898e+00  9.965223e+00  9.458126e+01  2.336517e+02  1.662677e+03  2.674237e+01  1.845524e+03  7.8769067140327138e+01
      5240  6.5499999999997680e+00  7.2706862258246949e-02  1.2472176147741016e+00  4.202147e-01  7.138880e+00  9.999560e+00  9.449493e+01  2.341485e+02  1.661276e+03  2.665406e+01  1.833787e+03  7.8649500935022616e+01
      5250  6.5624999999997655e+00  7.2551040942440914e-02  1.2459204068282086e+00  4.222503e-01  7.133792e+00  1.003315e+01  9.440621e+01  2.346230e+02  1.659791e+03  2.656781e+01  1.822411e+03  7.8528542582392902e+01
      5260  6.5749999999997630e+00  7.2395383018640375e-02  1.2446033970509596e+00  4.242723e-01  7.128639e+00  1.006601e+01  9.431523e+01  2.350759e+02  1.658226e+03  2.648363e+01  1.811394e+03  7.8406247485583663e+01
      5270  6.5874999999997605e+00  7.2239890941992846e-02  1.2432669059903625e+00  4.262817e-01  7.123422e+00  1.009818e+01  9.422209e+01  2.355082e+02  1.656586e+03  2.640151e+01  1.800734e+03  7.8282669847398239e+01
      5280  6.5999999999997581e+00  7.2084567127856825e-02  1.2419112497191238e+00  4.282791e-01  7.118145e+00  1.012967e+01  9.412690e+01  2.359207e+02  1.654874e+03  2.632146e+01  1.790430e+03  7.8157862654378661e+01
      5290  6.6124999999997556e+00  7.1929413952361868e-02  1.2405367397768452e+00  4.302652e-01  7.112810e+00  1.016052e+01  9.402977e+01  2.363141e+02  1.653093e+03  2.624345e+01  1.780478e+03  7.8031877663091421e+01
      5300  6.6249999999997531e+00  7.1774433752988559e-02  1.2391436831204268e+00  4.322409e-01  7.107420e+00  1.019074e+01  9.393078e+01  2.366894e+02  1.651247e+03  2.616750e+01  1.770877e+03  7.7904765388563249e+01
      5310  6.6374999999997506e+00  7.1619628829124177e-02  1.2377323820822062e+00  4.342066e-01  7.101976e+00  1.022037e+01  9.383004e+01  2.370472e+02  1.649339e+03  2.609360e+01  1.761622e+03  7.7776575094846336e+01
      5320  6.6499999999997481e+00  7.1465001442670220e-02  1.2363031343360766e+00  4.361632e-01  7.096482e+00  1.024941e+01  9.372764e+01  2.373883e+02  1.647373e+03  2.602172e+01  1.752711e+03  7.7647354787621438e+01
      5330  6.6624999999997456e+00  7.1310553818598951e-02  1.2348562328704646e+00  4.381112e-01  7.090940e+00  1.027790e+01  9.362366e+01  2.377133e+02  1.645352e+03  2.595187e+01  1.744141e+03  7.7517151208829901e+01
      5340  6.6749999999997431e+00  7.1156288145559216e-02  1.2333919659690777e+00  4.400513e-01  7.085351e+00  1.030584e+01  9.351819e+01  2.380230e+02  1.643279e+03  2.588403e+01  1.735907e+03  7.7386009833238745e+01
      5350  6.6874999999997407e+00  7.1002206576457796e-02  1.2319106171980709e+00  4.419840e-01  7.079718e+00  1.033328e+01  9.341132e+01  2.383179e+02  1.641156e+03  2.581819e+01  1.728006e+03  7.7253974866898773e+01
      5360  6.6999999999997382e+00  7.0848311229051136e-02  1.2304124654001951e+00  4.439099e-01  7.074042e+00  1.036021e+01  9.330311e+01  2.385988e+02  1.638986e+03  2.575432e+01  1.720433e+03  7.7121089247415568e+01
      5370  6.7124999999997357e+00  7.0694604186534032e-02  1.2288977846951958e+00  4.458295e-01  7.068326e+00  1.038666e+01  9.319365e+01  2.388662e+02  1.636773e+03  2.569242e+01  1.713183e+03  7.6987394645942956e+01
      5380  6.7249999999997332e+00  7.0541087498135119e-02  1.2273668444865253e+00  4.477434e-01  7.062570e+00  1.041265e+01  9.308300e+01  2.391207e+02  1.634518e+03  2.563246e+01  1.706253e+03  7.6852931470867816e+01
      5390  6.7374999999997307e+00  7.0387763179698110e-02  1.2258199094737985e+00  4.496520e-01  7.056778e+00  1.043820e+01  9.297123e+01  2.393628e+02  1.632223e+03  2.557442e+01  1.699636e+03  7.6717738873070346e+01
      5400  6.7499999999997282e+00  7.0234633214270856e-02  1.2242572396711269e+00  4.515558e-01  7.050950e+00  1.046331e+01  9.285840e+01  2.395930e+02  1.629892e+03  2.551828e+01  1.693328e+03  7.6581854752693843e+01
      5410  6.7624999999997257e+00  7.0081699552700077e-02  1.2226790904307143e+00  4.534553e-01  7.045088e+00  1.048801e+01  9.274457e+01  2.398119e+02  1.627526e+03  2.546401e+01  1.687324e+03  7.6445315767348774e+01
      5420  6.7749999999997232e+00  6.9928964114187128e-02  1.2210857124718288e+00  4.553509e-01  7.039193e+00  1.051231e+01  9.262980e+01  2.400198e+02  1.625126e+03  2.541159e+01  1.681617e+03  7.6308157341667808e+01
      5430  6.7874999999997208e+00  6.9776428786900963e-02  1.2194773519145228e+00  4.572430e-01  7.033266e+00  1.053622e+01  9.251414e+01  2.402172e+02  1.622696e+03  2.536098e+01  1.676203e+03  7.6170413678123865e+01
      5440  6.7999999999997183e+00  6.9624095428516275e-02  1.2178542503183141e+00  4.591320e-01  7.027309e+00  1.055976e+01  9.239764e+01  2.404046e+02  1.620237e+03  2.531216e+01  1.671074e+03  7.6032117769041349e+01
      5450  6.8124999999997158e+00  6.9471965866800503e-02  1.2162166447250684e+00  4.610183e-01  7.021322e+00  1.058294e+01  9.228035e+01  2.405823e+02  1.617750e+03  2.526511e+01  1.666225e+03  7.5893301409713004e+01
      5460  6.8249999999997133e+00  6.9320041900173296e-02  1.2145647677064209e+00  4.629022e-01  7.015308e+00  1.060576e+01  9.216230e+01  2.407506e+02  1.615237e+03  2.521977e+01  1.661649e+03  7.5753995212555438e+01
      5470  6.8374999999997108e+00  6.9168325298254438e-02  1.2128988474150646e+00  4.647840e-01  7.009266e+00  1.062825e+01  9.204353e+01  2.409100e+02  1.612699e+03  2.517613e+01  1.657340e+03  7.5614228622209566e+01
      5480  6.8499999999997083e+00  6.9016817802420471e-02  1.2112191076399443e+00  4.666641e-01  7.003197e+00  1.065040e+01  9.192409e+01  2.410607e+02  1.610137e+03  2.513415e+01  1.653291e+03  7.5474029931512888e+01
      5490  6.8624999999997058e+00  6.8865521126346835e-02  1.2095257678648483e+00  4.685427e-01  6.997103e+00  1.067224e+01  9.180401e+01  2.412030e+02  1.607554e+03  2.509378e+01  1.649495e+03  7.5333426298299742e+01
      5500  6.8749999999997033e+00  6.8714436956534647e-02  1.2078190433307294e+00  4.704201e-01  6.990983e+00  1.069376e+01  9.168331e+01  2.413372e+02  1.604949e+03  2.505500e+01  1.645945e+03  7.5192443762900325e+01
      5510  6.8874999999997009e+00  6.8563566952842755e-02  1.2060991451009191e+00  4.722966e-01  6.984840e+00  1.071499e+01  9.156202e+01  2.414636e+02  1.602325e+03  2.501776e+01  1.642634e+03  7.5051107266331201e+01
      5520  6.8999999999996984e+00  6.8412912749008709e-02  1.2043662801293773e+00  4.741723e-01  6.978672e+00  1.073592e+01  9.144017e+01  2.415823e+02  1.599681e+03  2.498202e+01  1.639555e+03  7.4909440669077284e+01
      5530  6.9124999999996959e+00  6.8262475953147925e-02  1.2026206513317534e+00  4.760475e-01  6.972481e+00  1.075656e+01  9.131778e+01  2.416936e+02  1.597018e+03  2.494773e+01  1.636700e+03  7.4767466770386662e+01
      5540  6.9249999999996934e+00  6.8112258148263785e-02  1.2008624576591167e+00  4.779224e-01  6.966267e+00  1.077692e+01  9.119486e+01  2.417977e+02  1.594338e+03  2.491487e+01  1.634062e+03  7.4625207328067020e+01
      5550  6.9374999999996909e+00  6.7962260892735105e-02  1.1990918941738791e+00  4.797972e-01  6.960030e+00  1.079700e+01  9.107143e+01  2.418947e+02  1.591641e+03  2.488338e+01  1.631633e+03  7.4482683078670334e+01
      5560  6.9499999999996884e+00  6.7812485720793084e-02  1.1973091521280534e+00  4.816720e-01  6.953771e+00  1.081682e+01  9.094751e+01  2.419848e+02  1.588927e+03  2.485321e+01  1.629405e+03  7.4339913758053626e+01
      5570  6.9624999999996859e+00  6.7662934143003561e-02  1.1955144190434941e+00  4.835469e-01  6.947489e+00  1.083637e+01  9.082311e+01  2.420681e+02  1.586197e+03  2.482433e+01  1.627370e+03  7.4196918122233456e+01
      5580  6.9749999999996835e+00  6.7513607646710314e-02  1.1937078787941169e+00  4.854222e-01  6.941186e+00  1.085566e+01  9.069823e+01  2.421448e+02  1.583452e+03  2.479669e+01  1.625521e+03  7.4053713968491792e+01
      5590  6.9874999999996810e+00  6.7364507696503637e-02  1.1918897116896592e+00  4.872978e-01  6.934860e+00  1.087470e+01  9.057288e+01  2.422150e+02  1.580690e+03  2.477023e+01  1.623849e+03  7.3910318156705188e+01
      5600  6.9999999999996785e+00  6.7215635734656748e-02  1.1900600945609323e+00  4.891739e-01  6.928513e+00  1.089349e+01  9.044706e+01  2.422786e+02  1.577914e+03  2.474491e+01  1.622346e+03  7.3766746630815192e+01
      5610  7.0124999999996760e+00  6.7066993181542925e-02  1.1882192008466759e+00  4.910506e-01  6.922143e+00  1.091202e+01  9.032078e+01  2.423359e+02  1.575122e+03  2.472068e+01  1.621005e+03  7.3623014440436108e+01
      5620  7.0249999999996735e+00  6.6918581436070657e-02  1.1863672006812875e+00  4.929279e-01  6.915752e+00  1.093032e+01  9.019403e+01  2.423869e+02  1.572316e+03  2.469749e+01  1.619816e+03  7.3479135762537823e+01
      5630  7.0374999999996710e+00  6.6770401876077884e-02  1.1845042609838761e+00  4.948059e-01  6.909338e+00  1.094837e+01  9.006682e+01  2.424316e+02  1.569494e+03  2.467530e+01  1.618772e+03  7.3335123923161433e+01
      5640  7.0499999999996685e+00  6.6622455858738841e-02  1.1826305455482113e+00  4.966846e-01  6.902902e+00  1.096617e+01  8.993913e+01  2.424700e+02  1.566657e+03  2.465404e+01  1.617865e+03  7.3190991419173756e+01
      5650  7.0624999999996660e+00  6.6474744720940157e-02  1.1807462151332131e+00  4.985639e-01  6.896443e+00  1.098374e+01  8.981097e+01  2.425023e+02  1.563805e+03  2.463367e+01  1.617085e+03  7.3046749939946167e+01
      5660  7.0749999999996636e+00  6.6327269779659997e-02  1.1788514275543451e+00  5.004440e-01  6.889961e+00  1.100108e+01  8.968232e+01  2.425283e+02  1.560938e+03  2.461414e+01  1.616426e+03  7.2902410389032340e+01
      5670  7.0874999999996611e+00  6.6180032332330774e-02  1.1769463377753699e+00  5.023247e-01  6.883456e+00  1.101817e+01  8.955317e+01  2.425481e+02  1.558055e+03  2.459539e+01  1.615877e+03  7.2757982905731268e+01
      5680  7.0999999999996586e+00  6.6033033657184603e-02  1.1750310980004823e+00  5.042060e-01  6.876928e+00  1.103503e+01  8.942352e+01  2.425617e+02  1.555156e+03  2.457738e+01  1.615432e+03  7.2613476886539189e+01
      5690  7.1124999999996561e+00  6.5886275013597478e-02  1.1731058577668403e+00  5.060880e-01  6.870376e+00  1.105166e+01  8.929335e+01  2.425691e+02  1.552242e+03  2.456004e+01  1.615082e+03  7.2468901006480309e+01
      5700  7.1249999999996536e+00  6.5739757642415117e-02  1.1711707640370008e+00  5.079704e-01  6.863800e+00  1.106805e+01  8.916265e+01  2.425703e+02  1.549310e+03  2.454334e+01  1.614818e+03  7.2324263240266703e+01
      5710  7.1374999999996511e+00  6.5593482766268862e-02  1.1692259612916442e+00  5.098533e-01  6.857199e+00  1.108421e+01  8.903140e+01  2.425652e+02  1.546362e+03  2.452721e+01  1.614632e+03  7.2179570883277250e+01
      5720  7.1499999999996486e+00  6.5447451589881078e-02  1.1672715916220833e+00  5.117366e-01  6.850573e+00  1.110013e+01  8.889958e+01  2.425537e+02  1.543396e+03  2.451161e+01  1.614516e+03  7.2034830572347275e+01
      5730  7.1624999999996461e+00  6.5301665300352696e-02  1.1653077948223776e+00  5.136200e-01  6.843921e+00  1.111582e+01  8.876719e+01  2.425359e+02  1.540413e+03  2.449647e+01  1.614461e+03  7.1890048306311670e+01
      5740  7.1749999999996437e+00  6.5156125067456799e-02  1.1633347084817562e+00  5.155036e-01  6.837244e+00  1.113127e+01  8.863420e+01  2.425117e+02  1.537411e+03  2.448176e+01  1.614461e+03  7.1745229466334038e+01
      5750  7.1874999999996412e+00  6.5010832043894629e-02  1.1613524680759719e+00  5.173871e-01  6.830539e+00  1.114648e+01  8.850059e+01  2.424810e+02  1.534391e+03  2.446741e+01  1.614505e+03  7.1600378835963369e+01
      5760  7.1999999999996387e+00  6.4865787365563657e-02  1.1593612070587447e+00  5.192705e-01  6.823808e+00  1.116146e+01  8.836635e+01  2.424438e+02  1.531351e+03  2.445338e+01  1.614587e+03  7.1455500620934004e+01
      5770  7.2124999999996362e+00  6.4720992151798426e-02  1.1573610569522250e+00  5.211535e-01  6.817049e+00  1.117620e+01  8.823144e+01  2.423999e+02  1.528292e+03  2.443961e+01  1.614699e+03  7.1310598468664978e+01
      5780  7.2249999999996337e+00  6.4576447505612880e-02  1.1553521474372237e+00  5.230359e-01  6.810262e+00  1.119069e+01  8.809586e+01  2.423494e+02  1.525211e+03  2.442605e+01  1.614832e+03  7.1165675487467084e+01
      5790  7.2374999999996312e+00  6.4432154513918108e-02  1.1533346064423338e+00  5.249176e-01  6.803447e+00  1.120494e+01  8.795958e+01  2.422922e+02  1.522110e+03  2.441266e+01  1.614979e+03  7.1020734265449718e+01
      5800  7.2499999999996287e+00  6.4288114247739406e-02  1.1513085602325797e+00  5.267984e-01  6.796602e+00  1.121895e+01  8.782258e+01  2.422281e+02  1.518987e+03  2.439937e+01  1.615133e+03  7.0875776889088357e+01
      5810  7.2624999999996263e+00  6.4144327762420295e-02  1.1492741334971786e+00  5.286780e-01  6.789727e+00  1.123271e+01  8.768483e+01  2.421571e+02  1.515842e+03  2.438615e+01  1.615285e+03  7.0730804961475030e+01
      5820  7.2749999999996238e+00  6.4000796097811924e-02  1.1472314494360252e+00  5.305562e-01  6.782822e+00  1.124623e+01  8.754632e+01  2.420792e+02  1.512674e+03  2.437295e+01  1.615428e+03  7.0585819620226687e+01
      5830  7.2874999999996213e+00  6.3857520278449917e-02  1.1451806298458302e+00  5.324327e-01  6.775887e+00  1.125949e+01  8.740701e+01  2.419942e+02  1.509482e+03  2.435971e+01  1.615556e+03  7.0440821555027199e+01
      5840  7.2999999999996188e+00  6.3714501313736238e-02  1.1431217952046293e+00  5.343072e-01  6.768919e+00  1.127250e+01  8.726690e+01  2.419020e+02  1.506266e+03  2.434638e+01  1.615660e+03  7.0295811024865827e+01
      5850  7.3124999999996163e+00  6.3571740198082816e-02  1.1410550647554722e+00  5.361796e-01  6.761920e+00  1.128525e+01  8.712595e+01  2.418026e+02  1.503025e+03  2.433293e+01  1.615734e+03  7.0150787874851289e+01
      5860  7.3249999999996138e+00  6.3429237911074965e-02  1.1389805565890834e+00  5.380494e-01  6.754889e+00  1.129775e+01  8.698414e+01  2.416959e+02  1.499758e+03  2.431930e+01  1.615772e+03  7.0005751552712098e+01
      5870  7.3374999999996113e+00  6.3286995417601674e-02  1.1368983877250738e+00  5.399164e-01  6.747825e+00  1.130998e+01  8.684145e+01  2.415818e+02  1.496466e+03  2.430545e+01  1.615765e+03  6.9860701124917142e+01
      5880  7.3499999999996088e+00  6.3145013667986610e-02  1.1348086741920720e+00  5.417803e-01  6.740727e+00  1.132196e+01  8.669786e+01  2.414602e+02  1.493146e+03  2.429133e+01  1.615708e+03  6.9715635292424579e+01
      5890  7.3624999999996064e+00  6.3003293598110036e-02  1.1327115311065321e+00  5.436407e-01  6.733595e+00  1.133366e+01  8.655334e+01  2.413310e+02  1.489799e+03  2.427691e+01  1.615595e+03  6.9570552406060500e+01
      5900  7.3749999999996039e+00  6.2861836129516430e-02  1.1306070727504569e+00  5.454973e-01  6.726429e+00  1.134510e+01  8.640788e+01  2.411942e+02  1.486424e+03  2.426213e+01  1.615418e+03  6.9425450481542015e+01
      5910  7.3874999999996014e+00  6.2720642169508234e-02  1.1284954126473088e+00  5.473496e-01  6.719228e+00  1.135626e+01  8.626144e+01  2.410496e+02  1.483021e+03  2.424696e+01  1.615173e+03  6.9280327214131603e+01
      5920  7.3999999999995989e+00  6.2579712611244287e-02  1.1263766636370491e+00  5.491975e-01  6.711992e+00  1.136714e+01  8.611402e+01  2.408972e+02  1.479588e+03  2.423135e+01  1.614853e+03  6.9135179992927064e+01
      5930  7.4124999999995964e+00  6.2439048333817998e-02  1.1242509379494103e+00  5.510404e-01  6.704721e+00  1.137775e+01  8.596559e+01  2.407368e+02  1.476126e+03  2.421527e+01  1.614452e+03  6.8990005914784220e+01
      5940  7.4249999999995939e+00  6.2298650202327693e-02  1.1221183472761207e+00  5.528779e-01  6.697413e+00  1.138807e+01  8.581613e+01  2.405685e+02  1.472633e+03  2.419868e+01  1.613966e+03  6.8844801797919359e+01
      5950  7.4374999999995914e+00  6.2158519067939774e-02  1.1199790028411267e+00  5.547097e-01  6.690069e+00  1.139811e+01  8.566561e+01  2.403922e+02  1.469109e+03  2.418154e+01  1.613388e+03  6.8699564195133959e+01
      5960  7.4499999999995890e+00  6.2018655767941806e-02  1.1178330154699496e+00  5.565353e-01  6.682689e+00  1.140786e+01  8.551404e+01  2.402077e+02  1.465554e+03  2.416381e+01  1.612714e+03  6.8554289406718794e+01
      5970  7.4624999999995865e+00  6.1879061125791876e-02  1.1156804956571029e+00  5.583543e-01  6.675272e+00  1.141732e+01  8.536137e+01  2.400150e+02  1.461968e+03  2.414546e+01  1.611938e+03  6.8408973493033756e+01
      5980  7.4749999999995840e+00  6.1739735951153139e-02  1.1135215536323022e+00  5.601663e-01  6.667817e+00  1.142648e+01  8.520760e+01  2.398140e+02  1.458349e+03  2.412645e+01  1.611057e+03  6.8263612286769899e+01
      5990  7.4874999999995815e+00  6.1600681039921987e-02  1.1113562994247159e+00  5.619707e-01  6.660326e+00  1.143534e+01  8.505271e+01  2.396046e+02  1.454697e+03  2.410675e+01  1.610065e+03  6.8118201404893810e+01
      6000  7.4999999999995790e+00  6.1461897174251809e-02  1.1091848429264064e+00  5.637671e-01  6.652797e+00  1.144390e+01  8.489669e+01  2.393869e+02  1.451012e+03  2.408633e+01  1.608958e+03  6.7972736260321710e+01
      6010  7.5124999999995765e+00  6.1323385122563225e-02  1.1070072939533460e+00  5.655551e-01  6.645230e+00  1.145215e+01  8.473952e+01  2.391607e+02  1.447294e+03  2.406516e+01  1.607732e+03  6.7827212073307166e+01
      6020  7.5249999999995740e+00  6.1185145639553420e-02  1.1048237623054904e+00  5.673341e-01  6.637626e+00  1.146008e+01  8.458119e+01  2.389260e+02  1.443541e+03  2.404321e+01  1.606384e+03  6.7681623882551804e+01
      6030  7.5374999999995715e+00  6.1047179466190371e-02  1.1026343578251636e+00  5.691037e-01  6.629984e+00  1.146771e+01  8.442167e+01  2.386826e+02  1.439755e+03  2.402045e+01  1.604909e+03  6.7535966556096895e+01
      6040  7.5499999999995691e+00  6.0909487329708155e-02  1.1004391904534541e+00  5.708633e-01  6.622304e+00  1.147502e+01  8.426098e+01  2.384307e+02  1.435934e+03  2.399685e+01  1.603304e+03  6.7390234801953298e+01
      6050  7.5624999999995666e+00  6.0772069943587165e-02  1.0982383702855787e+00  5.726124e-01  6.614586e+00  1.148200e+01  8.409908e+01  2.381700e+02  1.432078e+03  2.397240e+01  1.601567e+03  6.7244423178542746e+01
      6060  7.5749999999995641e+00  6.0634928007534811e-02  1.0960320076241474e+00  5.743505e-01  6.606830e+00  1.148866e+01  8.393598e+01  2.379007e+02  1.428187e+03  2.394705e+01  1.599693e+03  6.7098526104926577e+01
      6070  7.5874999999995616e+00  6.0498062207454899e-02  1.0938202130311743e+00  5.760771e-01  6.599037e+00  1.149499e+01  8.377166e+01  2.376226e+02  1.424262e+03  2.392080e+01  1.597680e+03  6.6952537870871126e+01
      6080  7.5999999999995591e+00  6.0361473215410036e-02  1.0916030973782438e+00  5.777915e-01  6.591206e+00  1.150098e+01  8.360611e+01  2.373356e+02  1.420300e+03  2.389361e+01  1.595526e+03  6.6806452646731714e+01
      6090  7.6124999999995566e+00  6.0225161689587185e-02  1.0893807718949633e+00  5.794933e-01  6.583338e+00  1.150664e+01  8.343934e+01  2.370399e+02  1.416304e+03  2.386547e+01  1.593228e+03  6.6660264493237165e+01
      6100  7.6249999999995541e+00  6.0089128274239657e-02  1.0871533482160245e+00  5.811818e-01  6.575432e+00  1.151196e+01  8.327132e+01  2.367352e+02  1.412271e+03  2.383636e+01  1.590784e+03  6.6513967371103462e+01
      6110  7.6374999999995516e+00  5.9953373599638787e-02  1.0849209384264031e+00  5.828566e-01  6.567490e+00  1.151693e+01  8.310207e+01  2.364217e+02  1.408204e+03  2.380626e+01  1.588192e+03  6.6367555150604844e+01
      6120  7.6499999999995492e+00  5.9817898282018722e-02  1.0826836551048962e+00  5.845170e-01  6.559510e+00  1.152155e+01  8.293157e+01  2.360993e+02  1.404100e+03  2.377515e+01  1.585450e+03  6.6221021621009001e+01
      6130  7.6624999999995467e+00  5.9682702923505179e-02  1.0804416113661162e+00  5.861625e-01  6.551494e+00  1.152582e+01  8.275983e+01  2.357679e+02  1.399961e+03  2.374302e+01  1.582556e+03  6.6074360500001418e+01
      6140  7.6749999999995442e+00  5.9547788112047688e-02  1.0781949209006583e+00  5.877924e-01  6.543442e+00  1.152974e+01  8.258684e+01  2.354276e+02  1.395786e+03  2.370985e+01  1.579510e+03  6.5927565443044642e+01
      6150  7.6874999999995417e+00  5.9413154421351887e-02  1.0759436980135135e+00  5.894062e-01  6.535354e+00  1.153329e+01  8.241260e+01  2.350784e+02  1.391575e+03  2.367563e+01  1.576311e+03  6.5780630052719729e+01
      6160  7.6999999999995392e+00  5.9278802410787985e-02  1.0736880576610848e+00  5.910032e-01  6.527231e+00  1.153648e+01  8.223712e+01  2.347202e+02  1.387330e+03  2.364034e+01  1.572956e+03  6.5633547888078112e+01
      6170  7.7124999999995367e+00  5.9144732625320350e-02  1.0714281154861638e+00  5.925830e-01  6.519073e+00  1.153930e+01  8.206039e+01  2.343530e+02  1.383048e+03  2.360399e+01  1.569446e+03  6.5486312474016287e+01
      6180  7.7249999999995342e+00  5.9010945595406983e-02  1.0691639878511610e+00  5.941448e-01  6.510880e+00  1.154175e+01  8.188242e+01  2.339769e+02  1.378732e+03  2.356655e+01  1.565780e+03  6.5338917310668265e+01
      6190  7.7374999999995318e+00  5.8877441836922478e-02  1.0668957918698592e+00  5.956880e-01  6.502653e+00  1.154383e+01  8.170321e+01  2.335918e+02  1.374381e+03  2.352801e+01  1.561958e+03  6.5191355882868422e+01
      6200  7.7499999999995293e+00  5.8744221851045386e-02  1.0646236454372682e+00  5.972120e-01  6.494393e+00  1.154552e+01  8.152278e+01  2.331978e+02  1.369995e+03  2.348838e+01  1.557979e+03  6.5043621669725397e+01
      6210  7.7624999999995268e+00  5.8611286124170291e-02  1.0623476672575791e+00  5.987163e-01  6.486100e+00  1.154683e+01  8.134111e+01  2.327948e+02  1.365574e+03  2.344765e+01  1.553844e+03  6.4895708154195390e+01
      6220  7.7749999999995243e+00  5.8478635127800604e-02  1.0600679768706223e+00  6.002002e-01  6.477774e+00  1.154776e+01  8.115823e+01  2.323830e+02  1.361119e+03  2.340580e+01  1.549552e+03  6.4747608832874931e+01
      6230  7.7874999999995218e+00  5.8346269318446997e-02  1.0577846946762766e+00  6.016631e-01  6.469417e+00  1.154830e+01  8.097414e+01  2.319622e+02  1.356631e+03  2.336285e+01  1.545105e+03  6.4599317225833502e+01
      6240  7.7999999999995193e+00  5.8214189137513916e-02  1.0554979419571224e+00  6.031043e-01  6.461029e+00  1.154844e+01  8.078885e+01  2.315326e+02  1.352109e+03  2.331877e+01  1.540502e+03  6.4450826886624014e+01
      6250  7.8124999999995168e+00  5.8082395011185610e-02  1.0532078408994652e+00  6.045233e-01  6.452610e+00  1.154819e+01  8.060237e+01  2.310941e+02  1.347553e+03  2.327358e+01  1.535745e+03  6.4302131412437177e+01
      6260  7.8249999999995143e+00  5.7950887350320307e-02  1.0509145146121719e+00  6.059194e-01  6.444162e+00  1.154754e+01  8.041471e+01  2.306469e+02  1.342965e+03  2.322727e+01  1.530833e+03  6.4153224454416190e+01
      6270  7.8374999999995119e+00  5.7819666550324569e-02  1.0486180871441042e+00  6.072920e-01  6.435684e+00  1.154648e+01  8.022588e+01  2.301908e+02  1.338345e+03  2.317984e+01  1.525769e+03  6.4004099728145263e+01
      6280  7.8499999999995094e+00  5.7688732991043261e-02  1.0463186834991554e+00  6.086405e-01  6.427179e+00  1.154502e+01  8.003590e+01  2.297261e+02  1.333693e+03  2.313130e+01  1.520554e+03  6.3854751024319086e+01
      6290  7.8624999999995069e+00  5.7558087036637499e-02  1.0440164296499703e+00  6.099642e-01  6.418646e+00  1.154315e+01  7.984478e+01  2.292526e+02  1.329010e+03  2.308164e+01  1.515188e+03  6.3705172219625638e+01
      6300  7.8749999999995044e+00  5.7427729035451291e-02  1.0417114525491309e+00  6.112627e-01  6.410086e+00  1.154086e+01  7.965253e+01  2.287706e+02  1.324296e+03  2.303087e+01  1.509674e+03  6.3555357287786919e+01
      6310  7.8874999999995019e+00  5.7297659319907393e-02  1.0394038801391208e+00  6.125352e-01  6.401500e+00  1.153816e+01  7.945917e+01  2.282799e+02  1.319552e+03  2.297900e+01  1.504013e+03  6.3405300310849995e+01
      6320  7.8999999999994994e+00  5.7167878206368219e-02  1.0370938413598192e+00  6.137812e-01  6.392889e+00  1.153504e+01  7.926472e+01  2.277807e+02  1.314777e+03  2.292603e+01  1.498207e+03  6.3254995490649613e+01
      6330  7.9124999999994969e+00  5.7038385995015997e-02  1.0347814661542538e+00  6.150000e-01  6.384253e+00  1.153150e+01  7.906919e+01  2.272730e+02  1.309974e+03  2.287196e+01  1.492258e+03  6.3104437160500716e+01
      6340  7.9249999999994944e+00  5.6909182969730361e-02  1.0324668854725036e+00  6.161911e-01  6.375594e+00  1.152754e+01  7.887259e+01  2.267569e+02  1.305143e+03  2.281682e+01  1.486167e+03  6.2953619797108146e+01
      6350  7.9374999999994920e+00  5.6780269397957842e-02  1.0301502312732975e+00  6.173539e-01  6.366913e+00  1.152314e+01  7.867496e+01  2.262324e+02  1.300283e+03  2.276059e+01  1.479938e+03  6.2802538032659243e+01
      6360  7.9499999999994895e+00  5.6651645530584216e-02  1.0278316365239479e+00  6.184879e-01  6.358209e+00  1.151832e+01  7.847630e+01  2.256996e+02  1.295396e+03  2.270330e+01  1.473571e+03  6.2651186667144472e+01
      6370  7.9624999999994870e+00  5.6523311601816797e-02  1.0255112351982374e+00  6.195923e-01  6.349485e+00  1.151306e+01  7.827664e+01  2.251586e+02  1.290482e+03  2.264495e+01  1.467071e+03  6.2499560680886290e+01
      6380  7.9749999999994845e+00  5.6395267829047260e-02  1.0231891622719518e+00  6.206668e-01  6.340741e+00  1.150737e+01  7.807600e+01  2.246094e+02  1.285543e+03  2.258555e+01  1.460438e+03  6.2347655247250074e+01
      6390  7.9874999999994820e+00  5.6267514412740589e-02  1.0208655537169169e+00  6.217106e-01  6.331977e+00  1.150124e+01  7.787439e+01  2.240522e+02  1.280578e+03  2.252512e+01  1.453677e+03  6.2195465745549136e+01
      6400  7.9999999999994795e+00  5.6140051536295407e-02  1.0185405464924844e+00  6.227233e-01  6.323195e+00  1.149468e+01  7.767184e+01  2.234869e+02  1.275589e+03  2.246366e+01  1.446789e+03  6.2042987774136336e+01
      6410  8.0124999999994859e+00  5.6012879365936151e-02  1.0162142785352049e+00  6.237044e-01  6.314396e+00  1.148767e+01  7.746836e+01  2.229137e+02  1.270576e+03  2.240120e+01  1.439777e+03  6.1890217163656949e+01
      6420  8.0249999999994923e+00  5.5885998050578457e-02  1.0138868887465371e+00  6.246533e-01  6.305580e+00  1.148022e+01  7.726399e+01  2.223327e+02  1.265540e+03  2.233774e+01  1.432644e+03  6.1737149990457539e+01
      6430  8.0374999999994987e+00  5.5759407721719736e-02  1.0115585169782078e+00  6.255694e-01  6.296748e+00  1.147232e+01  7.705874e+01  2.217439e+02  1.260481e+03  2.227330e+01  1.425394e+03  6.1583782590149156e+01
      6440  8.0499999999995051e+00  5.5633108493318331e-02  1.0092293040155642e+00  6.264524e-01  6.287902e+00  1.146398e+01  7.685264e+01  2.211474e+02  1.255401e+03  2.220789e+01  1.418028e+03  6.1430111571271169e+01
      6450  8.0624999999995115e+00  5.5507100461673592e-02  1.0068993915591040e+00  6.273016e-01  6.279041e+00  1.145519e+01  7.664570e+01  2.205433e+02  1.250300e+03  2.214153e+01  1.410551e+03  6.1276133829093446e+01
      6460  8.0749999999995179e+00  5.5381383705317686e-02  1.0045689222034562e+00  6.281167e-01  6.270168e+00  1.144595e+01  7.643795e+01  2.199316e+02  1.245179e+03  2.207424e+01  1.402966e+03  6.1121846559481959e+01
      6470  8.0874999999995243e+00  5.5255958284903040e-02  1.0022380394145463e+00  6.288971e-01  6.261282e+00  1.143625e+01  7.622942e+01  2.193126e+02  1.240038e+03  2.200603e+01  1.395274e+03  6.0967247272846649e+01
      6480  8.0999999999995307e+00  5.5130824243100410e-02  9.9990688750459011e-01  6.296424e-01  6.252386e+00  1.142611e+01  7.602013e+01  2.186862e+02  1.234879e+03  2.193692e+01  1.387481e+03  6.0812333808128784e+01
      6490  8.1124999999995371e+00  5.5005981604483369e-02  9.9757561160507779e-01  6.303522e-01  6.243478e+00  1.141551e+01  7.581010e+01  2.180527e+02  1.229703e+03  2.186693e+01  1.379589e+03  6.0657104346817029e+01
      6500  8.1249999999995435e+00  5.4881430375438828e-02  9.9524435763723895e-01  6.310260e-01  6.234562e+00  1.140445e+01  7.559936e+01  2.174119e+02  1.224509e+03  2.179607e+01  1.371601e+03  6.0501557426953070e+01
      6510  8.1374999999995499e+00  5.4757170544061380e-02  9.9291327228105963e-01  6.316633e-01  6.225636e+00  1.139295e+01  7.538793e+01  2.167641e+02  1.219299e+03  2.172437e+01  1.363522e+03  6.0345691957115164e+01
      6520  8.1499999999995563e+00  5.4633202080069908e-02  9.9058250294162087e-01  6.322639e-01  6.216703e+00  1.138098e+01  7.517583e+01  2.161094e+02  1.214074e+03  2.165184e+01  1.355353e+03  6.0189507230351481e+01
      6530  8.1624999999995627e+00  5.4509524934713095e-02  9.8825219771347139e-01  6.328274e-01  6.207763e+00  1.136856e+01  7.496309e+01  2.154478e+02  1.208834e+03  2.157850e+01  1.347100e+03  6.0033002938010455e+01
      6540  8.1749999999995691e+00  5.4386139040684303e-02  9.8592250534320680e-01  6.333533e-01  6.198817e+00  1.135568e+01  7.474974e+01  2.147795e+02  1.203580e+03  2.150437e+01  1.338764e+03  5.9876179183492262e+01
      6550  8.1874999999995755e+00  5.4263044312047010e-02  9.8359357518957191e-01  6.338413e-01  6.189866e+00  1.134234e+01  7.453579e+01  2.141046e+02  1.198313e+03  2.142948e+01  1.330350e+03  5.9719036495823417e+01
      6560  8.1999999999995818e+00  5.4140240644158864e-02  9.8126555718168207e-01  6.342911e-01  6.180910e+00  1.132855e+01  7.432128e+01  2.134231e+02  1.193034e+03  2.135384e+01  1.321861e+03  5.9561575843083958e+01
      6570  8.2124999999995882e+00  5.4017727913599455e-02  9.7893860177531833e-01  6.347024e-01  6.171950e+00  1.131429e+01  7.410622e+01  2.127351e+02  1.187743e+03  2.127746e+01  1.313301e+03  5.9403798645627802e+01
      6580  8.2249999999995946e+00  5.3895505978117736e-02  9.7661285990679292e-01  6.350748e-01  6.162988e+00  1.129958e+01  7.389065e+01  2.120409e+02  1.182442e+03  2.120039e+01  1.304673e+03  5.9245706789060286e+01
      6590  8.2374999999996010e+00  5.3773574676559896e-02  9.7428848294516834e-01  6.354081e-01  6.154024e+00  1.128441e+01  7.367458e+01  2.113404e+02  1.177131e+03  2.112262e+01  1.295980e+03  5.9087302636955840e+01
      6600  8.2499999999996074e+00  5.3651933828833820e-02  9.7196562264239594e-01  6.357021e-01  6.145058e+00  1.126879e+01  7.345804e+01  2.106338e+02  1.171810e+03  2.104419e+01  1.287226e+03  5.8928589043277100e+01
      6610  8.2624999999996138e+00  5.3530583235853191e-02  9.6964443108129805e-01  6.359565e-01  6.136092e+00  1.125271e+01  7.324106e+01  2.099211e+02  1.166481e+03  2.096511e+01  1.278415e+03  5.8769569364466122e+01
      6620  8.2749999999996202e+00  5.3409522679504225e-02  9.6732506062175405e-01  6.361710e-01  6.127127e+00  1.123617e+01  7.302365e+01  2.092026e+02  1.161145e+03  2.088541e+01  1.269550e+03  5.8610247471159887e+01
      6630  8.2874999999996266e+00  5.3288751922614425e-02  9.6500766384508152e-01  6.363455e-01  6.118162e+00  1.121918e+01  7.280585e+01  2.084782e+02  1.155802e+03  2.080511e+01  1.260633e+03  5.8450627759534882e+01
      6640  8.2999999999996330e+00  5.3168270708927316e-02  9.6269239349615909e-01  6.364797e-01  6.109199e+00  1.120173e+01  7.258767e+01  2.077481e+02  1.150452e+03  2.072422e+01  1.251670e+03  5.8290715162200399e+01
      6650  8.3124999999996394e+00  5.3048078763086384e-02  9.6037940242403419e-01  6.365736e-01  6.100239e+00  1.118383e+01  7.236914e+01  2.070125e+02  1.145097e+03  2.064277e+01  1.242662e+03  5.8130515158642666e+01
      6660  8.3249999999996458e+00  5.2928175790625857e-02  9.5806884352052302e-01  6.366269e-01  6.091283e+00  1.116548e+01  7.215028e+01  2.062713e+02  1.139738e+03  2.056078e+01  1.233613e+03  5.7970033785179474e+01
      6670  8.3374999999996522e+00  5.2808561477967357e-02  9.5576086965710350e-01  6.366395e-01  6.082330e+00  1.114667e+01  7.193112e+01  2.055248e+02  1.134374e+03  2.047827e+01  1.224527e+03  5.7809277644391550e+01
      6680  8.3499999999996586e+00  5.2689235492431506e-02  9.5345563362011565e-01  6.366114e-01  6.073382e+00  1.112742e+01  7.171168e+01  2.047730e+02  1.129007e+03  2.039527e+01  1.215407e+03  5.7648253913991830e+01
      6690  8.3624999999996650e+00  5.2570197482245347e-02  9.5115328804398303e-01  6.365424e-01  6.064440e+00  1.110772e+01  7.149198e+01  2.040160e+02  1.123638e+03  2.031178e+01  1.206256e+03  5.7486970355129337e+01
      6700  8.3749999999996714e+00  5.2451447076575800e-02  9.4885398534313437e-01  6.364325e-01  6.055504e+00  1.108758e+01  7.127204e+01  2.032540e+02  1.118266e+03  2.022784e+01  1.197076e+03  5.7325435320061672e+01
      6710  8.3874999999996778e+00  5.2332983885547475e-02  9.4655787764208199e-01  6.362817e-01  6.046576e+00  1.106699e+01  7.105189e+01  2.024870e+02  1.112894e+03  2.014345e+01  1.187872e+03  5.7163657759196866e+01
      6720  8.3999999999996842e+00  5.2214807500299470e-02  9.4426511670392832e-01  6.360898e-01  6.037655e+00  1.104596e+01  7.083155e+01  2.017152e+02  1.107521e+03  2.005865e+01  1.178646e+03  5.7001647227465355e+01
      6730  8.4124999999996906e+00  5.2096917493018730e-02  9.4197585385749738e-01  6.358570e-01  6.028742e+00  1.102448e+01  7.061103e+01  2.009386e+02  1.102147e+03  1.997346e+01  1.169401e+03  5.6839413889988734e+01
      6740  8.4249999999996970e+00  5.1979313417015983e-02  9.3969023992289924e-01  6.355832e-01  6.019838e+00  1.100258e+01  7.039037e+01  2.001574e+02  1.096775e+03  1.988788e+01  1.160140e+03  5.6676968527028762e+01
      6750  8.4374999999997033e+00  5.1861994806775863e-02  9.3740842513571132e-01  6.352685e-01  6.010945e+00  1.098023e+01  7.016958e+01  1.993716e+02  1.091404e+03  1.980194e+01  1.150866e+03  5.6514322538190704e+01
      6760  8.4499999999997097e+00  5.1744961178049900e-02  9.3513055906971865e-01  6.349129e-01  6.002062e+00  1.095746e+01  6.994868e+01  1.985814e+02  1.086034e+03  1.971567e+01  1.141581e+03  5.6351487945848163e+01
      6770  8.4624999999997161e+00  5.1628212027939102e-02  9.3285679055862403e-01  6.345166e-01  5.993190e+00  1.093425e+01  6.972769e+01  1.977869e+02  1.080668e+03  1.962907e+01  1.132289e+03  5.6188477397770640e+01
      6780  8.4749999999997225e+00  5.1511746834989047e-02  9.3058726761615684e-01  6.340796e-01  5.984330e+00  1.091062e+01  6.950663e+01  1.969882e+02  1.075304e+03  1.954217e+01  1.122991e+03  5.6025304168943968e+01
      6790  8.4874999999997289e+00  5.1395565059295462e-02  9.2832213735540958e-01  6.336020e-01  5.975484e+00  1.088657e+01  6.928553e+01  1.961853e+02  1.069944e+03  1.945499e+01  1.113692e+03  5.5861982162531113e+01
      6800  8.4999999999997353e+00  5.1279666142631027e-02  9.2606154590666168e-01  6.330841e-01  5.966650e+00  1.086209e+01  6.906440e+01  1.953784e+02  1.064588e+03  1.936754e+01  1.104392e+03  5.5698525909990082e+01
      6810  8.5124999999997417e+00  5.1164049508568087e-02  9.2380563833460072e-01  6.325259e-01  5.957831e+00  1.083720e+01  6.884326e+01  1.945676e+02  1.059237e+03  1.927984e+01  1.095095e+03  5.5534950570303465e+01
      6820  8.5249999999997481e+00  5.1048714562609843e-02  9.2155455855414825e-01  6.319278e-01  5.949026e+00  1.081189e+01  6.862214e+01  1.937530e+02  1.053891e+03  1.919192e+01  1.085803e+03  5.5371271928308559e+01
      6830  8.5374999999997545e+00  5.0933660692353153e-02  9.1930844924584032e-01  6.312898e-01  5.940238e+00  1.078618e+01  6.840104e+01  1.929346e+02  1.048551e+03  1.910377e+01  1.076518e+03  5.5207506392119143e+01
      6840  8.5499999999997609e+00  5.0818887267640500e-02  9.1706745176997106e-01  6.306122e-01  5.931466e+00  1.076005e+01  6.817999e+01  1.921127e+02  1.043217e+03  1.901543e+01  1.067242e+03  5.5043670989614498e+01
      6850  8.5624999999997673e+00  5.0704393640730608e-02  9.1483170608026465e-01  6.298954e-01  5.922711e+00  1.073353e+01  6.795901e+01  1.912872e+02  1.037890e+03  1.892690e+01  1.057978e+03  5.4879783363983329e+01
      6860  8.5749999999997737e+00  5.0590179146477815e-02  9.1260135063676662e-01  6.291395e-01  5.913973e+00  1.070661e+01  6.773812e+01  1.904582e+02  1.032570e+03  1.883821e+01  1.048728e+03  5.4715861768301309e+01
      6870  8.5874999999997801e+00  5.0476243102532237e-02  9.1037652231827304e-01  6.283449e-01  5.905255e+00  1.067929e+01  6.751732e+01  1.896260e+02  1.027258e+03  1.874937e+01  1.039493e+03  5.4551925059153490e+01
      6880  8.5999999999997865e+00  5.0362584809529515e-02  9.0815735633403960e-01  6.275118e-01  5.896557e+00  1.065159e+01  6.729665e+01  1.887905e+02  1.021954e+03  1.866039e+01  1.030276e+03  5.4387992689266653e+01
      6890  8.6124999999997929e+00  5.0249203551323084e-02  9.0594398613533778e-01  6.266408e-01  5.887878e+00  1.062350e+01  6.707612e+01  1.879519e+02  1.016658e+03  1.857129e+01  1.021078e+03  5.4224084699142736e+01
      6900  8.6249999999997993e+00  5.0136098595193024e-02  9.0373654332641140e-01  6.257320e-01  5.879222e+00  1.059503e+01  6.685575e+01  1.871103e+02  1.011371e+03  1.848208e+01  1.011901e+03  5.4060221707698801e+01
      6910  8.6374999999998057e+00  5.0023269192090603e-02  9.0153515757546843e-01  6.247859e-01  5.870587e+00  1.056618e+01  6.663555e+01  1.862657e+02  1.006094e+03  1.839278e+01  1.002747e+03  5.3896424901903032e+01
      6920  8.6499999999998121e+00  4.9910714576883258e-02  8.9933995652525378e-01  6.238029e-01  5.861975e+00  1.053696e+01  6.641554e+01  1.854183e+02  1.000827e+03  1.830339e+01  9.936171e+02  5.3732716025383112e+01
      6930  8.6624999999998185e+00  4.9798433968614129e-02  8.9715106570370384e-01  6.227835e-01  5.853387e+00  1.050738e+01  6.619573e+01  1.845681e+02  9.955698e+02  1.821394e+01  9.845135e+02  5.3569117366020436e+01
      6940  8.6749999999998249e+00  4.9686426570776099e-02  8.9496860843463333e-01  6.217280e-01  5.844824e+00  1.047744e+01  6.597616e+01  1.837152e+02  9.903232e+02  1.812443e+01  9.754374e+02  5.3405651742518771e+01
      6950  8.6874999999998312e+00  4.9574691571583944e-02  8.9279270574859337e-01  6.206369e-01  5.836287e+00  1.044714e+01  6.575682e+01  1.828598e+02  9.850875e+02  1.803488e+01  9.663900e+02  5.3242342489947852e+01
      6960  8.6999999999998376e+00  4.9463228144275215e-02  8.9062347629368488e-01  6.195108e-01  5.827777e+00  1.041650e+01  6.553775e+01  1.820019e+02  9.798630e+02  1.794530e+01  9.573729e+02  5.3079213444240366e+01
      6970  8.7124999999998440e+00  4.9352035447408127e-02  8.8846103624715500e-01  6.183502e-01  5.819295e+00  1.038551e+01  6.531895e+01  1.811417e+02  9.746503e+02  1.785570e+01  9.483872e+02  5.2916288925686260e+01
      6980  8.7249999999998504e+00  4.9241112625177191e-02  8.8630549922695989e-01  6.171555e-01  5.810841e+00  1.035418e+01  6.510044e+01  1.802791e+02  9.694494e+02  1.776609e+01  9.394341e+02  5.2753593721366940e+01
      6990  8.7374999999998568e+00  4.9130458807740862e-02  8.8415697620421396e-01  6.159273e-01  5.802417e+00  1.032253e+01  6.488225e+01  1.794144e+02  9.642609e+02  1.767648e+01  9.305147e+02  5.2591153066576759e+01
      7000  8.7499999999998632e+00  4.9020073111556137e-02  8.8201557541609821e-01  6.146662e-01  5.794024e+00  1.029055e+01  6.466438e+01  1.785476e+02  9.590850e+02  1.758688e+01  9.216301e+02  5.2428992625216267e+01
      7010  8.7624999999998696e+00  4.8909954639723530e-02  8.7988140227947431e-01  6.133728e-01  5.785664e+00  1.025825e+01  6.444686e+01  1.776787e+02  9.539220e+02  1.749730e+01  9.127813e+02  5.2267138469158766e+01
      7020  8.7749999999998760e+00  4.8800102482350824e-02  8.7775455930566981e-01  6.120476e-01  5.777337e+00  1.022564e+01  6.422970e+01  1.768080e+02  9.487722e+02  1.740776e+01  9.039692e+02  5.2105617056609624e+01
      7030  8.7874999999998824e+00  4.8690515716913810e-02  8.7563514601576742e-01  6.106913e-01  5.769044e+00  1.019273e+01  6.401292e+01  1.759354e+02  9.436360e+02  1.731825e+01  8.951946e+02  5.1944455209439823e+01
      7040  8.7999999999998888e+00  4.8581193408642330e-02  8.7352325885730009e-01  6.093046e-01  5.760787e+00  1.015951e+01  6.379654e+01  1.750611e+02  9.385136e+02  1.722880e+01  8.864584e+02  5.1783680089539118e+01
      7050  8.8124999999998952e+00  4.8472134610904952e-02  8.7141899112226939e-01  6.078880e-01  5.752566e+00  1.012601e+01  6.358057e+01  1.741852e+02  9.334053e+02  1.713940e+01  8.777613e+02  5.1623319174162091e+01
      7060  8.8249999999999016e+00  4.8363338365613087e-02  8.6932243286602540e-01  6.064423e-01  5.744384e+00  1.009223e+01  6.336503e+01  1.733078e+02  9.283114e+02  1.705006e+01  8.691040e+02  5.1463400230303691e+01
      7070  8.8374999999999080e+00  4.8254803703621917e-02  8.6723367082811309e-01  6.049681e-01  5.736242e+00  1.005817e+01  6.314995e+01  1.724290e+02  9.232322e+02  1.696081e+01  8.604870e+02  5.1303951288102390e+01
      7080  8.8499999999999144e+00  4.8146529645162334e-02  8.6515278835420550e-01  6.034662e-01  5.728141e+00  1.002384e+01  6.293534e+01  1.715488e+02  9.181680e+02  1.687163e+01  8.519111e+02  5.1145000613294556e+01
      7090  8.8624999999999208e+00  4.8038515200257363e-02  8.6307986532018921e-01  6.019372e-01  5.720081e+00  9.989249e+00  6.272122e+01  1.706673e+02  9.131191e+02  1.678254e+01  8.433767e+02  5.0986576678734693e+01
      7100  8.8749999999999272e+00  4.7930759369170871e-02  8.6101497805768612e-01  6.003819e-01  5.712066e+00  9.954410e+00  6.250760e+01  1.697848e+02  9.080856e+02  1.669355e+01  8.348843e+02  5.0828708134996788e+01
      7110  8.8874999999999336e+00  4.7823261142846157e-02  8.5895819928179140e-01  5.988011e-01  5.704096e+00  9.919327e+00  6.229452e+01  1.689012e+02  9.030680e+02  1.660466e+01  8.264343e+02  5.0671423780078513e+01
      7120  8.8999999999999400e+00  4.7716019503371218e-02  8.5690959802062228e-01  5.971954e-01  5.696172e+00  9.884010e+00  6.208198e+01  1.680167e+02  8.980664e+02  1.651589e+01  8.180272e+02  5.0514752528226111e+01
      7130  8.9124999999999464e+00  4.7609033424435662e-02  8.5486923954738792e-01  5.955657e-01  5.688297e+00  9.848466e+00  6.187002e+01  1.671313e+02  8.930812e+02  1.642723e+01  8.096633e+02  5.0358723377919759e+01
      7140  8.9249999999999527e+00  4.7502301871812737e-02  8.5283718531441344e-01  5.939128e-01  5.680471e+00  9.812705e+00  6.165865e+01  1.662452e+02  8.881127e+02  1.633870e+01  8.013428e+02  5.0203365379025144e+01
      7150  8.9374999999999591e+00  4.7395823803828924e-02  8.5081349288997288e-01  5.922375e-01  5.672697e+00  9.776737e+00  6.144788e+01  1.653585e+02  8.831610e+02  1.625029e+01  7.930661e+02  5.0048707599152223e+01
      7160  8.9499999999999655e+00  4.7289598171867245e-02  8.4879821589748294e-01  5.905405e-01  5.664976e+00  9.740569e+00  6.123776e+01  1.644713e+02  8.782265e+02  1.616203e+01  7.848334e+02  4.9894779089242533e+01
      7170  8.9624999999999719e+00  4.7183623920857488e-02  8.4679140395759311e-01  5.888227e-01  5.657309e+00  9.704212e+00  6.102829e+01  1.635837e+02  8.733095e+02  1.607391e+01  7.766449e+02  4.9741608848442695e+01
      7180  8.9749999999999783e+00  4.7077899989773957e-02  8.4479310263279506e-01  5.870849e-01  5.649699e+00  9.667675e+00  6.081950e+01  1.626958e+02  8.684103e+02  1.598594e+01  7.685009e+02  4.9589225788246267e+01
      7190  8.9874999999999847e+00  4.6972425312156722e-02  8.4280335337550039e-01  5.853281e-01  5.642147e+00  9.630968e+00  6.061142e+01  1.618078e+02  8.635291e+02  1.589812e+01  7.604013e+02  4.9437658696019085e+01
      7200  8.9999999999999911e+00  4.6867198816622380e-02  8.4082219347885101e-01  5.835529e-01  5.634655e+00  9.594101e+00  6.040407e+01  1.609197e+02  8.586664e+02  1.581047e+01  7.523465e+02  4.9286936197875136e+01
      7210  9.0124999999999975e+00  4.6762219427388715e-02  8.3884965603088713e-01  5.817603e-01  5.627225e+00  9.557084e+00  6.019747e+01  1.600317e+02  8.538223e+02  1.572299e+01  7.443365e+02  4.9137086720985664e+01
      7220  9.0250000000000039e+00  4.6657486064802807e-02  8.3688576987210195e-01  5.799512e-01  5.619857e+00  9.519929e+00  5.999165e+01  1.591438e+02  8.489972e+02  1.563569e+01  7.363713e+02  4.8988138455365544e+01
      7230  9.0375000000000103e+00  4.6552997645872160e-02  8.3493055955650075e-01  5.781264e-01  5.612556e+00  9.482644e+00  5.978664e+01  1.582563e+02  8.441914e+02  1.554857e+01  7.284511e+02  4.8840119315173155e+01
      7240  9.0500000000000167e+00  4.6448753084808878e-02  8.3298404531622805e-01  5.762868e-01  5.605321e+00  9.445241e+00  5.958247e+01  1.573693e+02  8.394053e+02  1.546164e+01  7.205760e+02  4.8693056899575012e+01
      7250  9.0625000000000231e+00  4.6344751293562039e-02  8.3104624302988450e-01  5.744333e-01  5.598155e+00  9.407731e+00  5.937916e+01  1.564828e+02  8.346391e+02  1.537490e+01  7.127459e+02  4.8546978453250290e+01
      7260  9.0750000000000295e+00  4.6240991182376928e-02  8.2911716419497050e-01  5.725668e-01  5.591060e+00  9.370126e+00  5.917673e+01  1.555970e+02  8.298934e+02  1.528837e+01  7.049610e+02  4.8401910826565427e+01
      7270  9.0875000000000359e+00  4.6137471660328049e-02  8.2719681590373106e-01  5.706882e-01  5.584038e+00  9.332435e+00  5.897523e+01  1.547121e+02  8.251683e+02  1.520206e+01  6.972213e+02  4.8257880435490044e+01
      7280  9.1000000000000423e+00  4.6034191635885499e-02  8.2528520082391021e-01  5.687984e-01  5.577090e+00  9.294672e+00  5.877468e+01  1.538281e+02  8.204644e+02  1.511596e+01  6.895267e+02  4.8114913221323960e+01
      7290  9.1125000000000487e+00  4.5931150017462272e-02  8.2338231718286559e-01  5.668983e-01  5.570219e+00  9.256847e+00  5.857511e+01  1.529453e+02  8.157820e+02  1.503009e+01  6.818775e+02  4.7973034610291400e+01
      7300  9.1250000000000551e+00  4.5828345713973373e-02  8.2148815875644798e-01  5.649888e-01  5.563426e+00  9.218972e+00  5.837656e+01  1.520638e+02  8.111214e+02  1.494445e+01  6.742736e+02  4.7832269473066063e+01
      7310  9.1375000000000615e+00  4.5725777635382756e-02  8.1960271486229130e-01  5.630708e-01  5.556714e+00  9.181059e+00  5.817904e+01  1.511837e+02  8.064832e+02  1.485907e+01  6.667150e+02  4.7692642084320397e+01
      7320  9.1500000000000679e+00  4.5623444693275200e-02  8.1772597035719063e-01  5.611453e-01  5.550084e+00  9.143120e+00  5.798261e+01  1.503051e+02  8.018677e+02  1.477393e+01  6.592019e+02  4.7554176082341115e+01
      7330  9.1625000000000743e+00  4.5521345801408500e-02  8.1585790563952276e-01  5.592131e-01  5.543539e+00  9.105168e+00  5.778729e+01  1.494284e+02  7.972754e+02  1.468906e+01  6.517343e+02  4.7416894428816782e+01
      7340  9.1750000000000806e+00  4.5419479876262152e-02  8.1399849665605095e-01  5.572752e-01  5.537079e+00  9.067215e+00  5.759311e+01  1.485535e+02  7.927067e+02  1.460446e+01  6.443123e+02  4.7280819368848555e+01
      7350  9.1875000000000870e+00  4.5317845837604440e-02  8.1214771491351490e-01  5.553324e-01  5.530708e+00  9.029273e+00  5.740012e+01  1.476807e+02  7.881621e+02  1.452015e+01  6.369360e+02  4.7145972391300006e+01
      7360  9.2000000000000934e+00  4.5216442609041896e-02  8.1030552749481188e-01  5.533858e-01  5.524426e+00  8.991356e+00  5.720834e+01  1.468101e+02  7.836422e+02  1.443613e+01  6.296057e+02  4.7012374189525076e+01
      7370  9.2125000000000998e+00  4.5115269118569688e-02  8.0847189708050049e-01  5.514361e-01  5.518237e+00  8.953474e+00  5.701782e+01  1.459420e+02  7.791474e+02  1.435243e+01  6.223213e+02  4.6880044622606405e+01
      7380  9.2250000000001062e+00  4.5014324299122513e-02  8.0664678197465189e-01  5.494844e-01  5.512141e+00  8.915643e+00  5.682859e+01  1.450764e+02  7.746783e+02  1.426904e+01  6.150831e+02  4.6749002677146187e+01
      7390  9.2375000000001126e+00  4.4913607089119970e-02  8.0483013613596333e-01  5.475314e-01  5.506140e+00  8.877874e+00  5.664068e+01  1.442137e+02  7.702353e+02  1.418598e+01  6.078913e+02  4.6619266429742702e+01
      7400  9.2500000000001190e+00  4.4813116433003765e-02  8.0302190921377137e-01  5.455782e-01  5.500237e+00  8.840181e+00  5.645414e+01  1.433539e+02  7.658191e+02  1.410326e+01  6.007462e+02  4.6490853010201214e+01
      7410  9.2625000000001254e+00  4.4712851281778841e-02  8.0122204658906426e-01  5.436255e-01  5.494433e+00  8.802577e+00  5.626901e+01  1.424972e+02  7.614302e+02  1.402091e+01  5.936481e+02  4.6363778565597954e+01
      7420  9.2750000000001318e+00  4.4612810593542516e-02  7.9943048942037098e-01  5.416743e-01  5.488729e+00  8.765074e+00  5.608532e+01  1.416439e+02  7.570692e+02  1.393893e+01  5.865972e+02  4.6238058225291624e+01
      7430  9.2875000000001382e+00  4.4512993334006483e-02  7.9764717469479496e-01  5.397255e-01  5.483128e+00  8.727687e+00  5.590312e+01  1.407941e+02  7.527368e+02  1.385734e+01  5.795939e+02  4.6113706066945340e+01
      7440  9.3000000000001446e+00  4.4413398477018078e-02  7.9587203528407802e-01  5.377800e-01  5.477631e+00  8.690429e+00  5.572244e+01  1.399480e+02  7.484335e+02  1.377616e+01  5.726386e+02  4.5990735083692570e+01
      7450  9.3125000000001510e+00  4.4314025005070375e-02  7.9410500000551743e-01  5.358385e-01  5.472239e+00  8.653312e+00  5.554332e+01  1.391059e+02  7.441600e+02  1.369540e+01  5.657317e+02  4.5869157152512400e+01
      7460  9.3250000000001574e+00  4.4214871909802056e-02  7.9234599368789826e-01  5.339020e-01  5.466954e+00  8.616351e+00  5.536581e+01  1.382680e+02  7.399171e+02  1.361508e+01  5.588738e+02  4.5748983003915605e+01
      7470  9.3375000000001638e+00  4.4115938192497206e-02  7.9059493724233221e-01  5.319713e-01  5.461778e+00  8.579559e+00  5.518995e+01  1.374344e+02  7.357052e+02  1.353521e+01  5.520653e+02  4.5630222193045668e+01
      7480  9.3500000000001702e+00  4.4017222864562833e-02  7.8885174773792421e-01  5.300473e-01  5.456712e+00  8.542949e+00  5.501577e+01  1.366054e+02  7.315253e+02  1.345582e+01  5.453068e+02  4.5512883072260863e+01
      7490  9.3625000000001766e+00  4.3918724948011363e-02  7.8711633848236584e-01  5.281307e-01  5.451757e+00  8.506534e+00  5.484332e+01  1.357812e+02  7.273779e+02  1.337693e+01  5.385989e+02  4.5396972765315240e+01
      7500  9.3750000000001830e+00  4.3820443475922857e-02  7.8538861910703095e-01  5.262225e-01  5.446915e+00  8.470329e+00  5.467265e+01  1.349621e+02  7.232638e+02  1.329855e+01  5.319424e+02  4.5282497143218045e+01
      7510  9.3875000000001894e+00  4.3722377492897126e-02  7.8366849565696972e-01  5.243234e-01  5.442186e+00  8.434346e+00  5.450378e+01  1.341482e+02  7.191838e+02  1.322071e+01  5.253380e+02  4.5169460801844075e+01
      7520  9.4000000000001958e+00  4.3624526055494148e-02  7.8195587068523353e-01  5.224341e-01  5.437572e+00  8.398599e+00  5.433677e+01  1.333398e+02  7.151386e+02  1.314343e+01  5.187864e+02  4.5057867041404656e+01
      7530  9.4125000000002021e+00  4.3526888232676683e-02  7.8025064335171024e-01  5.205556e-01  5.433073e+00  8.363101e+00  5.417165e+01  1.325371e+02  7.111290e+02  1.306673e+01  5.122884e+02  4.4947717847835797e+01
      7540  9.4250000000002085e+00  4.3429463106210445e-02  7.7855270952624878e-01  5.186885e-01  5.428691e+00  8.327865e+00  5.400848e+01  1.317404e+02  7.071559e+02  1.299063e+01  5.058450e+02  4.4839013876206195e+01
      7550  9.4375000000002149e+00  4.3332249771084526e-02  7.7686196189616097e-01  5.168336e-01  5.424427e+00  8.292904e+00  5.384727e+01  1.309498e+02  7.032199e+02  1.291515e+01  4.994572e+02  4.4731754436196312e+01
      7560  9.4500000000002213e+00  4.3235247335888287e-02  7.7517829007731553e-01  5.149917e-01  5.420281e+00  8.258232e+00  5.368809e+01  1.301657e+02  6.993220e+02  1.284033e+01  4.931258e+02  4.4625937479737246e+01
      7570  9.4625000000002277e+00  4.3138454923200092e-02  7.7350158072952580e-01  5.131635e-01  5.416253e+00  8.223861e+00  5.353096e+01  1.293883e+02  6.954629e+02  1.276618e+01  4.868520e+02  4.4521559590859994e+01
      7580  9.4750000000002341e+00  4.3041871669944796e-02  7.7183171767569569e-01  5.113496e-01  5.412345e+00  8.189804e+00  5.337593e+01  1.286178e+02  6.916436e+02  1.269273e+01  4.806368e+02  4.4418615977833753e+01
      7590  9.4875000000002405e+00  4.2945496727735649e-02  7.7016858202387573e-01  5.095509e-01  5.408556e+00  8.156074e+00  5.322304e+01  1.278545e+02  6.878648e+02  1.262000e+01  4.744815e+02  4.4317100467633168e+01
      7600  9.5000000000002469e+00  4.2849329263216190e-02  7.6851205229364006e-01  5.077679e-01  5.404887e+00  8.122683e+00  5.307232e+01  1.270986e+02  6.841275e+02  1.254802e+01  4.683872e+02  4.4217005502794883e+01
      7610  9.5125000000002533e+00  4.2753368458365790e-02  7.6686200454483355e-01  5.060014e-01  5.401339e+00  8.089643e+00  5.292382e+01  1.263504e+02  6.804326e+02  1.247681e+01  4.623552e+02  4.4118322140697657e+01
      7620  9.5250000000002597e+00  4.2657613510805298e-02  7.6521831250963124e-01  5.042520e-01  5.397910e+00  8.056967e+00  5.277757e+01  1.256101e+02  6.767808e+02  1.240641e+01  4.563868e+02  4.4021040055327923e+01
      7630  9.5375000000002661e+00  4.2562063634077350e-02  7.6358084772729162e-01  5.025203e-01  5.394602e+00  8.024666e+00  5.263360e+01  1.248779e+02  6.731731e+02  1.233684e+01  4.504833e+02  4.3925147541523948e+01
      7640  9.5500000000002725e+00  4.2466718057915076e-02  7.6194947968142301e-01  5.008069e-01  5.391414e+00  7.992753e+00  5.249195e+01  1.241542e+02  6.696104e+02  1.226812e+01  4.446463e+02  4.3830631521764374e+01
      7650  9.5625000000002789e+00  4.2371576028477846e-02  7.6032407593962015e-01  4.991124e-01  5.388346e+00  7.961237e+00  5.235266e+01  1.234392e+02  6.660936e+02  1.220027e+01  4.388770e+02  4.3737477555484787e+01
      7660  9.5750000000002853e+00  4.2276636808603878e-02  7.5870450229501118e-01  4.974374e-01  5.385396e+00  7.930132e+00  5.221576e+01  1.227331e+02  6.626236e+02  1.213334e+01  4.331770e+02  4.3645669850964879e+01
      7670  9.5875000000002917e+00  4.2181899678000082e-02  7.5709062290981533e-01  4.957825e-01  5.382566e+00  7.899447e+00  5.208128e+01  1.220361e+02  6.592013e+02  1.206734e+01  4.275479e+02  4.3555191279751341e+01
      7680  9.6000000000002981e+00  4.2087363933457640e-02  7.5548230046033171e-01  4.941482e-01  5.379854e+00  7.869194e+00  5.194925e+01  1.213486e+02  6.558276e+02  1.200230e+01  4.219910e+02  4.3466023393657586e+01
      7690  9.6125000000003045e+00  4.1993028889007633e-02  7.5387939628338541e-01  4.925350e-01  5.377259e+00  7.839383e+00  5.181970e+01  1.206708e+02  6.525034e+02  1.193825e+01  4.165081e+02  4.3378146444285107e+01
      7700  9.6250000000003109e+00  4.1898893876098534e-02  7.5228177052371525e-01  4.909435e-01  5.374780e+00  7.810023e+00  5.169266e+01  1.200028e+02  6.492295e+02  1.187520e+01  4.111007e+02  4.3291539405067056e+01
      7710  9.6375000000003173e+00  4.1804958243723711e-02  7.5068928228223841e-01  4.893740e-01  5.372417e+00  7.781125e+00  5.156815e+01  1.193451e+02  6.460070e+02  1.181320e+01  4.057705e+02  4.3206179995811013e+01
      7720  9.6500000000003237e+00  4.1711221358548704e-02  7.4910178976492769e-01  4.878271e-01  5.370168e+00  7.752698e+00  5.144620e+01  1.186977e+02  6.428367e+02  1.175225e+01  4.005190e+02  4.3122044709689732e+01
      7730  9.6625000000003300e+00  4.1617682605009684e-02  7.4751915043187545e-01  4.863032e-01  5.368033e+00  7.724751e+00  5.132683e+01  1.180610e+02  6.397193e+02  1.169239e+01  3.953479e+02  4.3039108842646243e+01
      7740  9.6750000000003364e+00  4.1524341385398129e-02  7.4594122114644423e-01  4.848027e-01  5.366008e+00  7.697292e+00  5.121007e+01  1.174351e+02  6.366559e+02  1.163364e+01  3.902588e+02  4.2957346525156694e+01
      7750  9.6875000000003428e+00  4.1431197119929097e-02  7.4436785832420049e-01  4.833260e-01  5.364094e+00  7.670331e+00  5.109592e+01  1.168203e+02  6.336473e+02  1.157603e+01  3.852533e+02  4.2876730756286833e+01
      7760  9.7000000000003492e+00  4.1338249246786730e-02  7.4279891808121956e-01  4.818735e-01  5.362288e+00  7.643876e+00  5.098442e+01  1.162169e+02  6.306943e+02  1.151957e+01  3.803331e+02  4.2797233439987679e+01
      7770  9.7125000000003556e+00  4.1245497222150027e-02  7.4123425638182971e-01  4.804455e-01  5.360589e+00  7.617932e+00  5.087557e+01  1.156250e+02  6.277977e+02  1.146428e+01  3.754998e+02  4.2718825423545653e+01
      7780  9.7250000000003620e+00  4.1152940520206453e-02  7.3967372918519336e-01  4.790424e-01  5.358995e+00  7.592509e+00  5.076939e+01  1.150448e+02  6.249583e+02  1.141019e+01  3.707549e+02  4.2641476538097351e+01
      7790  9.7375000000003684e+00  4.1060578633136197e-02  7.3811719259064934e-01  4.776645e-01  5.357503e+00  7.567612e+00  5.066589e+01  1.144766e+02  6.221770e+02  1.135731e+01  3.661000e+02  4.2565155641132705e+01
      7800  9.7500000000003748e+00  4.0968411071097048e-02  7.3656450298154641e-01  4.763121e-01  5.356112e+00  7.543248e+00  5.056508e+01  1.139206e+02  6.194544e+02  1.130567e+01  3.615365e+02  4.2489830660895116e+01
      7810  9.7625000000003812e+00  4.0876437362172745e-02  7.3501551716731683e-01  4.749854e-01  5.354820e+00  7.519423e+00  5.046696e+01  1.133769e+02  6.167913e+02  1.125527e+01  3.570660e+02  4.2415468642548433e+01
      7820  9.7750000000003876e+00  4.0784657052306626e-02  7.3347009252342388e-01  4.736847e-01  5.353623e+00  7.496142e+00  5.037155e+01  1.128458e+02  6.141885e+02  1.120614e+01  3.526899e+02  4.2342035796028426e+01
      7830  9.7875000000003940e+00  4.0693069705234598e-02  7.3192808712923108e-01  4.724103e-01  5.352520e+00  7.473410e+00  5.027884e+01  1.123273e+02  6.116466e+02  1.115828e+01  3.484094e+02  4.2269497545456019e+01
      7840  9.8000000000004004e+00  4.0601674902376150e-02  7.3038935990330933e-01  4.711623e-01  5.351508e+00  7.451231e+00  5.018883e+01  1.118218e+02  6.091663e+02  1.111172e+01  3.442259e+02  4.2197818579990752e+01
      7850  9.8125000000004068e+00  4.0510472242728919e-02  7.2885377073598367e-01  4.699408e-01  5.350585e+00  7.429609e+00  5.010153e+01  1.113293e+02  6.067482e+02  1.106645e+01  3.401405e+02  4.2126962905994176e+01
      7860  9.8250000000004132e+00  4.0419461342737904e-02  7.2732118061907935e-01  4.687461e-01  5.349747e+00  7.408549e+00  5.001692e+01  1.108501e+02  6.043928e+02  1.102250e+01  3.361544e+02  4.2056893900386576e+01
      7870  9.8375000000004196e+00  4.0328641836147427e-02  7.2579145177256565e-01  4.675784e-01  5.348992e+00  7.388052e+00  4.993501e+01  1.103842e+02  6.021008e+02  1.097986e+01  3.322687e+02  4.1987574365052609e+01
      7880  9.8500000000004260e+00  4.0238013373840968e-02  7.2426444776774423e-01  4.664376e-01  5.348317e+00  7.368121e+00  4.985577e+01  1.099317e+02  5.998726e+02  1.093855e+01  3.284841e+02  4.1918966582169574e+01
      7890  9.8625000000004324e+00  4.0147575623666484e-02  7.2274003364709793e-01  4.653239e-01  5.347719e+00  7.348758e+00  4.977920e+01  1.094929e+02  5.977087e+02  1.089856e+01  3.248017e+02  4.1851032370308829e+01
      7900  9.8750000000004388e+00  4.0057328270239646e-02  7.2121807604047428e-01  4.642374e-01  5.347194e+00  7.329964e+00  4.970529e+01  1.090677e+02  5.956096e+02  1.085990e+01  3.212220e+02  4.1783733141174679e+01
      7910  9.8875000000004452e+00  3.9967271014746238e-02  7.1969844327737931e-01  4.631781e-01  5.346740e+00  7.311741e+00  4.963401e+01  1.086564e+02  5.935756e+02  1.082257e+01  3.177457e+02  4.1717029956838530e+01
      7920  9.9000000000004515e+00  3.9877403574718827e-02  7.1818100549526531e-01  4.621460e-01  5.346353e+00  7.294087e+00  4.956535e+01  1.082590e+02  5.916071e+02  1.078657e+01  3.143733e+02  4.1650883587323406e+01
      7930  9.9125000000004579e+00  3.9787725683803510e-02  7.1666563474391376e-01  4.611412e-01  5.346030e+00  7.277004e+00  4.949929e+01  1.078755e+02  5.897043e+02  1.075190e+01  3.111052e+02  4.1585254568390859e+01
      7940  9.9250000000004643e+00  3.9698237091511948e-02  7.1515220508537580e-01  4.601635e-01  5.345768e+00  7.260490e+00  4.943579e+01  1.075061e+02  5.878674e+02  1.071854e+01  3.079414e+02  4.1520103259383767e+01
      7950  9.9375000000004707e+00  3.9608937562975711e-02  7.1364059268961255e-01  4.592130e-01  5.345563e+00  7.244543e+00  4.937484e+01  1.071507e+02  5.860967e+02  1.068649e+01  3.048823e+02  4.1455389900997062e+01
      7960  9.9500000000004771e+00  3.9519826878659209e-02  7.1213067592576940e-01  4.582897e-01  5.345412e+00  7.229162e+00  4.931639e+01  1.068095e+02  5.843923e+02  1.065575e+01  3.019276e+02  4.1391074672811911e+01
      7970  9.9625000000004835e+00  3.9430904834097245e-02  7.1062233544885478e-01  4.573933e-01  5.345310e+00  7.214344e+00  4.926043e+01  1.064823e+02  5.827542e+02  1.062630e+01  2.990772e+02  4.1327117750468354e+01
      7980  9.9750000000004899e+00  3.9342171239588844e-02  7.0911545428176970e-01  4.565238e-01  5.345255e+00  7.200086e+00  4.920691e+01  1.061693e+02  5.811824e+02  1.059813e+01  2.963308e+02  4.1263479362320012e+01
      7990  9.9875000000004963e+00  3.9253625919906922e-02  7.0760991789274297e-01  4.556810e-01  5.345242e+00  7.186384e+00  4.915579e+01  1.058705e+02  5.796770e+02  1.057122e+01  2.936878e+02  4.1200119845465522e+01
      8000  1.0000000000000503e+01  3.9165268713982279e-02  7.0610561426801211e-01  4.548649e-01  5.345269e+00  7.173233e+00  4.910703e+01  1.055857e+02  5.782376e+02  1.054556e+01  2.911476e+02  4.1136999700994480e+01
