         0  0.0000000000000000e+00  1.2500000000000000e-01  3.7500000000000000e-01 -0.000000e+00  3.375000e+00 -0.000000e+00  1.562500e+01 -0.000000e+00  8.374023e+01  3.375000e+00  1.562500e+01  1.1250000000000000e+00
        10  1.2499999999999999e-02  1.2497656456696848e-01  3.7493579462521848e-01  6.628337e-03  3.375075e+00  6.628457e-02  1.562648e+01  5.437638e-01  8.375773e+01  3.374704e+00  1.562237e+01  1.1248561927147700e+00
        20  2.5000000000000005e-02  1.2495313276738157e-01  3.7488379219022328e-01  1.325523e-02  3.375301e+00  1.325619e-01  1.563092e+01  1.087608e+00  8.381020e+01  3.373816e+00  1.561447e+01  1.1248465507732393e+00
        30  3.7500000000000012e-02  1.2492970383905003e-01  3.7484397699782668e-01  1.988088e-02  3.375677e+00  1.988413e-01  1.563832e+01  1.631749e+00  8.389767e+01  3.372340e+00  1.560135e+01  1.1249709716986096e+00
        40  5.0000000000000024e-02  1.2490627702070950e-01  3.7481633508386319e-01  2.650549e-02  3.376203e+00  2.651321e-01  1.564868e+01  2.176402e+00  8.402014e+01  3.370280e+00  1.558304e+01  1.1252294065477055e+00
        50  6.2500000000000028e-02  1.2488285155191239e-01  3.7480085420748038e-01  3.312928e-02  3.376879e+00  3.314436e-01  1.566200e+01  2.721784e+00  8.417766e+01  3.367641e+00  1.555961e+01  1.1256218597453005e+00
        60  7.5000000000000039e-02  1.2485942667292071e-01  3.7479752384106729e-01  3.975244e-02  3.377706e+00  3.977849e-01  1.567828e+01  3.268109e+00  8.437032e+01  3.364430e+00  1.553114e+01  1.1261483889428248e+00
        70  8.7500000000000050e-02  1.2483600162459886e-01  3.7480633515982759e-01  4.637517e-02  3.378683e+00  4.641653e-01  1.569752e+01  3.815592e+00  8.459817e+01  3.360655e+00  1.549772e+01  1.1268091049012519e+00
        80  1.0000000000000006e-01  1.2481257564830851e-01  3.7482728103100210e-01  5.299766e-02  3.379810e+00  5.305939e-01  1.571972e+01  4.364449e+00  8.486135e+01  3.356328e+00  1.545947e+01  1.1276041713980922e+00
        90  1.1250000000000007e-01  1.2478914798580180e-01  3.7486035600273182e-01  5.962010e-02  3.381087e+00  5.970799e-01  1.574489e+01  4.914894e+00  8.515997e+01  3.351458e+00  1.541649e+01  1.1285338051584219e+00
       100  1.2500000000000008e-01  1.2476571787911851e-01  3.7490555629258288e-01  6.624268e-02  3.382515e+00  6.636322e-01  1.577303e+01  5.467143e+00  8.549418e+01  3.346058e+00  1.536895e+01  1.1295982758099052e+00
       110  1.3750000000000009e-01  1.2474228457048003e-01  3.7496287977571929e-01  7.286555e-02  3.384093e+00  7.302600e-01  1.580414e+01  6.021409e+00  8.586415e+01  3.340143e+00  1.531698e+01  1.1307979058618753e+00
       120  1.5000000000000011e-01  1.2471884730218834e-01  3.7503232597274005e-01  7.948891e-02  3.385821e+00  7.969722e-01  1.583824e+01  6.577907e+00  8.627006e+01  3.333727e+00  1.526075e+01  1.1321330707084718e+00
       130  1.6250000000000012e-01  1.2469540531652221e-01  3.7511389603718159e-01  8.611290e-02  3.387701e+00  8.637777e-01  1.587532e+01  7.136852e+00  8.671212e+01  3.326827e+00  1.520045e+01  1.1336041986559640e+00
       140  1.7500000000000013e-01  1.2467195785563581e-01  3.7520759274269411e-01  9.273768e-02  3.389731e+00  9.306852e-01  1.591539e+01  7.698459e+00  8.719056e+01  3.319460e+00  1.513627e+01  1.1352117709743750e+00
       150  1.8750000000000014e-01  1.2464850416145803e-01  3.7531342046989058e-01  9.936339e-02  3.391912e+00  9.977037e-01  1.595846e+01  8.262941e+00  8.770563e+01  3.311644e+00  1.506840e+01  1.1369563219735686e+00
       160  2.0000000000000015e-01  1.2462504347559299e-01  3.7543138519288977e-01  1.059902e-01  3.394244e+00  1.064842e+00  1.600454e+01  8.830513e+00  8.825758e+01  3.303400e+00  1.499706e+01  1.1388384391040309e+00
       170  2.1250000000000016e-01  1.2460157503922044e-01  3.7556149446554327e-01  1.126182e-01  3.396728e+00  1.132108e+00  1.605363e+01  9.401389e+00  8.884671e+01  3.294747e+00  1.492248e+01  1.1408587630825431e+00
       180  2.2500000000000017e-01  1.2457809809299740e-01  3.7570375740737011e-01  1.192474e-01  3.399363e+00  1.199511e+00  1.610574e+01  9.975784e+00  8.947331e+01  3.285707e+00  1.484488e+01  1.1430179880430449e+00
       190  2.3750000000000018e-01  1.2455461187696089e-01  3.7585818468919951e-01  1.258781e-01  3.402149e+00  1.267059e+00  1.616088e+01  1.055391e+01  9.013771e+01  3.276302e+00  1.476451e+01  1.1453168617129947e+00
       200  2.5000000000000017e-01  1.2453111563043250e-01  3.7602478851852700e-01  1.325104e-01  3.405087e+00  1.334760e+00  1.621906e+01  1.113599e+01  9.084025e+01  3.266556e+00  1.468161e+01  1.1477561856155432e+00
       210  2.6249999999999990e-01  1.2450760859192141e-01  3.7620358262460368e-01  1.391442e-01  3.408178e+00  1.402623e+00  1.628029e+01  1.172222e+01  9.158128e+01  3.256493e+00  1.459645e+01  1.1503368152979510e+00
       220  2.7499999999999963e-01  1.2448408999903054e-01  3.7639458224326050e-01  1.457796e-01  3.411420e+00  1.470656e+00  1.634458e+01  1.231283e+01  9.236117e+01  3.246136e+00  1.450927e+01  1.1530596605865804e+00
       230  2.8749999999999937e-01  1.2446055908836319e-01  3.7659780410148003e-01  1.524168e-01  3.414815e+00  1.538867e+00  1.641194e+01  1.290803e+01  9.318033e+01  3.235511e+00  1.442035e+01  1.1559256858689593e+00
       240  2.9999999999999910e-01  1.2443701509542981e-01  3.7681326640172463e-01  1.590557e-01  3.418362e+00  1.607263e+00  1.648238e+01  1.350803e+01  9.403916e+01  3.224643e+00  1.432996e+01  1.1589359104033645e+00
       250  3.1249999999999883e-01  1.2441345725455695e-01  3.7704098880603065e-01  1.656964e-01  3.422061e+00  1.675853e+00  1.655591e+01  1.411304e+01  9.493809e+01  3.213560e+00  1.423837e+01  1.1620914086564416e+00
       260  3.2499999999999857e-01  1.2438988479879604e-01  3.7728099241988966e-01  1.723389e-01  3.425914e+00  1.744644e+00  1.663255e+01  1.472328e+01  9.587757e+01  3.202286e+00  1.414586e+01  1.1653933106693497e+00
       270  3.3749999999999830e-01  1.2436629695983462e-01  3.7753329977590261e-01  1.789832e-01  3.429919e+00  1.813643e+00  1.671230e+01  1.533896e+01  9.685804e+01  3.190849e+00  1.405269e+01  1.1688428024530770e+00
       280  3.4999999999999803e-01  1.2434269296790612e-01  3.7779793481725549e-01  1.856293e-01  3.434078e+00  1.882858e+00  1.679517e+01  1.596030e+01  9.787998e+01  3.179276e+00  1.395917e+01  1.1724411264134182e+00
       290  3.6249999999999777e-01  1.2431907205170480e-01  3.7807492288098976e-01  1.922771e-01  3.438389e+00  1.952296e+00  1.688119e+01  1.658749e+01  9.894390e+01  3.167595e+00  1.386556e+01  1.1761895818063204e+00
       300  3.7499999999999750e-01  1.2429543343829652e-01  3.7836429068110022e-01  1.989266e-01  3.442854e+00  2.021965e+00  1.697035e+01  1.722076e+01  1.000503e+02  3.155832e+00  1.377214e+01  1.1800895252241934e+00
       310  3.8749999999999724e-01  1.2427177635303539e-01  3.7866606629147576e-01  2.055777e-01  3.447472e+00  2.091870e+00  1.706268e+01  1.786031e+01  1.011996e+02  3.144015e+00  1.367920e+01  1.1841423711139032e+00
       320  3.9999999999999697e-01  1.2424810001947824e-01  3.7898027912867288e-01  2.122304e-01  3.452243e+00  2.162018e+00  1.715819e+01  1.850635e+01  1.023925e+02  3.132172e+00  1.358700e+01  1.1883495923271135e+00
       330  4.1249999999999670e-01  1.2422440365930175e-01  3.7930695993455815e-01  2.188845e-01  3.457168e+00  2.232416e+00  1.725688e+01  1.915910e+01  1.036295e+02  3.120329e+00  1.349584e+01  1.1927127207037311e+00
       340  4.2499999999999644e-01  1.2420068649222006e-01  3.7964614075880854e-01  2.255399e-01  3.462245e+00  2.303070e+00  1.735876e+01  1.981875e+01  1.049111e+02  3.108515e+00  1.340597e+01  1.1972333476892523e+00
       350  4.3749999999999617e-01  1.2417694773590372e-01  3.7999785494130395e-01  2.321965e-01  3.467476e+00  2.373986e+00  1.746386e+01  2.048551e+01  1.062378e+02  3.096757e+00  1.331768e+01  1.2019131249866915e+00
       360  4.4999999999999590e-01  1.2415318660590008e-01  3.8036213709439493e-01  2.388541e-01  3.472860e+00  2.445170e+00  1.757218e+01  2.115958e+01  1.076104e+02  3.085080e+00  1.323122e+01  1.2067537652440454e+00
       370  4.6249999999999564e-01  1.2412940231555306e-01  3.8073902308509044e-01  2.455126e-01  3.478397e+00  2.516628e+00  1.768374e+01  2.184118e+01  1.090292e+02  3.073513e+00  1.314686e+01  1.2117570427780253e+00
       380  4.7499999999999537e-01  1.2410559407592735e-01  3.8112855001714308e-01  2.521717e-01  3.484086e+00  2.588363e+00  1.779854e+01  2.253049e+01  1.104951e+02  3.062080e+00  1.306486e+01  1.2169247943349464e+00
       390  4.8749999999999510e-01  1.2408176109572989e-01  3.8153075621306604e-01  2.588312e-01  3.489928e+00  2.660383e+00  1.791659e+01  2.322772e+01  1.120085e+02  3.050808e+00  1.298547e+01  1.2222589198897125e+00
       400  4.9999999999999484e-01  1.2405790258123603e-01  3.8194568119608785e-01  2.654909e-01  3.495922e+00  2.732691e+00  1.803791e+01  2.393306e+01  1.135701e+02  3.039723e+00  1.290894e+01  1.2277613834837302e+00
       410  5.1249999999999463e-01  1.2403401773621281e-01  3.8237336567203351e-01  2.721506e-01  3.502068e+00  2.805291e+00  1.816250e+01  2.464670e+01  1.151805e+02  3.028849e+00  1.283551e+01  1.2334342141027774e+00
       420  5.2499999999999436e-01  1.2401010576184816e-01  3.8281385151118519e-01  2.788099e-01  3.508366e+00  2.878189e+00  1.829038e+01  2.536884e+01  1.168403e+02  3.018210e+00  1.276541e+01  1.2392795065956972e+00
       430  5.3749999999999409e-01  1.2398616585667713e-01  3.8326718173008156e-01  2.854685e-01  3.514814e+00  2.951387e+00  1.842155e+01  2.609967e+01  1.185501e+02  3.007831e+00  1.269889e+01  1.2452994226349832e+00
       440  5.4999999999999383e-01  1.2396219721651136e-01  3.8373340047330567e-01  2.921262e-01  3.521413e+00  3.024890e+00  1.855602e+01  2.683937e+01  1.203107e+02  2.997735e+00  1.263616e+01  1.2514961917202043e+00
       450  5.6249999999999356e-01  1.2393819903436927e-01  3.8421255299525425e-01  2.987826e-01  3.528161e+00  3.098701e+00  1.869379e+01  2.758812e+01  1.221225e+02  2.987944e+00  1.257744e+01  1.2578721122253493e+00
       460  5.7499999999999329e-01  1.2391417050040751e-01  3.8470468564188087e-01  3.054373e-01  3.535059e+00  3.172822e+00  1.883489e+01  2.834610e+01  1.239864e+02  2.978481e+00  1.252295e+01  1.2644295524910885e+00
       470  5.8749999999999303e-01  1.2389011080185236e-01  3.8520984583245393e-01  3.120899e-01  3.542106e+00  3.247255e+00  1.897930e+01  2.911348e+01  1.259028e+02  2.969366e+00  1.247288e+01  1.2711709519630725e+00
       480  5.9999999999999276e-01  1.2386601912293489e-01  3.8572808204131492e-01  3.187401e-01  3.549300e+00  3.322004e+00  1.912703e+01  2.989043e+01  1.278724e+02  2.960620e+00  1.242745e+01  1.2780988223773224e+00
       490  6.1249999999999249e-01  1.2384189464482344e-01  3.8625944377963911e-01  3.253874e-01  3.556640e+00  3.397069e+00  1.927809e+01  3.067712e+01  1.298959e+02  2.952262e+00  1.238684e+01  1.2852157489938798e+00
       500  6.2499999999999223e-01  1.2381773654556161e-01  3.8680398157722889e-01  3.320313e-01  3.564127e+00  3.472453e+00  1.943247e+01  3.147371e+01  1.319738e+02  2.944312e+00  1.235123e+01  1.2925243918797842e+00
       510  6.3749999999999196e-01  1.2379354400000443e-01  3.8736174696432030e-01  3.386714e-01  3.571759e+00  3.548156e+00  1.959019e+01  3.228035e+01  1.341068e+02  2.936789e+00  1.232081e+01  1.3000274872425788e+00
       520  6.4999999999999170e-01  1.2376931617975491e-01  3.8793279245342849e-01  3.453071e-01  3.579534e+00  3.624178e+00  1.975124e+01  3.309718e+01  1.362956e+02  2.929708e+00  1.229574e+01  1.3077278488154693e+00
       530  6.6249999999999143e-01  1.2374505225310564e-01  3.8851717152121024e-01  3.519380e-01  3.587452e+00  3.700519e+00  1.991561e+01  3.392436e+01  1.385406e+02  2.923087e+00  1.227619e+01  1.3156283692954149e+00
       540  6.7499999999999116e-01  1.2372075138497843e-01  3.8911493859039048e-01  3.585635e-01  3.595511e+00  3.777179e+00  2.008330e+01  3.476201e+01  1.408424e+02  2.916941e+00  1.226233e+01  1.3237320218352631e+00
       550  6.8749999999999090e-01  1.2369641273686412e-01  3.8972614901170710e-01  3.651830e-01  3.603710e+00  3.854158e+00  2.025431e+01  3.561027e+01  1.432017e+02  2.911285e+00  1.225430e+01  1.3320418615911171e+00
       560  6.9999999999999063e-01  1.2367203546676696e-01  3.9035085904591338e-01  3.717960e-01  3.612047e+00  3.931453e+00  2.042864e+01  3.646926e+01  1.456190e+02  2.906133e+00  1.225224e+01  1.3405610273263615e+00
       570  7.1249999999999036e-01  1.2364761872914788e-01  3.9098912584582446e-01  3.784017e-01  3.620521e+00  4.009064e+00  2.060626e+01  3.733909e+01  1.480948e+02  2.901498e+00  1.225629e+01  1.3492927430733803e+00
       580  7.2499999999999010e-01  1.2362316167486956e-01  3.9164100743841368e-01  3.849997e-01  3.629130e+00  4.086986e+00  2.078718e+01  3.821987e+01  1.506296e+02  2.897392e+00  1.226660e+01  1.3582403198543413e+00
       590  7.3749999999998983e-01  1.2359866345114075e-01  3.9230656270695280e-01  3.915892e-01  3.637873e+00  4.165218e+00  2.097138e+01  3.911170e+01  1.532240e+02  2.893827e+00  1.228327e+01  1.3674071574623026e+00
       600  7.4999999999998956e-01  1.2357412320146569e-01  3.9298585137321246e-01  3.981696e-01  3.646747e+00  4.243757e+00  2.115884e+01  4.001465e+01  1.558783e+02  2.890812e+00  1.230643e+01  1.3767967463039172e+00
       610  7.6249999999998930e-01  1.2354954006559062e-01  3.9367893397970044e-01  4.047400e-01  3.655750e+00  4.322597e+00  2.134956e+01  4.092882e+01  1.585930e+02  2.888358e+00  1.233619e+01  1.3864126693050740e+00
       620  7.7499999999998903e-01  1.2352491317945344e-01  3.9438587187196250e-01  4.112999e-01  3.664881e+00  4.401734e+00  2.154350e+01  4.185427e+01  1.613686e+02  2.886473e+00  1.237265e+01  1.3962586038806037e+00
       630  7.8749999999998876e-01  1.2350024167513453e-01  3.9510672718091516e-01  4.178485e-01  3.674137e+00  4.481163e+00  2.174065e+01  4.279105e+01  1.642053e+02  2.885163e+00  1.241592e+01  1.4063383239696448e+00
       640  7.9999999999998850e-01  1.2347552468080772e-01  3.9584156280522992e-01  4.243850e-01  3.683516e+00  4.560879e+00  2.194099e+01  4.373922e+01  1.671036e+02  2.884438e+00  1.246609e+01  1.4166557021376991e+00
       650  8.1249999999998823e-01  1.2345076132069256e-01  3.9659044239376234e-01  4.309085e-01  3.693015e+00  4.640874e+00  2.214449e+01  4.469881e+01  1.700637e+02  2.884301e+00  1.252323e+01  1.4272147117468066e+00
       660  8.2499999999998797e-01  1.2342595071500904e-01  3.9735343032801124e-01  4.374183e-01  3.702632e+00  4.721142e+00  2.235112e+01  4.566984e+01  1.730858e+02  2.884758e+00  1.258744e+01  1.4380194291951853e+00
       670  8.3749999999998770e-01  1.2340109197993115e-01  3.9813059170461318e-01  4.439136e-01  3.712365e+00  4.801676e+00  2.256084e+01  4.665232e+01  1.761702e+02  2.885813e+00  1.265879e+01  1.4490740362275070e+00
       680  8.4999999999998743e-01  1.2337618422754332e-01  3.9892199231786629e-01  4.503934e-01  3.722210e+00  4.882465e+00  2.277363e+01  4.764625e+01  1.793171e+02  2.887470e+00  1.273733e+01  1.4603828223172386e+00
       690  8.6249999999998717e-01  1.2335122656579797e-01  3.9972769864227442e-01  4.568569e-01  3.732165e+00  4.963503e+00  2.298945e+01  4.865161e+01  1.825265e+02  2.889731e+00  1.282314e+01  1.4719501871221796e+00
       700  8.7499999999998690e-01  1.2332621809847212e-01  4.0054777781509437e-01  4.633032e-01  3.742226e+00  5.044778e+00  2.320826e+01  4.966836e+01  1.857985e+02  2.892597e+00  1.291626e+01  1.4837806430146854e+00
       710  8.8749999999998663e-01  1.2330115792512737e-01  4.0138229761892602e-01  4.697314e-01  3.752391e+00  5.126280e+00  2.343001e+01  5.069648e+01  1.891331e+02  2.896069e+00  1.301674e+01  1.4958788176874995e+00
       720  8.9999999999998637e-01  1.2327604514107054e-01  4.0223132646424464e-01  4.761405e-01  3.762656e+00  5.207999e+00  2.365466e+01  5.173588e+01  1.925303e+02  2.900147e+00  1.312462e+01  1.5082494568367586e+00
       730  9.1249999999998610e-01  1.2325087883731387e-01  4.0309493337198377e-01  4.825295e-01  3.773017e+00  5.289923e+00  2.388216e+01  5.278651e+01  1.959899e+02  2.904830e+00  1.323993e+01  1.5208974269231488e+00
       740  9.2499999999998583e-01  1.2322565810053783e-01  4.0397318795605691e-01  4.888976e-01  3.783472e+00  5.372038e+00  2.411245e+01  5.384825e+01  1.995118e+02  2.910116e+00  1.336270e+01  1.5338277180123598e+00
       750  9.3749999999998557e-01  1.2320038201305564e-01  4.0486616040586720e-01  4.952435e-01  3.794017e+00  5.454332e+00  2.434549e+01  5.492100e+01  2.030956e+02  2.916002e+00  1.349296e+01  1.5470454466962260e+00
       760  9.4999999999998530e-01  1.2317504965277527e-01  4.0577392146877911e-01  5.015665e-01  3.804648e+00  5.536790e+00  2.458120e+01  5.600464e+01  2.067411e+02  2.922485e+00  1.363070e+01  1.5605558590951940e+00
       770  9.6249999999998503e-01  1.2314966009316843e-01  4.0669654243253406e-01  5.078653e-01  3.815361e+00  5.619398e+00  2.481952e+01  5.709901e+01  2.104479e+02  2.929561e+00  1.377593e+01  1.5743643339436859e+00
       780  9.7499999999998477e-01  1.2312421240323451e-01  4.0763409510760468e-01  5.141389e-01  3.826152e+00  5.702141e+00  2.506039e+01  5.820396e+01  2.142154e+02  2.937225e+00  1.392866e+01  1.5884763857587603e+00
       790  9.8749999999998450e-01  1.2309870564747007e-01  4.0858665180947373e-01  5.203864e-01  3.837017e+00  5.785002e+00  2.530374e+01  5.931929e+01  2.180432e+02  2.945471e+00  1.408886e+01  1.6028976680934512e+00
       800  9.9999999999998423e-01  1.2307313888583707e-01  4.0955428534083055e-01  5.266064e-01  3.847951e+00  5.867963e+00  2.554949e+01  6.044481e+01  2.219305e+02  2.954293e+00  1.425653e+01  1.6176339768753829e+00
       810  1.0124999999999840e+00  1.2304751117373418e-01  4.1053706897365683e-01  5.327981e-01  3.858952e+00  5.951008e+00  2.579757e+01  6.158028e+01  2.258767e+02  2.963682e+00  1.443162e+01  1.6326912538313980e+00
       820  1.0249999999999837e+00  1.2302182156196509e-01  4.1153507643121090e-01  5.389601e-01  3.870013e+00  6.034118e+00  2.604788e+01  6.272547e+01  2.298809e+02  2.973633e+00  1.461411e+01  1.6480755899989599e+00
       830  1.0374999999999834e+00  1.2299606909671502e-01  4.1254838186985160e-01  5.450915e-01  3.881131e+00  6.117272e+00  2.630035e+01  6.388012e+01  2.339421e+02  2.984135e+00  1.480395e+01  1.6637932293248765e+00
       840  1.0499999999999832e+00  1.2297025281952055e-01  4.1357705986077031e-01  5.511909e-01  3.892300e+00  6.200452e+00  2.655488e+01  6.504393e+01  2.380594e+02  2.995180e+00  1.500108e+01  1.6798505723516439e+00
       850  1.0624999999999829e+00  1.2294437176724675e-01  4.1462118537150117e-01  5.572574e-01  3.903516e+00  6.283636e+00  2.681138e+01  6.621660e+01  2.422317e+02  3.006757e+00  1.520545e+01  1.6962541799919515e+00
       860  1.0749999999999826e+00  1.2291842497206026e-01  4.1568083374730452e-01  5.632895e-01  3.914774e+00  6.366803e+00  2.706974e+01  6.739780e+01  2.464577e+02  3.018856e+00  1.541697e+01  1.7130107773913110e+00
       870  1.0874999999999824e+00  1.2289241146141032e-01  4.1675608069232961e-01  5.692863e-01  3.926070e+00  6.449931e+00  2.732988e+01  6.858718e+01  2.507362e+02  3.031465e+00  1.563557e+01  1.7301272578790363e+00
       880  1.0999999999999821e+00  1.2286633025800252e-01  4.1784700225057797e-01  5.752463e-01  3.937397e+00  6.532995e+00  2.759168e+01  6.978436e+01  2.550656e+02  3.044573e+00  1.586115e+01  1.7476106870072932e+00
       890  1.1124999999999818e+00  1.2284018037978114e-01  4.1895367478665363e-01  5.811685e-01  3.948750e+00  6.615973e+00  2.785502e+01  7.098895e+01  2.594445e+02  3.058168e+00  1.609360e+01  1.7654683066779664e+00
       900  1.1249999999999816e+00  1.2281396083990855e-01  4.2007617496622929e-01  5.870516e-01  3.960125e+00  6.698839e+00  2.811980e+01  7.220053e+01  2.638711e+02  3.072235e+00  1.633282e+01  1.7837075393567994e+00
       910  1.1374999999999813e+00  1.2278767064674770e-01  4.2121457973631810e-01  5.928943e-01  3.971516e+00  6.781568e+00  2.838590e+01  7.341866e+01  2.683439e+02  3.086761e+00  1.657868e+01  1.8023359923741600e+00
       920  1.1499999999999810e+00  1.2276130880384370e-01  4.2236896630520349e-01  5.986954e-01  3.982916e+00  6.864135e+00  2.865319e+01  7.464286e+01  2.728607e+02  3.101732e+00  1.683104e+01  1.8213614623113861e+00
       930  1.1624999999999808e+00  1.2273487430990965e-01  4.2353941212211410e-01  6.044536e-01  3.994322e+00  6.946512e+00  2.892154e+01  7.587266e+01  2.774198e+02  3.117134e+00  1.708975e+01  1.8407919394715795e+00
       940  1.1749999999999805e+00  1.2270836615881178e-01  4.2472599485657719e-01  6.101676e-01  4.005726e+00  7.028673e+00  2.919083e+01  7.710754e+01  2.820189e+02  3.132950e+00  1.735466e+01  1.8606356124332550e+00
       950  1.1874999999999802e+00  1.2268178333955522e-01  4.2592879237743841e-01  6.158362e-01  4.017124e+00  7.110588e+00  2.946091e+01  7.834696e+01  2.866559e+02  3.149164e+00  1.762559e+01  1.8809008726852507e+00
       960  1.1999999999999800e+00  1.2265512483627460e-01  4.2714788273153415e-01  6.214580e-01  4.028508e+00  7.192229e+00  2.973166e+01  7.959037e+01  2.913284e+02  3.165762e+00  1.790236e+01  1.9015963193407028e+00
       970  1.2124999999999797e+00  1.2262838962822117e-01  4.2838334412199497e-01  6.270318e-01  4.039874e+00  7.273567e+00  3.000292e+01  8.083719e+01  2.960340e+02  3.182725e+00  1.818478e+01  1.9227307639276168e+00
       980  1.2249999999999794e+00  1.2260157668975470e-01  4.2963525488618204e-01  6.325562e-01  4.051215e+00  7.354572e+00  3.027455e+01  8.208681e+01  3.007701e+02  3.200036e+00  1.847263e+01  1.9443132352534176e+00
       990  1.2374999999999792e+00  1.2257468499033621e-01  4.3090369347321322e-01  6.380301e-01  4.062526e+00  7.435212e+00  3.054640e+01  8.333861e+01  3.055339e+02  3.217678e+00  1.876570e+01  1.9663529843402197e+00
      1000  1.2499999999999789e+00  1.2254771349452111e-01  4.3218873842105854e-01  6.434519e-01  4.073799e+00  7.515458e+00  3.081832e+01  8.459195e+01  3.103227e+02  3.235632e+00  1.906375e+01  1.9888594894271101e+00
      1010  1.2624999999999786e+00  1.2252066116195458e-01  4.3349046833324234e-01  6.488205e-01  4.085029e+00  7.595277e+00  3.109015e+01  8.584615e+01  3.151336e+02  3.253880e+00  1.936654e+01  2.0118424610357666e+00
      1020  1.2749999999999784e+00  1.2249352694736793e-01  4.3480896185504059e-01  6.541345e-01  4.096210e+00  7.674637e+00  3.136173e+01  8.710052e+01  3.199635e+02  3.272404e+00  1.967382e+01  2.0353118470944582e+00
      1030  1.2874999999999781e+00  1.2246630980057632e-01  4.3614429764926210e-01  6.593927e-01  4.107335e+00  7.753505e+00  3.163290e+01  8.835436e+01  3.248092e+02  3.291183e+00  1.998530e+01  2.0592778381159755e+00
      1040  1.2999999999999778e+00  1.2243900866648041e-01  4.3749655437152318e-01  6.645936e-01  4.118398e+00  7.831849e+00  3.190348e+01  8.960694e+01  3.296676e+02  3.310199e+00  2.030072e+01  2.0837508724234199e+00
      1050  1.3124999999999776e+00  1.2241162248506578e-01  4.3886581064503272e-01  6.697360e-01  4.129393e+00  7.909634e+00  3.217332e+01  9.085752e+01  3.345353e+02  3.329431e+00  2.061977e+01  2.1087416414182689e+00
      1060  1.3249999999999773e+00  1.2238415019140540e-01  4.4025214503485810e-01  6.748186e-01  4.140314e+00  7.986828e+00  3.244223e+01  9.210531e+01  3.394087e+02  3.348860e+00  2.094215e+01  2.1342610948837617e+00
      1070  1.3374999999999770e+00  1.2235659071566557e-01  4.4165563602168112e-01  6.798400e-01  4.151153e+00  8.063395e+00  3.271006e+01  9.334955e+01  3.442844e+02  3.368465e+00  2.126755e+01  2.1603204463163719e+00
      1080  1.3499999999999768e+00  1.2232894298311078e-01  4.4307636197502381e-01  6.847990e-01  4.161905e+00  8.139302e+00  3.297661e+01  9.458943e+01  3.491586e+02  3.388226e+00  2.159562e+01  2.1869311782776686e+00
      1090  1.3624999999999765e+00  1.2230120591411327e-01  4.4451440112589163e-01  6.896942e-01  4.172563e+00  8.214513e+00  3.324171e+01  9.582414e+01  3.540277e+02  3.408122e+00  2.192604e+01  2.2141050477574615e+00
      1100  1.3749999999999762e+00  1.2227337842416025e-01  4.4596983153890635e-01  6.945244e-01  4.183121e+00  8.288993e+00  3.350518e+01  9.705285e+01  3.588877e+02  3.428132e+00  2.225844e+01  2.2418540915395671e+00
      1110  1.3874999999999760e+00  1.2224545942386639e-01  4.4744273108382909e-01  6.992883e-01  4.193573e+00  8.362708e+00  3.376685e+01  9.827471e+01  3.637348e+02  3.448235e+00  2.259248e+01  2.2701906315594598e+00
      1120  1.3999999999999757e+00  1.2221744781898655e-01  4.4893317740652405e-01  7.039846e-01  4.203912e+00  8.435623e+00  3.402652e+01  9.948889e+01  3.685649e+02  3.468410e+00  2.292776e+01  2.2991272802434710e+00
      1130  1.4124999999999754e+00  1.2218934251043152e-01  4.5044124789934903e-01  7.086120e-01  4.214133e+00  8.507701e+00  3.428401e+01  1.006945e+02  3.733740e+02  3.488636e+00  2.326393e+01  2.3286769458175827e+00
      1140  1.4249999999999752e+00  1.2216114239428344e-01  4.5196701967093850e-01  7.131692e-01  4.224228e+00  8.578909e+00  3.453914e+01  1.018907e+02  3.781580e+02  3.508892e+00  2.360058e+01  2.3588528375734756e+00
      1150  1.4374999999999749e+00  1.2213284636181640e-01  4.5351056951539470e-01  7.176551e-01  4.234191e+00  8.649210e+00  3.479173e+01  1.030766e+02  3.829127e+02  3.529157e+00  2.393732e+01  2.3896684710783171e+00
      1160  1.4499999999999746e+00  1.2210445329951444e-01  4.5507197388089715e-01  7.220683e-01  4.244018e+00  8.718569e+00  3.504159e+01  1.042513e+02  3.876339e+02  3.549409e+00  2.427374e+01  2.4211376733143992e+00
      1170  1.4624999999999744e+00  1.2207596208909677e-01  4.5665130883767779e-01  7.264077e-01  4.253700e+00  8.786951e+00  3.528853e+01  1.054139e+02  3.923173e+02  3.569628e+00  2.460943e+01  2.4532745877328983e+00
      1180  1.4749999999999741e+00  1.2204737160754020e-01  4.5824865004545645e-01  7.306719e-01  4.263234e+00  8.854322e+00  3.553238e+01  1.065635e+02  3.969586e+02  3.589792e+00  2.494398e+01  2.4860936792063728e+00
      1190  1.4874999999999738e+00  1.2201868072710689e-01  4.5986407272021479e-01  7.348599e-01  4.272612e+00  8.920647e+00  3.577294e+01  1.076993e+02  4.015534e+02  3.609881e+00  2.527697e+01  2.5196097388623362e+00
      1200  1.4999999999999736e+00  1.2198988831537487e-01  4.6149765160042211e-01  7.389705e-01  4.281829e+00  8.985892e+00  3.601003e+01  1.088203e+02  4.060976e+02  3.629875e+00  2.560796e+01  2.5538378887804534e+00
      1210  1.5124999999999733e+00  1.2196099323526562e-01  4.6314946091266185e-01  7.430024e-01  4.290880e+00  9.050022e+00  3.624348e+01  1.099256e+02  4.105866e+02  3.649752e+00  2.593653e+01  2.5887935865339733e+00
      1220  1.5249999999999730e+00  1.2193199434507748e-01  4.6481957433668808e-01  7.469545e-01  4.299758e+00  9.113004e+00  3.647310e+01  1.110144e+02  4.150161e+02  3.669493e+00  2.626225e+01  2.6244926295556947e+00
      1230  1.5374999999999728e+00  1.2190289049852560e-01  4.6650806496989927e-01  7.508257e-01  4.308459e+00  9.174805e+00  3.669872e+01  1.120858e+02  4.193819e+02  3.689077e+00  2.658468e+01  2.6609511593076407e+00
      1240  1.5499999999999725e+00  1.2187368054477297e-01  4.6821500529128357e-01  7.546149e-01  4.316977e+00  9.235392e+00  3.692017e+01  1.131389e+02  4.236797e+02  3.708486e+00  2.690341e+01  2.6981856652323470e+00
      1250  1.5624999999999722e+00  1.2184436332847415e-01  4.6994046712479276e-01  7.583209e-01  4.325307e+00  9.294734e+00  3.713726e+01  1.141728e+02  4.279051e+02  3.727700e+00  2.721799e+01  2.7362129884629276e+00
      1260  1.5749999999999720e+00  1.2181493768981744e-01  4.7168452160224272e-01  7.619428e-01  4.333444e+00  9.352799e+00  3.734984e+01  1.151867e+02  4.320540e+02  3.746700e+00  2.752800e+01  2.7750503252686118e+00
      1270  1.5874999999999717e+00  1.2178540246456580e-01  4.7344723912567488e-01  7.654794e-01  4.341383e+00  9.409556e+00  3.755773e+01  1.161798e+02  4.361221e+02  3.765468e+00  2.783301e+01  2.8147152302104050e+00
      1280  1.5999999999999714e+00  1.2175575648410845e-01  4.7522868932927570e-01  7.689297e-01  4.349120e+00  9.464975e+00  3.776078e+01  1.171512e+02  4.401053e+02  3.783986e+00  2.813262e+01  2.8552256189818319e+00
      1290  1.6124999999999712e+00  1.2172599857550789e-01  4.7702894104080218e-01  7.722927e-01  4.356650e+00  9.519027e+00  3.795883e+01  1.181001e+02  4.439997e+02  3.802236e+00  2.842640e+01  2.8965997709081619e+00
      1300  1.6249999999999709e+00  1.2169612756154902e-01  4.7884806224266152e-01  7.755674e-01  4.363969e+00  9.571684e+00  3.815172e+01  1.190257e+02  4.478013e+02  3.820202e+00  2.871395e+01  2.9388563310771421e+00
      1310  1.6374999999999706e+00  1.2166614226079778e-01  4.8068612003253419e-01  7.787529e-01  4.371073e+00  9.622918e+00  3.833930e+01  1.199273e+02  4.515062e+02  3.837867e+00  2.899487e+01  2.9820143120730318e+00
      1320  1.6499999999999704e+00  1.2163604148765404e-01  4.8254318058370133e-01  7.818481e-01  4.377957e+00  9.672702e+00  3.852145e+01  1.208042e+02  4.551106e+02  3.855215e+00  2.926878e+01  3.0260930952859217e+00
      1330  1.6624999999999701e+00  1.2160582405241276e-01  4.8441930910503672e-01  7.848523e-01  4.384620e+00  9.721012e+00  3.869800e+01  1.216555e+02  4.586110e+02  3.872232e+00  2.953530e+01  3.0711124317668324e+00
      1340  1.6749999999999698e+00  1.2157548876132517e-01  4.8631456980072979e-01  7.877646e-01  4.391055e+00  9.767821e+00  3.886884e+01  1.224806e+02  4.620038e+02  3.888902e+00  2.979406e+01  3.1170924425993323e+00
      1350  1.6874999999999696e+00  1.2154503441665937e-01  4.8822902582979777e-01  7.905840e-01  4.397262e+00  9.813108e+00  3.903384e+01  1.232789e+02  4.652855e+02  3.905213e+00  3.004472e+01  3.1640536187576558e+00
      1360  1.6999999999999693e+00  1.2151445981677522e-01  4.9016273926545983e-01  7.933097e-01  4.403236e+00  9.856849e+00  3.919288e+01  1.240497e+02  4.684531e+02  3.921150e+00  3.028694e+01  3.2120168204213710e+00
      1370  1.7124999999999690e+00  1.2148376375618335e-01  4.9211577105431492e-01  7.959409e-01  4.408976e+00  9.899023e+00  3.934585e+01  1.247925e+02  4.715034e+02  3.936702e+00  3.052040e+01  3.2610032757160452e+00
      1380  1.7249999999999688e+00  1.2145294502562377e-01  4.9408818097554946e-01  7.984770e-01  4.414477e+00  9.939610e+00  3.949263e+01  1.255065e+02  4.744334e+02  3.951857e+00  3.074480e+01  3.3110345788501894e+00
      1390  1.7374999999999685e+00  1.2142200241213721e-01  4.9608002760008252e-01  8.009170e-01  4.419740e+00  9.978592e+00  3.963313e+01  1.261913e+02  4.772404e+02  3.966605e+00  3.095984e+01  3.3621326876180389e+00
      1400  1.7499999999999682e+00  1.2139093469914422e-01  4.9809136824980971e-01  8.032603e-01  4.424760e+00  1.001595e+01  3.976726e+01  1.268465e+02  4.799219e+02  3.980934e+00  3.116526e+01  3.4143199202387211e+00
      1410  1.7624999999999680e+00  1.2135974066652115e-01  5.0012225895697937e-01  8.055063e-01  4.429537e+00  1.005167e+01  3.989493e+01  1.274715e+02  4.824753e+02  3.994837e+00  3.136081e+01  3.4676189515028408e+00
      1420  1.7749999999999677e+00  1.2132841909068430e-01  5.0217275442375087e-01  8.076542e-01  4.434070e+00  1.008573e+01  4.001607e+01  1.280658e+02  4.848986e+02  4.008305e+00  3.154627e+01  3.5220528081975697e+00
      1430  1.7874999999999674e+00  1.2129696874467330e-01  5.0424290798208116e-01  8.097034e-01  4.438357e+00  1.011813e+01  4.013061e+01  1.286292e+02  4.871896e+02  4.021330e+00  3.172142e+01  3.5776448637834974e+00
      1440  1.7999999999999672e+00  1.2126538839824139e-01  5.0633277155390721e-01  8.116534e-01  4.442396e+00  1.014884e+01  4.023849e+01  1.291612e+02  4.893466e+02  4.033906e+00  3.188609e+01  3.6344188322962756e+00
      1450  1.8124999999999669e+00  1.2123367681793773e-01  5.0844239561183291e-01  8.135035e-01  4.446189e+00  1.017786e+01  4.033965e+01  1.296616e+02  4.913679e+02  4.046027e+00  3.204011e+01  3.6923987614483549e+00
      1460  1.8249999999999666e+00  1.2120183276720389e-01  5.1057182914031563e-01  8.152533e-01  4.449734e+00  1.020518e+01  4.043405e+01  1.301301e+02  4.932522e+02  4.057689e+00  3.218335e+01  3.7516090249073306e+00
      1470  1.8374999999999664e+00  1.2116985500647116e-01  5.1272111959748379e-01  8.169021e-01  4.453032e+00  1.023079e+01  4.052166e+01  1.305664e+02  4.949982e+02  4.068888e+00  3.231569e+01  3.8120743137293411e+00
      1480  1.8499999999999661e+00  1.2113774229324990e-01  5.1489031287767517e-01  8.184497e-01  4.456082e+00  1.025469e+01  4.060245e+01  1.309704e+02  4.966050e+02  4.079621e+00  3.243703e+01  3.8738196269279861e+00
      1490  1.8624999999999658e+00  1.2110549338223255e-01  5.1707945327474825e-01  8.198954e-01  4.458886e+00  1.027686e+01  4.067639e+01  1.313419e+02  4.980718e+02  4.089886e+00  3.254733e+01  3.9368702611610784e+00
      1500  1.8749999999999656e+00  1.2107310702539384e-01  5.1928858344635542e-01  8.212389e-01  4.461444e+00  1.029731e+01  4.074349e+01  1.316808e+02  4.993981e+02  4.099683e+00  3.264653e+01  4.0012517995214925e+00
      1510  1.8874999999999653e+00  1.2104058197209563e-01  5.2151774437919607e-01  8.224798e-01  4.463758e+00  1.031603e+01  4.080373e+01  1.319871e+02  5.005835e+02  4.109011e+00  3.273463e+01  4.0669900994190682e+00
      1520  1.8999999999999651e+00  1.2100791696919030e-01  5.2376697535540950e-01  8.236178e-01  4.465828e+00  1.033302e+01  4.085714e+01  1.322608e+02  5.016280e+02  4.117871e+00  3.281163e+01  4.1341112795456114e+00
      1530  1.9124999999999648e+00  1.2097511076112952e-01  5.2603631392016892e-01  8.246525e-01  4.467658e+00  1.034827e+01  4.090371e+01  1.325018e+02  5.025318e+02  4.126265e+00  3.287758e+01  4.2026417059167542e+00
      1540  1.9249999999999645e+00  1.2094216209007375e-01  5.2832579585064754e-01  8.255836e-01  4.469249e+00  1.036180e+01  4.094349e+01  1.327103e+02  5.032951e+02  4.134196e+00  3.293253e+01  4.2726079769894891e+00
      1550  1.9374999999999643e+00  1.2090906969600138e-01  5.3063545512640420e-01  8.264110e-01  4.470603e+00  1.037361e+01  4.097650e+01  1.328864e+02  5.039185e+02  4.141669e+00  3.297659e+01  4.3440369078561023e+00
      1560  1.9499999999999640e+00  1.2087583231682547e-01  5.3296532390135709e-01  8.271342e-01  4.471723e+00  1.038369e+01  4.100278e+01  1.330302e+02  5.044028e+02  4.148686e+00  3.300986e+01  4.4169555135211400e+00
      1570  1.9624999999999637e+00  1.2084244868850777e-01  5.3531543247743496e-01  8.277532e-01  4.472613e+00  1.039206e+01  4.102239e+01  1.331419e+02  5.047490e+02  4.155256e+00  3.303249e+01  4.4913909912711807e+00
      1580  1.9749999999999635e+00  1.2080891754517295e-01  5.3768580928001630e-01  8.282678e-01  4.473275e+00  1.039872e+01  4.103538e+01  1.332217e+02  5.049583e+02  4.161383e+00  3.304465e+01  4.5673707021516377e+00
      1590  1.9874999999999632e+00  1.2077523761922938e-01  5.4007648083530502e-01  8.286777e-01  4.473713e+00  1.040368e+01  4.104183e+01  1.332700e+02  5.050322e+02  4.167076e+00  3.304652e+01  4.6449221515703574e+00
      1600  1.9999999999999629e+00  1.2074140764148555e-01  5.4248747174975454e-01  8.289830e-01  4.473932e+00  1.040695e+01  4.104181e+01  1.332870e+02  5.049721e+02  4.172342e+00  3.303832e+01  4.7240729690509209e+00
      1610  2.0124999999999647e+00  1.2070742634127371e-01  5.4491880469161458e-01  8.291834e-01  4.473935e+00  1.040854e+01  4.103539e+01  1.332731e+02  5.047800e+02  4.177192e+00  3.302031e+01  4.8048508871655891e+00
      1620  2.0249999999999666e+00  1.2067329244657099e-01  5.4737050037480228e-01  8.292790e-01  4.473727e+00  1.040846e+01  4.102268e+01  1.332287e+02  5.044579e+02  4.181635e+00  3.299273e+01  4.8872837196816041e+00
      1630  2.0374999999999686e+00  1.2063900468411953e-01  5.4984257754513222e-01  8.292697e-01  4.473313e+00  1.040672e+01  4.100378e+01  1.331541e+02  5.040078e+02  4.185682e+00  3.295589e+01  4.9713993389600777e+00
      1640  2.0499999999999705e+00  1.2060456177955155e-01  5.5233505296913432e-01  8.291554e-01  4.472698e+00  1.040334e+01  4.097879e+01  1.330499e+02  5.034322e+02  4.189345e+00  3.291009e+01  5.0572256526516313e+00
      1650  2.0624999999999725e+00  1.2056996245751354e-01  5.5484794142539706e-01  8.289363e-01  4.471887e+00  1.039833e+01  4.094781e+01  1.329166e+02  5.027336e+02  4.192638e+00  3.285566e+01  5.1447905797404943e+00
      1660  2.0749999999999744e+00  1.2053520544179162e-01  5.5738125569880415e-01  8.286122e-01  4.470886e+00  1.039171e+01  4.091099e+01  1.327545e+02  5.019147e+02  4.195572e+00  3.279297e+01  5.2341220259904642e+00
      1670  2.0874999999999764e+00  1.2050028945543255e-01  5.5993500657755269e-01  8.281834e-01  4.469701e+00  1.038349e+01  4.086844e+01  1.325644e+02  5.009782e+02  4.198162e+00  3.272240e+01  5.3252478588556560e+00
      1680  2.0999999999999783e+00  1.2046521322087153e-01  5.6250920285314532e-01  8.276498e-01  4.468338e+00  1.037370e+01  4.082029e+01  1.323467e+02  4.999272e+02  4.200424e+00  3.264433e+01  5.4181958819215357e+00
      1690  2.1124999999999803e+00  1.2042997546005889e-01  5.6510385132358121e-01  8.270116e-01  4.466804e+00  1.036234e+01  4.076670e+01  1.321021e+02  4.987648e+02  4.202373e+00  3.255919e+01  5.5129938089484476e+00
      1700  2.1249999999999822e+00  1.2039457489457935e-01  5.6771895679960804e-01  8.262689e-01  4.465105e+00  1.034945e+01  4.070779e+01  1.318312e+02  4.974942e+02  4.204024e+00  3.246741e+01  5.6096692375956909e+00
      1710  2.1374999999999842e+00  1.2035901024577772e-01  5.7035452211441229e-01  8.254219e-01  4.463249e+00  1.033503e+01  4.064374e+01  1.315345e+02  4.961188e+02  4.205396e+00  3.236945e+01  5.7082496229079798e+00
      1720  2.1499999999999861e+00  1.2032328023488570e-01  5.7301054813663699e-01  8.244707e-01  4.461242e+00  1.031912e+01  4.057469e+01  1.312129e+02  4.946421e+02  4.206505e+00  3.226577e+01  5.8087622506533618e+00
      1730  2.1624999999999881e+00  1.2028738358313952e-01  5.7568703378692154e-01  8.234155e-01  4.459092e+00  1.030172e+01  4.050082e+01  1.308669e+02  4.930675e+02  4.207370e+00  3.215688e+01  5.9112342106040927e+00
      1740  2.1749999999999901e+00  1.2025131901190346e-01  5.7838397605805270e-01  8.222565e-01  4.456808e+00  1.028287e+01  4.042228e+01  1.304972e+02  4.913989e+02  4.208009e+00  3.204326e+01  6.0156923698605702e+00
      1750  2.1874999999999920e+00  1.2021508524278866e-01  5.8110137003880025e-01  8.209940e-01  4.454395e+00  1.026258e+01  4.033925e+01  1.301046e+02  4.896399e+02  4.208441e+00  3.192545e+01  6.1221633463188407e+00
      1760  2.1999999999999940e+00  1.2017868099777065e-01  5.8383920894149088e-01  8.196282e-01  4.451864e+00  1.024088e+01  4.025192e+01  1.296898e+02  4.877943e+02  4.208688e+00  3.180397e+01  6.2306734823908299e+00
      1770  2.2124999999999959e+00  1.2014210499930986e-01  5.8659748413343737e-01  8.181593e-01  4.449222e+00  1.021778e+01  4.016045e+01  1.292534e+02  4.858660e+02  4.208768e+00  3.167937e+01  6.3412488190866583e+00
      1780  2.2249999999999979e+00  1.2010535597045870e-01  5.8937618517230539e-01  8.165878e-01  4.446478e+00  1.019332e+01  4.006504e+01  1.287963e+02  4.838590e+02  4.208702e+00  3.155222e+01  6.4539150705770396e+00
      1790  2.2374999999999998e+00  1.2006843263498013e-01  5.9217529984539874e-01  8.149137e-01  4.443641e+00  1.016752e+01  3.996589e+01  1.283192e+02  4.817772e+02  4.208512e+00  3.142309e+01  6.5686975993523387e+00
      1800  2.2500000000000018e+00  1.2003133371745234e-01  5.9499481421302758e-01  8.131375e-01  4.440720e+00  1.014039e+01  3.986317e+01  1.278228e+02  4.796247e+02  4.208219e+00  3.129255e+01  6.6856213921033438e+00
      1810  2.2625000000000037e+00  1.1999405794337881e-01  5.9783471265592336e-01  8.112596e-01  4.437723e+00  1.011196e+01  3.975709e+01  1.273079e+02  4.774055e+02  4.207844e+00  3.116120e+01  6.8047110364474399e+00
      1820  2.2750000000000057e+00  1.1995660403928785e-01  6.0069497792683590e-01  8.092801e-01  4.434661e+00  1.008225e+01  3.964785e+01  1.267752e+02  4.751236e+02  4.207411e+00  3.102966e+01  6.9259906986304900e+00
      1830  2.2875000000000076e+00  1.1991897073283832e-01  6.0357559120620274e-01  8.071995e-01  4.431542e+00  1.005130e+01  3.953565e+01  1.262255e+02  4.727832e+02  4.206941e+00  3.089853e+01  7.0494841023346009e+00
      1840  2.3000000000000096e+00  1.1988115675290763e-01  6.0647653216208741e-01  8.050182e-01  4.428377e+00  1.001911e+01  3.942069e+01  1.256595e+02  4.703884e+02  4.206458e+00  3.076844e+01  7.1752145087250430e+00
      1850  2.3125000000000115e+00  1.1984316082969300e-01  6.0939777901430792e-01  8.027366e-01  4.425175e+00  9.985712e+00  3.930318e+01  1.250779e+02  4.679432e+02  4.205984e+00  3.064001e+01  7.3032046978724914e+00
      1860  2.3250000000000135e+00  1.1980498169479259e-01  6.1233930860279617e-01  8.003550e-01  4.421947e+00  9.951130e+00  3.918334e+01  1.244815e+02  4.654518e+02  4.205542e+00  3.051389e+01  7.4334769516846260e+00
      1870  2.3375000000000155e+00  1.1976661808129517e-01  6.1530109646017295e-01  7.978738e-01  4.418702e+00  9.915385e+00  3.906137e+01  1.238710e+02  4.629182e+02  4.205156e+00  3.039072e+01  7.5660530384882367e+00
      1880  2.3500000000000174e+00  1.1972806872385976e-01  6.1828311688855186e-01  7.952935e-01  4.415451e+00  9.878498e+00  3.893748e+01  1.232471e+02  4.603465e+02  4.204848e+00  3.027115e+01  7.7009541993970050e+00
      1890  2.3625000000000194e+00  1.1968933235878018e-01  6.2128534304061089e-01  7.926144e-01  4.412205e+00  9.840489e+00  3.881189e+01  1.226105e+02  4.577407e+02  4.204644e+00  3.015584e+01  7.8382011366057895e+00
      1900  2.3750000000000213e+00  1.1965040772406670e-01  6.2430774700484348e-01  7.898371e-01  4.408973e+00  9.801379e+00  3.868481e+01  1.219619e+02  4.551048e+02  4.204566e+00  3.004546e+01  7.9778140037502947e+00
      1910  2.3875000000000233e+00  1.1961129355950387e-01  6.2735029989492286e-01  7.869620e-01  4.405766e+00  9.761188e+00  3.855647e+01  1.213018e+02  4.524429e+02  4.204638e+00  2.994066e+01  8.1198123984691311e+00
      1920  2.4000000000000252e+00  1.1957198860670833e-01  6.3041297194335022e-01  7.839895e-01  4.402596e+00  9.719935e+00  3.842707e+01  1.206311e+02  4.497588e+02  4.204884e+00  2.984213e+01  8.2642153573093680e+00
      1930  2.4125000000000272e+00  1.1953249160918140e-01  6.3349573259908332e-01  7.809201e-01  4.399473e+00  9.677638e+00  3.829685e+01  1.199503e+02  4.470564e+02  4.205328e+00  2.975054e+01  8.4110413531099297e+00
      1940  2.4250000000000291e+00  1.1949280131235618e-01  6.3659855062926662e-01  7.777543e-01  4.396409e+00  9.634315e+00  3.816601e+01  1.192600e+02  4.443397e+02  4.205993e+00  2.966657e+01  8.5603082950011888e+00
      1950  2.4375000000000311e+00  1.1945291646363433e-01  6.3972139422500229e-01  7.744925e-01  4.393413e+00  9.589982e+00  3.803478e+01  1.185607e+02  4.416124e+02  4.206902e+00  2.959089e+01  8.7120335311548676e+00
      1960  2.4500000000000330e+00  1.1941283581242401e-01  6.4286423111097435e-01  7.711353e-01  4.390498e+00  9.544655e+00  3.790338e+01  1.178531e+02  4.388784e+02  4.208080e+00  2.952420e+01  8.8662338544173043e+00
      1970  2.4625000000000350e+00  1.1937255811015576e-01  6.4602702865902029e-01  7.676832e-01  4.387674e+00  9.498349e+00  3.777204e+01  1.171376e+02  4.361413e+02  4.209550e+00  2.946717e+01  9.0229255109569735e+00
      1980  2.4750000000000369e+00  1.1933208211031310e-01  6.4920975400542580e-01  7.641366e-01  4.384953e+00  9.451078e+00  3.764097e+01  1.164148e+02  4.334048e+02  4.211334e+00  2.942050e+01  9.1821242120565802e+00
      1990  2.4875000000000389e+00  1.1929140656843371e-01  6.5241237417199138e-01  7.604961e-01  4.382345e+00  9.402855e+00  3.751040e+01  1.156852e+02  4.306725e+02  4.213457e+00  2.938487e+01  9.3438451491748644e+00
      2000  2.5000000000000409e+00  1.1925053024211364e-01  6.5563485619063655e-01  7.567622e-01  4.379864e+00  9.353691e+00  3.738054e+01  1.149490e+02  4.279482e+02  4.215940e+00  2.936098e+01  9.5081030124038826e+00
      2010  2.5125000000000428e+00  1.1920945189101118e-01  6.5887716723159717e-01  7.529354e-01  4.377519e+00  9.303597e+00  3.725164e+01  1.142069e+02  4.252352e+02  4.218806e+00  2.934950e+01  9.6749120124414709e+00
      2020  2.5250000000000448e+00  1.1916817027682551e-01  6.6213927473495904e-01  7.490163e-01  4.375322e+00  9.252581e+00  3.712391e+01  1.134591e+02  4.225371e+02  4.222078e+00  2.935112e+01  9.8442859061991506e+00
      2030  2.5375000000000467e+00  1.1912668416327869e-01  6.6542114654557838e-01  7.450055e-01  4.373285e+00  9.200653e+00  3.699757e+01  1.127061e+02  4.198574e+02  4.225778e+00  2.936654e+01  1.0016238026160256e+01
      2040  2.5500000000000487e+00  1.1908499231608408e-01  6.6872275105116330e-01  7.409034e-01  4.371418e+00  9.147820e+00  3.687285e+01  1.119480e+02  4.171994e+02  4.229928e+00  2.939643e+01  1.0190781313601001e+01
      2050  2.5625000000000506e+00  1.1904309350291256e-01  6.7204405732336969e-01  7.367107e-01  4.369735e+00  9.094086e+00  3.674998e+01  1.111852e+02  4.145667e+02  4.234549e+00  2.944148e+01  1.0367928355782468e+01
      2060  2.5750000000000526e+00  1.1900098649333972e-01  6.7538503526194238e-01  7.324279e-01  4.368245e+00  9.039456e+00  3.662919e+01  1.104179e+02  4.119624e+02  4.239661e+00  2.950237e+01  1.0547691427222635e+01
      2070  2.5875000000000545e+00  1.1895867005879379e-01  6.7874565574163825e-01  7.280556e-01  4.366961e+00  8.983934e+00  3.651070e+01  1.096463e+02  4.093901e+02  4.245287e+00  2.957977e+01  1.0730082535147748e+01
      2080  2.6000000000000565e+00  1.1891614297248829e-01  6.8212589076183039e-01  7.235944e-01  4.365893e+00  8.927520e+00  3.639475e+01  1.088705e+02  4.068529e+02  4.251445e+00  2.967435e+01  1.0915113469222572e+01
      2090  2.6125000000000584e+00  1.1887340400934759e-01  6.8552571359869907e-01  7.190449e-01  4.365054e+00  8.870216e+00  3.628155e+01  1.080908e+02  4.043541e+02  4.258157e+00  2.978679e+01  1.1102795855658492e+01
      2100  2.6250000000000604e+00  1.1883045194592122e-01  6.8894509895980349e-01  7.144076e-01  4.364454e+00  8.812020e+00  3.617135e+01  1.073070e+02  4.018971e+02  4.265441e+00  2.991773e+01  1.1293141215787418e+01
      2110  2.6375000000000624e+00  1.1878728556029067e-01  6.9238402314102288e-01  7.096833e-01  4.364105e+00  8.752929e+00  3.606438e+01  1.065193e+02  3.994852e+02  4.273316e+00  3.006785e+01  1.1486161029192262e+01
      2120  2.6500000000000643e+00  1.1874390363196258e-01  6.9584246418548346e-01  7.048725e-01  4.364018e+00  8.692941e+00  3.596086e+01  1.057277e+02  3.971216e+02  4.281802e+00  3.023778e+01  1.1681866801480904e+01
      2130  2.6625000000000663e+00  1.1870030494176258e-01  6.9932040204464685e-01  6.999758e-01  4.364205e+00  8.632050e+00  3.586103e+01  1.049321e+02  3.948096e+02  4.290916e+00  3.042817e+01  1.1880270136781663e+01
      2140  2.6750000000000682e+00  1.1865648827169922e-01  7.0281781874118621e-01  6.949940e-01  4.364675e+00  8.570249e+00  3.576514e+01  1.041324e+02  3.925525e+02  4.300675e+00  3.063966e+01  1.2081382815041907e+01
      2150  2.6875000000000702e+00  1.1861245240483688e-01  7.0633469853347319e-01  6.899276e-01  4.365441e+00  8.507530e+00  3.567341e+01  1.033285e+02  3.903538e+02  4.311098e+00  3.087286e+01  1.2285216874204128e+01
      2160  2.7000000000000721e+00  1.1856819612514879e-01  7.0987102808178659e-01  6.847773e-01  4.366513e+00  8.443885e+00  3.558608e+01  1.025200e+02  3.882167e+02  4.322200e+00  3.112841e+01  1.2491784697329249e+01
      2170  2.7125000000000741e+00  1.1852371821736414e-01  7.1342679661583730e-01  6.795438e-01  4.367902e+00  8.379303e+00  3.550340e+01  1.017070e+02  3.861447e+02  4.333999e+00  3.140689e+01  1.2701099104738219e+01
      2180  2.7250000000000760e+00  1.1847901746679990e-01  7.1700199610347592e-01  6.742278e-01  4.369619e+00  8.313771e+00  3.542562e+01  1.008889e+02  3.841413e+02  4.346508e+00  3.170892e+01  1.2913173451234151e+01
      2190  2.7375000000000780e+00  1.1843409265917991e-01  7.2059662142072622e-01  6.688299e-01  4.371674e+00  8.247278e+00  3.535296e+01  1.000655e+02  3.822101e+02  4.359744e+00  3.203508e+01  1.3128021728468957e+01
      2200  2.7500000000000799e+00  1.1838894258046118e-01  7.2421067052256471e-01  6.633509e-01  4.374078e+00  8.179807e+00  3.528569e+01  9.923644e+01  3.803546e+02  4.373722e+00  3.238593e+01  1.3345658672511572e+01
      2210  2.7625000000000819e+00  1.1834356601662001e-01  7.2784414461465108e-01  6.577914e-01  4.376841e+00  8.111345e+00  3.522405e+01  9.840123e+01  3.785785e+02  4.388456e+00  3.276206e+01  1.3566099876673050e+01
      2220  2.7750000000000838e+00  1.1829796175345474e-01  7.3149704832567419e-01  6.521523e-01  4.379972e+00  8.041874e+00  3.516829e+01  9.755940e+01  3.768858e+02  4.403958e+00  3.316401e+01  1.3789361909641105e+01
      2230  2.7875000000000858e+00  1.1825212857636150e-01  7.3516938988025182e-01  6.464343e-01  4.383483e+00  7.971376e+00  3.511866e+01  9.671043e+01  3.752803e+02  4.420244e+00  3.359232e+01  1.4015462438973987e+01
      2240  2.8000000000000878e+00  1.1820606527010701e-01  7.3886118127221900e-01  6.406381e-01  4.387383e+00  7.899833e+00  3.507543e+01  9.585372e+01  3.737660e+02  4.437325e+00  3.404752e+01  1.4244420359995733e+01
      2250  2.8125000000000897e+00  1.1815977061858254e-01  7.4257243843810750e-01  6.347644e-01  4.391680e+00  7.827225e+00  3.503885e+01  9.498865e+01  3.723470e+02  4.455214e+00  3.453013e+01  1.4476255930140617e+01
      2260  2.8250000000000917e+00  1.1811324340455662e-01  7.4630318143081287e-01  6.288142e-01  4.396386e+00  7.753530e+00  3.500919e+01  9.411454e+01  3.710278e+02  4.473924e+00  3.504066e+01  1.4710990908781753e+01
      2270  2.8375000000000936e+00  1.1806648240941287e-01  7.5005343459316531e-01  6.227881e-01  4.401508e+00  7.678728e+00  3.498671e+01  9.323065e+01  3.698127e+02  4.493467e+00  3.557961e+01  1.4948648702581433e+01
      2280  2.8500000000000956e+00  1.1801948641287577e-01  7.5382322673130786e-01  6.166870e-01  4.407057e+00  7.602797e+00  3.497167e+01  9.233620e+01  3.687064e+02  4.513854e+00  3.614747e+01  1.5189254516397682e+01
      2290  2.8625000000000975e+00  1.1797225419271934e-01  7.5761259128783676e-01  6.105117e-01  4.413039e+00  7.525713e+00  3.496434e+01  9.143037e+01  3.677136e+02  4.535096e+00  3.674471e+01  1.5432835509772303e+01
      2300  2.8750000000000995e+00  1.1792478452448404e-01  7.6142156651437998e-01  6.042632e-01  4.419465e+00  7.447452e+00  3.496500e+01  9.051228e+01  3.668394e+02  4.557206e+00  3.737182e+01  1.5679420959029237e+01
      2310  2.8875000000001014e+00  1.1787707618116011e-01  7.6525019564374708e-01  5.979421e-01  4.426342e+00  7.367992e+00  3.497393e+01  8.958102e+01  3.660888e+02  4.580194e+00  3.802927e+01  1.5929042425003653e+01
      2320  2.9000000000001034e+00  1.1782912793288007e-01  7.6909852706118387e-01  5.915495e-01  4.433678e+00  7.287307e+00  3.499139e+01  8.863561e+01  3.654672e+02  4.604072e+00  3.871752e+01  1.6181733926419401e+01
      2330  2.9125000000001053e+00  1.1778093854658368e-01  7.7296661447489545e-01  5.850862e-01  4.441481e+00  7.205373e+00  3.501766e+01  8.767505e+01  3.649803e+02  4.628852e+00  3.943704e+01  1.6437532118927052e+01
      2340  2.9250000000001073e+00  1.1773250678568216e-01  7.7685451708550235e-01  5.785532e-01  4.449759e+00  7.122165e+00  3.505304e+01  8.669829e+01  3.646337e+02  4.654544e+00  4.018832e+01  1.6696476479811569e+01
      2350  2.9375000000001092e+00  1.1768383140971841e-01  7.8076229975441636e-01  5.719513e-01  4.458517e+00  7.037659e+00  3.509780e+01  8.570423e+01  3.644335e+02  4.681162e+00  4.097182e+01  1.6958609498371871e+01
      2360  2.9500000000001112e+00  1.1763491117398533e-01  7.8469003317089059e-01  5.652816e-01  4.467764e+00  6.951829e+00  3.515222e+01  8.469174e+01  3.643860e+02  4.708717e+00  4.178805e+01  1.7223976871970358e+01
      2370  2.9625000000001132e+00  1.1758574482918845e-01  7.8863779401768352e-01  5.585450e-01  4.477505e+00  6.864652e+00  3.521659e+01  8.365965e+01  3.644976e+02  4.737223e+00  4.263750e+01  1.7492627707741320e+01
      2380  2.9750000000001151e+00  1.1753633112103598e-01  7.9260566513506281e-01  5.517425e-01  4.487747e+00  6.776103e+00  3.529120e+01  8.260677e+01  3.647749e+02  4.766694e+00  4.352072e+01  1.7764614729939627e+01
      2390  2.9875000000001171e+00  1.1748666878986744e-01  7.9659373568325487e-01  5.448752e-01  4.498495e+00  6.686160e+00  3.537633e+01  8.153187e+01  3.652251e+02  4.797143e+00  4.443826e+01  1.8039994492911134e+01
      2400  3.0000000000001190e+00  1.1743675657025174e-01  8.0060210130278109e-01  5.379441e-01  4.509755e+00  6.594799e+00  3.547228e+01  8.043368e+01  3.658552e+02  4.828587e+00  4.539071e+01  1.8318827599639697e+01
      2410  3.0125000000001210e+00  1.1738659319056494e-01  8.0463086427295116e-01  5.309502e-01  4.521533e+00  6.501998e+00  3.557933e+01  7.931092e+01  3.666727e+02  4.861042e+00  4.637871e+01  1.8601178925837889e+01
      2420  3.0250000000001229e+00  1.1733617737258607e-01  8.0868013366783975e-01  5.238947e-01  4.533832e+00  6.407736e+00  3.569776e+01  7.816230e+01  3.676853e+02  4.894526e+00  4.740294e+01  1.8887117849513146e+01
      2430  3.0375000000001249e+00  1.1728550783105784e-01  8.1275002551005726e-01  5.167787e-01  4.546657e+00  6.311994e+00  3.582787e+01  7.698649e+01  3.689009e+02  4.929058e+00  4.846413e+01  1.9176718485945329e+01
      2440  3.0500000000001268e+00  1.1723458327325445e-01  8.1684066292174773e-01  5.096032e-01  4.560013e+00  6.214752e+00  3.596994e+01  7.578217e+01  3.703277e+02  4.964661e+00  4.956309e+01  1.9470059927991059e+01
      2450  3.0625000000001288e+00  1.1718340239852312e-01  8.2095217627269679e-01  5.023695e-01  4.573902e+00  6.115995e+00  3.612424e+01  7.454800e+01  3.719739e+02  5.001357e+00  5.070071e+01  1.9767226491606468e+01
      2460  3.0750000000001307e+00  1.1713196389783934e-01  8.2508470332520334e-01  4.950788e-01  4.588328e+00  6.015705e+00  3.629107e+01  7.328265e+01  3.738482e+02  5.039171e+00  5.187796e+01  2.0068307966467554e+01
      2470  3.0875000000001327e+00  1.1708026645332983e-01  8.2923838937581529e-01  4.877322e-01  4.603294e+00  5.913869e+00  3.647070e+01  7.198479e+01  3.759594e+02  5.078131e+00  5.309591e+01  2.0373399871547491e+01
      2480  3.1000000000001346e+00  1.1702830873780221e-01  8.3341338739304271e-01  4.803310e-01  4.618803e+00  5.810476e+00  3.666340e+01  7.065309e+01  3.783163e+02  5.118267e+00  5.435573e+01  2.0682603715473970e+01
      2490  3.1125000000001366e+00  1.1697608941426252e-01  8.3760985815119438e-01  4.728765e-01  4.634856e+00  5.705515e+00  3.686944e+01  6.928625e+01  3.809282e+02  5.159613e+00  5.565874e+01  2.0996027261465436e+01
      2500  3.1250000000001386e+00  1.1692360713541956e-01  8.4182797035984325e-01  4.653700e-01  4.651455e+00  5.598978e+00  3.708907e+01  6.788300e+01  3.838043e+02  5.202205e+00  5.700638e+01  2.1313784796627900e+01
      2510  3.1375000000001405e+00  1.1687086054318629e-01  8.4606790078837113e-01  4.578128e-01  4.668601e+00  5.490861e+00  3.732257e+01  6.644208e+01  3.869540e+02  5.246083e+00  5.840027e+01  2.1635997405325355e+01
      2520  3.1500000000001425e+00  1.1681784826817707e-01  8.5032983438544973e-01  4.502062e-01  4.686295e+00  5.381161e+00  3.757017e+01  6.496228e+01  3.903868e+02  5.291290e+00  5.984216e+01  2.1962793246326076e+01
      2530  3.1625000000001444e+00  1.1676456892918222e-01  8.5461396439273152e-01  4.425516e-01  4.704538e+00  5.269877e+00  3.783213e+01  6.344243e+01  3.941123e+02  5.337873e+00  6.133402e+01  2.2294307833364371e+01
      2540  3.1750000000001464e+00  1.1671102113265736e-01  8.5892049245248070e-01  4.348505e-01  4.723329e+00  5.157012e+00  3.810867e+01  6.188142e+01  3.981400e+02  5.385886e+00  6.287804e+01  2.2630684318706368e+01
      2550  3.1875000000001483e+00  1.1665720347219286e-01  8.6324962870818533e-01  4.271043e-01  4.742668e+00  5.042572e+00  3.840002e+01  6.027821e+01  4.024797e+02  5.435384e+00  6.447660e+01  2.2972073779251136e+01
      2560  3.2000000000001503e+00  1.1660311452797165e-01  8.6760159189803832e-01  4.193144e-01  4.762555e+00  4.926566e+00  3.870640e+01  5.863179e+01  4.071409e+02  5.486430e+00  6.613237e+01  2.3318635504635722e+01
      2570  3.2125000000001522e+00  1.1654875286623582e-01  8.7197660944022859e-01  4.114825e-01  4.782987e+00  4.809004e+00  3.902800e+01  5.694128e+01  4.121332e+02  5.539090e+00  6.784826e+01  2.3670537286727079e+01
      2580  3.2250000000001542e+00  1.1649411703874880e-01  8.7637491750951324e-01  4.036099e-01  4.803963e+00  4.689902e+00  3.936503e+01  5.520585e+01  4.174659e+02  5.593439e+00  6.962750e+01  2.4027955709817419e+01
      2590  3.2375000000001561e+00  1.1643920558222937e-01  8.8079676110415661e-01  3.956983e-01  4.825482e+00  4.569278e+00  3.971765e+01  5.342478e+01  4.231485e+02  5.649556e+00  7.147364e+01  2.4391076440725868e+01
      2600  3.2500000000001581e+00  1.1638401701781129e-01  8.8524239410246053e-01  3.877493e-01  4.847540e+00  4.447155e+00  4.008605e+01  5.159744e+01  4.291901e+02  5.707527e+00  7.339061e+01  2.4760094517935258e+01
      2610  3.2625000000001600e+00  1.1632854985048015e-01  8.8971207930784724e-01  3.797645e-01  4.870135e+00  4.323557e+00  4.047037e+01  4.972334e+01  4.355995e+02  5.767447e+00  7.538271e+01  2.5135214638741516e+01
      2620  3.2750000000001620e+00  1.1627280256852188e-01  8.9420608848189509e-01  3.717456e-01  4.893263e+00  4.198513e+00  4.087076e+01  4.780208e+01  4.423855e+02  5.829416e+00  7.745466e+01  2.5516651443312522e+01
      2630  3.2875000000001640e+00  1.1621677364295591e-01  8.9872470236345081e-01  3.636943e-01  4.916921e+00  4.072055e+00  4.128733e+01  4.583340e+01  4.495562e+02  5.893547e+00  7.961170e+01  2.5904629794367775e+01
      2640  3.3000000000001659e+00  1.1616046152696925e-01  9.0326821067381136e-01  3.556123e-01  4.941104e+00  3.944221e+00  4.172019e+01  4.381719e+01  4.571197e+02  5.959958e+00  8.185953e+01  2.6299385051086531e+01
      2650  3.3125000000001679e+00  1.1610386465536515e-01  9.0783691210570261e-01  3.475015e-01  4.965808e+00  3.815049e+00  4.216945e+01  4.175347e+01  4.650835e+02  6.028777e+00  8.420449e+01  2.6701163335642164e+01
      2660  3.3250000000001698e+00  1.1604698144400855e-01  9.1243111429549173e-01  3.393635e-01  4.991028e+00  3.684583e+00  4.263516e+01  3.964243e+01  4.734548e+02  6.100146e+00  8.665349e+01  2.7110221790620862e+01
      2670  3.3375000000001718e+00  1.1598981028924647e-01  9.1705113377728087e-01  3.312003e-01  5.016759e+00  3.552870e+00  4.311739e+01  3.748439e+01  4.822399e+02  6.174214e+00  8.921419e+01  2.7526828825365904e+01
      2680  3.3500000000001737e+00  1.1593234956737253e-01  9.2169729591694127e-01  3.230137e-01  5.042995e+00  3.419961e+00  4.361618e+01  3.527988e+01  4.914451e+02  6.251145e+00  9.189501e+01  2.7951264349087900e+01
      2690  3.3625000000001757e+00  1.1587459763407346e-01  9.2636993482549457e-01  3.148056e-01  5.069729e+00  3.285911e+00  4.413154e+01  3.302957e+01  5.010757e+02  6.331114e+00  9.470526e+01  2.8383819988376182e+01
      2700  3.3750000000001776e+00  1.1581655282388069e-01  9.3106939324975380e-01  3.065780e-01  5.096956e+00  3.150776e+00  4.466348e+01  3.073432e+01  5.111365e+02  6.414311e+00  9.765520e+01  2.8824799286484232e+01
      2710  3.3875000000001796e+00  1.1575821344963425e-01  9.3579602243922400e-01  2.983328e-01  5.124668e+00  3.014619e+00  4.521198e+01  2.839518e+01  5.216316e+02  6.500941e+00  1.007562e+02  2.9274517881564364e+01
      2720  3.4000000000001815e+00  1.1569957780198070e-01  9.4055018198716134e-01  2.900721e-01  5.152859e+00  2.877503e+00  4.577700e+01  2.601338e+01  5.325644e+02  6.591225e+00  1.040209e+02  2.9733303660725930e+01
      2730  3.4125000000001835e+00  1.1564064414881137e-01  9.4533223964534918e-01  2.817978e-01  5.181520e+00  2.739498e+00  4.635849e+01  2.359035e+01  5.439375e+02  6.685401e+00  1.074632e+02  3.0201496886587996e+01
      2740  3.4250000000001855e+00  1.1558141073479974e-01  9.5014257110983213e-01  2.735121e-01  5.210643e+00  2.600673e+00  4.695636e+01  2.112770e+01  5.557529e+02  6.783725e+00  1.110988e+02  3.0679450292693968e+01
      2750  3.4375000000001874e+00  1.1552187578089101e-01  9.5498155977735677e-01  2.652170e-01  5.240221e+00  2.461103e+00  4.757052e+01  1.862726e+01  5.680114e+02  6.886475e+00  1.149449e+02  3.1167529143929286e+01
      2760  3.4500000000001894e+00  1.1546203748383727e-01  9.5984959647054358e-01  2.569146e-01  5.270244e+00  2.320863e+00  4.820085e+01  1.609102e+01  5.807134e+02  6.993948e+00  1.190209e+02  3.1666111257823154e+01
      2770  3.4625000000001913e+00  1.1540189401574485e-01  9.6474707913076285e-01  2.486072e-01  5.300703e+00  2.180034e+00  4.884722e+01  1.352118e+01  5.938581e+02  7.106466e+00  1.233485e+02  3.2175586982390044e+01
      2780  3.4750000000001933e+00  1.1534144352362795e-01  9.6967441247737884e-01  2.402968e-01  5.331589e+00  2.038697e+00  4.950946e+01  1.092015e+01  6.074440e+02  7.224375e+00  1.279520e+02  3.2696359125933078e+01
      2790  3.4875000000001952e+00  1.1528068412900799e-01  9.7463200763278635e-01  2.319857e-01  5.362893e+00  1.896935e+00  5.018740e+01  8.290486e+00  6.214688e+02  7.348047e+00  1.328585e+02  3.3228842834064579e+01
      2800  3.5000000000001972e+00  1.1521961392753141e-01  9.7962028171204552e-01  2.236761e-01  5.394603e+00  1.754833e+00  5.088084e+01  5.634963e+00  6.359292e+02  7.477885e+00  1.380987e+02  3.3773465409036149e+01
      2810  3.5125000000001991e+00  1.1515823098858756e-01  9.8463965737663828e-01  2.153703e-01  5.426710e+00  1.612479e+00  5.158958e+01  2.956510e+00  6.508210e+02  7.614318e+00  1.437072e+02  3.4330666066350510e+01
      2820  3.5250000000002011e+00  1.1509653335499664e-01  9.8969056235194064e-01  2.070705e-01  5.459202e+00  1.469960e+00  5.231336e+01  2.582247e-01  6.661392e+02  7.757812e+00  1.497229e+02  3.4900895623599411e+01
      2830  3.5375000000002030e+00  1.1503451904269990e-01  9.9477342890839549e-01  1.987789e-01  5.492069e+00  1.327366e+00  5.305194e+01 -2.456638e+00  6.818780e+02  7.908866e+00  1.561897e+02  3.5484616116439909e+01
      2840  3.5500000000002050e+00  1.1497218604049433e-01  9.9988869330664787e-01  1.904980e-01  5.525298e+00  1.184786e+00  5.380506e+01 -5.184679e+00  6.980307e+02  8.068015e+00  1.631573e+02  3.6082300336714702e+01
      2850  3.5625000000002069e+00  1.1490953230981099e-01  1.0050367952065251e+00  1.822300e-01  5.558878e+00  1.042310e+00  5.457241e+01 -7.922371e+00  7.145898e+02  8.235835e+00  1.706821e+02  3.6694431287884328e+01
      2860  3.5750000000002089e+00  1.1484655578449905e-01  1.0102181770415553e+00  1.739773e-01  5.592797e+00  9.000287e-01  5.535369e+01 -1.066607e+01  7.315472e+02  8.412942e+00  1.788275e+02  3.7321501553132478e+01
      2870  3.5875000000002109e+00  1.1478325437069950e-01  1.0154332833596480e+00  1.657421e-01  5.627041e+00  7.580302e-01  5.614859e+01 -1.341203e+01  7.488939e+02  8.599997e+00  1.876659e+02  3.7964012571899119e+01
      2880  3.6000000000002128e+00  1.1471962594671736e-01  1.0206825601312923e+00  1.575268e-01  5.661599e+00  6.164034e-01  5.695676e+01 -1.615644e+01  7.666203e+02  8.797707e+00  1.972788e+02  3.8622473820951072e+01
      2890  3.6125000000002148e+00  1.1465566836296050e-01  1.0259664540280165e+00  1.493339e-01  5.696456e+00  4.752355e-01  5.777786e+01 -1.889542e+01  7.847162e+02  9.006826e+00  2.077587e+02  3.9297401896699824e+01
      2900  3.6250000000002167e+00  1.1459137944191640e-01  1.0312854116722481e+00  1.411656e-01  5.731600e+00  3.346119e-01  5.861150e+01 -2.162504e+01  8.031708e+02  9.228159e+00  2.192103e+02  3.9989319496019348e+01
      2910  3.6375000000002187e+00  1.1452675697818605e-01  1.0366398788621800e+00  1.330242e-01  5.767016e+00  1.946162e-01  5.945731e+01 -2.434136e+01  8.219729e+02  9.462564e+00  2.317522e+02  4.0698754293666617e+01
      2920  3.6500000000002206e+00  1.1446179873855522e-01  1.0420302997744659e+00  1.249123e-01  5.802690e+00  5.532907e-02  6.031490e+01 -2.704048e+01  8.411106e+02  9.710951e+00  2.455181e+02  4.1426237715103909e+01
      2930  3.6625000000002226e+00  1.1439650246212001e-01  1.0474571161475379e+00  1.168320e-01  5.838607e+00 -8.317129e-02  6.118384e+01 -2.971848e+01  8.605719e+02  9.974288e+00  2.606591e+02  4.2172303604584251e+01
      2940  3.6750000000002245e+00  1.1433086586047074e-01  1.0529207664500337e+00  1.087859e-01  5.874753e+00 -2.208102e-01  6.206373e+01 -3.237155e+01  8.803442e+02  1.025360e+01  2.773458e+02  4.2937486789263133e+01
      2950  3.6875000000002265e+00  1.1426488661790897e-01  1.0584216850378505e+00  1.007762e-01  5.911112e+00 -3.575165e-01  6.295411e+01 -3.499595e+01  9.004150e+02  1.054996e+01  2.957697e+02  4.3722321541295145e+01
      2960  3.7000000000002284e+00  1.1419856239175472e-01  1.0639603013042547e+00  9.280523e-02  5.947668e+00 -4.932232e-01  6.385456e+01 -3.758803e+01  9.207711e+02  1.086450e+01  3.161463e+02  4.4527339940946696e+01
      2970  3.7125000000002304e+00  1.1413189081265988e-01  1.0695370388271574e+00  8.487544e-02  5.984407e+00 -6.278675e-01  6.476459e+01 -4.014433e+01  9.413996e+02  1.119842e+01  3.387166e+02  4.5353070145047973e+01
      2980  3.7250000000002323e+00  1.1406486948501993e-01  1.0751523145189452e+00  7.698915e-02  6.021310e+00 -7.613916e-01  6.568375e+01 -4.266154e+01  9.622872e+02  1.155297e+01  3.637506e+02  4.6200034566297418e+01
      2990  3.7375000000002343e+00  1.1399749598738862e-01  1.0808065377823617e+00  6.914869e-02  6.058363e+00 -8.937423e-01  6.661154e+01 -4.513653e+01  9.834207e+02  1.192944e+01  3.915487e+02  4.7068747970250115e+01
      3000  3.7500000000002363e+00  1.1392976787300318e-01  1.0865001096782949e+00  6.135640e-02  6.095549e+00 -1.024872e+00  6.754747e+01 -4.756644e+01  1.004787e+03  1.232918e+01  4.224452e+02  4.7959715498031130e+01
      3010  3.7625000000002382e+00  1.1386168267031502e-01  1.0922334221093242e+00  5.361462e-02  6.132849e+00 -1.154738e+00  6.849103e+01 -4.994863e+01  1.026372e+03  1.275358e+01  4.568100e+02  4.8873430624151965e+01
      3020  3.7750000000002402e+00  1.1379323788359225e-01  1.0980068570241355e+00  4.592570e-02  6.170248e+00 -1.283304e+00  6.944170e+01 -5.228076e+01  1.048163e+03  1.320409e+01  4.950517e+02  4.9810373059890651e+01
      3030  3.7875000000002421e+00  1.1372443099355029e-01  1.1038207856467059e+00  3.829198e-02  6.207727e+00 -1.410539e+00  7.039894e+01 -5.456077e+01  1.070146e+03  1.368216e+01  5.376195e+02  5.0771006613969149e+01
      3040  3.8000000000002441e+00  1.1365525945808010e-01  1.1096755677345824e+00  3.071582e-02  6.245268e+00 -1.536416e+00  7.136220e+01 -5.678694e+01  1.092309e+03  1.418929e+01  5.850053e+02  5.1755777023222684e+01
      3050  3.8125000000002460e+00  1.1358572071295031e-01  1.1155715508700232e+00  2.319958e-02  6.282854e+00 -1.660917e+00  7.233093e+01 -5.895790e+01  1.114638e+03  1.472699e+01  6.377453e+02  5.2765109766970944e+01
      3060  3.8250000000002480e+00  1.1351581217261433e-01  1.1215090697873058e+00  1.574564e-02  6.320465e+00 -1.784028e+00  7.330454e+01 -6.107262e+01  1.137119e+03  1.529678e+01  6.964217e+02  5.3799407879590063e+01
      3070  3.8375000000002499e+00  1.1344553123102646e-01  1.1274884457388050e+00  8.356401e-03  6.358084e+00 -1.905739e+00  7.428244e+01 -6.313045e+01  1.159739e+03  1.590019e+01  7.616630e+02  5.4859049776555096e+01
      3080  3.8500000000002519e+00  1.1337487526249217e-01  1.1335099859027709e+00  1.034300e-03  6.395691e+00 -2.026047e+00  7.526402e+01 -6.513112e+01  1.182485e+03  1.653870e+01  8.341443e+02  5.5944387109639280e+01
      3090  3.8625000000002538e+00  1.1330384162257387e-01  1.1395739828335616e+00 -6.218199e-03  6.433268e+00 -2.144954e+00  7.624865e+01 -6.707476e+01  1.205343e+03  1.721380e+01  9.145869e+02  5.7055742667478981e+01
      3100  3.8750000000002558e+00  1.1323242764903546e-01  1.1456807139562879e+00 -1.339859e-02  6.470795e+00 -2.262464e+00  7.723568e+01 -6.896187e+01  1.228299e+03  1.792690e+01  1.003757e+03  5.8193408337741218e+01
      3110  3.8875000000002577e+00  1.1316063066277263e-01  1.1518304411056643e+00 -2.050431e-02  6.508253e+00 -2.378586e+00  7.822445e+01 -7.079333e+01  1.251338e+03  1.867937e+01  1.102461e+03  5.9357643147295441e+01
      3120  3.9000000000002597e+00  1.1308844796882622e-01  1.1580234101085192e+00 -2.753273e-02  6.545622e+00 -2.493335e+00  7.921426e+01 -7.257040e+01  1.274445e+03  1.947251e+01  1.211547e+03  6.0548671396404487e+01
      3130  3.9125000000002617e+00  1.1301587685737599e-01  1.1642598504095443e+00 -3.448117e-02  6.582882e+00 -2.606723e+00  8.020442e+01 -7.429471e+01  1.297606e+03  2.030749e+01  1.331894e+03  6.1766680902735970e+01
      3140  3.9250000000002636e+00  1.1294291460479056e-01  1.1705399747372986e+00 -4.134686e-02  6.620015e+00 -2.718769e+00  8.119419e+01 -7.596821e+01  1.320804e+03  2.118539e+01  1.464411e+03  6.3011821370243055e+01
      3150  3.9375000000002656e+00  1.1286955847467686e-01  1.1768639788086102e+00 -4.812691e-02  6.656999e+00 -2.829489e+00  8.218282e+01 -7.759317e+01  1.344022e+03  2.210716e+01  1.610025e+03  6.4284202897233740e+01
      3160  3.9500000000002675e+00  1.1279580571893591e-01  1.1832320410675226e+00 -5.481837e-02  6.693816e+00 -2.938901e+00  8.316952e+01 -7.917216e+01  1.367244e+03  2.307357e+01  1.769678e+03  6.5583894636928832e+01
      3170  3.9625000000002695e+00  1.1272165357888067e-01  1.1896443224542814e+00 -6.141813e-02  6.730445e+00 -3.047020e+00  8.415350e+01 -8.070797e+01  1.390449e+03  2.408524e+01  1.944310e+03  6.6910923622626740e+01
      3180  3.9750000000002714e+00  1.1264709928630859e-01  1.1961009661998756e+00 -6.792297e-02  6.766867e+00 -3.153860e+00  8.513394e+01 -8.220360e+01  1.413620e+03  2.514259e+01  2.134854e+03  6.8265273768229136e+01
      3190  3.9875000000002734e+00  1.1257214006461586e-01  1.2026020976406282e+00 -7.432951e-02  6.803062e+00 -3.259431e+00  8.610998e+01 -8.366221e+01  1.436734e+03  2.624583e+01  2.342218e+03  6.9646885053398634e+01
      3200  4.0000000000002753e+00  1.1249677312995143e-01  1.2091478240458553e+00 -8.063424e-02  6.839010e+00 -3.363737e+00  8.708075e+01 -8.508707e+01  1.459770e+03  2.739492e+01  2.567274e+03  7.1055652900845161e+01
      3210  4.0125000000002728e+00  1.1242099569231226e-01  1.2157382344527057e+00 -8.683342e-02  6.874691e+00 -3.466778e+00  8.804536e+01 -8.648147e+01  1.482705e+03  2.858960e+01  2.810843e+03  7.2491427751691276e+01
      3220  4.0250000000002704e+00  1.1234480495671303e-01  1.2223733995009063e+00 -9.292317e-02  6.910088e+00 -3.568544e+00  8.900290e+01 -8.784869e+01  1.505514e+03  2.982932e+01  3.073675e+03  7.3954014842759548e+01
      3230  4.0375000000002679e+00  1.1226819812433021e-01  1.2290533712590601e+00 -9.889938e-02  6.945180e+00 -3.669017e+00  8.995242e+01 -8.919192e+01  1.528171e+03  3.111328e+01  3.356436e+03  7.5443174187849223e+01
      3240  4.0500000000002654e+00  1.1219117239367271e-01  1.2357781830363754e+00 -1.047577e-01  6.979950e+00 -3.768169e+00  9.089298e+01 -9.051419e+01  1.550648e+03  3.244037e+01  3.659690e+03  7.6958620763081029e+01
      3250  4.0625000000002629e+00  1.1211372496175320e-01  1.2425478491697792e+00 -1.104936e-01  7.014378e+00 -3.865960e+00  9.182361e+01 -9.181833e+01  1.572918e+03  3.380918e+01  3.983878e+03  7.8500024894416327e+01
      3260  4.0750000000002604e+00  1.1203585302529670e-01  1.2493623647808731e+00 -1.161023e-01  7.048448e+00 -3.962336e+00  9.274333e+01 -9.310681e+01  1.594950e+03  3.521799e+01  4.329304e+03  8.0067012843557549e+01
      3270  4.0875000000002579e+00  1.1195755378193356e-01  1.2562217054925644e+00 -1.215786e-01  7.082143e+00 -4.057229e+00  9.365117e+01 -9.438177e+01  1.616711e+03  3.666479e+01  4.696116e+03  8.1659167586514883e+01
      3280  4.1000000000002554e+00  1.1187882443143903e-01  1.2631258270994343e+00 -1.269171e-01  7.115446e+00 -4.150556e+00  9.454612e+01 -9.564487e+01  1.638171e+03  3.814721e+01  5.084291e+03  8.3276029777478612e+01
      3290  4.1125000000002530e+00  1.1179966217698249e-01  1.2700746651837156e+00 -1.321124e-01  7.148341e+00 -4.242217e+00  9.542720e+01 -9.689726e+01  1.659295e+03  3.966262e+01  5.493617e+03  8.4917098888987312e+01
      3300  4.1250000000002505e+00  1.1172006422638198e-01  1.2770681346696680e+00 -1.371583e-01  7.180813e+00 -4.332093e+00  9.629344e+01 -9.813951e+01  1.680048e+03  4.120804e+01  5.923684e+03  8.6581834517791094e+01
      3310  4.1375000000002480e+00  1.1164002779345517e-01  1.2841061293109637e+00 -1.420487e-01  7.212849e+00 -4.420048e+00  9.714388e+01 -9.937150e+01  1.700395e+03  4.278021e+01  6.373866e+03  8.8269657844843280e+01
      3320  4.1500000000002455e+00  1.1155955009931960e-01  1.2911885211037739e+00 -1.467768e-01  7.244436e+00 -4.505923e+00  9.797756e+01 -1.005924e+02  1.720301e+03  4.437557e+01  6.843319e+03  8.9979953236546294e+01
      3330  4.1625000000002430e+00  1.1147862837378927e-01  1.2983151596221356e+00 -1.513359e-01  7.275561e+00 -4.589544e+00  9.879359e+01 -1.018007e+02  1.739730e+03  4.599030e+01  7.330972e+03  9.1712069973741393e+01
      3340  4.1750000000002405e+00  1.1139725985679856e-01  1.3054858712696265e+00 -1.557186e-01  7.306215e+00 -4.670712e+00  9.959110e+01 -1.029940e+02  1.758645e+03  4.762033e+01  7.835522e+03  9.3465324094352667e+01
      3350  4.1875000000002380e+00  1.1131544179987631e-01  1.3127004584448325e+00 -1.599173e-01  7.336388e+00 -4.749209e+00  1.003693e+02 -1.041691e+02  1.777013e+03  4.926134e+01  8.355439e+03  9.5239000335362107e+01
      3360  4.2000000000002355e+00  1.1123317146766543e-01  1.3199586986179483e+00 -1.639242e-01  7.366072e+00 -4.824798e+00  1.011273e+02 -1.053220e+02  1.794798e+03  5.090884e+01  8.888965e+03  9.7032354159713691e+01
      3370  4.2125000000002331e+00  1.1115044613952740e-01  1.3272603433163690e+00 -1.677310e-01  7.395261e+00 -4.897221e+00  1.018646e+02 -1.064477e+02  1.811970e+03  5.255814e+01  9.434131e+03  9.8844613854112765e+01
      3380  4.2250000000002306e+00  1.1106726311117232e-01  1.3346051170189561e+00 -1.713290e-01  7.423950e+00 -4.966199e+00  1.025805e+02 -1.075405e+02  1.828497e+03  5.420445e+01  9.988760e+03  1.0067498268408417e+02
      3390  4.2375000000002281e+00  1.1098361969641846e-01  1.3419927159585412e+00 -1.747096e-01  7.452139e+00 -5.031437e+00  1.032745e+02 -1.085939e+02  1.844353e+03  5.584287e+01  1.055049e+04  1.0252264109346029e+02
      3400  4.2500000000002256e+00  1.1089951322896741e-01  1.3494228068348064e+00 -1.778634e-01  7.479825e+00 -5.092622e+00  1.039463e+02 -1.096005e+02  1.859513e+03  5.746844e+01  1.111680e+04  1.0438674893636015e+02
      3410  4.2625000000002231e+00  1.1081494106432491e-01  1.3568950254392700e+00 -1.807812e-01  7.507011e+00 -5.149425e+00  1.045956e+02 -1.105523e+02  1.873959e+03  5.907619e+01  1.168502e+04  1.0626644773083896e+02
      3420  4.2750000000002206e+00  1.1072990058171778e-01  1.3644089751941606e+00 -1.834531e-01  7.533701e+00 -5.201504e+00  1.052223e+02 -1.114406e+02  1.887674e+03  6.066120e+01  1.225237e+04  1.0816086292455249e+02
      3430  4.2875000000002181e+00  1.1064438918624711e-01  1.3719642256114564e+00 -1.858694e-01  7.559902e+00 -5.248505e+00  1.058266e+02 -1.122560e+02  1.900651e+03  6.221862e+01  1.281601e+04  1.1006910616410961e+02
      3440  4.3000000000002156e+00  1.1055840431098554e-01  1.3795603106742944e+00 -1.880201e-01  7.585623e+00 -5.290064e+00  1.064085e+02 -1.129889e+02  1.912887e+03  6.374375e+01  1.337302e+04  1.1199027756101646e+02
      3450  4.3125000000002132e+00  1.1047194341928701e-01  1.3871967271484098e+00 -1.898950e-01  7.610877e+00 -5.325811e+00  1.069686e+02 -1.136289e+02  1.924386e+03  6.523204e+01  1.392051e+04  1.1392346794845645e+02
      3460  4.3250000000002107e+00  1.1038500400715878e-01  1.3948729328276717e+00 -1.914838e-01  7.635679e+00 -5.355369e+00  1.075075e+02 -1.141656e+02  1.935162e+03  6.667917e+01  1.445560e+04  1.1586776112419531e+02
      3470  4.3375000000002082e+00  1.1029758360575390e-01  1.4025883447228817e+00 -1.927764e-01  7.660048e+00 -5.378362e+00  1.080261e+02 -1.145883e+02  1.945236e+03  6.808112e+01  1.497549e+04  1.1782223607600861e+02
      3480  4.3500000000002057e+00  1.1020967978397214e-01  1.4103423371992747e+00 -1.937625e-01  7.684005e+00 -5.394413e+00  1.085255e+02 -1.148861e+02  1.954637e+03  6.943413e+01  1.547748e+04  1.1978596918667000e+02
      3490  4.3625000000002032e+00  1.1012129015119078e-01  1.4181342400730119e+00 -1.944320e-01  7.707575e+00 -5.403147e+00  1.090069e+02 -1.150481e+02  1.963407e+03  7.073482e+01  1.595903e+04  1.2175803641621576e+02
      3500  4.3750000000002007e+00  1.1003241236011060e-01  1.4259633366735116e+00 -1.947751e-01  7.730786e+00 -5.404198e+00  1.094720e+02 -1.150635e+02  1.971595e+03  7.198017e+01  1.641777e+04  1.2373751545923895e+02
      3510  4.3875000000001982e+00  1.0994304410970993e-01  1.4338288618827733e+00 -1.947821e-01  7.753670e+00 -5.397204e+00  1.099226e+02 -1.149215e+02  1.979260e+03  7.316756e+01  1.685155e+04  1.2572348787492962e+02
      3520  4.4000000000001958e+00  1.0985318314835596e-01  1.4417300001608992e+00 -1.944435e-01  7.776262e+00 -5.381816e+00  1.103606e+02 -1.146114e+02  1.986472e+03  7.429480e+01  1.725846e+04  1.2771504118691448e+02
      3530  4.4125000000001933e+00  1.0976282727699005e-01  1.4496658835682921e+00 -1.937506e-01  7.798599e+00 -5.357693e+00  1.107884e+02 -1.141228e+02  1.993310e+03  7.536013e+01  1.763685e+04  1.2971127094922832e+02
      3540  4.4250000000001908e+00  1.0967197435248993e-01  1.4576355897976434e+00 -1.926947e-01  7.820723e+00 -5.324510e+00  1.112083e+02 -1.134452e+02  1.999863e+03  7.636223e+01  1.798539e+04  1.3171128277326315e+02
      3550  4.4375000000001883e+00  1.0958062229111876e-01  1.4656381402258407e+00 -1.912682e-01  7.842677e+00 -5.281955e+00  1.116231e+02 -1.125684e+02  2.006226e+03  7.730019e+01  1.830299e+04  1.3371419430890836e+02
      3560  4.4500000000001858e+00  1.0948876907210192e-01  1.4736724980004332e+00 -1.894636e-01  7.864507e+00 -5.229730e+00  1.120355e+02 -1.114822e+02  2.012505e+03  7.817355e+01  1.858893e+04  1.3571913717126867e+02
      3570  4.4625000000001833e+00  1.0939641274132519e-01  1.4817375661739971e+00 -1.872745e-01  7.886262e+00 -5.167553e+00  1.124485e+02 -1.101763e+02  2.018810e+03  7.898223e+01  1.884275e+04  1.3772525880194132e+02
      3580  4.4750000000001808e+00  1.0930355141515669e-01  1.4898321859017782e+00 -1.846952e-01  7.907990e+00 -5.095159e+00  1.128651e+02 -1.086407e+02  2.025257e+03  7.972653e+01  1.906433e+04  1.3973172425157503e+02
      3590  4.4875000000001783e+00  1.0921018328436496e-01  1.4979551347181748e+00 -1.817209e-01  7.929744e+00 -5.012296e+00  1.132886e+02 -1.068648e+02  2.031967e+03  8.040709e+01  1.925381e+04  1.4173771786791244e+02
      3600  4.5000000000001759e+00  1.0911630661814789e-01  1.5061051249096438e+00 -1.783476e-01  7.951575e+00 -4.918730e+00  1.137220e+02 -1.048382e+02  2.039065e+03  8.102486e+01  1.941163e+04  1.4374244487120296e+02
      3610  4.5125000000001734e+00  1.0902191976825293e-01  1.5142808020020404e+00 -1.745726e-01  7.973534e+00 -4.814241e+00  1.141687e+02 -1.025500e+02  2.046675e+03  8.158103e+01  1.953848e+04  1.4574513279663961e+02
      3620  4.5250000000001709e+00  1.0892702117320266e-01  1.5224807433812215e+00 -1.703939e-01  7.995673e+00 -4.698627e+00  1.146316e+02 -9.998915e+01  2.054924e+03  8.207705e+01  1.963530e+04  1.4774503278165150e+02
      3630  4.5375000000001684e+00  1.0883160936259537e-01  1.5307034570686247e+00 -1.658111e-01  8.018042e+00 -4.571702e+00  1.151140e+02 -9.714427e+01  2.063938e+03  8.251450e+01  1.970323e+04  1.4974142067454085e+02
      3640  4.5500000000001659e+00  1.0873568296146828e-01  1.5389473806714062e+00 -1.608246e-01  8.040690e+00 -4.433295e+00  1.156187e+02 -9.400363e+01  2.073841e+03  8.289513e+01  1.974358e+04  1.5173359794033621e+02
      3650  4.5625000000001634e+00  1.0863924069473457e-01  1.5472108805302680e+00 -1.554361e-01  8.063663e+00 -4.283255e+00  1.161488e+02 -9.055527e+01  2.084754e+03  8.322078e+01  1.975782e+04  1.5372089233955947e+02
      3660  4.5750000000001609e+00  1.0854228139164088e-01  1.5554922510873186e+00 -1.496486e-01  8.087005e+00 -4.121450e+00  1.167070e+02 -8.678702e+01  2.096797e+03  8.349334e+01  1.974753e+04  1.5570265835682901e+02
      3670  4.5875000000001585e+00  1.0844480399030756e-01  1.5637897144962125e+00 -1.434664e-01  8.110755e+00 -3.947770e+00  1.172957e+02 -8.268660e+01  2.110084e+03  8.371475e+01  1.971440e+04  1.5767827735797360e+02
      3680  4.6000000000001560e+00  1.0834680754222568e-01  1.5721014204980799e+00 -1.368951e-01  8.134949e+00 -3.762125e+00  1.179173e+02 -7.824177e+01  2.124725e+03  8.388696e+01  1.966015e+04  1.5964715745734421e+02
      3690  4.6125000000001535e+00  1.0824829121680080e-01  1.5804254465845391e+00 -1.299415e-01  8.159619e+00 -3.564454e+00  1.185740e+02 -7.344049e+01  2.140825e+03  8.401193e+01  1.958657e+04  1.6160873308085627e+02
      3700  4.6250000000001510e+00  1.0814925430582920e-01  1.5887597984697577e+00 -1.226136e-01  8.184792e+00 -3.354724e+00  1.192677e+02 -6.827103e+01  2.158485e+03  8.409160e+01  1.949543e+04  1.6356246421548295e+02
      3710  4.6375000000001485e+00  1.0804969622798824e-01  1.5971024108899026e+00 -1.149209e-01  8.210489e+00 -3.132931e+00  1.200000e+02 -6.272223e+01  2.177798e+03  8.412793e+01  1.938853e+04  1.6550783534152794e+02
      3720  4.6500000000001460e+00  1.0794961653322721e-01  1.6054511487494638e+00 -1.068740e-01  8.236726e+00 -2.899108e+00  1.207724e+02 -5.678367e+01  2.198852e+03  8.412286e+01  1.926761e+04  1.6744435405073989e+02
      3730  4.6625000000001435e+00  1.0784901490709456e-01  1.6138038086271203e+00 -9.848479e-02  8.263514e+00 -2.653321e+00  1.215860e+02 -5.044580e+01  2.221729e+03  8.407836e+01  1.913440e+04  1.6937154936074057e+02
      3740  4.6750000000001410e+00  1.0774789117494908e-01  1.6221581206555753e+00 -8.976614e-02  8.290857e+00 -2.395680e+00  1.224419e+02 -4.370019e+01  2.246506e+03  8.399644e+01  1.899058e+04  1.7128896974318167e+02
      3750  4.6875000000001386e+00  1.0764624530603681e-01  1.6305117507815527e+00 -8.073219e-02  8.318753e+00 -2.126331e+00  1.233406e+02 -3.653963e+01  2.273251e+03  8.387914e+01  1.883779e+04  1.7319618089155705e+02
      3760  4.7000000000001361e+00  1.0754407741744161e-01  1.6388623034118694e+00 -7.139803e-02  8.347197e+00 -1.845466e+00  1.242827e+02 -2.895827e+01  2.302026e+03  8.372857e+01  1.867760e+04  1.7509276326123847e+02
      3770  4.7125000000001336e+00  1.0744138777780823e-01  1.6472073244454033e+00 -6.177974e-02  8.376173e+00 -1.553318e+00  1.252683e+02 -2.095170e+01  2.332886e+03  8.354694e+01  1.851153e+04  1.7697830942194304e+02
      3780  4.7250000000001311e+00  1.0733817681093037e-01  1.6555443046856466e+00 -5.189424e-02  8.405664e+00 -1.250165e+00  1.262973e+02 -1.251704e+01  2.365879e+03  8.333651e+01  1.834106e+04  1.7885242126856724e+02
      3790  4.7375000000001286e+00  1.0723444509905675e-01  1.6638706836259807e+00 -4.175924e-02  8.435645e+00 -9.363260e-01  1.273694e+02 -3.652931e+00  2.401046e+03  8.309967e+01  1.816759e+04  1.8071470714218987e+02
      3800  4.7500000000001261e+00  1.0713019338598118e-01  1.6721838535938445e+00 -3.139311e-02  8.466087e+00 -6.121619e-01  1.284842e+02  5.640466e+00  2.438420e+03  8.283889e+01  1.799249e+04  1.8256477891647813e+02
      3810  4.7625000000001236e+00  1.0702542257983000e-01  1.6804811642329653e+00 -2.081480e-02  8.496955e+00 -2.780723e-01  1.296408e+02  1.536152e+01  2.478027e+03  8.255672e+01  1.781705e+04  1.8440224910773838e+02
      3820  4.7750000000001211e+00  1.0692013375561579e-01  1.6887599273044036e+00 -1.004370e-02  8.528211e+00  6.550693e-02  1.308383e+02  2.550719e+01  2.519888e+03  8.225578e+01  1.764250e+04  1.8622672806773664e+02
      3830  4.7875000000001187e+00  1.0681432815741397e-01  1.6970174217773097e+00  9.004295e-04  8.559811e+00  4.181075e-01  1.320756e+02  3.607316e+01  2.564016e+03  8.193876e+01  1.747003e+04  1.8803782131808035e+02
      3840  4.8000000000001162e+00  1.0670800720027790e-01  1.7052508991795468e+00  1.199758e-02  8.591710e+00  7.792322e-01  1.333513e+02  4.705391e+01  2.610421e+03  8.160833e+01  1.730073e+04  1.8983512708243626e+02
      3850  4.8125000000001137e+00  1.0660117247174801e-01  1.7134575891742725e+00  2.322763e-02  8.623858e+00  1.148359e+00  1.346639e+02  5.844287e+01  2.659105e+03  8.126720e+01  1.713565e+04  1.9161823406971240e+02
      3860  4.8250000000001112e+00  1.0649382573306404e-01  1.7216347053281362e+00  3.457039e-02  8.656202e+00  1.524945e+00  1.360119e+02  7.023252e+01  2.710070e+03  8.091801e+01  1.697574e+04  1.9338671955577519e+02
      3870  4.8375000000001087e+00  1.0638596891997662e-01  1.7297794510310611e+00  4.600575e-02  8.688691e+00  1.908431e+00  1.373934e+02  8.241457e+01  2.763313e+03  8.056335e+01  1.682190e+04  1.9514014780516231e+02
      3880  4.8500000000001062e+00  1.0627760414318696e-01  1.7378890255315618e+00  5.751376e-02  8.721268e+00  2.298245e+00  1.388066e+02  9.497999e+01  2.818830e+03  8.020568e+01  1.667491e+04  1.9687806886681255e+02
      3890  4.8625000000001037e+00  1.0616873368842769e-01  1.7459606300457859e+00  6.907469e-02  8.753879e+00  2.693809e+00  1.402497e+02  1.079192e+02  2.876617e+03  7.984735e+01  1.653552e+04  1.9860001776952151e+02
      3900  4.8750000000001013e+00  1.0605936001614860e-01  1.7539914739036067e+00  8.066913e-02  8.786467e+00  3.094537e+00  1.417207e+02  1.212221e+02  2.936671e+03  7.949055e+01  1.640434e+04  2.0030551413417334e+02
      3910  4.8875000000000988e+00  1.0594948576079705e-01  1.7619787806919693e+00  9.227804e-02  8.818979e+00  3.499842e+00  1.432178e+02  1.348781e+02  2.998990e+03  7.913730e+01  1.628194e+04  2.0199406221057723e+02
      3920  4.9000000000000963e+00  1.0583911372975718e-01  1.7699197943596285e+00  1.038828e-01  8.851359e+00  3.909138e+00  1.447390e+02  1.488763e+02  3.063573e+03  7.878941e+01  1.616878e+04  2.0366515133772930e+02
      3930  4.9125000000000938e+00  1.0572824690186935e-01  1.7778117852474726e+00  1.154654e-01  8.883554e+00  4.321843e+00  1.462823e+02  1.632053e+02  3.130423e+03  7.844850e+01  1.606527e+04  2.0531825681731357e+02
      3940  4.9250000000000913e+00  1.0561688842562553e-01  1.7856520560127420e+00  1.270083e-01  8.915514e+00  4.737377e+00  1.478461e+02  1.778534e+02  3.199545e+03  7.811599e+01  1.597172e+04  2.0695284118199135e+02
      3950  4.9375000000000888e+00  1.0550504161691668e-01  1.7934379474151183e+00  1.384944e-01  8.947188e+00  5.155167e+00  1.494284e+02  1.928086e+02  3.270946e+03  7.779310e+01  1.588837e+04  2.0856835583219362e+02
      3960  4.9500000000000863e+00  1.0539270995652802e-01  1.8011668439387956e+00  1.499076e-01  8.978528e+00  5.574648e+00  1.510276e+02  2.080582e+02  3.344634e+03  7.748086e+01  1.581541e+04  2.1016424300796729e+02
      3970  4.9625000000000838e+00  1.0527989708718587e-01  1.8088361792244902e+00  1.612320e-01  9.009489e+00  5.995261e+00  1.526420e+02  2.235894e+02  3.420620e+03  7.718010e+01  1.575293e+04  2.1173993805705476e+02
      3980  4.9750000000000814e+00  1.0516660681035797e-01  1.8164434412886021e+00  1.724528e-01  9.040026e+00  6.416455e+00  1.542699e+02  2.393887e+02  3.498913e+03  7.689149e+01  1.570101e+04  2.1329487195503100e+02
      3990  4.9875000000000789e+00  1.0505284308268519e-01  1.8239861775120241e+00  1.835557e-01  9.070098e+00  6.837687e+00  1.559098e+02  2.554420e+02  3.579519e+03  7.661553e+01  1.565962e+04  2.1482847402982861e+02
      4000  5.0000000000000764e+00  1.0493861001211365e-01  1.8314619993811361e+00  1.945271e-01  9.099663e+00  7.258423e+00  1.575600e+02  2.717347e+02  3.662442e+03  7.635258e+01  1.562871e+04  2.1634017484077913e+02
      4010  5.0125000000000739e+00  1.0482391185374762e-01  1.8388685869654187e+00  2.053544e-01  9.128683e+00  7.678139e+00  1.592191e+02  2.882515e+02  3.747680e+03  7.610286e+01  1.560816e+04  2.1782940916068833e+02
      4020  5.0250000000000714e+00  1.0470875300544329e-01  1.8462036931231616e+00  2.160254e-01  9.157119e+00  8.096316e+00  1.608855e+02  3.049762e+02  3.835222e+03  7.586646e+01  1.559780e+04  2.1929561900984430e+02
      4030  5.0375000000000689e+00  1.0459313800311595e-01  1.8534651474228072e+00  2.265292e-01  9.184935e+00  8.512449e+00  1.625573e+02  3.218920e+02  3.925047e+03  7.564338e+01  1.559739e+04  2.2073825669158674e+02
      4040  5.0500000000000664e+00  1.0447707151584898e-01  1.8606508597749076e+00  2.368552e-01  9.212094e+00  8.926038e+00  1.642331e+02  3.389810e+02  4.017122e+03  7.543348e+01  1.560666e+04  2.2215678778147088e+02
      4050  5.0625000000000639e+00  1.0436055834073646e-01  1.8677588237676372e+00  2.469939e-01  9.238561e+00  9.336597e+00  1.659108e+02  3.562247e+02  4.111400e+03  7.523655e+01  1.562527e+04  2.2355069402504145e+02
      4060  5.0750000000000615e+00  1.0424360339760072e-01  1.8747871197040400e+00  2.569366e-01  9.264299e+00  9.743646e+00  1.675885e+02  3.736034e+02  4.207816e+03  7.505227e+01  1.565282e+04  2.2491947610279794e+02
      4070  5.0875000000000590e+00  1.0412621172343919e-01  1.8817339173369050e+00  2.666753e-01  9.289274e+00  1.014672e+01  1.692642e+02  3.910963e+02  4.306289e+03  7.488024e+01  1.568885e+04  2.2626265622575414e+02
      4080  5.1000000000000565e+00  1.0400838846679258e-01  1.8885974783026622e+00  2.762030e-01  9.313449e+00  1.054536e+01  1.709355e+02  4.086817e+02  4.406715e+03  7.471996e+01  1.573286e+04  2.2757978052939876e+02
      4090  5.1125000000000540e+00  1.0389013888190626e-01  1.8953761582539135e+00  2.855132e-01  9.336787e+00  1.093913e+01  1.726000e+02  4.263368e+02  4.508973e+03  7.457085e+01  1.578425e+04  2.2887042123928461e+02
      4100  5.1250000000000515e+00  1.0377146832281658e-01  1.9020684086931623e+00  2.946005e-01  9.359254e+00  1.132759e+01  1.742549e+02  4.440374e+02  4.612917e+03  7.443222e+01  1.584241e+04  2.3013417858657908e+02
      4110  5.1375000000000490e+00  1.0365238223728229e-01  1.9086727785114317e+00  3.034601e-01  9.380812e+00  1.171033e+01  1.758975e+02  4.617586e+02  4.718379e+03  7.430331e+01  1.590663e+04  2.3137068245704128e+02
      4120  5.1500000000000465e+00  1.0353288616069624e-01  1.9151879152361373e+00  3.120881e-01  9.401424e+00  1.208694e+01  1.775248e+02  4.794738e+02  4.825168e+03  7.418327e+01  1.597616e+04  2.3257959376230502e+02
      4130  5.1625000000000441e+00  1.0341298570985449e-01  1.9216125659942866e+00  3.204812e-01  9.421053e+00  1.245702e+01  1.791333e+02  4.971558e+02  4.933073e+03  7.407115e+01  1.605019e+04  2.3376060552670720e+02
      4140  5.1750000000000416e+00  1.0329268657672246e-01  1.9279455781980026e+00  3.286368e-01  9.439663e+00  1.282020e+01  1.807199e+02  5.147759e+02  5.041857e+03  7.396594e+01  1.612788e+04  2.3491344368796234e+02
      4150  5.1875000000000391e+00  1.0317199452216078e-01  1.9341858999614101e+00  3.365532e-01  9.457218e+00  1.317611e+01  1.822808e+02  5.323045e+02  5.151264e+03  7.386651e+01  1.620831e+04  2.3603786761399610e+02
      4160  5.2000000000000366e+00  1.0305091536959973e-01  1.9403325802578157e+00  3.442291e-01  9.473680e+00  1.352440e+01  1.838125e+02  5.497108e+02  5.261020e+03  7.377167e+01  1.629055e+04  2.3713367034236049e+02
      4170  5.2125000000000341e+00  1.0292945499876600e-01  1.9463847688280751e+00  3.516639e-01  9.489016e+00  1.386474e+01  1.853111e+02  5.669633e+02  5.370828e+03  7.368019e+01  1.637363e+04  2.3820067855204650e+02
      4180  5.2250000000000316e+00  1.0280761933937543e-01  1.9523417158524179e+00  3.588576e-01  9.503192e+00  1.419680e+01  1.867728e+02  5.840295e+02  5.480379e+03  7.359071e+01  1.645653e+04  2.3923875228159667e+02
      4190  5.2375000000000291e+00  1.0268541436487465e-01  1.9582027713991281e+00  3.658109e-01  9.516175e+00  1.452028e+01  1.881936e+02  6.008762e+02  5.589348e+03  7.350189e+01  1.653824e+04  2.4024778440975294e+02
      4200  5.2500000000000266e+00  1.0256284608623038e-01  1.9639673846622658e+00  3.725246e-01  9.527934e+00  1.483489e+01  1.895696e+02  6.174697e+02  5.697397e+03  7.341227e+01  1.661773e+04  2.4122769991845718e+02
      4210  5.2625000000000242e+00  1.0243992054575399e-01  1.9696351030056249e+00  3.790004e-01  9.538443e+00  1.514034e+01  1.908969e+02  6.337760e+02  5.804180e+03  7.332043e+01  1.669397e+04  2.4217845496074750e+02
      4220  5.2750000000000217e+00  1.0231664381099397e-01  1.9752055708258984e+00  3.852403e-01  9.547674e+00  1.543639e+01  1.921716e+02  6.497607e+02  5.909346e+03  7.322487e+01  1.676592e+04  2.4310003575854648e+02
      4230  5.2875000000000192e+00  1.0219302196873854e-01  1.9806785282525756e+00  3.912468e-01  9.555605e+00  1.572279e+01  1.933899e+02  6.653896e+02  6.012537e+03  7.312411e+01  1.683257e+04  2.4399245735780880e+02
      4240  5.3000000000000167e+00  1.0206906111904221e-01  1.9860538096976184e+00  3.970224e-01  9.562216e+00  1.599931e+01  1.945483e+02  6.806287e+02  6.113397e+03  7.301668e+01  1.689294e+04  2.4485576227084448e+02
      4250  5.3125000000000142e+00  1.0194476736940916e-01  1.9913313422734635e+00  4.025706e-01  9.567491e+00  1.626575e+01  1.956432e+02  6.954445e+02  6.211572e+03  7.290111e+01  1.694605e+04  2.4569001903723978e+02
      4260  5.3250000000000117e+00  1.0182014682903573e-01  1.9965111440911572e+00  4.078947e-01  9.571415e+00  1.652194e+01  1.966713e+02  7.098041e+02  6.306713e+03  7.277598e+01  1.699099e+04  2.4649532073631229e+02
      4270  5.3375000000000092e+00  1.0169520560318922e-01  2.0015933224548279e+00  4.129986e-01  9.573981e+00  1.676769e+01  1.976296e+02  7.236759e+02  6.398479e+03  7.263990e+01  1.702687e+04  2.4727178348514434e+02
      4280  5.3500000000000068e+00  1.0156994978769349e-01  2.0065780719629718e+00  4.178864e-01  9.575182e+00  1.700288e+01  1.985152e+02  7.370294e+02  6.486544e+03  7.249154e+01  1.705288e+04  2.4801954495621635e+02
      4290  5.3625000000000043e+00  1.0144438546352849e-01  2.0114656725296678e+00  4.225624e-01  9.575017e+00  1.722738e+01  1.993256e+02  7.498355e+02  6.570593e+03  7.232966e+01  1.706824e+04  2.4873876294880969e+02
      4300  5.3750000000000018e+00  1.0131851869155234e-01  2.0162564873349722e+00  4.270312e-01  9.573488e+00  1.744110e+01  2.000585e+02  7.620673e+02  6.650330e+03  7.215307e+01  1.707226e+04  2.4942961404669927e+02
      4310  5.3874999999999993e+00  1.0119235550739548e-01  2.0209509607105636e+00  4.312977e-01  9.570603e+00  1.764397e+01  2.007119e+02  7.736995e+02  6.725479e+03  7.196068e+01  1.706430e+04  2.5009229239337299e+02
      4320  5.3999999999999968e+00  1.0106590191642252e-01  2.0255496159689415e+00  4.353670e-01  9.566372e+00  1.783594e+01  2.012844e+02  7.847093e+02  6.795787e+03  7.175151e+01  1.704380e+04  2.5072700861264431e+02
      4330  5.4124999999999943e+00  1.0093916388888084e-01  2.0300530531767693e+00  4.392442e-01  9.560810e+00  1.801700e+01  2.017745e+02  7.950763e+02  6.861025e+03  7.152467e+01  1.701030e+04  2.5133398889969061e+02
      4340  5.4249999999999918e+00  1.0081214735518537e-01  2.0344619468774430e+00  4.429348e-01  9.553936e+00  1.818716e+01  2.021814e+02  8.047828e+02  6.920991e+03  7.127939e+01  1.696338e+04  2.5191347430276085e+02
      4350  5.4374999999999893e+00  1.0068485820130657e-01  2.0387770437600201e+00  4.464445e-01  9.545773e+00  1.834645e+01  2.025045e+02  8.138139e+02  6.975512e+03  7.101502e+01  1.690275e+04  2.5246572021139389e+02
      4360  5.4499999999999869e+00  1.0055730226436760e-01  2.0429991602729256e+00  4.497788e-01  9.536348e+00  1.849494e+01  2.027437e+02  8.221577e+02  7.024443e+03  7.073102e+01  1.682817e+04  2.5299099606111039e+02
      4370  5.4624999999999844e+00  1.0042948532833827e-01  2.0471291801793696e+00  4.529438e-01  9.525690e+00  1.863272e+01  2.028990e+02  8.298054e+02  7.067672e+03  7.042698e+01  1.673952e+04  2.5348958525929913e+02
      4380  5.4749999999999819e+00  1.0030141311992874e-01  2.0511680520501292e+00  4.559454e-01  9.513834e+00  1.875993e+01  2.029710e+02  8.367512e+02  7.105117e+03  7.010263e+01  1.663673e+04  2.5396178533067612e+02
      4390  5.4874999999999794e+00  1.0017309130458797e-01  2.0551167866868361e+00  4.587897e-01  9.500816e+00  1.887669e+01  2.029606e+02  8.429927e+02  7.136727e+03  6.975779e+01  1.651987e+04  2.5440790827489897e+02
      4400  5.4999999999999769e+00  1.0004452548272832e-01  2.0589764544690832e+00  4.614830e-01  9.486676e+00  1.898320e+01  2.028690e+02  8.485304e+02  7.162487e+03  6.939243e+01  1.638903e+04  2.5482828112317694e+02
      4410  5.5124999999999744e+00  9.9915721186076029e-02  2.0627481826208531e+00  4.640315e-01  9.471457e+00  1.907966e+01  2.026977e+02  8.533682e+02  7.182408e+03  6.900665e+01  1.624446e+04  2.5522324667514334e+02
      4420  5.5249999999999719e+00  9.9786683874184087e-02  2.0664331523878823e+00  4.664415e-01  9.455203e+00  1.916630e+01  2.024486e+02  8.575131e+02  7.196536e+03  6.860064e+01  1.608642e+04  2.5559316439221180e+02
      4430  5.5374999999999694e+00  9.9657418931193079e-02  2.0700325961214685e+00  4.687196e-01  9.437963e+00  1.924336e+01  2.021238e+02  8.609750e+02  7.204946e+03  6.817473e+01  1.591530e+04  2.5593841141960593e+02
      4440  5.5499999999999670e+00  9.9527931662680813e-02  2.0735477942623013e+00  4.708722e-01  9.419786e+00  1.931113e+01  2.017257e+02  8.637668e+02  7.207741e+03  6.772935e+01  1.573155e+04  2.5625938370542565e+02
      4450  5.5624999999999645e+00  9.9398227292791588e-02  2.0769800722231855e+00  4.729056e-01  9.400722e+00  1.936991e+01  2.012571e+02  8.659042e+02  7.205053e+03  6.726504e+01  1.553569e+04  2.5655649718221457e+02
      4460  5.5749999999999620e+00  9.9268310961522305e-02  2.0803307971659968e+00  4.748265e-01  9.380823e+00  1.942002e+01  2.007208e+02  8.674054e+02  7.197038e+03  6.678245e+01  1.532830e+04  2.5683018897510794e+02
      4470  5.5874999999999595e+00  9.9138187722166898e-02  2.0836013746739868e+00  4.766414e-01  9.360143e+00  1.946180e+01  2.001198e+02  8.682911e+02  7.183878e+03  6.628231e+01  1.511002e+04  2.5708091859896405e+02
      4480  5.5999999999999570e+00  9.9007862539106067e-02  2.0867932453206564e+00  4.783566e-01  9.338737e+00  1.949559e+01  1.994577e+02  8.685843e+02  7.165775e+03  6.576546e+01  1.488156e+04  2.5730916910738722e+02
      4490  5.6124999999999545e+00  9.8877340285660142e-02  2.0899078811385823e+00  4.799787e-01  9.316659e+00  1.952178e+01  1.987377e+02  8.683099e+02  7.142952e+03  6.523279e+01  1.464367e+04  2.5751544815687566e+02
      4500  5.6249999999999520e+00  9.8746625742261784e-02  2.0929467819944358e+00  4.815142e-01  9.293965e+00  1.954075e+01  1.979635e+02  8.674948e+02  7.115649e+03  6.468529e+01  1.439713e+04  2.5770028895101342e+02
      4510  5.6374999999999496e+00  9.8615723594829882e-02  2.0959114718776033e+00  4.829692e-01  9.270710e+00  1.955290e+01  1.971387e+02  8.661672e+02  7.084120e+03  6.412400e+01  1.414276e+04  2.5786425103193085e+02
      4520  5.6499999999999471e+00  9.8484638433393237e-02  2.0988034951121972e+00  4.843503e-01  9.246949e+00  1.955862e+01  1.962673e+02  8.643568e+02  7.048634e+03  6.355005e+01  1.388142e+04  2.5800792088880451e+02
      4530  5.6624999999999446e+00  9.8353374750917391e-02  2.1016244125056764e+00  4.856636e-01  9.222737e+00  1.955833e+01  1.953530e+02  8.620946e+02  7.009470e+03  6.296457e+01  1.361398e+04  2.5813191235722155e+02
      4540  5.6749999999999421e+00  9.8221936942401986e-02  2.1043757974456390e+00  4.869152e-01  9.198129e+00  1.955246e+01  1.943998e+02  8.594121e+02  6.966912e+03  6.236879e+01  1.334132e+04  2.5823686678623403e+02
      4550  5.6874999999999396e+00  9.8090329304229978e-02  2.1070592319626043e+00  4.881113e-01  9.173179e+00  1.954143e+01  1.934116e+02  8.563419e+02  6.921255e+03  6.176393e+01  1.306434e+04  2.5832345295471282e+02
      4560  5.6999999999999371e+00  9.7958556033734184e-02  2.1096763027744374e+00  4.892578e-01  9.147940e+00  1.952566e+01  1.923923e+02  8.529167e+02  6.872793e+03  6.115127e+01  1.278393e+04  2.5839236672276013e+02
      4570  5.7124999999999346e+00  9.7826621229041733e-02  2.1122285973309998e+00  4.903607e-01  9.122465e+00  1.950557e+01  1.913459e+02  8.491697e+02  6.821826e+03  6.053209e+01  1.250097e+04  2.5844433040833150e+02
      4580  5.7249999999999321e+00  9.7694528889144844e-02  2.1147176998772772e+00  4.914255e-01  9.096804e+00  1.948161e+01  1.902762e+02  8.451342e+02  6.768649e+03  5.990769e+01  1.221633e+04  2.5848009188394235e+02
      4590  5.7374999999999297e+00  9.7562282914214871e-02  2.1171451875567939e+00  4.924580e-01  9.071008e+00  1.945418e+01  1.891870e+02  8.408430e+02  6.713558e+03  5.927940e+01  1.193088e+04  2.5850042339266668e+02
      4600  5.7499999999999272e+00  9.7429887106192825e-02  2.1195126265742870e+00  4.934638e-01  9.045125e+00  1.942372e+01  1.880822e+02  8.363291e+02  6.656846e+03  5.864852e+01  1.164545e+04  2.5850612008710999e+02
      4610  5.7624999999999247e+00  9.7297345169550395e-02  2.1218215684376602e+00  4.944480e-01  9.019204e+00  1.939064e+01  1.869655e+02  8.316248e+02  6.598798e+03  5.801636e+01  1.136083e+04  2.5849799829904600e+02
      4620  5.7749999999999222e+00  9.7164660712362433e-02  2.1240735463010534e+00  4.954161e-01  8.993290e+00  1.935534e+01  1.858404e+02  8.267619e+02  6.539694e+03  5.738421e+01  1.107781e+04  2.5847689355159127e+02
      4630  5.7874999999999197e+00  9.7031837247540859e-02  2.1262700714284404e+00  4.963730e-01  8.967429e+00  1.931824e+01  1.847105e+02  8.217715e+02  6.479807e+03  5.675336e+01  1.079712e+04  2.5844365832923398e+02
      4640  5.7999999999999172e+00  9.6898878194326812e-02  2.1284126297964141e+00  4.973238e-01  8.941664e+00  1.927972e+01  1.835792e+02  8.166838e+02  6.419400e+03  5.612506e+01  1.051946e+04  2.5839915962438562e+02
      4650  5.8124999999999147e+00  9.6765786879953686e-02  2.1305026788558545e+00  4.982732e-01  8.916036e+00  1.924018e+01  1.824498e+02  8.115283e+02  6.358727e+03  5.550056e+01  1.024549e+04  2.5834427628223204e+02
      4660  5.8249999999999122e+00  9.6632566541539011e-02  2.1325416444693865e+00  4.992258e-01  8.890587e+00  1.919998e+01  1.813254e+02  8.063333e+02  6.298031e+03  5.488104e+01  9.975823e+03  2.5827989616810714e+02
      4670  5.8374999999999098e+00  9.6499220328140956e-02  2.1345309180403484e+00  5.001862e-01  8.865356e+00  1.915950e+01  1.802092e+02  8.011263e+02  6.237546e+03  5.426770e+01  9.711024e+03  2.5820691318384445e+02
      4680  5.8499999999999073e+00  9.6365751303017361e-02  2.1364718538486951e+00  5.011586e-01  8.840378e+00  1.911909e+01  1.791041e+02  7.959335e+02  6.177493e+03  5.366165e+01  9.451620e+03  2.5812622416138839e+02
      4690  5.8624999999999048e+00  9.6232162445997985e-02  2.1383657666077176e+00  5.021472e-01  8.815692e+00  1.907909e+01  1.780129e+02  7.907800e+02  6.118082e+03  5.306401e+01  9.198089e+03  2.5803872566318898e+02
      4700  5.8749999999999023e+00  9.6098456656033282e-02  2.1402139292497298e+00  5.031560e-01  8.791330e+00  1.903984e+01  1.769382e+02  7.856898e+02  6.059512e+03  5.247583e+01  8.950861e+03  2.5794531071995226e+02
      4710  5.8874999999998998e+00  9.5964636753890192e-02  2.1420175709551019e+00  5.041887e-01  8.767326e+00  1.900164e+01  1.758827e+02  7.806856e+02  6.001969e+03  5.189811e+01  8.710324e+03  2.5784686553678000e+02
      4720  5.8999999999998973e+00  9.5830705484906964e-02  2.1437778754271801e+00  5.052489e-01  8.743711e+00  1.896480e+01  1.748487e+02  7.757891e+02  5.945630e+03  5.133184e+01  8.476818e+03  2.5774426619863749e+02
      4730  5.9124999999998948e+00  9.5696665521901869e-02  2.1454959794239681e+00  5.063402e-01  8.720514e+00  1.892962e+01  1.738385e+02  7.710205e+02  5.890656e+03  5.077792e+01  8.250640e+03  2.5763837540618334e+02
      4740  5.9249999999998924e+00  9.5562519468158066e-02  2.1471729715442893e+00  5.074657e-01  8.697764e+00  1.889637e+01  1.728544e+02  7.663990e+02  5.837202e+03  5.023724e+01  8.032048e+03  2.5753003927171835e+02
      4750  5.9374999999998899e+00  9.5428269860439965e-02  2.1488098912770042e+00  5.086285e-01  8.675486e+00  1.886530e+01  1.718982e+02  7.619425e+02  5.785407e+03  4.971063e+01  7.821257e+03  2.5742008420440504e+02
      4760  5.9499999999998874e+00  9.5293919172107208e-02  2.1504077283062677e+00  5.098315e-01  8.653705e+00  1.883667e+01  1.709719e+02  7.576678e+02  5.735402e+03  4.919886e+01  7.618444e+03  2.5730931391214227e+02
      4770  5.9624999999998849e+00  9.5159469816220324e-02  2.1519674220763738e+00  5.110773e-01  8.632446e+00  1.881071e+01  1.700773e+02  7.535903e+02  5.687307e+03  4.870267e+01  7.423750e+03  2.5719850654584639e+02
      4780  5.9749999999998824e+00  9.5024924148709111e-02  2.1534898616080360e+00  5.123684e-01  8.611728e+00  1.878763e+01  1.692159e+02  7.497244e+02  5.641231e+03  4.822273e+01  7.237285e+03  2.5708841200998705e+02
      4790  5.9874999999998799e+00  9.4890284471508948e-02  2.1549758855628256e+00  5.137072e-01  8.591572e+00  1.876763e+01  1.683894e+02  7.460835e+02  5.597274e+03  4.775967e+01  7.059123e+03  2.5697974946051681e+02
      4800  5.9999999999998774e+00  9.4755553035706888e-02  2.1564262825477551e+00  5.150955e-01  8.571996e+00  1.875090e+01  1.675991e+02  7.426795e+02  5.555526e+03  4.731406e+01  6.889313e+03  2.5687320500942724e+02
      4810  6.0124999999998749e+00  9.4620732044653100e-02  2.1578417916508057e+00  5.165354e-01  8.553015e+00  1.873760e+01  1.668462e+02  7.395235e+02  5.516068e+03  4.688645e+01  6.727874e+03  2.5676942965198117e+02
      4820  6.0249999999998725e+00  9.4485823657032481e-02  2.1592231031972116e+00  5.180285e-01  8.534646e+00  1.872789e+01  1.661319e+02  7.366254e+02  5.478972e+03  4.647729e+01  6.574803e+03  2.5666903743035226e+02
      4830  6.0374999999998700e+00  9.4350829989885407e-02  2.1605708597150808e+00  5.195763e-01  8.516900e+00  1.872190e+01  1.654571e+02  7.339940e+02  5.444302e+03  4.608702e+01  6.430073e+03  2.5657260384427053e+02
      4840  6.0499999999998675e+00  9.4215753121551268e-02  2.1618856570984906e+00  5.211800e-01  8.499788e+00  1.871976e+01  1.648229e+02  7.316371e+02  5.412113e+03  4.571600e+01  6.293637e+03  2.5648066451668660e+02
      4850  6.0624999999998650e+00  9.4080595094555131e-02  2.1631680459526561e+00  5.228406e-01  8.483319e+00  1.872155e+01  1.642299e+02  7.295614e+02  5.382453e+03  4.536455e+01  6.165431e+03  2.5639371411946036e+02
      4860  6.0749999999998625e+00  9.3945357918383765e-02  2.1644185331090160e+00  5.245589e-01  8.467501e+00  1.872738e+01  1.636787e+02  7.277728e+02  5.355361e+03  4.503294e+01  6.045373e+03  2.5631220556147031e+02
      4870  6.0874999999998600e+00  9.3810043572168253e-02  2.1656375832929524e+00  5.263357e-01  8.452339e+00  1.873730e+01  1.631700e+02  7.262759e+02  5.330870e+03  4.472136e+01  5.933365e+03  2.5623654943886464e+02
      4880  6.0999999999998575e+00  9.3674654007265157e-02  2.1668256209316796e+00  5.281714e-01  8.437836e+00  1.875137e+01  1.627040e+02  7.250746e+02  5.309005e+03  4.442998e+01  5.829298e+03  2.5616711374470196e+02
      4890  6.1124999999998550e+00  9.3539191149721382e-02  2.1679830320827960e+00  5.300661e-01  8.423994e+00  1.876963e+01  1.622812e+02  7.241714e+02  5.289784e+03  4.415888e+01  5.733049e+03  2.5610422383276841e+02
      4900  6.1249999999998526e+00  9.3403656902590365e-02  2.1691101664708095e+00  5.320199e-01  8.410812e+00  1.879210e+01  1.619015e+02  7.235683e+02  5.273216e+03  4.390811e+01  5.644484e+03  2.5604816262849408e+02
      4910  6.1374999999998501e+00  9.3268053148143543e-02  2.1702073396143025e+00  5.340326e-01  8.398287e+00  1.881877e+01  1.615650e+02  7.232661e+02  5.259307e+03  4.367766e+01  5.563458e+03  2.5599917107756821e+02
      4920  6.1499999999998476e+00  9.3132381749957888e-02  2.1712748350270643e+00  5.361039e-01  8.386414e+00  1.884964e+01  1.612717e+02  7.232646e+02  5.248052e+03  4.346744e+01  5.489819e+03  2.5595744882160034e+02
      4930  6.1624999999998451e+00  9.2996644554832794e-02  2.1723129064790490e+00  5.382332e-01  8.375188e+00  1.888468e+01  1.610212e+02  7.235626e+02  5.239442e+03  4.327733e+01  5.423401e+03  2.5592315508821827e+02
      4940  6.1749999999998426e+00  9.2860843394555914e-02  2.1733217803008138e+00  5.404197e-01  8.364599e+00  1.892382e+01  1.608132e+02  7.241581e+02  5.233459e+03  4.310713e+01  5.364034e+03  2.5589640978204613e+02
      4950  6.1874999999998401e+00  9.2724980087585465e-02  2.1743016577159677e+00  5.426626e-01  8.354636e+00  1.896702e+01  1.606473e+02  7.250481e+02  5.230078e+03  4.295660e+01  5.311538e+03  2.5587729476203538e+02
      4960  6.1999999999998376e+00  9.2589056440526257e-02  2.1752527171886875e+00  5.449607e-01  8.345288e+00  1.901420e+01  1.605228e+02  7.262285e+02  5.229268e+03  4.282543e+01  5.265723e+03  2.5586585528944332e+02
      4970  6.2124999999998352e+00  9.2453074249466000e-02  2.1761751167711205e+00  5.473128e-01  8.336539e+00  1.906526e+01  1.604390e+02  7.276944e+02  5.230991e+03  4.271327e+01  5.226393e+03  2.5586210163065522e+02
      4980  6.2249999999998327e+00  9.2317035301195310e-02  2.1770689964373848e+00  5.497175e-01  8.328372e+00  1.912008e+01  1.603949e+02  7.294398e+02  5.235200e+03  4.261968e+01  5.193343e+03  2.5586601079816572e+02
      4990  6.2374999999998302e+00  9.2180941374274489e-02  2.1779344803917469e+00  5.521731e-01  8.320770e+00  1.917855e+01  1.603896e+02  7.314578e+02  5.241842e+03  4.254421e+01  5.166361e+03  2.5587752841339540e+02
      5000  6.2499999999998277e+00  9.2044794239920485e-02  2.1787716793401652e+00  5.546780e-01  8.313711e+00  1.924052e+01  1.604219e+02  7.337405e+02  5.250857e+03  4.248631e+01  5.145226e+03  2.5589657067447575e+02
      5010  6.2624999999998252e+00  9.1908595662795689e-02  2.1795806927119958e+00  5.572302e-01  8.307172e+00  1.930585e+01  1.604906e+02  7.362791e+02  5.262175e+03  4.244542e+01  5.129708e+03  2.5592302641252613e+02
      5020  6.2749999999998227e+00  9.1772347401645388e-02  2.1803616108230255e+00  5.598277e-01  8.301131e+00  1.937436e+01  1.605943e+02  7.390639e+02  5.275721e+03  4.242091e+01  5.119573e+03  2.5595675922020845e+02
      5030  6.2874999999998202e+00  9.1636051209804406e-02  2.1811145169703594e+00  5.624684e-01  8.295561e+00  1.944587e+01  1.607315e+02  7.420841e+02  5.291412e+03  4.241210e+01  5.114573e+03  2.5599760963674942e+02
      5040  6.2999999999998177e+00  9.1499708835570570e-02  2.1818394894489295e+00  5.651500e-01  8.290434e+00  1.952019e+01  1.609005e+02  7.453281e+02  5.309156e+03  4.241828e+01  5.114458e+03  2.5604539737381509e+02
      5050  6.3124999999998153e+00  9.1363322022436216e-02  2.1825366034841323e+00  5.678702e-01  8.285721e+00  1.959711e+01  1.610996e+02  7.487832e+02  5.328854e+03  4.243868e+01  5.118967e+03  2.5609992356774023e+02
      5060  6.3249999999998128e+00  9.1226892509257820e-02  2.1832059330709517e+00  5.706263e-01  8.281392e+00  1.967642e+01  1.613269e+02  7.524361e+02  5.350400e+03  4.247251e+01  5.127832e+03  2.5616097304362683e+02
      5070  6.3374999999998103e+00  9.1090422030259827e-02  2.1838475527156498e+00  5.734159e-01  8.277415e+00  1.975789e+01  1.615804e+02  7.562723e+02  5.373680e+03  4.251893e+01  5.140778e+03  2.5622831657789641e+02
      5080  6.3499999999998078e+00  9.0953912314942459e-02  2.1844615390725286e+00  5.762362e-01  8.273756e+00  1.984128e+01  1.618581e+02  7.602768e+02  5.398573e+03  4.257709e+01  5.157526e+03  2.5630171314656383e+02
      5090  6.3624999999998053e+00  9.0817365087906610e-02  2.1850479724727747e+00  5.790845e-01  8.270381e+00  1.992635e+01  1.621578e+02  7.644335e+02  5.424949e+03  4.264609e+01  5.177787e+03  2.5638091214697420e+02
      5100  6.3749999999998028e+00  9.0680782068593924e-02  2.1856069383403165e+00  5.819579e-01  8.267254e+00  2.001283e+01  1.624772e+02  7.687256e+02  5.452675e+03  4.272503e+01  5.201269e+03  2.5646565558182124e+02
      5110  6.3874999999998003e+00  9.0544164970887173e-02  2.1861385284924229e+00  5.848536e-01  8.264340e+00  2.010047e+01  1.628139e+02  7.731357e+02  5.481606e+03  4.281298e+01  5.227675e+03  2.5655568019484667e+02
      5120  6.3999999999997979e+00  9.0407515502736374e-02  2.1866428423218300e+00  5.877684e-01  8.261600e+00  2.018901e+01  1.631655e+02  7.776457e+02  5.511595e+03  4.290900e+01  5.256704e+03  2.5665071954829034e+02
      5130  6.4124999999997954e+00  9.0270835365581753e-02  2.1871199878601635e+00  5.906995e-01  8.258997e+00  2.027815e+01  1.635295e+02  7.822368e+02  5.542488e+03  4.301213e+01  5.288053e+03  2.5675050603316487e+02
      5140  6.4249999999997929e+00  9.0134126253837960e-02  2.1875700827193438e+00  5.936436e-01  8.256492e+00  2.036763e+01  1.639034e+02  7.868896e+02  5.574125e+03  4.312142e+01  5.321414e+03  2.5685477280388153e+02
      5150  6.4374999999997904e+00  8.9997389854237386e-02  2.1879932549134757e+00  5.965978e-01  8.254047e+00  2.045715e+01  1.642843e+02  7.915843e+02  5.606341e+03  4.323592e+01  5.356483e+03  2.5696325562963960e+02
      5160  6.4499999999997879e+00  8.9860627845167268e-02  2.1883896435593551e+00  5.995588e-01  8.251622e+00  2.054644e+01  1.646699e+02  7.963007e+02  5.638966e+03  4.335467e+01  5.392952e+03  2.5707569465568719e+02
      5170  6.4624999999997854e+00  8.9723841895965217e-02  2.1887593994581174e+00  6.025235e-01  8.249179e+00  2.063521e+01  1.650572e+02  8.010181e+02  5.671828e+03  4.347674e+01  5.430517e+03  2.5719183606821758e+02
      5180  6.4749999999997829e+00  8.9587033666154753e-02  2.1891026855585713e+00  6.054887e-01  8.246677e+00  2.072316e+01  1.654436e+02  8.057158e+02  5.704751e+03  4.360118e+01  5.468877e+03  2.5731143365733243e+02
      5190  6.4874999999997804e+00  8.9450204804703268e-02  2.1894196773054420e+00  6.084511e-01  8.244077e+00  2.081001e+01  1.658263e+02  8.103726e+02  5.737555e+03  4.372709e+01  5.507734e+03  2.5743425027335508e+02
      5200  6.4999999999997780e+00  8.9313356949194678e-02  2.1897105628744562e+00  6.114076e-01  8.241342e+00  2.089547e+01  1.662026e+02  8.149674e+02  5.770061e+03  4.385358e+01  5.546795e+03  2.5756005917215651e+02
      5210  6.5124999999997755e+00  8.9176491725067461e-02  2.1899755432982921e+00  6.143549e-01  8.238431e+00  2.097925e+01  1.665697e+02  8.194790e+02  5.802088e+03  4.397977e+01  5.585775e+03  2.5768864524623683e+02
      5220  6.5249999999997730e+00  8.9039610744784475e-02  2.1902148324864994e+00  6.172898e-01  8.235309e+00  2.106108e+01  1.669250e+02  8.238862e+02  5.833454e+03  4.410483e+01  5.624397e+03  2.5781980613853096e+02
      5230  6.5374999999997705e+00  8.8902715607041494e-02  2.1904286571450511e+00  6.202092e-01  8.231936e+00  2.114067e+01  1.672656e+02  8.281681e+02  5.863978e+03  4.422794e+01  5.662390e+03  2.5795335323708923e+02
      5240  6.5499999999997680e+00  8.8765807895968690e-02  2.1906172565981006e+00  6.231098e-01  8.228278e+00  2.121775e+01  1.675891e+02  8.323040e+02  5.893482e+03  4.434833e+01  5.699499e+03  2.5808911254901130e+02
      5250  6.5624999999997655e+00  8.8628889180343923e-02  2.1907808825194568e+00  6.259885e-01  8.224298e+00  2.129206e+01  1.678927e+02  8.362735e+02  5.921789e+03  4.446525e+01  5.735475e+03  2.5822692545310025e+02
      5260  6.5749999999997630e+00  8.8491961012853504e-02  2.1909197985779634e+00  6.288421e-01  8.219962e+00  2.136332e+01  1.681740e+02  8.400566e+02  5.948724e+03  4.457801e+01  5.770085e+03  2.5836664933111547e+02
      5270  6.5874999999997605e+00  8.8355024929328688e-02  2.1910342800030951e+00  6.316675e-01  8.215236e+00  2.143130e+01  1.684304e+02  8.436339e+02  5.974120e+03  4.468594e+01  5.803109e+03  2.5850815807858760e+02
      5280  6.5999999999997581e+00  8.8218082448051405e-02  2.1911246130765090e+00  6.344616e-01  8.210089e+00  2.149574e+01  1.686596e+02  8.469864e+02  5.997809e+03  4.478842e+01  5.834341e+03  2.5865134249628454e+02
      5290  6.6124999999997556e+00  8.8081135069086852e-02  2.1911910945573707e+00  6.372214e-01  8.204490e+00  2.155641e+01  1.688593e+02  8.500962e+02  6.019635e+03  4.488488e+01  5.863591e+03  2.5879611056488989e+02
      5300  6.6249999999997531e+00  8.7944184273631459e-02  2.1912340310454836e+00  6.399439e-01  8.198409e+00  2.161308e+01  1.690272e+02  8.529455e+02  6.039443e+03  4.497479e+01  5.890685e+03  2.5894238760547319e+02
      5310  6.6374999999997506e+00  8.7807231523440249e-02  2.1912537382924508e+00  6.426261e-01  8.191819e+00  2.166553e+01  1.691613e+02  8.555180e+02  6.057089e+03  4.505767e+01  5.915465e+03  2.5909011632953786e+02
      5320  6.6499999999997481e+00  8.7670278260257847e-02  2.1912505404645048e+00  6.452650e-01  8.184692e+00  2.171357e+01  1.692595e+02  8.577977e+02  6.072433e+03  4.513309e+01  5.937791e+03  2.5923925678279380e+02
      5330  6.6624999999997456e+00  8.7533325905328432e-02  2.1912247693663605e+00  6.478579e-01  8.177005e+00  2.175700e+01  1.693200e+02  8.597700e+02  6.085346e+03  4.520065e+01  5.957541e+03  2.5938978618746694e+02
      5340  6.6749999999997431e+00  8.7396375858942499e-02  2.1911767636316570e+00  6.504018e-01  8.168734e+00  2.179563e+01  1.693410e+02  8.614211e+02  6.095708e+03  4.526002e+01  5.974610e+03  2.5954169868883258e+02
      5350  6.6874999999997407e+00  8.7259429500030766e-02  2.1911068678872097e+00  6.528939e-01  8.159858e+00  2.182929e+01  1.693209e+02  8.627382e+02  6.103407e+03  4.531090e+01  5.988910e+03  2.5969500501178641e+02
      5360  6.6999999999997382e+00  8.7122488185817970e-02  2.1910154318987907e+00  6.553315e-01  8.150358e+00  2.185783e+01  1.692583e+02  8.637096e+02  6.108342e+03  4.535305e+01  6.000373e+03  2.5984973203415433e+02
      5370  6.7124999999997357e+00  8.6985553251534717e-02  2.1909028097036076e+00  6.577120e-01  8.140214e+00  2.188110e+01  1.691517e+02  8.643249e+02  6.110421e+03  4.538627e+01  6.008946e+03  2.6000592228342197e+02
      5380  6.7249999999997332e+00  8.6848626010172653e-02  2.1907693587370316e+00  6.600326e-01  8.129411e+00  2.189897e+01  1.690000e+02  8.645748e+02  6.109563e+03  4.541039e+01  6.014595e+03  2.6016363336444539e+02
      5390  6.7374999999997307e+00  8.6711707752305009e-02  2.1906154389597217e+00  6.622909e-01  8.117936e+00  2.191131e+01  1.688020e+02  8.644510e+02  6.105699e+03  4.542531e+01  6.017302e+03  2.6032293732536459e+02
      5400  6.7499999999997282e+00  8.6574799745922720e-02  2.1904414119907427e+00  6.644841e-01  8.105774e+00  2.191802e+01  1.685569e+02  8.639466e+02  6.098769e+03  4.543096e+01  6.017066e+03  2.6048391996943428e+02
      5410  6.7624999999997257e+00  8.6437903236418853e-02  2.1902476402527600e+00  6.666100e-01  8.092916e+00  2.191901e+01  1.682639e+02  8.630559e+02  6.088726e+03  4.542730e+01  6.013899e+03  2.6064668012056961e+02
      5420  6.7749999999997232e+00  8.6301019446518440e-02  2.1900344861345333e+00  6.686660e-01  8.079352e+00  2.191419e+01  1.679223e+02  8.617742e+02  6.075532e+03  4.541434e+01  6.007830e+03  2.6081132885013051e+02
      5430  6.7874999999997208e+00  8.6164149576317475e-02  2.1898023111760594e+00  6.706497e-01  8.065076e+00  2.190350e+01  1.675316e+02  8.600983e+02  6.059163e+03  4.539213e+01  5.998903e+03  2.6097798867225293e+02
      5440  6.7999999999997183e+00  8.6027294803370305e-02  2.1895514752804206e+00  6.725589e-01  8.050081e+00  2.188687e+01  1.670914e+02  8.580259e+02  6.039603e+03  4.536073e+01  5.987170e+03  2.6114679271527018e+02
      5450  6.8124999999997158e+00  8.5890456282792571e-02  2.1892823359570635e+00  6.743913e-01  8.034365e+00  2.186426e+01  1.666016e+02  8.555560e+02  6.016848e+03  4.532026e+01  5.972700e+03  2.6131788387569031e+02
      5460  6.8249999999997133e+00  8.5753635147466811e-02  2.1889952476009835e+00  6.761446e-01  8.017924e+00  2.183564e+01  1.660621e+02  8.526889e+02  5.990905e+03  4.527085e+01  5.955570e+03  2.6149141396122411e+02
      5470  6.8374999999997108e+00  8.5616832508228755e-02  2.1886905608103011e+00  6.778168e-01  8.000760e+00  2.180098e+01  1.654728e+02  8.494258e+02  5.961790e+03  4.521266e+01  5.935866e+03  2.6166754282858813e+02
      5480  6.8499999999997083e+00  8.5480049454137882e-02  2.1883686217463163e+00  6.794057e-01  7.982872e+00  2.176029e+01  1.648340e+02  8.457690e+02  5.929532e+03  4.514588e+01  5.913683e+03  2.6184643752122616e+02
      5490  6.8624999999997058e+00  8.5343287052776606e-02  2.1880297715388459e+00  6.809093e-01  7.964264e+00  2.171355e+01  1.641460e+02  8.417220e+02  5.894167e+03  4.507071e+01  5.889126e+03  2.6202827141131502e+02
      5500  6.8749999999997033e+00  8.5206546350571302e-02  2.1876743457388717e+00  6.823257e-01  7.944941e+00  2.166078e+01  1.634092e+02  8.372892e+02  5.855741e+03  4.498736e+01  5.862301e+03  2.6221322334962105e+02
      5510  6.8874999999997009e+00  8.5069828373171355e-02  2.1873026738218329e+00  6.836529e-01  7.924908e+00  2.160200e+01  1.626241e+02  8.324760e+02  5.814308e+03  4.489608e+01  5.833323e+03  2.6240147682596478e+02
      5520  6.8999999999996984e+00  8.4933134125826856e-02  2.1869150787431111e+00  6.848891e-01  7.904173e+00  2.153724e+01  1.617915e+02  8.272887e+02  5.769933e+03  4.479711e+01  5.802308e+03  2.6259321914224529e+02
      5530  6.9124999999996959e+00  8.4796464593824603e-02  2.1865118765468674e+00  6.860325e-01  7.882744e+00  2.146654e+01  1.609119e+02  8.217346e+02  5.722686e+03  4.469072e+01  5.769376e+03  2.6278864059865907e+02
      5540  6.9249999999996934e+00  8.4659820742913630e-02  2.1860933760315140e+00  6.870814e-01  7.860631e+00  2.138996e+01  1.599865e+02  8.158216e+02  5.672645e+03  4.457715e+01  5.734649e+03  2.6298793369352694e+02
      5550  6.9374999999996909e+00  8.4523203519785775e-02  2.1856598784721095e+00  6.880342e-01  7.837847e+00  2.130755e+01  1.590160e+02  8.095585e+02  5.619898e+03  4.445669e+01  5.698248e+03  2.6319129233538098e+02
      5560  6.9499999999996884e+00  8.4386613852538039e-02  2.1852116774019894e+00  6.888893e-01  7.814403e+00  2.121938e+01  1.580015e+02  8.029548e+02  5.564534e+03  4.432960e+01  5.660294e+03  2.6339891106562061e+02
      5570  6.9624999999996859e+00  8.4250052651166335e-02  2.1847490584543383e+00  6.896453e-01  7.790313e+00  2.112553e+01  1.569442e+02  7.960207e+02  5.506652e+03  4.419615e+01  5.620906e+03  2.6361098428892035e+02
      5580  6.9749999999996835e+00  8.4113520808066070e-02  2.1842722992662518e+00  6.903007e-01  7.765593e+00  2.102607e+01  1.558453e+02  7.887669e+02  5.446355e+03  4.405660e+01  5.580203e+03  2.6382770550785176e+02
      5590  6.9874999999996810e+00  8.3977019198527722e-02  2.1837816694461973e+00  6.908542e-01  7.740259e+00  2.092110e+01  1.547061e+02  7.812047e+02  5.383751e+03  4.391121e+01  5.538299e+03  2.6404926655713325e+02
      5600  6.9999999999996785e+00  8.3840548681244659e-02  2.1832774306068670e+00  6.913045e-01  7.714327e+00  2.081070e+01  1.535279e+02  7.733459e+02  5.318950e+03  4.376025e+01  5.495304e+03  2.6427585683265062e+02
      5610  7.0124999999996760e+00  8.3704110098806600e-02  2.1827598364647391e+00  6.916506e-01  7.687816e+00  2.069500e+01  1.523122e+02  7.652028e+02  5.252068e+03  4.360395e+01  5.451324e+03  2.6450766250956377e+02
      5620  7.0249999999996735e+00  8.3567704278184232e-02  2.1822291330098524e+00  6.918912e-01  7.660744e+00  2.057408e+01  1.510603e+02  7.567879e+02  5.183224e+03  4.344255e+01  5.406461e+03  2.6474486574348271e+02
      5630  7.0374999999996710e+00  8.3431332031207284e-02  2.1816855587468047e+00  6.920254e-01  7.633132e+00  2.044807e+01  1.497740e+02  7.481143e+02  5.112539e+03  4.327627e+01  5.360811e+03  2.6498764384868969e+02
      5640  7.0499999999996685e+00  8.3294994155031762e-02  2.1811293450093814e+00  6.920524e-01  7.605000e+00  2.031708e+01  1.484547e+02  7.391952e+02  5.040135e+03  4.310533e+01  5.314463e+03  2.6523616844697864e+02
      5650  7.0624999999996660e+00  8.3158691432561757e-02  2.1805607163535887e+00  6.919714e-01  7.576369e+00  2.018123e+01  1.471041e+02  7.300441e+02  4.966137e+03  4.292992e+01  5.267502e+03  2.6549060458159943e+02
      5660  7.0749999999996636e+00  8.3022424632869157e-02  2.1799798910291770e+00  6.917815e-01  7.547261e+00  2.004066e+01  1.457237e+02  7.206745e+02  4.890671e+03  4.275022e+01  5.220006e+03  2.6575110979056603e+02
      5670  7.0874999999996611e+00  8.2886194511564884e-02  2.1793870815359835e+00  6.914823e-01  7.517699e+00  1.989550e+01  1.443154e+02  7.111004e+02  4.813862e+03  4.256639e+01  5.172045e+03  2.6601783313514204e+02
      5680  7.0999999999996586e+00  8.2750001811145377e-02  2.1787824952661223e+00  6.910732e-01  7.487706e+00  1.974587e+01  1.428808e+02  7.013356e+02  4.735839e+03  4.237860e+01  5.123684e+03  2.6629091418003486e+02
      5690  7.1124999999996561e+00  8.2613847261282070e-02  2.1781663352367260e+00  6.905538e-01  7.457305e+00  1.959192e+01  1.414216e+02  6.913941e+02  4.656727e+03  4.218696e+01  5.074981e+03  2.6657048192347384e+02
      5700  7.1249999999996536e+00  8.2477731579070040e-02  2.1775388009169871e+00  6.899238e-01  7.426521e+00  1.943380e+01  1.399396e+02  6.812898e+02  4.576651e+03  4.199161e+01  5.025987e+03  2.6685665367718593e+02
      5710  7.1374999999996511e+00  8.2341655469234110e-02  2.1769000891514017e+00  6.891830e-01  7.395378e+00  1.927163e+01  1.384366e+02  6.710367e+02  4.495737e+03  4.179263e+01  4.976748e+03  2.6714953389829014e+02
      5720  7.1499999999996486e+00  8.2205619624238419e-02  2.1762503951855487e+00  6.883312e-01  7.363901e+00  1.910559e+01  1.369142e+02  6.606486e+02  4.414109e+03  4.159011e+01  4.927300e+03  2.6744921297774135e+02
      5730  7.1624999999996461e+00  8.2069624724377288e-02  2.1755899137924217e+00  6.873685e-01  7.332115e+00  1.893580e+01  1.353744e+02  6.501393e+02  4.331887e+03  4.138411e+01  4.877677e+03  2.6775576599232852e+02
      5740  7.1749999999996437e+00  8.1933671437746061e-02  2.1749188405074049e+00  6.862950e-01  7.300044e+00  1.876243e+01  1.338189e+02  6.395225e+02  4.249193e+03  4.117469e+01  4.827904e+03  2.6806925143020476e+02
      5750  7.1874999999996412e+00  8.1797760420158266e-02  2.1742373729685065e+00  6.851107e-01  7.267714e+00  1.858562e+01  1.322494e+02  6.288116e+02  4.166144e+03  4.096187e+01  4.778002e+03  2.6838970990283099e+02
      5760  7.1999999999996387e+00  8.1661892314983442e-02  2.1735457123649100e+00  6.838160e-01  7.235151e+00  1.840553e+01  1.306677e+02  6.180199e+02  4.082856e+03  4.074568e+01  4.727986e+03  2.6871716285896048e+02
      5770  7.2124999999996362e+00  8.1526067752848916e-02  2.1728440649946741e+00  6.824113e-01  7.202380e+00  1.822232e+01  1.290755e+02  6.071604e+02  3.999440e+03  4.052611e+01  4.677864e+03  2.6905161131922716e+02
      5780  7.2249999999996337e+00  8.1390287351299634e-02  2.1721326439258126e+00  6.808969e-01  7.169425e+00  1.803615e+01  1.274746e+02  5.962460e+02  3.916008e+03  4.030317e+01  4.627644e+03  2.6939303465240687e+02
      5790  7.2374999999996312e+00  8.1254551714297130e-02  2.1714116707628919e+00  6.792734e-01  7.136313e+00  1.784716e+01  1.258667e+02  5.852892e+02  3.832665e+03  4.007681e+01  4.577325e+03  2.6974138941664671e+02
      5800  7.2499999999996287e+00  8.1118861431640904e-02  2.1706813775104599e+00  6.775414e-01  7.103067e+00  1.765553e+01  1.242535e+02  5.743024e+02  3.749515e+03  3.984701e+01  4.526905e+03  2.7009660829071055e+02
      5810  7.2624999999996263e+00  8.0983217078257383e-02  2.1699420085286585e+00  6.757014e-01  7.069714e+00  1.746140e+01  1.226367e+02  5.632973e+02  3.666658e+03  3.961372e+01  4.476377e+03  2.7045859912155862e+02
      5820  7.2749999999996238e+00  8.0847619213350153e-02  2.1691938225730247e+00  6.737542e-01  7.036277e+00  1.726493e+01  1.210178e+02  5.522857e+02  3.584189e+03  3.937689e+01  4.425731e+03  2.7082724411517097e+02
      5830  7.2874999999996213e+00  8.0712068379458962e-02  2.1684370949079734e+00  6.717006e-01  7.002780e+00  1.706629e+01  1.193986e+02  5.412788e+02  3.502202e+03  3.913644e+01  4.374957e+03  2.7120239919713208e+02
      5840  7.2999999999996188e+00  8.0576565101341299e-02  2.1676721194825550e+00  6.695413e-01  6.969247e+00  1.686563e+01  1.177805e+02  5.302875e+02  3.420785e+03  3.889231e+01  4.324039e+03  2.7158389356878490e+02
      5850  7.3124999999996163e+00  8.0441109884736961e-02  2.1668992111538987e+00  6.672772e-01  6.935702e+00  1.666310e+01  1.161651e+02  5.193223e+02  3.340022e+03  3.864442e+01  4.272962e+03  2.7197152948294877e+02
      5860  7.3249999999996138e+00  8.0305703215000926e-02  2.1661187079454751e+00  6.649092e-01  6.902167e+00  1.645886e+01  1.145539e+02  5.083934e+02  3.259994e+03  3.839269e+01  4.221710e+03  2.7236508226031447e+02
      5870  7.3374999999996113e+00  8.0170345555575340e-02  2.1653309733194943e+00  6.624380e-01  6.868665e+00  1.625306e+01  1.129484e+02  4.975104e+02  3.180777e+03  3.813704e+01  4.170264e+03  2.7276430056480842e+02
      5880  7.3499999999996088e+00  8.0035037346334201e-02  2.1645363984494415e+00  6.598646e-01  6.835217e+00  1.604586e+01  1.113499e+02  4.866828e+02  3.102444e+03  3.787739e+01  4.118607e+03  2.7316890695175510e+02
      5890  7.3624999999996064e+00  7.9899779001772808e-02  2.1637354044695591e+00  6.571898e-01  6.801845e+00  1.583740e+01  1.097598e+02  4.759194e+02  3.025061e+03  3.761364e+01  4.066723e+03  2.7357859869841724e+02
      5900  7.3749999999996039e+00  7.9764570909079846e-02  2.1629284446846633e+00  6.544145e-01  6.768569e+00  1.562784e+01  1.081795e+02  4.652287e+02  2.948692e+03  3.734572e+01  4.014593e+03  2.7399304892136024e+02
      5910  7.3874999999996014e+00  7.9629413426046666e-02  2.1621160067155980e+00  6.515395e-01  6.735410e+00  1.541731e+01  1.066102e+02  4.546187e+02  2.873397e+03  3.707356e+01  3.962202e+03  2.7441190797994454e+02
      5920  7.3999999999995989e+00  7.9494306878856613e-02  2.1612986145634543e+00  6.485657e-01  6.702386e+00  1.520596e+01  1.050530e+02  4.440970e+02  2.799230e+03  3.679707e+01  3.909535e+03  2.7483480515976760e+02
      5930  7.4124999999995964e+00  7.9359251559765767e-02  2.1604768305686166e+00  6.454938e-01  6.669517e+00  1.499393e+01  1.035092e+02  4.336708e+02  2.726242e+03  3.651621e+01  3.856581e+03  2.7526135062527874e+02
      5940  7.4249999999995939e+00  7.9224247724627939e-02  2.1596512572452982e+00  6.423245e-01  6.636820e+00  1.478135e+01  1.019799e+02  4.233469e+02  2.654480e+03  3.623091e+01  3.803328e+03  2.7569113762496818e+02
      5950  7.4374999999995914e+00  7.9089295590346609e-02  2.1588225389727498e+00  6.390586e-01  6.604313e+00  1.456836e+01  1.004661e+02  4.131314e+02  2.583984e+03  3.594113e+01  3.749769e+03  2.7612374492909549e+02
      5960  7.4499999999995890e+00  7.8954395332201860e-02  2.1579913635221013e+00  6.356966e-01  6.572014e+00  1.435508e+01  9.896885e+01  4.030303e+02  2.514794e+03  3.564683e+01  3.695898e+03  2.7655873947546525e+02
      5970  7.4624999999995865e+00  7.8819547081094496e-02  2.1571584634045218e+00  6.322390e-01  6.539937e+00  1.414165e+01  9.748902e+01  3.930490e+02  2.446942e+03  3.534801e+01  3.641711e+03  2.7699567919612139e+02
      5980  7.4749999999995840e+00  7.8684750920711519e-02  2.1563246170220953e+00  6.286865e-01  6.508100e+00  1.392817e+01  9.602752e+01  3.831923e+02  2.380458e+03  3.504465e+01  3.587211e+03  2.7743411599542947e+02
      5990  7.4874999999995815e+00  7.8550006884642545e-02  2.1554906496089901e+00  6.250393e-01  6.476516e+00  1.371476e+01  9.458517e+01  3.734650e+02  2.315369e+03  3.473677e+01  3.532400e+03  2.7787359884858444e+02
      6000  7.4999999999995790e+00  7.8415314953404258e-02  2.1546574339494020e+00  6.212979e-01  6.445201e+00  1.350154e+01  9.316276e+01  3.638711e+02  2.251695e+03  3.442439e+01  3.477286e+03  2.7831367698949668e+02
      6010  7.5124999999995765e+00  7.8280675051469711e-02  2.1538258908618610e+00  6.174626e-01  6.414169e+00  1.328861e+01  9.176100e+01  3.544143e+02  2.189455e+03  3.410756e+01  3.421879e+03  2.7875390315682750e+02
      6020  7.5249999999995740e+00  7.8146087044261153e-02  2.1529969894418928e+00  6.135335e-01  6.383434e+00  1.307607e+01  9.038055e+01  3.450979e+02  2.128662e+03  3.378635e+01  3.366194e+03  2.7919383686870128e+02
      6030  7.5374999999995715e+00  7.8011550735111512e-02  2.1521717470544282e+00  6.095109e-01  6.353009e+00  1.286401e+01  8.902203e+01  3.359247e+02  2.069330e+03  3.346084e+01  3.310247e+03  2.7963304769756394e+02
      6040  7.5499999999995691e+00  7.7877065862268363e-02  2.1513512290721821e+00  6.053948e-01  6.322906e+00  1.265253e+01  8.768600e+01  3.268974e+02  2.011463e+03  3.313114e+01  3.254060e+03  2.8007111852023257e+02
      6050  7.5624999999995666e+00  7.7742632095913089e-02  2.1505365483552086e+00  6.011852e-01  6.293140e+00  1.244170e+01  8.637298e+01  3.180180e+02  1.955069e+03  3.279738e+01  3.197657e+03  2.8050764871924099e+02
      6060  7.5749999999995641e+00  7.7608249035201818e-02  2.1497288644699100e+00  5.968821e-01  6.263722e+00  1.223160e+01  8.508345e+01  3.092881e+02  1.900147e+03  3.245969e+01  3.141065e+03  2.8094225731603615e+02
      6070  7.5874999999995616e+00  7.7473916205390014e-02  2.1489293826465277e+00  5.924855e-01  6.234666e+00  1.202230e+01  8.381783e+01  3.007093e+02  1.846697e+03  3.211825e+01  3.084315e+03  2.8137458601852808e+02
      6080  7.5999999999995591e+00  7.7339633055008225e-02  2.1481393524745744e+00  5.879953e-01  6.205983e+00  1.181387e+01  8.257653e+01  2.922825e+02  1.794715e+03  3.177324e+01  3.027441e+03  2.8180430216868319e+02
      6090  7.6124999999995566e+00  7.7205398953146057e-02  2.1473600663390497e+00  5.834113e-01  6.177687e+00  1.160637e+01  8.135990e+01  2.840082e+02  1.744196e+03  3.142487e+01  2.970478e+03  2.8223110157862118e+02
      6100  7.6249999999995541e+00  7.7071213186821322e-02  2.1465928575967235e+00  5.787335e-01  6.149790e+00  1.139983e+01  8.016828e+01  2.758868e+02  1.695130e+03  3.107337e+01  2.913466e+03  2.8265471124557257e+02
      6110  7.6374999999995516e+00  7.6937074958504187e-02  2.1458390984982794e+00  5.739616e-01  6.122305e+00  1.119431e+01  7.900197e+01  2.679182e+02  1.647510e+03  3.071897e+01  2.856443e+03  2.8307489193821357e+02
      6120  7.6499999999995492e+00  7.6802983383721407e-02  2.1451001978567867e+00  5.690957e-01  6.095246e+00  1.098985e+01  7.786127e+01  2.601020e+02  1.601322e+03  3.036194e+01  2.799454e+03  2.8349144064801595e+02
      6130  7.6624999999995467e+00  7.6668937488895667e-02  2.1443775984688349e+00  5.641355e-01  6.068626e+00  1.078646e+01  7.674644e+01  2.524374e+02  1.556555e+03  3.000256e+01  2.742542e+03  2.8390419290011147e+02
      6140  7.6749999999995442e+00  7.6534936209274429e-02  2.1436727742900517e+00  5.590811e-01  6.042460e+00  1.058418e+01  7.565776e+01  2.449232e+02  1.513196e+03  2.964111e+01  2.685751e+03  2.8431302491825579e+02
      6150  7.6874999999995417e+00  7.6400978387087759e-02  2.1429872273721884e+00  5.539324e-01  6.016762e+00  1.038301e+01  7.459549e+01  2.375581e+02  1.471229e+03  2.927791e+01  2.629129e+03  2.8471785563839842e+02
      6160  7.6999999999995392e+00  7.6267062769899363e-02  2.1423224845656419e+00  5.486896e-01  5.991548e+00  1.018296e+01  7.355989e+01  2.303401e+02  1.430641e+03  2.891326e+01  2.572721e+03  2.8511864856441559e+02
      6170  7.7124999999995367e+00  7.6133188009151476e-02  2.1416800939925373e+00  5.433527e-01  5.966833e+00  9.984035e+00  7.255124e+01  2.232671e+02  1.391418e+03  2.854751e+01  2.516574e+03  2.8551541345884982e+02
      6180  7.7249999999995342e+00  7.5999352658977309e-02  2.1410616212990932e+00  5.379221e-01  5.942635e+00  9.786223e+00  7.156983e+01  2.163365e+02  1.353545e+03  2.818097e+01  2.460735e+03  2.8590820785958152e+02
      6190  7.7374999999995318e+00  7.5865555175193417e-02  2.1404686456916280e+00  5.323981e-01  5.918970e+00  9.589509e+00  7.061597e+01  2.095453e+02  1.317010e+03  2.781399e+01  2.405249e+03  2.8629713841246689e+02
      6200  7.7499999999995293e+00  7.5731793914614348e-02  2.1399027557658998e+00  5.267813e-01  5.895858e+00  9.393870e+00  6.969000e+01  2.028904e+02  1.281799e+03  2.744691e+01  2.350161e+03  2.8668236200841363e+02
      6210  7.7624999999995268e+00  7.5598067134585667e-02  2.1393655451369407e+00  5.210725e-01  5.873317e+00  9.199279e+00  6.879230e+01  1.963679e+02  1.247902e+03  2.708008e+01  2.295516e+03  2.8706408671154509e+02
      6220  7.7749999999995243e+00  7.5464372992802564e-02  2.1388586078808540e+00  5.152725e-01  5.851366e+00  9.005699e+00  6.792325e+01  1.899738e+02  1.215310e+03  2.671384e+01  2.241356e+03  2.8744257246497341e+02
      6230  7.7874999999995218e+00  7.5330709547446556e-02  2.1383835337975574e+00  5.093824e-01  5.830027e+00  8.813091e+00  6.708332e+01  1.837036e+02  1.184015e+03  2.634854e+01  2.187722e+03  2.8781813155920088e+02
      6240  7.7999999999995193e+00  7.5197074757601276e-02  2.1379419035066531e+00  5.034036e-01  5.809321e+00  8.621408e+00  6.627298e+01  1.775525e+02  1.154014e+03  2.598451e+01  2.134653e+03  2.8819112884862977e+02
      6250  7.8124999999995168e+00  7.5063466483969846e-02  2.1375352833902470e+00  4.973376e-01  5.789270e+00  8.430601e+00  6.549278e+01  1.715151e+02  1.125303e+03  2.562208e+01  2.082185e+03  2.8856198170174719e+02
      6260  7.8249999999995143e+00  7.4929882489943700e-02  2.1371652203955538e+00  4.911863e-01  5.769895e+00  8.240615e+00  6.474330e+01  1.655859e+02  1.097883e+03  2.526159e+01  2.030352e+03  2.8893115967198315e+02
      6270  7.8374999999995119e+00  7.4796320442971992e-02  2.1368332367130787e+00  4.849519e-01  5.751222e+00  8.051396e+00  6.402515e+01  1.597588e+02  1.071758e+03  2.490335e+01  1.979187e+03  2.8929918387757562e+02
      6280  7.8499999999995094e+00  7.4662777916284617e-02  2.1365408243466359e+00  4.786368e-01  5.733272e+00  7.862886e+00  6.333903e+01  1.540275e+02  1.046936e+03  2.454766e+01  1.928719e+03  2.8966662608166376e+02
      6290  7.8624999999995069e+00  7.4529252390941797e-02  2.1362894395910459e+00  4.722439e-01  5.716070e+00  7.675029e+00  6.268564e+01  1.483853e+02  1.023426e+03  2.419481e+01  1.878974e+03  2.9003410746641924e+02
      6300  7.8749999999995044e+00  7.4395741258253170e-02  2.1360804974373533e+00  4.657763e-01  5.699640e+00  7.487769e+00  6.206576e+01  1.428253e+02  1.001242e+03  2.384510e+01  1.829976e+03  2.9040229709898949e+02
      6310  7.8874999999995019e+00  7.4262241822522362e-02  2.1359153659226155e+00  4.592376e-01  5.684007e+00  7.301053e+00  6.148018e+01  1.373402e+02  9.804016e+02  2.349878e+01  1.781746e+03  2.9077191009082458e+02
      6320  7.8999999999994994e+00  7.4128751304171001e-02  2.1357953604425770e+00  4.526317e-01  5.669194e+00  7.114835e+00  6.092972e+01  1.319228e+02  9.609256e+02  2.315611e+01  1.734303e+03  2.9114370545643800e+02
      6330  7.9124999999994969e+00  7.3995266843199042e-02  2.1357217380472964e+00  4.459631e-01  5.655225e+00  6.929075e+00  6.041525e+01  1.265655e+02  9.428374e+02  2.281733e+01  1.687662e+03  2.9151848368220533e+02
      6340  7.9249999999994944e+00  7.3861785503012325e-02  2.1356956917380878e+00  4.392364e-01  5.642124e+00  6.743739e+00  5.993763e+01  1.212608e+02  9.261641e+02  2.248266e+01  1.641835e+03  2.9189708402040037e+02
      6350  7.9374999999994920e+00  7.3728304274604944e-02  2.1357183447836596e+00  4.324570e-01  5.629915e+00  6.558807e+00  5.949773e+01  1.160013e+02  9.109350e+02  2.215232e+01  1.596835e+03  2.9228038152843453e+02
      6360  7.9499999999994895e+00  7.3594820081088405e-02  2.1357907450738391e+00  4.256305e-01  5.618619e+00  6.374270e+00  5.909642e+01  1.107797e+02  8.971818e+02  2.182651e+01  1.552668e+03  2.9266928387686590e+02
      6370  7.9624999999994870e+00  7.3461329782584683e-02  2.1359138595277511e+00  4.187631e-01  5.608259e+00  6.190133e+00  5.873457e+01  1.055890e+02  8.849381e+02  2.150540e+01  1.509341e+03  2.9306472795465930e+02
      6380  7.9749999999994845e+00  7.3327830181455736e-02  2.1360885685718909e+00  4.118613e-01  5.598855e+00  6.006419e+00  5.841298e+01  1.004224e+02  8.742384e+02  2.118919e+01  1.466858e+03  2.9346767630239685e+02
      6390  7.9874999999994820e+00  7.3194318027884092e-02  2.1363156607032487e+00  4.049322e-01  5.590426e+00  5.823166e+00  5.813246e+01  9.527371e+01  8.651181e+02  2.087802e+01  1.425221e+03  2.9387911340752521e+02
      6400  7.9999999999994795e+00  7.3060790025779754e-02  2.1365958271508356e+00  3.979833e-01  5.582993e+00  5.640436e+00  5.789373e+01  9.013746e+01  8.576122e+02  2.057206e+01  1.384432e+03  2.9430004189726020e+02
      6410  8.0124999999994859e+00  7.2927242839024881e-02  2.1369296566469695e+00  3.910224e-01  5.576570e+00  5.458309e+00  5.769745e+01  8.500876e+01  8.517548e+02  2.027145e+01  1.344490e+03  2.9473147866593399e+02
      6420  8.0249999999994923e+00  7.2793673098039774e-02  2.1373176303190311e+00  3.840578e-01  5.571175e+00  5.276889e+00  5.754423e+01  7.988366e+01  8.475784e+02  1.997633e+01  1.305393e+03  2.9517445097357768e+02
      6430  8.0374999999994987e+00  7.2660077406673643e-02  2.1377601167106874e+00  3.770982e-01  5.566822e+00  5.096304e+00  5.743457e+01  7.475916e+01  8.451128e+02  1.968684e+01  1.267139e+03  2.9562999255159644e+02
      6440  8.0499999999995051e+00  7.2526452349380183e-02  2.1382573669393250e+00  3.701524e-01  5.563524e+00  4.916705e+00  5.736887e+01  6.963340e+01  8.443844e+02  1.940311e+01  1.229726e+03  2.9609913974945175e+02
      6450  8.0624999999995115e+00  7.2392794498705310e-02  2.1388095099972624e+00  3.632299e-01  5.561291e+00  4.738268e+00  5.734743e+01  6.450573e+01  8.454154e+02  1.912528e+01  1.193150e+03  2.9658292775343944e+02
      6460  8.0749999999995179e+00  7.2259100423076969e-02  2.1394165482000411e+00  3.563399e-01  5.560134e+00  4.561195e+00  5.737043e+01  5.937681e+01  8.482228e+02  1.885348e+01  1.157409e+03  2.9708238690437975e+02
      6470  8.0874999999995243e+00  7.2125366694845372e-02  2.1400783527882563e+00  3.494923e-01  5.560061e+00  4.385708e+00  5.743795e+01  5.424867e+01  8.528181e+02  1.858786e+01  1.122500e+03  2.9759853913581310e+02
      6480  8.0999999999995307e+00  7.1991589898613817e-02  2.1407946596851097e+00  3.426968e-01  5.561078e+00  4.212056e+00  5.754993e+01  4.912482e+01  8.592062e+02  1.832855e+01  1.088421e+03  2.9813239454843392e+02
      6490  8.1124999999995371e+00  7.1857766639826251e-02  2.1415650654149374e+00  3.359631e-01  5.563191e+00  4.040508e+00  5.770617e+01  4.401026e+01  8.673851e+02  1.807571e+01  1.055169e+03  2.9868494812877651e+02
      6500  8.1249999999995435e+00  7.1723893553601092e-02  2.1423890231866980e+00  3.293012e-01  5.566403e+00  3.871350e+00  5.790639e+01  3.891147e+01  8.773455e+02  1.782950e+01  1.022744e+03  2.9925717661232613e+02
      6510  8.1374999999995499e+00  7.1589967313804140e-02  2.1432658391477268e+00  3.227206e-01  5.570717e+00  3.704890e+00  5.815014e+01  3.383646e+01  8.890703e+02  1.759010e+01  9.911476e+02  2.9985003548169743e+02
      6520  8.1499999999995563e+00  7.1455984642360082e-02  2.1441946688164455e+00  3.162309e-01  5.576134e+00  3.541446e+00  5.843689e+01  2.879469e+01  9.025349e+02  1.735770e+01  9.603804e+02  3.0046445608066750e+02
      6530  8.1624999999995627e+00  7.1321942318766998e-02  2.1451745137014715e+00  3.098414e-01  5.582655e+00  3.381350e+00  5.876600e+01  2.379700e+01  9.177069e+02  1.713252e+01  9.304464e+02  3.0110134281433483e+02
      6540  8.1749999999995691e+00  7.1187837189815584e-02  2.1462042181217060e+00  3.035608e-01  5.590278e+00  3.224940e+00  5.913670e+01  1.885556e+01  9.345462e+02  1.691478e+01  9.013512e+02  3.0176157039462350e+02
      6550  8.1874999999995755e+00  7.1053666179531072e-02  2.1472824662434928e+00  2.973978e-01  5.599001e+00  3.072558e+00  5.954816e+01  1.398372e+01  9.530059e+02  1.670474e+01  8.731025e+02  3.0244598107922752e+02
      6560  8.1999999999995818e+00  7.0919426299237226e-02  2.1484077793552094e+00  2.913601e-01  5.608823e+00  2.924547e+00  5.999947e+01  9.195872e+00  9.730323e+02  1.650270e+01  8.457109e+02  3.0315538184125501e+02
      6570  8.2124999999995882e+00  7.0785114657845150e-02  2.1495785134077652e+00  2.854551e-01  5.619740e+00  2.781244e+00  6.048966e+01  4.507294e+00  9.945660e+02  1.630898e+01  8.191898e+02  3.0389054139714460e+02
      6580  8.2249999999995946e+00  7.0650728472230986e-02  2.1507928568508179e+00  2.796895e-01  5.631748e+00  2.642978e+00  6.101771e+01 -6.603351e-02  1.017542e+03  1.612394e+01  7.935565e+02  3.0465218701156437e+02
      6590  8.2374999999996010e+00  7.0516265077783830e-02  2.1520488288060502e+00  2.740691e-01  5.644843e+00  2.510063e+00  6.158255e+01 -4.507627e+00  1.041892e+03  1.594799e+01  7.688323e+02  3.0544100099161312e+02
      6600  8.2499999999996074e+00  7.0381721939019148e-02  2.1533442776229088e+00  2.685989e-01  5.659021e+00  2.382797e+00  6.218311e+01 -8.800708e+00  1.067543e+03  1.578157e+01  7.450434e+02  3.0625761677850846e+02
      6610  8.2624999999996138e+00  7.0247096660304514e-02  2.1546768798696210e+00  2.632832e-01  5.674277e+00  2.261455e+00  6.281830e+01 -1.292842e+01  1.094421e+03  1.562520e+01  7.222216e+02  3.0710261454482190e+02
      6620  8.2749999999996202e+00  7.0112386996595374e-02  2.1560441398207715e+00  2.581251e-01  5.690606e+00  2.146288e+00  6.348705e+01 -1.687403e+01  1.122451e+03  1.547945e+01  7.004055e+02  3.0797651620870380e+02
      6630  8.2874999999996266e+00  6.9977590864215275e-02  2.1574433895093494e+00  2.531269e-01  5.708003e+00  2.037517e+00  6.418830e+01 -2.062116e+01  1.151555e+03  1.534494e+01  6.796412e+02  3.0887977978503056e+02
      6640  8.2999999999996330e+00  6.9842706351605596e-02  2.1588717894162923e+00  2.482898e-01  5.726463e+00  1.935330e+00  6.492099e+01 -2.415399e+01  1.181659e+03  1.522236e+01  6.599838e+02  3.0981279300725271e+02
      6650  8.3124999999996394e+00  6.9707731730001415e-02  2.1603263298783180e+00  2.436142e-01  5.745980e+00  1.839882e+00  6.568414e+01 -2.745741e+01  1.212689e+03  1.511249e+01  6.414983e+02  3.1077586617273585e+02
      6660  8.3249999999996458e+00  6.9572665464009184e-02  2.1618038332970562e+00  2.390991e-01  5.766547e+00  1.751290e+00  6.647677e+01 -3.051727e+01  1.244574e+03  1.501616e+01  6.242612e+02  3.1176922418943900e+02
      6670  8.3374999999996522e+00  6.9437506221994960e-02  2.1633009572343020e+00  2.347428e-01  5.788160e+00  1.669633e+00  6.729796e+01 -3.332043e+01  1.277244e+03  1.493428e+01  6.083619e+02  3.1279299783197513e+02
      6680  8.3499999999996586e+00  6.9302252886282931e-02  2.1648141984815252e+00  2.305424e-01  5.810812e+00  1.594952e+00  6.814684e+01 -3.585498e+01  1.310635e+03  1.486780e+01  5.939038e+02  3.1384721425041425e+02
      6690  8.3624999999996650e+00  6.9166904563048193e-02  2.1663398981851105e+00  2.264943e-01  5.834496e+00  1.527250e+00  6.902257e+01 -3.811030e+01  1.344686e+03  1.481778e+01  5.810061e+02  3.1493178681373240e+02
      6700  8.3749999999996714e+00  6.9031460591837748e-02  2.1678742481067843e+00  2.225939e-01  5.859204e+00  1.466490e+00  6.992437e+01 -4.007713e+01  1.379342e+03  1.478528e+01  5.698044e+02  3.1604650441168104e+02
      6710  8.3874999999996778e+00  6.8895920554699230e-02  2.1694132980892835e+00  2.188356e-01  5.884929e+00  1.412603e+00  7.085151e+01 -4.174763e+01  1.414551e+03  1.477143e+01  5.604516e+02  3.1719102038105814e+02
      6720  8.3999999999996842e+00  6.8760284284776318e-02  2.1709529647854806e+00  2.152134e-01  5.911663e+00  1.365481e+00  7.180330e+01 -4.311538e+01  1.450266e+03  1.477737e+01  5.531190e+02  3.1836484126366975e+02
      6730  8.4124999999996906e+00  6.8624551874325368e-02  2.1724890416967613e+00  2.117204e-01  5.939396e+00  1.324988e+00  7.277910e+01 -4.417537e+01  1.486447e+03  1.480426e+01  5.479957e+02  3.1956731564177824e+02
      6740  8.4249999999996970e+00  6.8488723682074912e-02  2.1740172105467113e+00  2.083494e-01  5.968117e+00  1.290962e+00  7.377829e+01 -4.492398e+01  1.523058e+03  1.485323e+01  5.452880e+02  3.2079762332982011e+02
      6750  8.4374999999997033e+00  6.8352800339805286e-02  2.1755330539986386e+00  2.050926e-01  5.997818e+00  1.263216e+00  7.480033e+01 -4.535884e+01  1.560069e+03  1.492536e+01  5.452187e+02  3.2205476522757215e+02
      6760  8.4499999999997097e+00  6.8216782758124067e-02  2.1770320697011289e+00  2.019421e-01  6.028485e+00  1.241544e+00  7.584471e+01 -4.547883e+01  1.597456e+03  1.502166e+01  5.480244e+02  3.2333755415667025e+02
      6770  8.4624999999997161e+00  6.8080672131296885e-02  2.1785096856254520e+00  1.988897e-01  6.060106e+00  1.225730e+00  7.691094e+01 -4.528386e+01  1.635199e+03  1.514305e+01  5.539524e+02  3.2464460701019527e+02
      6780  8.4749999999997225e+00  6.7944469941091989e-02  2.1799612766303178e+00  1.959275e-01  6.092668e+00  1.215548e+00  7.799862e+01 -4.477484e+01  1.673288e+03  1.529032e+01  5.632576e+02  3.2597433854013980e+02
      6790  8.4874999999997289e+00  6.7808177959559263e-02  2.1813821821663586e+00  1.930476e-01  6.126155e+00  1.210771e+00  7.910738e+01 -4.395343e+01  1.711713e+03  1.546408e+01  5.761964e+02  3.2732495709300952e+02
      6800  8.4999999999997353e+00  6.7671798250658555e-02  2.1827677250104403e+00  1.902424e-01  6.160553e+00  1.211175e+00  8.023688e+01 -4.282195e+01  1.750475e+03  1.566477e+01  5.930222e+02  3.2869446257687849e+02
      6810  8.5124999999997417e+00  6.7535333170688341e-02  2.1841132308901918e+00  1.875047e-01  6.195843e+00  1.216548e+00  8.138688e+01 -4.138318e+01  1.789578e+03  1.589260e+01  6.139782e+02  3.3008064690658142e+02
      6820  8.5249999999997481e+00  6.7398785367472375e-02  2.1854140488457938e+00  1.848282e-01  6.232009e+00  1.226689e+00  8.255716e+01 -3.964021e+01  1.829035e+03  1.614755e+01  6.392904e+02  3.3148109712834150e+02
      6830  8.5374999999997545e+00  6.7262157778258252e-02  2.1866655721486339e+00  1.822071e-01  6.269030e+00  1.241422e+00  8.374759e+01 -3.759626e+01  1.868863e+03  1.642933e+01  6.691607e+02  3.3289320137205817e+02
      6840  8.5499999999997609e+00  6.7125453626283471e-02  2.1878632595864476e+00  1.796364e-01  6.306887e+00  1.260592e+00  8.495808e+01 -3.525452e+01  1.909086e+03  1.673741e+01  7.037590e+02  3.3431415772196829e+02
      6850  8.5624999999997673e+00  6.6988676416006976e-02  2.1890026569047505e+00  1.771124e-01  6.345556e+00  1.284076e+00  8.618861e+01 -3.261804e+01  1.949735e+03  1.707097e+01  7.432162e+02  3.3574098603433447e+02
      6860  8.5749999999997737e+00  6.6851829927014328e-02  2.1900794181916923e+00  1.746321e-01  6.385015e+00  1.311782e+00  8.743922e+01 -2.968955e+01  1.990845e+03  1.742891e+01  7.876176e+02  3.3717054266955608e+02
      6870  8.5874999999997801e+00  6.6714918206572188e-02  2.1910893269783731e+00  1.721939e-01  6.425238e+00  1.343655e+00  8.871000e+01 -2.647138e+01  2.032459e+03  1.780987e+01  8.369969e+02  3.3859953804306440e+02
      6880  8.5999999999997865e+00  6.6577945560909499e-02  2.1920283168304544e+00  1.697972e-01  6.466198e+00  1.379675e+00  9.000108e+01 -2.296534e+01  2.074623e+03  1.821225e+01  8.913316e+02  3.4002455684045924e+02
      6890  8.6124999999997929e+00  6.6440916545197765e-02  2.1928924912041254e+00  1.674427e-01  6.507865e+00  1.419864e+00  9.131264e+01 -1.917267e+01  2.117390e+03  1.863420e+01  9.505400e+02  3.4144208068509988e+02
      6900  8.6249999999997993e+00  6.6303835952347762e-02  2.1936781423432934e+00  1.651325e-01  6.550209e+00  1.464281e+00  9.264486e+01 -1.509395e+01  2.160816e+03  1.907369e+01  1.014479e+03  3.4284851299405250e+02
      6910  8.6374999999998057e+00  6.6166708800638685e-02  2.1943817690027201e+00  1.628696e-01  6.593196e+00  1.513023e+00  9.399796e+01 -1.072911e+01  2.204961e+03  1.952848e+01  1.082945e+03  3.4424020571071981e+02
      6920  8.6499999999998121e+00  6.6029540320311622e-02  2.1950000927936095e+00  1.606585e-01  6.636790e+00  1.566226e+00  9.537211e+01 -6.077363e+00  2.249885e+03  1.999623e+01  1.155676e+03  3.4561348755930936e+02
      6930  8.6624999999998185e+00  6.5892335939148727e-02  2.1955300729601781e+00  1.585047e-01  6.680952e+00  1.624059e+00  9.676750e+01 -1.137238e+00  2.295655e+03  2.047449e+01  1.232353e+03  3.4696469342951286e+02
      6940  8.6749999999998249e+00  6.5755101267218119e-02  2.1959689194129179e+00  1.564148e-01  6.725639e+00  1.686724e+00  9.818426e+01  4.093416e+00  2.342334e+03  2.096074e+01  1.312608e+03  3.4829019446809434e+02
      6950  8.6874999999998312e+00  6.5617842080842495e-02  2.1963141038670493e+00  1.543964e-01  6.770809e+00  1.754452e+00  9.962246e+01  9.617400e+00  2.389988e+03  2.145246e+01  1.396033e+03  3.4958642842936518e+02
      6960  8.6999999999998376e+00  6.5480564305943595e-02  2.1965633689531754e+00  1.524580e-01  6.816413e+00  1.827497e+00  1.010821e+02  1.543812e+01  2.438681e+03  2.194715e+01  1.482181e+03  3.5084992981822791e+02
      6970  8.7124999999998440e+00  6.5343274000878360e-02  2.1967147351979595e+00  1.506088e-01  6.862401e+00  1.906135e+00  1.025631e+02  2.155956e+01  2.488477e+03  2.244238e+01  1.570586e+03  3.5207735934979337e+02
      6980  8.7249999999998504e+00  6.5205977338910898e-02  2.1967665057962362e+00  1.488587e-01  6.908718e+00  1.990656e+00  1.040653e+02  2.798618e+01  2.539437e+03  2.293584e+01  1.660761e+03  3.5326553224746368e+02
      6990  8.7374999999998568e+00  6.5068680590447583e-02  2.1967172691305477e+00  1.472181e-01  6.955310e+00  2.081364e+00  1.055884e+02  3.472291e+01  2.591620e+03  2.342534e+01  1.752222e+03  3.5441144491012949e+02
      7000  8.7499999999998632e+00  6.4931390105206391e-02  2.1965658990229482e+00  1.456978e-01  7.002117e+00  2.178566e+00  1.071320e+02  4.177505e+01  2.645080e+03  2.390887e+01  1.844484e+03  3.5551229949745147e+02
      7010  8.7624999999998696e+00  6.4794112294417422e-02  2.1963115527399717e+00  1.443086e-01  7.049076e+00  2.282570e+00  1.086956e+02  4.914822e+01  2.699871e+03  2.438461e+01  1.937084e+03  3.5656552601249024e+02
      7020  8.7749999999998760e+00  6.4656853613221779e-02  2.1959536668020618e+00  1.430617e-01  7.096125e+00  2.393684e+00  1.102786e+02  5.684828e+01  2.756040e+03  2.485099e+01  2.029581e+03  3.5756880150140262e+02
      7030  8.7874999999998824e+00  6.4519620543420309e-02  2.1954919506861752e+00  1.419680e-01  7.143196e+00  2.512206e+00  1.118803e+02  6.488125e+01  2.813632e+03  2.530663e+01  2.121568e+03  3.5852006604329438e+02
      7040  8.7999999999998888e+00  6.4382419576649322e-02  2.1949263785381885e+00  1.410383e-01  7.190224e+00  2.638422e+00  1.134997e+02  7.325329e+01  2.872688e+03  2.575040e+01  2.212676e+03  3.5941753526545807e+02
      7050  8.8124999999998952e+00  6.4245257198144542e-02  2.1942571790452652e+00  1.402831e-01  7.237138e+00  2.772604e+00  1.151361e+02  8.197059e+01  2.933245e+03  2.618142e+01  2.302582e+03  3.6025970919130089e+02
      7060  8.8249999999999016e+00  6.4108139871206657e-02  2.1934848236432325e+00  1.397125e-01  7.283870e+00  2.915005e+00  1.167883e+02  9.103929e+01  2.995337e+03  2.659903e+01  2.391007e+03  3.6104537730767856e+02
      7070  8.8374999999999080e+00  6.3971074022420721e-02  2.1926100132584025e+00  1.393362e-01  7.330350e+00  3.065859e+00  1.184553e+02  1.004655e+02  3.058993e+03  2.700281e+01  2.477722e+03  3.6177361982159914e+02
      7080  8.8499999999999144e+00  6.3834066027760927e-02  2.1916336638011273e+00  1.391632e-01  7.376507e+00  3.225373e+00  1.201361e+02  1.102550e+02  3.124242e+03  2.739253e+01  2.562544e+03  3.6244380516248475e+02
      7090  8.8624999999999208e+00  6.3697122199649389e-02  2.1905568906463730e+00  1.392017e-01  7.422275e+00  3.393733e+00  1.218293e+02  1.204136e+02  3.191106e+03  2.776814e+01  2.645338e+03  3.6305558387047728e+02
      7100  8.8749999999999272e+00  6.3560248774973183e-02  2.1893809923366994e+00  1.394597e-01  7.467584e+00  3.571097e+00  1.235339e+02  1.309466e+02  3.259608e+03  2.812978e+01  2.726007e+03  3.6360887909221003e+02
      7110  8.8874999999999336e+00  6.3423451904179126e-02  2.1881074337570556e+00  1.399439e-01  7.512368e+00  3.757594e+00  1.252487e+02  1.418591e+02  3.329766e+03  2.847770e+01  2.804493e+03  3.6410387397849189e+02
      7120  8.8999999999999400e+00  6.3286737641399624e-02  2.1867378290186643e+00  1.406607e-01  7.556565e+00  3.953329e+00  1.269724e+02  1.531556e+02  3.401598e+03  2.881226e+01  2.880769e+03  3.6454099634278521e+02
      7130  8.9124999999999464e+00  6.3150111935665679e-02  2.1852739242879764e+00  1.416156e-01  7.600113e+00  4.158376e+00  1.287039e+02  1.648402e+02  3.475119e+03  2.913391e+01  2.954836e+03  3.6492090099106019e+02
      7140  8.9249999999999527e+00  6.3013580623188403e-02  2.1837175807791098e+00  1.428132e-01  7.642954e+00  4.372783e+00  1.304420e+02  1.769164e+02  3.550341e+03  2.944316e+01  3.026711e+03  3.6524445017237144e+02
      7150  8.9374999999999591e+00  6.2877149420680775e-02  2.1820707581153709e+00  1.442576e-01  7.685034e+00  4.596568e+00  1.321857e+02  1.893870e+02  3.627276e+03  2.974051e+01  3.096428e+03  3.6551269262416076e+02
      7160  8.9499999999999655e+00  6.2740823919732000e-02  2.1803354982398604e+00  1.459520e-01  7.726301e+00  4.829723e+00  1.339339e+02  2.022541e+02  3.705933e+03  3.002648e+01  3.164024e+03  3.6572684169537860e+02
      7170  8.9624999999999719e+00  6.2604609582120191e-02  2.1785139100358570e+00  1.478990e-01  7.766709e+00  5.072211e+00  1.356857e+02  2.155191e+02  3.786321e+03  3.030158e+01  3.229542e+03  3.6588825302687178e+02
      7180  8.9749999999999783e+00  6.2468511736116783e-02  2.1766081547878051e+00  1.501006e-01  7.806215e+00  5.323970e+00  1.374401e+02  2.291823e+02  3.868443e+03  3.056625e+01  3.293018e+03  3.6599840224938993e+02
      7190  8.9874999999999847e+00  6.2332535573620014e-02  2.1746204325882914e+00  1.525579e-01  7.844782e+00  5.584910e+00  1.391962e+02  2.432430e+02  3.952303e+03  3.082088e+01  3.354482e+03  3.6605886313088524e+02
      7200  8.9999999999999911e+00  6.2196686148134367e-02  2.1725529697694261e+00  1.552717e-01  7.882376e+00  5.854913e+00  1.409533e+02  2.576995e+02  4.037902e+03  3.106578e+01  3.413951e+03  3.6607128656332929e+02
      7210  9.0124999999999975e+00  6.2060968373494764e-02  2.1704080074070937e+00  1.582419e-01  7.918969e+00  6.133836e+00  1.427106e+02  2.725487e+02  4.125234e+03  3.130119e+01  3.471426e+03  3.6603738073175850e+02
      7220  9.0250000000000039e+00  6.1925387023276754e-02  2.1681877909235645e+00  1.614681e-01  7.954537e+00  6.421510e+00  1.444675e+02  2.877864e+02  4.214292e+03  3.152725e+01  3.526893e+03  3.6595889275361776e+02
      7230  9.0375000000000103e+00  6.1789946730823234e-02  2.1658945607874007e+00  1.649494e-01  7.989061e+00  6.717737e+00  1.462233e+02  3.034067e+02  4.305063e+03  3.174399e+01  3.580316e+03  3.6583759201815724e+02
      7240  9.0500000000000167e+00  6.1654651989808976e-02  2.1635305442871045e+00  1.686841e-01  8.022527e+00  7.022295e+00  1.479775e+02  3.194021e+02  4.397529e+03  3.195138e+01  3.631640e+03  3.6567525539573927e+02
      7250  9.0625000000000231e+00  6.1519507155306338e-02  2.1610979483388273e+00  1.726701e-01  8.054925e+00  7.334931e+00  1.497294e+02  3.357637e+02  4.491663e+03  3.214925e+01  3.680786e+03  3.6547365442762521e+02
      7260  9.0750000000000295e+00  6.1384516445236875e-02  2.1585989532655874e+00  1.769051e-01  8.086250e+00  7.655365e+00  1.514785e+02  3.524805e+02  4.587431e+03  3.233739e+01  3.727657e+03  3.6523454454890145e+02
      7270  9.0875000000000359e+00  6.1249683942234671e-02  2.1560357074804797e+00  1.813858e-01  8.116500e+00  7.983289e+00  1.532242e+02  3.695394e+02  4.684791e+03  3.251546e+01  3.772135e+03  3.6495965634329104e+02
      7280  9.1000000000000423e+00  6.1115013595757620e-02  2.1534103229875519e+00  1.861088e-01  8.145678e+00  8.318365e+00  1.549661e+02  3.869256e+02  4.783689e+03  3.268308e+01  3.814081e+03  3.6465068877959595e+02
      7290  9.1125000000000487e+00  6.0980509224497693e-02  2.1507248716138707e+00  1.910701e-01  8.173791e+00  8.660224e+00  1.567033e+02  4.046217e+02  4.884059e+03  3.283978e+01  3.853339e+03  3.6430930433554238e+02
      7300  9.1250000000000551e+00  6.0846174518993143e-02  2.1479813818779854e+00  1.962650e-01  8.200846e+00  9.008465e+00  1.584354e+02  4.226082e+02  4.985823e+03  3.298505e+01  3.889739e+03  3.6393712587791163e+02
      7310  9.1375000000000615e+00  6.0712013044410665e-02  2.1451818364007531e+00  2.016886e-01  8.226857e+00  9.362655e+00  1.601614e+02  4.408630e+02  5.088886e+03  3.311834e+01  3.923096e+03  3.6353573513707192e+02
      7320  9.1500000000000679e+00  6.0578028243498137e-02  2.1423281697664889e+00  2.073350e-01  8.251838e+00  9.722330e+00  1.618806e+02  4.593616e+02  5.193139e+03  3.323905e+01  3.953216e+03  3.6310667259041645e+02
      7330  9.1625000000000743e+00  6.0444223439624349e-02  2.1394222667436522e+00  2.131982e-01  8.275805e+00  1.008699e+01  1.635918e+02  4.780768e+02  5.298456e+03  3.334657e+01  3.979899e+03  3.6265143855261272e+02
      7340  9.1750000000000806e+00  6.0310601839959357e-02  2.1364659607829455e+00  2.192713e-01  8.298775e+00  1.045609e+01  1.652941e+02  4.969787e+02  5.404689e+03  3.344029e+01  4.002939e+03  3.6217149525946911e+02
      7350  9.1875000000000870e+00  6.0177166538715132e-02  2.1334610327160712e+00  2.255468e-01  8.320766e+00  1.082908e+01  1.669860e+02  5.160348e+02  5.511674e+03  3.351960e+01  4.022134e+03  3.6166826972925168e+02
      7360  9.2000000000000934e+00  6.0043920520462341e-02  2.1304092095874494e+00  2.320168e-01  8.341798e+00  1.120534e+01  1.686660e+02  5.352098e+02  5.619222e+03  3.358392e+01  4.037283e+03  3.6114315718531111e+02
      7370  9.2125000000000998e+00  5.9910866663556279e-02  2.1273121635615295e+00  2.386725e-01  8.361888e+00  1.158423e+01  1.703324e+02  5.544655e+02  5.727127e+03  3.363268e+01  4.048198e+03  3.6059752483207239e+02
      7380  9.2250000000001062e+00  5.9778007743560027e-02  2.1241715108555330e+00  2.455045e-01  8.381054e+00  1.196507e+01  1.719833e+02  5.737613e+02  5.835154e+03  3.366537e+01  4.054701e+03  3.6003271578588743e+02
      7390  9.2375000000001126e+00  5.9645346436808987e-02  2.1209888106615762e+00  2.525029e-01  8.399311e+00  1.234716e+01  1.736163e+02  5.930537e+02  5.943051e+03  3.368153e+01  4.056629e+03  3.5945005297805744e+02
      7400  9.2500000000001190e+00  5.9512885323991460e-02  2.1177655640290225e+00  2.596567e-01  8.416675e+00  1.272974e+01  1.752291e+02  6.122967e+02  6.050538e+03  3.368077e+01  4.053843e+03  3.5885084286425456e+02
      7410  9.2625000000001254e+00  5.9380626893821578e-02  2.1145032126881902e+00  2.669546e-01  8.433157e+00  1.311203e+01  1.768187e+02  6.314419e+02  6.157314e+03  3.366275e+01  4.046226e+03  3.5823637879507692e+02
      7420  9.2750000000001318e+00  5.9248573546798231e-02  2.1112031378074643e+00  2.743845e-01  8.448766e+00  1.349322e+01  1.783822e+02  6.504383e+02  6.263053e+03  3.362725e+01  4.033688e+03  3.5760794392295816e+02
      7430  9.2875000000001382e+00  5.9116727599013985e-02  2.1078666586818646e+00  2.819335e-01  8.463506e+00  1.387247e+01  1.799162e+02  6.692331e+02  6.367408e+03  3.357410e+01  4.016172e+03  3.5696681354409861e+02
      7440  9.3000000000001446e+00  5.8985091286072155e-02  2.1044950313603294e+00  2.895882e-01  8.477381e+00  1.424888e+01  1.814169e+02  6.877713e+02  6.470009e+03  3.350323e+01  3.993649e+03  3.5631425679481208e+02
      7450  9.3125000000001510e+00  5.8853666767090473e-02  2.1010894472245529e+00  2.973343e-01  8.490386e+00  1.462158e+01  1.828805e+02  7.059963e+02  6.570467e+03  3.341469e+01  3.966129e+03  3.5565153764500030e+02
      7460  9.3250000000001574e+00  5.8722456128775150e-02  2.0976510315382138e+00  3.051572e-01  8.502515e+00  1.498962e+01  1.843025e+02  7.238500e+02  6.668374e+03  3.330859e+01  3.933653e+03  3.5497991515124482e+02
      7470  9.3375000000001638e+00  5.8591461389612715e-02  2.0941808419906809e+00  3.130414e-01  8.513756e+00  1.535205e+01  1.856785e+02  7.412731e+02  6.763306e+03  3.318518e+01  3.896303e+03  3.5430064295163356e+02
      7480  9.3500000000001702e+00  5.8460684504128835e-02  2.0906798672607714e+00  3.209712e-01  8.524091e+00  1.570793e+01  1.870036e+02  7.582055e+02  6.854825e+03  3.304478e+01  3.854193e+03  3.5361496800200399e+02
      7490  9.3625000000001766e+00  5.8330127367250427e-02  2.0871490256312164e+00  3.289300e-01  8.533498e+00  1.605626e+01  1.882726e+02  7.745866e+02  6.942481e+03  3.288780e+01  3.807475e+03  3.5292412856836540e+02
      7500  9.3750000000001830e+00  5.8199791818750596e-02  2.0835891636847337e+00  3.369011e-01  8.541949e+00  1.639605e+01  1.894802e+02  7.903556e+02  7.025819e+03  3.271478e+01  3.756335e+03  3.5222935150354198e+02
      7510  9.3875000000001894e+00  5.8069679647752399e-02  2.0800010551137538e+00  3.448672e-01  8.549411e+00  1.672632e+01  1.906209e+02  8.054521e+02  7.104379e+03  3.252630e+01  3.700990e+03  3.5153184884643633e+02
      7520  9.4000000000001958e+00  5.7939792597339293e-02  2.0763853996775872e+00  3.528109e-01  8.555846e+00  1.704606e+01  1.916888e+02  8.198163e+02  7.177701e+03  3.232306e+01  3.641689e+03  3.5083281379096746e+02
      7530  9.4125000000002021e+00  5.7810132369193634e-02  2.0727428223393165e+00  3.607143e-01  8.561211e+00  1.735430e+01  1.926783e+02  8.333897e+02  7.245331e+03  3.210582e+01  3.578708e+03  3.5013341607767018e+02
      7540  9.4250000000002085e+00  5.7680700628283989e-02  2.0690738726141209e+00  3.685597e-01  8.565458e+00  1.765006e+01  1.935834e+02  8.461152e+02  7.306822e+03  3.187540e+01  3.512345e+03  3.4943479686534056e+02
      7550  9.4375000000002149e+00  5.7551499007616330e-02  2.0653790241620085e+00  3.763290e-01  8.568535e+00  1.793237e+01  1.943980e+02  8.579380e+02  7.361746e+03  3.163269e+01  3.442922e+03  3.4873806314243348e+02
      7560  9.4500000000002213e+00  5.7422529112963992e-02  2.0616586746542760e+00  3.840043e-01  8.570387e+00  1.820031e+01  1.951164e+02  8.688059e+02  7.409690e+03  3.137861e+01  3.370776e+03  3.4804428173937868e+02
      7570  9.4625000000002277e+00  5.7293792527621144e-02  2.0579131459452458e+00  3.915679e-01  8.570954e+00  1.845298e+01  1.957326e+02  8.786697e+02  7.450268e+03  3.111414e+01  3.296256e+03  3.4735447300292617e+02
      7580  9.4750000000002341e+00  5.7165290817124521e-02  2.0541426845747663e+00  3.990023e-01  8.570176e+00  1.868951e+01  1.962410e+02  8.874840e+02  7.483125e+03  3.084027e+01  3.219722e+03  3.4666960419354359e+02
      7590  9.4875000000002405e+00  5.7037025533930912e-02  2.0503474626317071e+00  4.062902e-01  8.567990e+00  1.890908e+01  1.966362e+02  8.952072e+02  7.507940e+03  3.055802e+01  3.141537e+03  3.4599058266608722e+02
      7600  9.5000000000002469e+00  5.6908998222052053e-02  2.0465275790023174e+00  4.134150e-01  8.564332e+00  1.911094e+01  1.969131e+02  9.018027e+02  7.524433e+03  3.026842e+01  3.062067e+03  3.4531824889367419e+02
      7610  9.5125000000002533e+00  5.6781210421556774e-02  2.0426830610287898e+00  4.203605e-01  8.559140e+00  1.929438e+01  1.970669e+02  9.072387e+02  7.532370e+03  2.997249e+01  2.981673e+03  3.4465336939433917e+02
      7620  9.5250000000002597e+00  5.6653663672997172e-02  2.0388138666011146e+00  4.271112e-01  8.552351e+00  1.945876e+01  1.970933e+02  9.114890e+02  7.531568e+03  2.967125e+01  2.900712e+03  3.4399662962085171e+02
      7630  9.5375000000002661e+00  5.6526359521660803e-02  2.0349198867020091e+00  4.336523e-01  8.543906e+00  1.960352e+01  1.969885e+02  9.145335e+02  7.521895e+03  2.936568e+01  2.819532e+03  3.4334862687478380e+02
      7640  9.5500000000002725e+00  5.6399299521664198e-02  2.0310009484265370e+00  4.399702e-01  8.533750e+00  1.972818e+01  1.967494e+02  9.163582e+02  7.503280e+03  2.905677e+01  2.738467e+03  3.4270986330817743e+02
      7650  9.5625000000002789e+00  5.6272485239846542e-02  2.0270568184910811e+00  4.460520e-01  8.521831e+00  1.983235e+01  1.963735e+02  9.169560e+02  7.475712e+03  2.874545e+01  2.657837e+03  3.4208073907872256e+02
      7660  9.5750000000002853e+00  5.6145918259410253e-02  2.0230872072470207e+00  4.518860e-01  8.508105e+00  1.991572e+01  1.958589e+02  9.163266e+02  7.439244e+03  2.843260e+01  2.577944e+03  3.4146154572736145e+02
      7670  9.5875000000002917e+00  5.6019600183305297e-02  2.0190917732100631e+00  4.574618e-01  8.492534e+00  1.997809e+01  1.952048e+02  9.144769e+02  7.393992e+03  2.811907e+01  2.499071e+03  3.4085245985082764e+02
      7680  9.6000000000002981e+00  5.5893532637325487e-02  2.0150701281130425e+00  4.627702e-01  8.475088e+00  2.001937e+01  1.944109e+02  9.114209e+02  7.340138e+03  2.780567e+01  2.421481e+03  3.4025353714615426e+02
      7690  9.6125000000003045e+00  5.5767717272842514e-02  2.0110218424846495e+00  4.678036e-01  8.455747e+00  2.003956e+01  1.934780e+02  9.071800e+02  7.277928e+03  2.749311e+01  2.345413e+03  3.3966470690683354e+02
      7700  9.6250000000003109e+00  5.5642155769210250e-02  2.0069464517539601e+00  4.725556e-01  8.434501e+00  2.003877e+01  1.924077e+02  9.017830e+02  7.207674e+03  2.718209e+01  2.271083e+03  3.3908576705499740e+02
      7710  9.6375000000003173e+00  5.5516849835742267e-02  2.0028434628739551e+00  4.770215e-01  8.411353e+00  2.001724e+01  1.912025e+02  8.952656e+02  7.129745e+03  2.687320e+01  2.198681e+03  3.3851637979616879e+02
      7720  9.6500000000003237e+00  5.5391801213275076e-02  1.9987123614516416e+00  4.811985e-01  8.386315e+00  1.997530e+01  1.898660e+02  8.876705e+02  7.044570e+03  2.656699e+01  2.128372e+03  3.3795606798568019e+02
      7730  9.6625000000003300e+00  5.5267011675267548e-02  1.9945526193673548e+00  4.850850e-01  8.359414e+00  1.991341e+01  1.884025e+02  8.790468e+02  6.952629e+03  2.626393e+01  2.060297e+03  3.3740421229724814e+02
      7740  9.6750000000003364e+00  5.5142483028412660e-02  1.9903637028573966e+00  4.886817e-01  8.330691e+00  1.983213e+01  1.868173e+02  8.694499e+02  6.854450e+03  2.596442e+01  1.994569e+03  3.3686004928356249e+02
      7750  9.6875000000003428e+00  5.5018217112715082e-02  1.9861450810289514e+00  4.919906e-01  8.300200e+00  1.973212e+01  1.851166e+02  8.589408e+02  6.750601e+03  2.566879e+01  1.931273e+03  3.3632267041886996e+02
      7760  9.7000000000003492e+00  5.4894215801038371e-02  1.9818962347684346e+00  4.950158e-01  8.268008e+00  1.961416e+01  1.833074e+02  8.475852e+02  6.641685e+03  2.537731e+01  1.870470e+03  3.3579102220947743e+02
      7770  9.7125000000003556e+00  5.4770480998090593e-02  1.9776166659957057e+00  4.977633e-01  8.234198e+00  1.947912e+01  1.813973e+02  8.354535e+02  6.528329e+03  2.509016e+01  1.812195e+03  3.3526390745572223e+02
      7780  9.7250000000003620e+00  5.4647014638800839e-02  1.9733059072112231e+00  5.002407e-01  8.198866e+00  1.932796e+01  1.793947e+02  8.226193e+02  6.411177e+03  2.480747e+01  1.756454e+03  3.3473998774246127e+02
      7790  9.7375000000003684e+00  5.4523818686108387e-02  1.9689635312731473e+00  5.024574e-01  8.162120e+00  1.916174e+01  1.773087e+02  8.091592e+02  6.290885e+03  2.452929e+01  1.703233e+03  3.3421778722919271e+02
      7800  9.7500000000003748e+00  5.4400895128131732e-02  1.9645891613369220e+00  5.044249e-01  8.124084e+00  1.898158e+01  1.751488e+02  7.951513e+02  6.168104e+03  2.425564e+01  1.652492e+03  3.3369569780283450e+02
      7810  9.7625000000003812e+00  5.4278245974702391e-02  1.9601824808772585e+00  5.061562e-01  8.084890e+00  1.878866e+01  1.729247e+02  7.806751e+02  6.043479e+03  2.398646e+01  1.604168e+03  3.3317198564608935e+02
      7820  9.7750000000003876e+00  5.4155873253300839e-02  1.9557432437115587e+00  5.076659e-01  8.044685e+00  1.858426e+01  1.706466e+02  7.658099e+02  5.917638e+03  2.372166e+01  1.558179e+03  3.3264479926420046e+02
      7830  9.7875000000003940e+00  5.4033779004322768e-02  1.9512712839323412e+00  5.089702e-01  8.003621e+00  1.836965e+01  1.683248e+02  7.506344e+02  5.791184e+03  2.346110e+01  1.514425e+03  3.3211217899998809e+02
      7840  9.8000000000004004e+00  5.3911965275778656e-02  1.9467665256513869e+00  5.100870e-01  7.961863e+00  1.814618e+01  1.659698e+02  7.352256e+02  5.664688e+03  2.320464e+01  1.472791e+03  3.3157206805349648e+02
      7850  9.8125000000004068e+00  5.3790434117357427e-02  1.9422289924526921e+00  5.110354e-01  7.919580e+00  1.791520e+01  1.635917e+02  7.196581e+02  5.538682e+03  2.295209e+01  1.433149e+03  3.3102232500684659e+02
      7860  9.8250000000004132e+00  5.3669187573927885e-02  1.9376588164461022e+00  5.118356e-01  7.876946e+00  1.767809e+01  1.612007e+02  7.040033e+02  5.413656e+03  2.270328e+01  1.395360e+03  3.3046073783777354e+02
      7870  9.8375000000004196e+00  5.3548227678483801e-02  1.9330562468101071e+00  5.125091e-01  7.834140e+00  1.743622e+01  1.588068e+02  6.883290e+02  5.290053e+03  2.245804e+01  1.359284e+03  3.2988503938629549e+02
      7880  9.8500000000004260e+00  5.3427556444582962e-02  1.9284216577086137e+00  5.130782e-01  7.791341e+00  1.719096e+01  1.564193e+02  6.726986e+02  5.168264e+03  2.221622e+01  1.324774e+03  3.2929292421794702e+02
      7890  9.8625000000004324e+00  5.3307175858298257e-02  1.9237555554643049e+00  5.135659e-01  7.748729e+00  1.694365e+01  1.540473e+02  6.571708e+02  5.048630e+03  2.197771e+01  1.291690e+03  3.2868206680417620e+02
      7900  9.8750000000004388e+00  5.3187087869756247e-02  1.9190585848730437e+00  5.139959e-01  7.706481e+00  1.669560e+01  1.516993e+02  6.417991e+02  4.931441e+03  2.174241e+01  1.259896e+03  3.2805014091552027e+02
      7910  9.8875000000004452e+00  5.3067294384323491e-02  1.9143315345439149e+00  5.143921e-01  7.664771e+00  1.644811e+01  1.493832e+02  6.266322e+02  4.816934e+03  2.151032e+01  1.229265e+03  3.2739484009703938e+02
      7920  9.9000000000004515e+00  5.2947797253459661e-02  1.9095753411527339e+00  5.147788e-01  7.623766e+00  1.620240e+01  1.471064e+02  6.117130e+02  4.705297e+03  2.128147e+01  1.199684e+03  3.2671389906660443e+02
      7930  9.9125000000004579e+00  5.2828598265379521e-02  1.9047910925029135e+00  5.151799e-01  7.583629e+00  1.595967e+01  1.448753e+02  5.970795e+02  4.596673e+03  2.105595e+01  1.171056e+03  3.2600511584804565e+02
      7940  9.9250000000004643e+00  5.2709699135528115e-02  1.8999800292965465e+00  5.156194e-01  7.544512e+00  1.572104e+01  1.426959e+02  5.827645e+02  4.491161e+03  2.083395e+01  1.143303e+03  3.2526637442113906e+02
      7950  9.9375000000004707e+00  5.2591101497021876e-02  1.8951435455257299e+00  5.161206e-01  7.506558e+00  1.548759e+01  1.405736e+02  5.687962e+02  4.388823e+03  2.061569e+01  1.116363e+03  3.2449566764035887e+02
      7960  9.9500000000004771e+00  5.2472806891083038e-02  1.8902831874099080e+00  5.167064e-01  7.469900e+00  1.526031e+01  1.385127e+02  5.551980e+02  4.289684e+03  2.040149e+01  1.090200e+03  3.2369112014654547e+02
      7970  9.9625000000004835e+00  5.2354816757603381e-02  1.8854006508188621e+00  5.173986e-01  7.434658e+00  1.504016e+01  1.365173e+02  5.419896e+02  4.193743e+03  2.019171e+01  1.064795e+03  3.2285101096888923e+02
      7980  9.9750000000004899e+00  5.2237132425907960e-02  1.8804977771379194e+00  5.182184e-01  7.400942e+00  1.482800e+01  1.345905e+02  5.291868e+02  4.100973e+03  1.998678e+01  1.040147e+03  3.2197379549175020e+02
      7990  9.9875000000004963e+00  5.2119755105832853e-02  1.8755765475526061e+00  5.191854e-01  7.368848e+00  1.462466e+01  1.327350e+02  5.168027e+02  4.011329e+03  1.978716e+01  1.016276e+03  3.2105812644317518e+02
      8000  1.0000000000000503e+01  5.2002685879211225e-02  1.8706390757530769e+00  5.203182e-01  7.338459e+00  1.443088e+01  1.309530e+02  5.048477e+02  3.924752e+03  1.959334e+01  9.932143e+02  3.2010287355002379e+02
