         0  0.0000000000000000e+00  1.2500000000000000e-01  3.7500000000000000e-01 -0.000000e+00  3.375000e+00 -0.000000e+00  1.562500e+01 -0.000000e+00  8.374023e+01  3.375000e+00  1.562500e+01  1.1250000000000000e+00
        10  1.2499999999999999e-02  1.2498828173471666e-01  3.7497094746320175e-01  6.628751e-03  3.375075e+00  6.628871e-02  1.562648e+01  5.437978e-01  8.375773e+01  3.374704e+00  1.562236e+01  1.1249616619071829e+00
        20  2.5000000000000005e-02  1.2497656418868225e-01  3.7495409712937738e-01  1.325688e-02  3.375301e+00  1.325785e-01  1.563092e+01  1.087744e+00  8.381022e+01  3.373816e+00  1.561447e+01  1.1250575510104297e+00
        30  3.7500000000000012e-02  1.2496484698068060e-01  3.7494944244460437e-01  1.988460e-02  3.375677e+00  1.988786e-01  1.563833e+01  1.632055e+00  8.389773e+01  3.372339e+00  1.560134e+01  1.1252876563485190e+00
        40  5.0000000000000024e-02  1.2495312972967153e-01  3.7495697858364468e-01  2.651212e-02  3.376203e+00  2.651985e-01  1.564869e+01  2.176948e+00  8.402028e+01  3.370278e+00  1.558302e+01  1.1256520205968505e+00
        50  6.2500000000000028e-02  1.2494141205473666e-01  3.7497670244460590e-01  3.313964e-02  3.376880e+00  3.315473e-01  1.566202e+01  2.722638e+00  8.417794e+01  3.367636e+00  1.555957e+01  1.1261507400149415e+00
        60  7.5000000000000039e-02  1.2492969357502549e-01  3.7500861264321722e-01  3.976737e-02  3.377708e+00  3.979344e-01  1.567832e+01  3.269341e+00  8.437080e+01  3.364422e+00  1.553107e+01  1.1267839644182860e+00
        70  8.7500000000000050e-02  1.2491797390970213e-01  3.7505270950674618e-01  4.639549e-02  3.378686e+00  4.643690e-01  1.569758e+01  3.817275e+00  8.459894e+01  3.360643e+00  1.549761e+01  1.1275518971745879e+00
        80  1.0000000000000006e-01  1.2490625267789172e-01  3.7510899506753448e-01  5.302422e-02  3.379814e+00  5.308604e-01  1.571982e+01  4.366654e+00  8.486250e+01  3.356309e+00  1.545930e+01  1.1284547952243618e+00
        90  1.1250000000000007e-01  1.2489452949862752e-01  3.7517747305617583e-01  5.965372e-02  3.381094e+00  5.974176e-01  1.574503e+01  4.917695e+00  8.516161e+01  3.351432e+00  1.541625e+01  1.1294929691260662e+00
       100  1.2500000000000008e-01  1.2488280399079781e-01  3.7525814889432535e-01  6.628420e-02  3.382524e+00  6.640498e-01  1.577322e+01  5.470614e+00  8.549644e+01  3.346023e+00  1.536862e+01  1.1306667831258055e+00
       110  1.3750000000000009e-01  1.2487107577309348e-01  3.7535102968715395e-01  7.291583e-02  3.384105e+00  7.307662e-01  1.580440e+01  6.025628e+00  8.586716e+01  3.340096e+00  1.531655e+01  1.1319766552518427e+00
       120  1.5000000000000011e-01  1.2485934446395532e-01  3.7545612421545033e-01  7.954878e-02  3.385838e+00  7.975758e-01  1.583857e+01  6.582954e+00  8.627398e+01  3.333667e+00  1.526020e+01  1.1334230574340609e+00
       130  1.6250000000000012e-01  1.2484760968152162e-01  3.7557344292737649e-01  8.618322e-02  3.387722e+00  8.644875e-01  1.587574e+01  7.142807e+00  8.671712e+01  3.326751e+00  1.519976e+01  1.1350065156486915e+00
       140  1.7500000000000013e-01  1.2483587104357677e-01  3.7570299792988382e-01  9.281929e-02  3.389757e+00  9.315103e-01  1.591591e+01  7.705404e+00  8.719682e+01  3.319366e+00  1.513541e+01  1.1367276100885280e+00
       150  1.8750000000000014e-01  1.2482412816749947e-01  3.7584480297979611e-01  9.945716e-02  3.391944e+00  9.986532e-01  1.595910e+01  8.270963e+00  8.771335e+01  3.311530e+00  1.506737e+01  1.1385869753589828e+00
       160  2.0000000000000015e-01  1.2481238067021118e-01  3.7599887347456945e-01  1.060970e-01  3.394283e+00  1.065925e+00  1.600532e+01  8.839701e+00  8.826699e+01  3.303262e+00  1.499583e+01  1.1405853007003628e+00
       170  2.1250000000000016e-01  1.2480062816812552e-01  3.7616522644273204e-01  1.127388e-01  3.396774e+00  1.133334e+00  1.605456e+01  9.411834e+00  8.885803e+01  3.294584e+00  1.492102e+01  1.1427233302367372e+00
       180  2.2500000000000017e-01  1.2478887027709655e-01  3.7634388053401890e-01  1.193828e-01  3.399418e+00  1.200889e+00  1.610685e+01  9.987580e+00  8.948681e+01  3.285517e+00  1.484319e+01  1.1450018632518619e+00
       190  2.3750000000000018e-01  1.2477710661236940e-01  3.7653485600921299e-01  1.260292e-01  3.402214e+00  1.268599e+00  1.616219e+01  1.056716e+01  9.015365e+01  3.276082e+00  1.476256e+01  1.1474217544926599e+00
       200  2.5000000000000017e-01  1.2476533678852973e-01  3.7673817472968524e-01  1.326779e-01  3.405164e+00  1.336473e+00  1.622060e+01  1.115078e+01  9.085892e+01  3.266304e+00  1.467938e+01  1.1499839145007056e+00
       210  2.6249999999999990e-01  1.2475356041945405e-01  3.7695386014667098e-01  1.393291e-01  3.408266e+00  1.404518e+00  1.628207e+01  1.173867e+01  9.160299e+01  3.256205e+00  1.459392e+01  1.1526893099723834e+00
       220  2.7499999999999963e-01  1.2474177711825997e-01  3.7718193729026839e-01  1.459828e-01  3.411522e+00  1.472743e+00  1.634663e+01  1.233104e+01  9.238625e+01  3.245811e+00  1.450643e+01  1.1555389641482108e+00
       230  2.8749999999999937e-01  1.2472998649725753e-01  3.7742243275818582e-01  1.526391e-01  3.414931e+00  1.541156e+00  1.641429e+01  1.292812e+01  9.320913e+01  3.235147e+00  1.441718e+01  1.1585339572320366e+00
       240  2.9999999999999910e-01  1.2471818816789998e-01  3.7767537470424034e-01  1.592981e-01  3.418494e+00  1.609765e+00  1.648506e+01  1.353011e+01  9.407206e+01  3.224238e+00  1.432645e+01  1.1616754268407703e+00
       250  3.1249999999999883e-01  1.2470638174073642e-01  3.7794079282662729e-01  1.659598e-01  3.422211e+00  1.678579e+00  1.655895e+01  1.413724e+01  9.497547e+01  3.213111e+00  1.423451e+01  1.1649645684853143e+00
       260  3.2499999999999857e-01  1.2469456682536229e-01  3.7821871835596343e-01  1.726242e-01  3.426083e+00  1.747604e+00  1.663597e+01  1.474973e+01  9.591984e+01  3.201792e+00  1.414163e+01  1.1684026360835214e+00
       270  3.3749999999999830e-01  1.2468274303037324e-01  3.7850918404312678e-01  1.792913e-01  3.430109e+00  1.816850e+00  1.671614e+01  1.536778e+01  9.690566e+01  3.190309e+00  1.404810e+01  1.1719909425059305e+00
       280  3.4999999999999803e-01  1.2467090996331644e-01  3.7881222414689325e-01  1.859610e-01  3.434290e+00  1.886322e+00  1.679948e+01  1.599162e+01  9.793341e+01  3.178688e+00  1.395420e+01  1.1757308601550809e+00
       290  3.6249999999999777e-01  1.2465906723064563e-01  3.7912787442139573e-01  1.926335e-01  3.438625e+00  1.956029e+00  1.688598e+01  1.662147e+01  9.900361e+01  3.166957e+00  1.386021e+01  1.1796238215793524e+00
       300  3.7499999999999750e-01  1.2464721443767246e-01  3.7945617210340665e-01  1.993086e-01  3.443115e+00  2.025978e+00  1.697568e+01  1.725754e+01  1.001168e+02  3.155144e+00  1.376642e+01  1.1836713201221254e+00
       310  3.8749999999999724e-01  1.2463535118852202e-01  3.7979715589946755e-01  2.059862e-01  3.447761e+00  2.096175e+00  1.706858e+01  1.790005e+01  1.012735e+02  3.143277e+00  1.367311e+01  1.1878749106073569e+00
       320  3.9999999999999697e-01  1.2462347708608697e-01  3.8015086597287179e-01  2.126663e-01  3.452562e+00  2.166629e+00  1.716469e+01  1.854921e+01  1.024743e+02  3.131383e+00  1.358055e+01  1.1922362100623809e+00
       330  4.1249999999999670e-01  1.2461159173198184e-01  3.8051734393051512e-01  2.193488e-01  3.457518e+00  2.237344e+00  1.726403e+01  1.920523e+01  1.037198e+02  3.119490e+00  1.348904e+01  1.1967568984790935e+00
       340  4.2499999999999644e-01  1.2459969472649779e-01  3.8089663280962394e-01  2.260336e-01  3.462629e+00  2.308329e+00  1.736661e+01  1.986833e+01  1.050106e+02  3.107626e+00  1.339883e+01  1.2014387196145437e+00
       350  4.3749999999999617e-01  1.2458778566856005e-01  3.8128877706439057e-01  2.327205e-01  3.467896e+00  2.379589e+00  1.747245e+01  2.053873e+01  1.063471e+02  3.095817e+00  1.331022e+01  1.2062834818319841e+00
       360  4.4999999999999590e-01  1.2457586415568100e-01  3.8169382255250156e-01  2.394093e-01  3.473317e+00  2.451129e+00  1.758156e+01  2.121662e+01  1.077302e+02  3.084092e+00  1.322347e+01  1.2112930589836224e+00
       370  4.6249999999999564e-01  1.2456392978391984e-01  3.8211181652159587e-01  2.461000e-01  3.478894e+00  2.522957e+00  1.769396e+01  2.190223e+01  1.091603e+02  3.072477e+00  1.313884e+01  1.2164693913361513e+00
       380  4.7499999999999537e-01  1.2455198214783689e-01  3.8254280759565590e-01  2.527923e-01  3.484627e+00  2.595078e+00  1.780965e+01  2.259576e+01  1.106381e+02  3.060999e+00  1.305660e+01  1.2218144865403486e+00
       390  4.8749999999999510e-01  1.2454002084045225e-01  3.8298684576134506e-01  2.594861e-01  3.490513e+00  2.667496e+00  1.792864e+01  2.329741e+01  1.121643e+02  3.049684e+00  1.297700e+01  1.2273304206460180e+00
       400  4.9999999999999484e-01  1.2452804545320259e-01  3.8344398235429844e-01  2.661809e-01  3.496555e+00  2.740217e+00  1.805096e+01  2.400739e+01  1.137396e+02  3.038558e+00  1.290030e+01  1.2330193391634974e+00
       410  5.1249999999999463e-01  1.2451605557590020e-01  3.8391427004540268e-01  2.728767e-01  3.502751e+00  2.813245e+00  1.817661e+01  2.472590e+01  1.153644e+02  3.027646e+00  1.282675e+01  1.2388834581731887e+00
       420  5.2499999999999436e-01  1.2450405079669100e-01  3.8439776282703841e-01  2.795732e-01  3.509101e+00  2.886586e+00  1.830560e+01  2.545315e+01  1.170397e+02  3.016973e+00  1.275658e+01  1.2449250654844459e+00
       430  5.3749999999999409e-01  1.2449203070201303e-01  3.8489451599933500e-01  2.862699e-01  3.515605e+00  2.960243e+00  1.843794e+01  2.618932e+01  1.187659e+02  3.006564e+00  1.269003e+01  1.2511465218452240e+00
       440  5.4999999999999383e-01  1.2447999487655700e-01  3.8540458615642570e-01  2.929667e-01  3.522262e+00  3.034220e+00  1.857365e+01  2.693461e+01  1.205438e+02  2.996441e+00  1.262734e+01  1.2575502622040666e+00
       450  5.6249999999999356e-01  1.2446794290322523e-01  3.8592803117272850e-01  2.996632e-01  3.529071e+00  3.108521e+00  1.871273e+01  2.768921e+01  1.223740e+02  2.986629e+00  1.256872e+01  1.2641387970258355e+00
       460  5.7499999999999329e-01  1.2445587436309219e-01  3.8646491018924661e-01  3.063590e-01  3.536033e+00  3.183148e+00  1.885519e+01  2.845331e+01  1.242573e+02  2.977149e+00  1.251439e+01  1.2709147136628514e+00
       470  5.8749999999999303e-01  1.2444378883536503e-01  3.8701528359992438e-01  3.130538e-01  3.543146e+00  3.258105e+00  1.900103e+01  2.922710e+01  1.261942e+02  2.968023e+00  1.246456e+01  1.2778806777830196e+00
       480  5.9999999999999276e-01  1.2443168589734518e-01  3.8757921303804327e-01  3.197470e-01  3.550410e+00  3.333394e+00  1.915028e+01  3.001074e+01  1.281856e+02  2.959272e+00  1.241944e+01  1.2850394348565857e+00
       490  6.1249999999999249e-01  1.2441956512438920e-01  3.8815676136268479e-01  3.264383e-01  3.557824e+00  3.409017e+00  1.930291e+01  3.080442e+01  1.302320e+02  2.950916e+00  1.237922e+01  1.2923938117032563e+00
       500  6.2499999999999223e-01  1.2440742608987099e-01  3.8874799264526239e-01  3.331273e-01  3.565387e+00  3.484975e+00  1.945896e+01  3.160830e+01  1.323342e+02  2.942975e+00  1.234409e+01  1.2999467181014781e+00
       510  6.3749999999999196e-01  1.2439526836514357e-01  3.8935297215613057e-01  3.398135e-01  3.573098e+00  3.561270e+00  1.961840e+01  3.242255e+01  1.344927e+02  2.935467e+00  1.231425e+01  1.3077011484615890e+00
       520  6.4999999999999170e-01  1.2438309151950383e-01  3.8997176635129233e-01  3.464963e-01  3.580956e+00  3.637903e+00  1.978126e+01  3.324732e+01  1.367083e+02  2.928410e+00  1.228985e+01  1.3156601835647979e+00
       530  6.6249999999999143e-01  1.2437089512015283e-01  3.9060444285918317e-01  3.531752e-01  3.588960e+00  3.714873e+00  1.994752e+01  3.408278e+01  1.389815e+02  2.921820e+00  1.227108e+01  1.3238269923698582e+00
       540  6.7499999999999116e-01  1.2435867873216196e-01  3.9125107046758151e-01  3.598497e-01  3.597108e+00  3.792182e+00  2.011719e+01  3.492906e+01  1.413131e+02  2.915715e+00  1.225810e+01  1.3322048338893933e+00
       550  6.8749999999999090e-01  1.2434644191843539e-01  3.9191171911061173e-01  3.665192e-01  3.605400e+00  3.869827e+00  2.029026e+01  3.578631e+01  1.437037e+02  2.910108e+00  1.225106e+01  1.3407970591379401e+00
       560  6.9999999999999063e-01  1.2433418423967446e-01  3.9258645985586876e-01  3.731831e-01  3.613834e+00  3.947808e+00  2.046672e+01  3.665465e+01  1.461538e+02  2.905016e+00  1.225011e+01  1.3496071131536986e+00
       570  7.1249999999999036e-01  1.2432190525434364e-01  3.9327536489166737e-01  3.798408e-01  3.622408e+00  4.026124e+00  2.064658e+01  3.753422e+01  1.486640e+02  2.900449e+00  1.225541e+01  1.3586385370962342e+00
       580  7.2499999999999010e-01  1.2430960451863507e-01  3.9397850751441749e-01  3.864917e-01  3.631121e+00  4.104772e+00  2.082982e+01  3.842512e+01  1.512349e+02  2.896423e+00  1.226708e+01  1.3678949704222094e+00
       590  7.3749999999998983e-01  1.2429728158643305e-01  3.9469596211612712e-01  3.931351e-01  3.639970e+00  4.183749e+00  2.101644e+01  3.932748e+01  1.538671e+02  2.892947e+00  1.228525e+01  1.3773801531414258e+00
       600  7.4999999999998956e-01  1.2428493600928209e-01  3.9542780417204254e-01  3.997702e-01  3.648955e+00  4.263052e+00  2.120641e+01  4.024137e+01  1.565610e+02  2.890033e+00  1.231005e+01  1.3870979281555587e+00
       610  7.6249999999998930e-01  1.2427256733635118e-01  3.9617411022842858e-01  4.063964e-01  3.658073e+00  4.342678e+00  2.139973e+01  4.116691e+01  1.593172e+02  2.887690e+00  1.234160e+01  1.3970522436817951e+00
       620  7.7499999999998903e-01  1.2426017511440274e-01  3.9693495789048527e-01  4.130130e-01  3.667322e+00  4.422621e+00  2.159638e+01  4.210415e+01  1.621361e+02  2.885928e+00  1.238000e+01  1.4072471557639548e+00
       630  7.8749999999998876e-01  1.2424775888775771e-01  3.9771042581040950e-01  4.196191e-01  3.676700e+00  4.502878e+00  2.179633e+01  4.305318e+01  1.650182e+02  2.884755e+00  1.242537e+01  1.4176868308734838e+00
       640  7.9999999999998850e-01  1.2423531819826342e-01  3.9850059367560497e-01  4.262140e-01  3.686205e+00  4.583442e+00  2.199957e+01  4.401404e+01  1.679637e+02  2.884177e+00  1.247780e+01  1.4283755486029348e+00
       650  8.1249999999998823e-01  1.2422285258526307e-01  3.9930554219701725e-01  4.327969e-01  3.695834e+00  4.664306e+00  2.220608e+01  4.498678e+01  1.709732e+02  2.884200e+00  1.253737e+01  1.4393177044545291e+00
       660  8.2499999999998797e-01  1.2421036158556094e-01  4.0012535309764208e-01  4.393669e-01  3.705585e+00  4.745464e+00  2.241582e+01  4.597145e+01  1.740468e+02  2.884831e+00  1.260418e+01  1.4505178127263880e+00
       670  8.3749999999998770e-01  1.2419784473339456e-01  4.0096010910114560e-01  4.459232e-01  3.715455e+00  4.826909e+00  2.262876e+01  4.696804e+01  1.771849e+02  2.886073e+00  1.267831e+01  1.4619805094995062e+00
       680  8.4999999999998743e-01  1.2418530156039945e-01  4.0180989392064614e-01  4.524650e-01  3.725441e+00  4.908632e+00  2.284488e+01  4.797658e+01  1.803877e+02  2.887930e+00  1.275982e+01  1.4737105557277799e+00
       690  8.6249999999998717e-01  1.2417273159558311e-01  4.0267479224763064e-01  4.589912e-01  3.735540e+00  4.990624e+00  2.306413e+01  4.899705e+01  1.836552e+02  2.890404e+00  1.284879e+01  1.4857128404345290e+00
       700  8.7499999999998690e-01  1.2416013436528997e-01  4.0355488974099096e-01  4.655010e-01  3.745750e+00  5.072875e+00  2.328648e+01  5.002943e+01  1.869878e+02  2.893497e+00  1.294526e+01  1.4979923840179423e+00
       710  8.8749999999998663e-01  1.2414750939317483e-01  4.0445027301621755e-01  4.719935e-01  3.756068e+00  5.155375e+00  2.351188e+01  5.107369e+01  1.903853e+02  2.897211e+00  1.304930e+01  1.5105543416689760e+00
       720  8.9999999999998637e-01  1.2413485620017145e-01  4.0536102963470200e-01  4.784677e-01  3.766489e+00  5.238113e+00  2.374030e+01  5.212976e+01  1.938479e+02  2.901545e+00  1.316095e+01  1.5234040069043799e+00
       730  9.1249999999998610e-01  1.2412217430446273e-01  4.0628724809316075e-01  4.849225e-01  3.777011e+00  5.321077e+00  2.397167e+01  5.319759e+01  1.973753e+02  2.906498e+00  1.328025e+01  1.5365468152182791e+00
       740  9.2499999999998583e-01  1.2410946322145305e-01  4.0722901781319099e-01  4.913570e-01  3.787629e+00  5.404254e+00  2.420595e+01  5.427708e+01  2.009676e+02  2.912068e+00  1.340722e+01  1.5499883478554248e+00
       750  9.3749999999998557e-01  1.2409672246373885e-01  4.0818642913091902e-01  4.977702e-01  3.798342e+00  5.487631e+00  2.444309e+01  5.536812e+01  2.046244e+02  2.918254e+00  1.354190e+01  1.5637343357094629e+00
       760  9.4999999999998530e-01  1.2408395154107993e-01  4.0915957328675800e-01  5.041609e-01  3.809144e+00  5.571194e+00  2.468301e+01  5.647060e+01  2.083455e+02  2.925052e+00  1.368430e+01  1.5777906633496448e+00
       770  9.6249999999998503e-01  1.2407114996037197e-01  4.1014854241526449e-01  5.105282e-01  3.820031e+00  5.654927e+00  2.492567e+01  5.758438e+01  2.121306e+02  2.932457e+00  1.383442e+01  1.5921633731792406e+00
       780  9.7499999999998477e-01  1.2405831722561746e-01  4.1115342953506856e-01  5.168709e-01  3.831001e+00  5.738816e+00  2.517098e+01  5.870929e+01  2.159791e+02  2.940465e+00  1.399228e+01  1.6068586697293894e+00
       790  9.8749999999998450e-01  1.2404545283790012e-01  4.1217432853890901e-01  5.231880e-01  3.842047e+00  5.822843e+00  2.541889e+01  5.984515e+01  2.198906e+02  2.949070e+00  1.415786e+01  1.6218829240918815e+00
       800  9.9999999999998423e-01  1.2403255629535616e-01  4.1321133418368949e-01  5.294782e-01  3.853167e+00  5.906991e+00  2.566931e+01  6.099176e+01  2.238644e+02  2.958265e+00  1.433114e+01  1.6372426784942931e+00
       810  1.0124999999999840e+00  1.2401962709314809e-01  4.1426454208064534e-01  5.357405e-01  3.864356e+00  5.991242e+00  2.592216e+01  6.214891e+01  2.278998e+02  2.968044e+00  1.451211e+01  1.6529446510216990e+00
       820  1.0249999999999837e+00  1.2400666472343806e-01  4.1533404868550916e-01  5.419737e-01  3.875609e+00  6.075577e+00  2.617737e+01  6.331634e+01  2.319961e+02  2.978399e+00  1.470074e+01  1.6689957404880285e+00
       830  1.0374999999999834e+00  1.2399366867536178e-01  4.1641995128875225e-01  5.481766e-01  3.886922e+00  6.159976e+00  2.643484e+01  6.449379e+01  2.361523e+02  2.989320e+00  1.489697e+01  1.6854030314614741e+00
       840  1.0499999999999832e+00  1.2398063843500223e-01  4.1752234800581062e-01  5.543480e-01  3.898289e+00  6.244419e+00  2.669449e+01  6.568098e+01  2.403674e+02  3.000798e+00  1.510076e+01  1.7021737994475203e+00
       850  1.0624999999999829e+00  1.2396757348536422e-01  4.1864133776735490e-01  5.604867e-01  3.909706e+00  6.328885e+00  2.695621e+01  6.687759e+01  2.446403e+02  3.012824e+00  1.531205e+01  1.7193155162334781e+00
       860  1.0749999999999826e+00  1.2395447330634873e-01  4.1977702030953595e-01  5.665915e-01  3.921168e+00  6.413350e+00  2.721990e+01  6.808329e+01  2.489697e+02  3.025386e+00  1.553077e+01  1.7368358553986387e+00
       870  1.0874999999999824e+00  1.2394133737472796e-01  4.2092949616422021e-01  5.726611e-01  3.932669e+00  6.497792e+00  2.748547e+01  6.929772e+01  2.533545e+02  3.038473e+00  1.575684e+01  1.7547426979938976e+00
       880  1.0999999999999821e+00  1.2392816516412274e-01  4.2209886664920121e-01  5.786942e-01  3.944205e+00  6.582188e+00  2.775280e+01  7.052051e+01  2.577931e+02  3.052072e+00  1.599016e+01  1.7730441383949547e+00
       890  1.1124999999999818e+00  1.2391495614497340e-01  4.2328523385834704e-01  5.846897e-01  3.955770e+00  6.666512e+00  2.802177e+01  7.175125e+01  2.622840e+02  3.066172e+00  1.623063e+01  1.7917484903330048e+00
       900  1.1249999999999816e+00  1.2390170978452041e-01  4.2448870065171868e-01  5.906461e-01  3.967358e+00  6.750740e+00  2.829228e+01  7.298950e+01  2.668255e+02  3.080758e+00  1.647814e+01  1.8108642931070456e+00
       910  1.1374999999999813e+00  1.2388842554677802e-01  4.2570937064557968e-01  5.965623e-01  3.978964e+00  6.834844e+00  2.856420e+01  7.423483e+01  2.714157e+02  3.095818e+00  1.673256e+01  1.8304003179818757e+00
       920  1.1499999999999810e+00  1.2387510289251175e-01  4.2694734820234609e-01  6.024369e-01  3.990582e+00  6.918798e+00  2.883739e+01  7.548674e+01  2.760529e+02  3.111335e+00  1.699376e+01  1.8503655747757988e+00
       930  1.1624999999999808e+00  1.2386174127921261e-01  4.2820273842040574e-01  6.082685e-01  4.002207e+00  7.002575e+00  2.911174e+01  7.674474e+01  2.807350e+02  3.127295e+00  1.726159e+01  1.8707693186419179e+00
       940  1.1749999999999805e+00  1.2384834016108133e-01  4.2947564712382763e-01  6.140559e-01  4.013831e+00  7.086146e+00  2.938710e+01  7.800830e+01  2.854598e+02  3.143682e+00  1.753588e+01  1.8916210570471994e+00
       950  1.1874999999999802e+00  1.2383489898899581e-01  4.3076618085192447e-01  6.197977e-01  4.025451e+00  7.169481e+00  2.966334e+01  7.927687e+01  2.902250e+02  3.160480e+00  1.781646e+01  1.9129305569531661e+00
       960  1.1999999999999800e+00  1.2382141721049696e-01  4.3207444684866059e-01  6.254926e-01  4.037058e+00  7.252551e+00  2.994031e+01  8.054986e+01  2.950282e+02  3.177673e+00  1.810314e+01  1.9347078522019965e+00
       970  1.2124999999999797e+00  1.2380789426976339e-01  4.3340055305189490e-01  6.311392e-01  4.048648e+00  7.335325e+00  3.021787e+01  8.182669e+01  2.998669e+02  3.195242e+00  1.839573e+01  1.9569632511119979e+00
       980  1.2249999999999794e+00  1.2379432960759089e-01  4.3474460808242643e-01  6.367362e-01  4.060214e+00  7.417772e+00  3.049585e+01  8.310672e+01  3.047384e+02  3.213170e+00  1.869400e+01  1.9797073442859578e+00
       990  1.2374999999999792e+00  1.2378072266136994e-01  4.3610672123281824e-01  6.422821e-01  4.071749e+00  7.499861e+00  3.077412e+01  8.438930e+01  3.096400e+02  3.231440e+00  1.899774e+01  2.0029510126360117e+00
      1000  1.2499999999999789e+00  1.2376707286506745e-01  4.3748700245602401e-01  6.477757e-01  4.083248e+00  7.581557e+00  3.105250e+01  8.567376e+01  3.145687e+02  3.250031e+00  1.930671e+01  2.0267054356285628e+00
      1010  1.2624999999999786e+00  1.2375337964920256e-01  4.3888556235374210e-01  6.532155e-01  4.094703e+00  7.662829e+00  3.133083e+01  8.695941e+01  3.195214e+02  3.268926e+00  1.962064e+01  2.0509820997521979e+00
      1020  1.2749999999999784e+00  1.2373964244082913e-01  4.4030251216453231e-01  6.586002e-01  4.106109e+00  7.743643e+00  3.160895e+01  8.824553e+01  3.244950e+02  3.288105e+00  1.993928e+01  2.0757928072120069e+00
      1030  1.2874999999999781e+00  1.2372586066351784e-01  4.4173796375163260e-01  6.639284e-01  4.117458e+00  7.823965e+00  3.188669e+01  8.953137e+01  3.294863e+02  3.307547e+00  2.026234e+01  2.1011496848528344e+00
      1040  1.2999999999999778e+00  1.2371203373733097e-01  4.4319202959050386e-01  6.691986e-01  4.128745e+00  7.903760e+00  3.216387e+01  9.081618e+01  3.344918e+02  3.327233e+00  2.058953e+01  2.1270651933142410e+00
      1050  1.3124999999999776e+00  1.2369816107880965e-01  4.4466482275603147e-01  6.744096e-01  4.139963e+00  7.982992e+00  3.244031e+01  9.209916e+01  3.395080e+02  3.347143e+00  2.092054e+01  2.1535521364193269e+00
      1060  1.3249999999999773e+00  1.2368424210095244e-01  4.4615645690942474e-01  6.795599e-01  4.151104e+00  8.061627e+00  3.271584e+01  9.337952e+01  3.445313e+02  3.367255e+00  2.125505e+01  2.1806236707993110e+00
      1070  1.3374999999999770e+00  1.2367027621319543e-01  4.4766704628473908e-01  6.846482e-01  4.162163e+00  8.139628e+00  3.299028e+01  9.465644e+01  3.495579e+02  3.387549e+00  2.159274e+01  2.2082933157557667e+00
      1080  1.3499999999999768e+00  1.2365626282140037e-01  4.4919670567505054e-01  6.896730e-01  4.173132e+00  8.216959e+00  3.326344e+01  9.592907e+01  3.545840e+02  3.408003e+00  2.193325e+01  2.2365749633610776e+00
      1090  1.3624999999999765e+00  1.2364220132782891e-01  4.5074555041826120e-01  6.946331e-01  4.184005e+00  8.293584e+00  3.353512e+01  9.719657e+01  3.596056e+02  3.428597e+00  2.227623e+01  2.2654828887986427e+00
      1100  1.3749999999999762e+00  1.2362809113113477e-01  4.5231369638245628e-01  6.995270e-01  4.194776e+00  8.369466e+00  3.380516e+01  9.845805e+01  3.646188e+02  3.449307e+00  2.262130e+01  2.2950317609422446e+00
      1110  1.3874999999999760e+00  1.2361393162633963e-01  4.5390125995089398e-01  7.043533e-01  4.205438e+00  8.444568e+00  3.407334e+01  9.971263e+01  3.696193e+02  3.470113e+00  2.296809e+01  2.3252366531747564e+00
      1120  1.3999999999999757e+00  1.2359972220482568e-01  4.5550835800655654e-01  7.091108e-01  4.215984e+00  8.518852e+00  3.433949e+01  1.009594e+02  3.746029e+02  3.490993e+00  2.331621e+01  2.3561130544452462e+00
      1130  1.4124999999999754e+00  1.2358546225430934e-01  4.5713510791621093e-01  7.137980e-01  4.226407e+00  8.592282e+00  3.460340e+01  1.021975e+02  3.795654e+02  3.511925e+00  2.366526e+01  2.3876768805624042e+00
      1140  1.4249999999999752e+00  1.2357115115883614e-01  4.5878162751408408e-01  7.184137e-01  4.236701e+00  8.664820e+00  3.486488e+01  1.034259e+02  3.845024e+02  3.532887e+00  2.401481e+01  2.4199444857227501e+00
      1150  1.4374999999999749e+00  1.2355678829876265e-01  4.6044803508498255e-01  7.229564e-01  4.246861e+00  8.736429e+00  3.512375e+01  1.046438e+02  3.894094e+02  3.553857e+00  2.436446e+01  2.4529326742697029e+00
      1160  1.4499999999999746e+00  1.2354237305074015e-01  4.6213444934697911e-01  7.274249e-01  4.256878e+00  8.807072e+00  3.537979e+01  1.058502e+02  3.942821e+02  3.574813e+00  2.471378e+01  2.4866587126802391e+00
      1170  1.4624999999999744e+00  1.2352790478770723e-01  4.6384098943357427e-01  7.318179e-01  4.266747e+00  8.876712e+00  3.563283e+01  1.070441e+02  3.991158e+02  3.595733e+00  2.506233e+01  2.5211403417738323e+00
      1180  1.4749999999999741e+00  1.2351338287887063e-01  4.6556777487534362e-01  7.361340e-01  4.276462e+00  8.945311e+00  3.588265e+01  1.082247e+02  4.039060e+02  3.616596e+00  2.540967e+01  2.5563957891380733e+00
      1190  1.4874999999999738e+00  1.2349880668969893e-01  4.6731492558105459e-01  7.403720e-01  4.286016e+00  9.012833e+00  3.612908e+01  1.093909e+02  4.086481e+02  3.637380e+00  2.575535e+01  2.5924437817639183e+00
      1200  1.4999999999999736e+00  1.2348417558190555e-01  4.6908256181826713e-01  7.445306e-01  4.295403e+00  9.079242e+00  3.637191e+01  1.105418e+02  4.133375e+02  3.658063e+00  2.609893e+01  2.6293035588826479e+00
      1210  1.5124999999999733e+00  1.2346948891344284e-01  4.7087080419335908e-01  7.486085e-01  4.304618e+00  9.144502e+00  3.661096e+01  1.116765e+02  4.179696e+02  3.678625e+00  2.643994e+01  2.6669948849948906e+00
      1220  1.5249999999999730e+00  1.2345474603848858e-01  4.7267977363102165e-01  7.526046e-01  4.313655e+00  9.208576e+00  3.684603e+01  1.127940e+02  4.225397e+02  3.699045e+00  2.677793e+01  2.7055380630819621e+00
      1230  1.5374999999999728e+00  1.2343994630743718e-01  4.7450959135317905e-01  7.565175e-01  4.322507e+00  9.271431e+00  3.707693e+01  1.138933e+02  4.270433e+02  3.719302e+00  2.711245e+01  2.7449539479862812e+00
      1240  1.5499999999999725e+00  1.2342508906689086e-01  4.7636037885733917e-01  7.603462e-01  4.331170e+00  9.333030e+00  3.730349e+01  1.149737e+02  4.314757e+02  3.739376e+00  2.744304e+01  2.7852639599486984e+00
      1250  1.5624999999999722e+00  1.2341017365965196e-01  4.7823225789437540e-01  7.640893e-01  4.339638e+00  9.393340e+00  3.752552e+01  1.160341e+02  4.358324e+02  3.759246e+00  2.776925e+01  2.8264900982868282e+00
      1260  1.5749999999999720e+00  1.2339519942471355e-01  4.8012535044573124e-01  7.677458e-01  4.347905e+00  9.452328e+00  3.774283e+01  1.170736e+02  4.401089e+02  3.778894e+00  2.809061e+01  2.8686549551981404e+00
      1270  1.5874999999999717e+00  1.2338016569725688e-01  4.8203977870004733e-01  7.713145e-01  4.355967e+00  9.509961e+00  3.795526e+01  1.180913e+02  4.443008e+02  3.798301e+00  2.840669e+01  2.9117817296692179e+00
      1280  1.5999999999999714e+00  1.2336507180863730e-01  4.8397566502919354e-01  7.747943e-01  4.363819e+00  9.566206e+00  3.816264e+01  1.190864e+02  4.484036e+02  3.817448e+00  2.871703e+01  2.9558942414710936e+00
      1290  1.6124999999999712e+00  1.2334991708638768e-01  4.8593313196374027e-01  7.781840e-01  4.371456e+00  9.621033e+00  3.836479e+01  1.200580e+02  4.524130e+02  3.836318e+00  2.902121e+01  3.0010169452182547e+00
      1300  1.6249999999999709e+00  1.2333470085420914e-01  4.8791230216785730e-01  7.814827e-01  4.378874e+00  9.674412e+00  3.856155e+01  1.210052e+02  4.563249e+02  3.854892e+00  2.931880e+01  3.0471749444673382e+00
      1310  1.6374999999999706e+00  1.2331942243196636e-01  4.8991329841359460e-01  7.846892e-01  4.386068e+00  9.726312e+00  3.875276e+01  1.219273e+02  4.601351e+02  3.873155e+00  2.960938e+01  3.0943940058291974e+00
      1320  1.6499999999999704e+00  1.2330408113568891e-01  4.9193624355466103e-01  7.878025e-01  4.393034e+00  9.776706e+00  3.893828e+01  1.228235e+02  4.638396e+02  3.891090e+00  2.989253e+01  3.1427005730657105e+00
      1330  1.6624999999999701e+00  1.2328867627756375e-01  4.9398126049962043e-01  7.908217e-01  4.399769e+00  9.825566e+00  3.911796e+01  1.236929e+02  4.674345e+02  3.908682e+00  3.016788e+01  3.1921217811408216e+00
      1340  1.6749999999999698e+00  1.2327320716593937e-01  4.9604847218449377e-01  7.937458e-01  4.406268e+00  9.872866e+00  3.929165e+01  1.245348e+02  4.709160e+02  3.925917e+00  3.043503e+01  3.2426854701925456e+00
      1350  1.6874999999999696e+00  1.2325767310532208e-01  4.9813800154491694e-01  7.965737e-01  4.412529e+00  9.918581e+00  3.945923e+01  1.253486e+02  4.742806e+02  3.942779e+00  3.069362e+01  3.2944201993905695e+00
      1360  1.6999999999999693e+00  1.2324207339637391e-01  5.0024997148771644e-01  7.993046e-01  4.418549e+00  9.962686e+00  3.962056e+01  1.261336e+02  4.775247e+02  3.959258e+00  3.094329e+01  3.3473552606418315e+00
      1370  1.7124999999999690e+00  1.2322640733592141e-01  5.0238450486197272e-01  8.019377e-01  4.424324e+00  1.000516e+01  3.977553e+01  1.268890e+02  4.806452e+02  3.975339e+00  3.118373e+01  3.4015206921026673e+00
      1380  1.7249999999999688e+00  1.2321067421695142e-01  5.0454172442966017e-01  8.044719e-01  4.429852e+00  1.004598e+01  3.992403e+01  1.276144e+02  4.836388e+02  3.991013e+00  3.141461e+01  3.4569472914555837e+00
      1390  1.7374999999999685e+00  1.2319487332861526e-01  5.0672175283579057e-01  8.069066e-01  4.435130e+00  1.008513e+01  4.006594e+01  1.283090e+02  4.865027e+02  4.006268e+00  3.163565e+01  3.5136666289046583e+00
      1400  1.7499999999999682e+00  1.2317900395623746e-01  5.0892471257811578e-01  8.092408e-01  4.440158e+00  1.012258e+01  4.020118e+01  1.289725e+02  4.892340e+02  4.021094e+00  3.184656e+01  3.5717110598410668e+00
      1410  1.7624999999999680e+00  1.2316306538131445e-01  5.1115072597645217e-01  8.114739e-01  4.444932e+00  1.015832e+01  4.032965e+01  1.296043e+02  4.918303e+02  4.035484e+00  3.204710e+01  3.6311137371281399e+00
      1420  1.7749999999999677e+00  1.2314705688152405e-01  5.1339991514161731e-01  8.136050e-01  4.449453e+00  1.019234e+01  4.045127e+01  1.302039e+02  4.942892e+02  4.049430e+00  3.223705e+01  3.6919086229527460e+00
      1430  1.7874999999999674e+00  1.2313097773073214e-01  5.1567240194403885e-01  8.156335e-01  4.453717e+00  1.022462e+01  4.056597e+01  1.307710e+02  4.966085e+02  4.062925e+00  3.241620e+01  3.7541305001863803e+00
      1440  1.7999999999999672e+00  1.2311482719900055e-01  5.1796830798206006e-01  8.175586e-01  4.457726e+00  1.025514e+01  4.067369e+01  1.313051e+02  4.987864e+02  4.075963e+00  3.258438e+01  3.8178149831981671e+00
      1450  1.8124999999999669e+00  1.2309860455259536e-01  5.2028775454997245e-01  8.193797e-01  4.461477e+00  1.028389e+01  4.077438e+01  1.318060e+02  5.008211e+02  4.088540e+00  3.274143e+01  3.8829985280580095e+00
      1460  1.8249999999999666e+00  1.2308230905399820e-01  5.2263086260588532e-01  8.210962e-01  4.464972e+00  1.031087e+01  4.086798e+01  1.322733e+02  5.027112e+02  4.100653e+00  3.288723e+01  3.9497184420671223e+00
      1470  1.8374999999999664e+00  1.2306593996191639e-01  5.2499775273937943e-01  8.227075e-01  4.468210e+00  1.033606e+01  4.095446e+01  1.327068e+02  5.044554e+02  4.112298e+00  3.302168e+01  4.0180128925500282e+00
      1480  1.8499999999999661e+00  1.2304949653129307e-01  5.2738854513907529e-01  8.242129e-01  4.471192e+00  1.035946e+01  4.103380e+01  1.331064e+02  5.060529e+02  4.123475e+00  3.314473e+01  4.0879209148400895e+00
      1490  1.8624999999999658e+00  1.2303297801332710e-01  5.2980335956016644e-01  8.256121e-01  4.473918e+00  1.038107e+01  4.110598e+01  1.334719e+02  5.075027e+02  4.134183e+00  3.325632e+01  4.1594824193894508e+00
      1500  1.8749999999999656e+00  1.2301638365547567e-01  5.3224231529192956e-01  8.269044e-01  4.476390e+00  1.040087e+01  4.117099e+01  1.338031e+02  5.088045e+02  4.144422e+00  3.335645e+01  4.2327381979312477e+00
      1510  1.8874999999999653e+00  1.2299971270148011e-01  5.3470553112534946e-01  8.280894e-01  4.478609e+00  1.041886e+01  4.122883e+01  1.341001e+02  5.099578e+02  4.154196e+00  3.344515e+01  4.3077299286215460e+00
      1520  1.8999999999999651e+00  1.2298296439137706e-01  5.3719312532084951e-01  8.291666e-01  4.480577e+00  1.043504e+01  4.127952e+01  1.343628e+02  5.109628e+02  4.163506e+00  3.352245e+01  4.3845001800867127e+00
      1530  1.9124999999999648e+00  1.2296613796151688e-01  5.3970521557625606e-01  8.301357e-01  4.482296e+00  1.044942e+01  4.132307e+01  1.345914e+02  5.118196e+02  4.172357e+00  3.358843e+01  4.4630924143006192e+00
      1540  1.9249999999999645e+00  1.2294923264457747e-01  5.4224191899510243e-01  8.309962e-01  4.483769e+00  1.046199e+01  4.135951e+01  1.347857e+02  5.125286e+02  4.180754e+00  3.364322e+01  4.5435509882163068e+00
      1550  1.9374999999999643e+00  1.2293224766959084e-01  5.4480335205523633e-01  8.317478e-01  4.484999e+00  1.047276e+01  4.138889e+01  1.349461e+02  5.130906e+02  4.188704e+00  3.368695e+01  4.6259211540750993e+00
      1560  1.9499999999999640e+00  1.2291518226195794e-01  5.4738963057796808e-01  8.323901e-01  4.485988e+00  1.048173e+01  4.141125e+01  1.350726e+02  5.135065e+02  4.196213e+00  3.371978e+01  4.7102490583176388e+00
      1570  1.9624999999999637e+00  1.2289803564346892e-01  5.5000086969775064e-01  8.329229e-01  4.486740e+00  1.048891e+01  4.142665e+01  1.351656e+02  5.137773e+02  4.203291e+00  3.374193e+01  4.7965817390212369e+00
      1580  1.9749999999999635e+00  1.2288080703233029e-01  5.5263718383252081e-01  8.333458e-01  4.487259e+00  1.049430e+01  4.143516e+01  1.352252e+02  5.139046e+02  4.209946e+00  3.375362e+01  4.8849671217875912e+00
      1590  1.9874999999999632e+00  1.2286349564318139e-01  5.5529868665482796e-01  8.336587e-01  4.487550e+00  1.049791e+01  4.143685e+01  1.352517e+02  5.138899e+02  4.216190e+00  3.375511e+01  4.9754540140089354e+00
      1600  1.9999999999999629e+00  1.2284610068712405e-01  5.5798549106379836e-01  8.338613e-01  4.487616e+00  1.049976e+01  4.143181e+01  1.352456e+02  5.137350e+02  4.222035e+00  3.374671e+01  5.0680920974400507e+00
      1610  2.0124999999999647e+00  1.2282862137174100e-01  5.6069770915810802e-01  8.339534e-01  4.487463e+00  1.049985e+01  4.142014e+01  1.352072e+02  5.134420e+02  4.227492e+00  3.372872e+01  5.1629319190082690e+00
      1620  2.0249999999999666e+00  1.2281105690112573e-01  5.6343545221007907e-01  8.339349e-01  4.487095e+00  1.049819e+01  4.140193e+01  1.351369e+02  5.130131e+02  4.232576e+00  3.370150e+01  5.2600248797939386e+00
      1630  2.0374999999999686e+00  1.2279340647590900e-01  5.6619883064094634e-01  8.338056e-01  4.486519e+00  1.049480e+01  4.137731e+01  1.350351e+02  5.124507e+02  4.237303e+00  3.366543e+01  5.3594232221206521e+00
      1640  2.0499999999999705e+00  1.2277566929328453e-01  5.6898795399752822e-01  8.335653e-01  4.485740e+00  1.048970e+01  4.134638e+01  1.349025e+02  5.117575e+02  4.241687e+00  3.362091e+01  5.4611800146959526e+00
      1650  2.0624999999999725e+00  1.2275784454703188e-01  5.7180293093035450e-01  8.332141e-01  4.484765e+00  1.048289e+01  4.130927e+01  1.347395e+02  5.109363e+02  4.245745e+00  3.356839e+01  5.5653491357504894e+00
      1660  2.0749999999999744e+00  1.2273993142755524e-01  5.7464386917343568e-01  8.327517e-01  4.483599e+00  1.047439e+01  4.126613e+01  1.345466e+02  5.099899e+02  4.249496e+00  3.350833e+01  5.6719852541270814e+00
      1670  2.0874999999999764e+00  1.2272192912190089e-01  5.7751087552578806e-01  8.321783e-01  4.482250e+00  1.046423e+01  4.121708e+01  1.343245e+02  5.089217e+02  4.252958e+00  3.344122e+01  5.7811438082788822e+00
      1680  2.0999999999999783e+00  1.2270383681379700e-01  5.8040405583486676e-01  8.314937e-01  4.480725e+00  1.045242e+01  4.116229e+01  1.340738e+02  5.077348e+02  4.256152e+00  3.336758e+01  5.8928809831426374e+00
      1690  2.1124999999999803e+00  1.2268565368367598e-01  5.8332351498206336e-01  8.306979e-01  4.479031e+00  1.043897e+01  4.110191e+01  1.337951e+02  5.064327e+02  4.259097e+00  3.328795e+01  6.0072536848601548e+00
      1700  2.1249999999999822e+00  1.2266737890870741e-01  5.8626935687045134e-01  8.297910e-01  4.477176e+00  1.042392e+01  4.103609e+01  1.334892e+02  5.050190e+02  4.261815e+00  3.320291e+01  6.1243195133291692e+00
      1710  2.1374999999999842e+00  1.2264901166283221e-01  5.8924168441484792e-01  8.287730e-01  4.475168e+00  1.040727e+01  4.096502e+01  1.331566e+02  5.034974e+02  4.264329e+00  3.311306e+01  6.2441367325765356e+00
      1720  2.1499999999999861e+00  1.2263055111678425e-01  5.9224059953452313e-01  8.276439e-01  4.473015e+00  1.038905e+01  4.088887e+01  1.327981e+02  5.018717e+02  4.266661e+00  3.301902e+01  6.3667642389522667e+00
      1730  2.1624999999999881e+00  1.2261199643813347e-01  5.9526620314848966e-01  8.264038e-01  4.470726e+00  1.036927e+01  4.080782e+01  1.324145e+02  5.001458e+02  4.268837e+00  3.292143e+01  6.4922615271572077e+00
      1740  2.1749999999999901e+00  1.2259334679130954e-01  5.9831859517380193e-01  8.250528e-01  4.468310e+00  1.034797e+01  4.072205e+01  1.320064e+02  4.983237e+02  4.270880e+00  3.282097e+01  6.6206886541275782e+00
      1750  2.1874999999999920e+00  1.2257460133763501e-01  6.0139787452684124e-01  8.235910e-01  4.465776e+00  1.032517e+01  4.063176e+01  1.315747e+02  4.964096e+02  4.272816e+00  3.271834e+01  6.7521062008099548e+00
      1760  2.1999999999999940e+00  1.2255575923535411e-01  6.0450413912785583e-01  8.220185e-01  4.463133e+00  1.030087e+01  4.053716e+01  1.311200e+02  4.944075e+02  4.274673e+00  3.261426e+01  6.8865752318748346e+00
      1770  2.2124999999999959e+00  1.2253681963966843e-01  6.0763748590895761e-01  8.203354e-01  4.460391e+00  1.027512e+01  4.043843e+01  1.306433e+02  4.923219e+02  4.276476e+00  3.250947e+01  7.0241572534304417e+00
      1780  2.2249999999999979e+00  1.2251778170276650e-01  6.1079801082566965e-01  8.185420e-01  4.457561e+00  1.024792e+01  4.033579e+01  1.301452e+02  4.901569e+02  4.278253e+00  3.240475e+01  7.1649141688101157e+00
      1790  2.2374999999999998e+00  1.2249864457385078e-01  6.1398580887230603e-01  8.166383e-01  4.454651e+00  1.021931e+01  4.022945e+01  1.296265e+02  4.879168e+02  4.280034e+00  3.230088e+01  7.3089082325254990e+00
      1800  2.2500000000000018e+00  1.2247940739916864e-01  6.1720097410135044e-01  8.146245e-01  4.451674e+00  1.018930e+01  4.011963e+01  1.290880e+02  4.856062e+02  4.281846e+00  3.219870e+01  7.4562020024875064e+00
      1810  2.2625000000000037e+00  1.2246006932204505e-01  6.2044359964696483e-01  8.125008e-01  4.448639e+00  1.015792e+01  4.000654e+01  1.285305e+02  4.832295e+02  4.283720e+00  3.209903e+01  7.6068582906192965e+00
      1820  2.2750000000000057e+00  1.2244062948290604e-01  6.2371377775288073e-01  8.102674e-01  4.445557e+00  1.012519e+01  3.989042e+01  1.279548e+02  4.807909e+02  4.285685e+00  3.200274e+01  7.7609401119952448e+00
      1830  2.2875000000000076e+00  1.2242108701930926e-01  6.2701159980489074e-01  8.079246e-01  4.442440e+00  1.009113e+01  3.977148e+01  1.273617e+02  4.782951e+02  4.287773e+00  3.191072e+01  7.9185106326632102e+00
      1840  2.3000000000000096e+00  1.2240144106596512e-01  6.3033715636808829e-01  8.054725e-01  4.439299e+00  1.005576e+01  3.964996e+01  1.267519e+02  4.757465e+02  4.290014e+00  3.182388e+01  8.0796331163199007e+00
      1850  2.3125000000000115e+00  1.2238169075477159e-01  6.3369053722900837e-01  8.029113e-01  4.436145e+00  1.001910e+01  3.952608e+01  1.261261e+02  4.731496e+02  4.292441e+00  3.174316e+01  8.2443708700291278e+00
      1860  2.3250000000000135e+00  1.2236183521482913e-01  6.3707183144298807e-01  8.002413e-01  4.432991e+00  9.981169e+00  3.940010e+01  1.254851e+02  4.705087e+02  4.295086e+00  3.166953e+01  8.4127871891915049e+00
      1870  2.3375000000000155e+00  1.2234187357246348e-01  6.4048112738686180e-01  7.974628e-01  4.429848e+00  9.941993e+00  3.927223e+01  1.248297e+02  4.678285e+02  4.297980e+00  3.160396e+01  8.5849453019904942e+00
      1880  2.3500000000000174e+00  1.2232180495125057e-01  6.4391851281718449e-01  7.945759e-01  4.426729e+00  9.901587e+00  3.914274e+01  1.241605e+02  4.651132e+02  4.301158e+00  3.154746e+01  8.7609083135617727e+00
      1890  2.3625000000000194e+00  1.2230162847203296e-01  6.4738407493419015e-01  7.915810e-01  4.423646e+00  9.859968e+00  3.901185e+01  1.234783e+02  4.623674e+02  4.304652e+00  3.150108e+01  8.9407391501490281e+00
      1900  2.3750000000000213e+00  1.2228134325293033e-01  6.5087790045172556e-01  7.884784e-01  4.420612e+00  9.817154e+00  3.887982e+01  1.227836e+02  4.595953e+02  4.308496e+00  3.146587e+01  9.1245005035305873e+00
      1910  2.3875000000000233e+00  1.2226094840936386e-01  6.5440007567329284e-01  7.852682e-01  4.417639e+00  9.773159e+00  3.874690e+01  1.220771e+02  4.568015e+02  4.312724e+00  3.144292e+01  9.3122547760197758e+00
      1920  2.4000000000000252e+00  1.2224044305406201e-01  6.5795068657439426e-01  7.819508e-01  4.414740e+00  9.727999e+00  3.861334e+01  1.213595e+02  4.539902e+02  4.317370e+00  3.143335e+01  9.5040640263636043e+00
      1930  2.4125000000000272e+00  1.2221982629706613e-01  6.6152981889142104e-01  7.785265e-01  4.411928e+00  9.681687e+00  3.847938e+01  1.206313e+02  4.511657e+02  4.322470e+00  3.143829e+01  9.6999899168808010e+00
      1940  2.4250000000000291e+00  1.2219909724574463e-01  6.6513755821722453e-01  7.749955e-01  4.409218e+00  9.634235e+00  3.834530e+01  1.198931e+02  4.483323e+02  4.328056e+00  3.145891e+01  9.9000936622047142e+00
      1950  2.4375000000000311e+00  1.2217825500478827e-01  6.6877399010358329e-01  7.713582e-01  4.406621e+00  9.585655e+00  3.821133e+01  1.191453e+02  4.454943e+02  4.334165e+00  3.149641e+01  1.0104435980011729e+01
      1960  2.4500000000000330e+00  1.2215729867621469e-01  6.7243920017071557e-01  7.676149e-01  4.404152e+00  9.535955e+00  3.807776e+01  1.183886e+02  4.426559e+02  4.340831e+00  3.155200e+01  1.0313077044141407e+01
      1970  2.4625000000000350e+00  1.2213622735936079e-01  6.7613327422409641e-01  7.637659e-01  4.401824e+00  9.485143e+00  3.794483e+01  1.176233e+02  4.398212e+02  4.348089e+00  3.162695e+01  1.0526076440528058e+01
      1980  2.4750000000000369e+00  1.2211504015088140e-01  6.7985629837861561e-01  7.598115e-01  4.399652e+00  9.433226e+00  3.781281e+01  1.168497e+02  4.369945e+02  4.355975e+00  3.172252e+01  1.0743493126391275e+01
      1990  2.4875000000000389e+00  1.2209373614472920e-01  6.8360835919040797e-01  7.557520e-01  4.397648e+00  9.380209e+00  3.768198e+01  1.160684e+02  4.341800e+02  4.364522e+00  3.184002e+01  1.0965385393145100e+01
      2000  2.5000000000000409e+00  1.2207231443214163e-01  6.8738954379644812e-01  7.515878e-01  4.395828e+00  9.326094e+00  3.755260e+01  1.152796e+02  4.313816e+02  4.373766e+00  3.198079e+01  1.1191810833510964e+01
      2010  2.5125000000000428e+00  1.2205077410162529e-01  6.9119994006202479e-01  7.473192e-01  4.394204e+00  9.270884e+00  3.742495e+01  1.144836e+02  4.286036e+02  4.383742e+00  3.214618e+01  1.1422826313338714e+01
      2020  2.5250000000000448e+00  1.2202911423892446e-01  6.9503963673635671e-01  7.429465e-01  4.392793e+00  9.214578e+00  3.729931e+01  1.136805e+02  4.258500e+02  4.394485e+00  3.233760e+01  1.1658487948654379e+01
      2030  2.5375000000000467e+00  1.2200733392699564e-01  6.9890872361650869e-01  7.384702e-01  4.391607e+00  9.157172e+00  3.717594e+01  1.128707e+02  4.231251e+02  4.406029e+00  3.255645e+01  1.1898851088483855e+01
      2040  2.5500000000000487e+00  1.2198543224596567e-01  7.0280729171963818e-01  7.338905e-01  4.390661e+00  9.098664e+00  3.705515e+01  1.120541e+02  4.204329e+02  4.418409e+00  3.280418e+01  1.2143970304007249e+01
      2050  2.5625000000000506e+00  1.2196340827310026e-01  7.0673543346389622e-01  7.292079e-01  4.389970e+00  9.039047e+00  3.693722e+01  1.112309e+02  4.177777e+02  4.431658e+00  3.308226e+01  1.2393899384631730e+01
      2060  2.5750000000000526e+00  1.2194126108274826e-01  7.1069324285795199e-01  7.244227e-01  4.389548e+00  8.978312e+00  3.682243e+01  1.104011e+02  4.151635e+02  4.445809e+00  3.339218e+01  1.2648691341578688e+01
      2070  2.5875000000000545e+00  1.2191898974629800e-01  7.1468081569955011e-01  7.195353e-01  4.389410e+00  8.916450e+00  3.671109e+01  1.095646e+02  4.125947e+02  4.460897e+00  3.373546e+01  1.2908398419609998e+01
      2080  2.6000000000000565e+00  1.2189659333210609e-01  7.1869824978282648e-01  7.145461e-01  4.389571e+00  8.853448e+00  3.660350e+01  1.087213e+02  4.100755e+02  4.476954e+00  3.411365e+01  1.3173072117526514e+01
      2090  2.6125000000000584e+00  1.2187407090544125e-01  7.2274564511502393e-01  7.094555e-01  4.390045e+00  8.789292e+00  3.649997e+01  1.078710e+02  4.076104e+02  4.494012e+00  3.452830e+01  1.3442763218103641e+01
      2100  2.6250000000000604e+00  1.2185142152840939e-01  7.2682310414232809e-01  7.042639e-01  4.390847e+00  8.723964e+00  3.640080e+01  1.070134e+02  4.052038e+02  4.512102e+00  3.498099e+01  1.3717521828135132e+01
      2110  2.6375000000000624e+00  1.2182864425987397e-01  7.3093073198518321e-01  6.989717e-01  4.391991e+00  8.657447e+00  3.630631e+01  1.061484e+02  4.028603e+02  4.531256e+00  3.547332e+01  1.3997397429284291e+01
      2120  2.6500000000000643e+00  1.2180573815536853e-01  7.3506863668314848e-01  6.935794e-01  4.393493e+00  8.589719e+00  3.621683e+01  1.052754e+02  4.005845e+02  4.551504e+00  3.600689e+01  1.4282438940455471e+01
      2130  2.6625000000000663e+00  1.2178270226699853e-01  7.3923692944943931e-01  6.880874e-01  4.395366e+00  8.520757e+00  3.613270e+01  1.043940e+02  3.983815e+02  4.572875e+00  3.658334e+01  1.4572694792422634e+01
      2140  2.6750000000000682e+00  1.2175953564334135e-01  7.4343572493524035e-01  6.824962e-01  4.397627e+00  8.450536e+00  3.605423e+01  1.035036e+02  3.962560e+02  4.595398e+00  3.720428e+01  1.4868213015462336e+01
      2150  2.6875000000000702e+00  1.2173623732933260e-01  7.4766514150401453e-01  6.768062e-01  4.400289e+00  8.379029e+00  3.598179e+01  1.026037e+02  3.942135e+02  4.619101e+00  3.787136e+01  1.5169041340768356e+01
      2160  2.7000000000000721e+00  1.2171280636615128e-01  7.5192530151575410e-01  6.710180e-01  4.403367e+00  8.306206e+00  3.591573e+01  1.016936e+02  3.922592e+02  4.644010e+00  3.858619e+01  1.5475227316433951e+01
      2170  2.7125000000000741e+00  1.2168924179108082e-01  7.5621633162157342e-01  6.651321e-01  4.406876e+00  8.232036e+00  3.585640e+01  1.007724e+02  3.903988e+02  4.670152e+00  3.935042e+01  1.5786818438817939e+01
      2180  2.7250000000000760e+00  1.2166554263737596e-01  7.6053836306845135e-01  6.591489e-01  4.410829e+00  8.156484e+00  3.580417e+01  9.983930e+01  3.886384e+02  4.697551e+00  4.016567e+01  1.6103862300117274e+01
      2190  2.7375000000000780e+00  1.2164170793411706e-01  7.6489153201447080e-01  6.530690e-01  4.415242e+00  8.079516e+00  3.575943e+01  9.889335e+01  3.869839e+02  4.726230e+00  4.103354e+01  1.6426406753004542e+01
      2200  2.7500000000000799e+00  1.2161773670604671e-01  7.6927597985460117e-01  6.468930e-01  4.420129e+00  8.001094e+00  3.572257e+01  9.793348e+01  3.854421e+02  4.756213e+00  4.195563e+01  1.6754500093196022e+01
      2210  2.7625000000000819e+00  1.2159362797339968e-01  7.7369185355714931e-01  6.406215e-01  4.425504e+00  7.921178e+00  3.569397e+01  9.695857e+01  3.840197e+02  4.787521e+00  4.293350e+01  1.7088191260842962e+01
      2220  2.7750000000000838e+00  1.2156938075172920e-01  7.7813930601104575e-01  6.342550e-01  4.431380e+00  7.839727e+00  3.567405e+01  9.596736e+01  3.827240e+02  4.820173e+00  4.396871e+01  1.7427530061665372e+01
      2230  2.7875000000000858e+00  1.2154499405171110e-01  7.8261849638394920e-01  6.277941e-01  4.437773e+00  7.756698e+00  3.566322e+01  9.495854e+01  3.815627e+02  4.854190e+00  4.506276e+01  1.7772567408759517e+01
      2240  2.8000000000000878e+00  1.2152046687894673e-01  7.8712959049156561e-01  6.212396e-01  4.444695e+00  7.672048e+00  3.566192e+01  9.393066e+01  3.805439e+02  4.889588e+00  4.621713e+01  1.8123355586044347e+01
      2250  2.8125000000000897e+00  1.2149579823374659e-01  7.9167276117806695e-01  6.145921e-01  4.452159e+00  7.585729e+00  3.567059e+01  9.288221e+01  3.796761e+02  4.926385e+00  4.743326e+01  1.8479948534328340e+01
      2260  2.8250000000000917e+00  1.2147098711089555e-01  7.9624818870779634e-01  6.078523e-01  4.460181e+00  7.497695e+00  3.568967e+01  9.181154e+01  3.789684e+02  4.964595e+00  4.871253e+01  1.8842402161018789e+01
      2270  2.8375000000000936e+00  1.2144603249943739e-01  8.0085606116850583e-01  6.010209e-01  4.468772e+00  7.407897e+00  3.571963e+01  9.071693e+01  3.784305e+02  5.004233e+00  5.005627e+01  1.9210774674498062e+01
      2280  2.8500000000000956e+00  1.2142093338240095e-01  8.0549657488626736e-01  5.940986e-01  4.477945e+00  7.316287e+00  3.576094e+01  8.959653e+01  3.780725e+02  5.045311e+00  5.146578e+01  1.9585126944247996e+01
      2290  2.8625000000000975e+00  1.2139568873654971e-01  8.1016993485188749e-01  5.870864e-01  4.487713e+00  7.222814e+00  3.581409e+01  8.844843e+01  3.779052e+02  5.087844e+00  5.294228e+01  1.9965522887822161e+01
      2300  2.8750000000000995e+00  1.2137029753209591e-01  8.1487635515948253e-01  5.799848e-01  4.498088e+00  7.127427e+00  3.587956e+01  8.727057e+01  3.779402e+02  5.131840e+00  5.448694e+01  2.0352029885787495e+01
      2310  2.8875000000001014e+00  1.2134475873241901e-01  8.1961605945692895e-01  5.727950e-01  4.509083e+00  7.030076e+00  3.595788e+01  8.606081e+01  3.781895e+02  5.177311e+00  5.610087e+01  2.0744719225819072e+01
      2320  2.9000000000001034e+00  1.2131907129374850e-01  8.2438928140853474e-01  5.655176e-01  4.520709e+00  6.930710e+00  3.604956e+01  8.481692e+01  3.786659e+02  5.224267e+00  5.778512e+01  2.1143666577139943e+01
      2330  2.9125000000001053e+00  1.2129323416485165e-01  8.2919626517008704e-01  5.581537e-01  4.532977e+00  6.829276e+00  3.615512e+01  8.353656e+01  3.793830e+02  5.272717e+00  5.954069e+01  2.1548952496559778e+01
      2340  2.9250000000001073e+00  1.2126724628669602e-01  8.3403726587623006e-01  5.507041e-01  4.545900e+00  6.725726e+00  3.627510e+01  8.221731e+01  3.803551e+02  5.322670e+00  6.136851e+01  2.1960662967396296e+01
      2350  2.9375000000001092e+00  1.2124110659209412e-01  8.3891255014071175e-01  5.431700e-01  4.559486e+00  6.620008e+00  3.641007e+01  8.085663e+01  3.815974e+02  5.374135e+00  6.326948e+01  2.2378889972614669e+01
      2360  2.9500000000001112e+00  1.2121481400534767e-01  8.4382239656911429e-01  5.355524e-01  4.573747e+00  6.512073e+00  3.656056e+01  7.945192e+01  3.831258e+02  5.427122e+00  6.524446e+01  2.2803732103562321e+01
      2370  2.9625000000001132e+00  1.2118836744185230e-01  8.4876709628466118e-01  5.278523e-01  4.588693e+00  6.401875e+00  3.672716e+01  7.800050e+01  3.849570e+02  5.481641e+00  6.729426e+01  2.3235295205737270e+01
      2380  2.9750000000001151e+00  1.2116176580770470e-01  8.5374695346692120e-01  5.200709e-01  4.604334e+00  6.289366e+00  3.691043e+01  7.649960e+01  3.871086e+02  5.537702e+00  6.941971e+01  2.3673693063065734e+01
      2390  2.9875000000001171e+00  1.2113500799928420e-01  8.5876228590370574e-01  5.122094e-01  4.620677e+00  6.174502e+00  3.711096e+01  7.494639e+01  3.895990e+02  5.595318e+00  7.162160e+01  2.4119048122246618e+01
      2400  3.0000000000001190e+00  1.2110809290282118e-01  8.6381342555609042e-01  5.042690e-01  4.637732e+00  6.057242e+00  3.732934e+01  7.333798e+01  3.924477e+02  5.654503e+00  7.390079e+01  2.4571492258744961e+01
      2410  3.0125000000001210e+00  1.2108101939394175e-01  8.6890071913663469e-01  4.962511e-01  4.655508e+00  5.937546e+00  3.756615e+01  7.167143e+01  3.956748e+02  5.715275e+00  7.625814e+01  2.5031167586114989e+01
      2420  3.0250000000001229e+00  1.2105378633720060e-01  8.7402452870110792e-01  4.881569e-01  4.674011e+00  5.815378e+00  3.782200e+01  6.994379e+01  3.993013e+02  5.777652e+00  7.869461e+01  2.5498227310370282e+01
      2430  3.0375000000001249e+00  1.2102639258559061e-01  8.7918523225324652e-01  4.799880e-01  4.693250e+00  5.690704e+00  3.809748e+01  6.815203e+01  4.033491e+02  5.841659e+00  8.121128e+01  2.5972836631190390e+01
      2440  3.0500000000001268e+00  1.2099883698003279e-01  8.8438322436283978e-01  4.717457e-01  4.713231e+00  5.563496e+00  3.839319e+01  6.629317e+01  4.078410e+02  5.907323e+00  8.380936e+01  2.6455173691827746e+01
      2450  3.0625000000001288e+00  1.2097111834885388e-01  8.8961891679699923e-01  4.634316e-01  4.733959e+00  5.433730e+00  3.870974e+01  6.436419e+01  4.128004e+02  5.974677e+00  8.649025e+01  2.6945430579633438e+01
      2460  3.0750000000001307e+00  1.2094323550723507e-01  8.9489273916430234e-01  4.550473e-01  4.755442e+00  5.301384e+00  3.904771e+01  6.236212e+01  4.182517e+02  6.043761e+00  8.925562e+01  2.7443814379186151e+01
      2470  3.0875000000001327e+00  1.2091518725664337e-01  9.0020513957166659e-01  4.465944e-01  4.777683e+00  5.166444e+00  3.940770e+01  6.028402e+01  4.242197e+02  6.114619e+00  9.210740e+01  2.7950548280078507e+01
      2480  3.1000000000001346e+00  1.2088697238424713e-01  9.0555658529364813e-01  4.380748e-01  4.800688e+00  5.028900e+00  3.979029e+01  5.812701e+01  4.307302e+02  6.187306e+00  9.504792e+01  2.8465872741461212e+01
      2490  3.1125000000001366e+00  1.2085858966230291e-01  9.1094756345370009e-01  4.294901e-01  4.824462e+00  4.888748e+00  4.019607e+01  5.588829e+01  4.378093e+02  6.261886e+00  9.807994e+01  2.8990046715502132e+01
      2500  3.1250000000001386e+00  1.2083003784752624e-01  9.1637858171679287e-01  4.208423e-01  4.849006e+00  4.745990e+00  4.062559e+01  5.356517e+01  4.454838e+02  6.338432e+00  1.012067e+02  2.9523348931963511e+01
      2510  3.1375000000001405e+00  1.2080131568044594e-01  9.2185016899277517e-01  4.121334e-01  4.874325e+00  4.600637e+00  4.107943e+01  5.115511e+01  4.537810e+02  6.417029e+00  1.044321e+02  3.0066079246122250e+01
      2520  3.1500000000001425e+00  1.2077242188470619e-01  9.2736287614965751e-01  4.033653e-01  4.900421e+00  4.452704e+00  4.155810e+01  4.865569e+01  4.627282e+02  6.497777e+00  1.077608e+02  3.0618560052286355e+01
      2530  3.1625000000001444e+00  1.2074335516639914e-01  9.3291727673575653e-01  3.945401e-01  4.927296e+00  4.302215e+00  4.206216e+01  4.606470e+01  4.723533e+02  6.580788e+00  1.111981e+02  3.1181137765144410e+01
      2540  3.1750000000001464e+00  1.2071411421331955e-01  9.3851396770955287e-01  3.856602e-01  4.954952e+00  4.149202e+00  4.259209e+01  4.338014e+01  4.826841e+02  6.666192e+00  1.147504e+02  3.1754184371188252e+01
      2550  3.1875000000001483e+00  1.2068469769424311e-01  9.4415357017561075e-01  3.767276e-01  4.983389e+00  3.993705e+00  4.314839e+01  4.060026e+01  4.937484e+02  6.754140e+00  1.184251e+02  3.2338099052359965e+01
      2560  3.2000000000001503e+00  1.2065510425813661e-01  9.4983673012536829e-01  3.677449e-01  5.012608e+00  3.835772e+00  4.373152e+01  3.772358e+01  5.055738e+02  6.844801e+00  1.222310e+02  3.2933309884028716e+01
      2570  3.2125000000001522e+00  1.2062533253339316e-01  9.5556411918020223e-01  3.587145e-01  5.042609e+00  3.675462e+00  4.434193e+01  3.474893e+01  5.181878e+02  6.938366e+00  1.261783e+02  3.3540275609258060e+01
      2580  3.2250000000001542e+00  1.2059538112700133e-01  9.6133643533501134e-01  3.496388e-01  5.073390e+00  3.512841e+00  4.498003e+01  3.167550e+01  5.316173e+02  7.035056e+00  1.302786e+02  3.4159487491161471e+01
      2590  3.2375000000001561e+00  1.2056524862372106e-01  9.6715440369950767e-01  3.405206e-01  5.104952e+00  3.347985e+00  4.564620e+01  2.850283e+01  5.458886e+02  7.135116e+00  1.345456e+02  3.4791471244926967e+01
      2600  3.2500000000001581e+00  1.2053493358521780e-01  9.7301877723420716e-01  3.313626e-01  5.137293e+00  3.180980e+00  4.634082e+01  2.523089e+01  5.610273e+02  7.238827e+00  1.389952e+02  3.5436789050792058e+01
      2610  3.2625000000001600e+00  1.2050443454918119e-01  9.7893033747775748e-01  3.221675e-01  5.170411e+00  3.011924e+00  4.706420e+01  2.186011e+01  5.770579e+02  7.346502e+00  1.436457e+02  3.6096041648898591e+01
      2620  3.2750000000001620e+00  1.2047375002842417e-01  9.8488989526191717e-01  3.129383e-01  5.204303e+00  2.840921e+00  4.781665e+01  1.839138e+01  5.940041e+02  7.458494e+00  1.485181e+02  3.6769870516507495e+01
      2630  3.2875000000001640e+00  1.2044287850995908e-01  9.9089829140959074e-01  3.036779e-01  5.238966e+00  2.668089e+00  4.859844e+01  1.482613e+01  6.118881e+02  7.575201e+00  1.536370e+02  3.7458960127490499e+01
      2640  3.3000000000001659e+00  1.2041181845404431e-01  9.9695639741142927e-01  2.943896e-01  5.274399e+00  2.493555e+00  4.940979e+01  1.116634e+01  6.307307e+02  7.697067e+00  1.590305e+02  3.8164040293354290e+01
      2650  3.3125000000001679e+00  1.2038056829321228e-01  1.0030651160753168e+00  2.850764e-01  5.310596e+00  2.317456e+00  5.025091e+01  7.414573e+00  6.505513e+02  7.824590e+00  1.647314e+02  3.8885888584258836e+01
      2660  3.3250000000001698e+00  1.2034912643129186e-01  1.0092253821431221e+00  2.757417e-01  5.347555e+00  2.139941e+00  5.112197e+01  3.574010e+00  6.713674e+02  7.958330e+00  1.707772e+02  3.9625332827495896e+01
      2670  3.3375000000001718e+00  1.2031749124239627e-01  1.0154381628677034e+00  2.663887e-01  5.385272e+00  1.961169e+00  5.202310e+01 -3.515075e-01  6.931949e+02  8.098909e+00  1.772120e+02  4.0383253679796418e+01
      2680  3.3500000000001737e+00  1.2028566106988806e-01  1.0217044585437742e+00  2.570211e-01  5.423743e+00  1.781307e+00  5.295442e+01 -4.357460e+00  7.160475e+02  8.247026e+00  1.840866e+02  4.1160587268457306e+01
      2690  3.3625000000001757e+00  1.2025363422536936e-01  1.0280253029837267e+00  2.476423e-01  5.462962e+00  1.600537e+00  5.391599e+01 -8.438621e+00  7.399371e+02  8.403461e+00  1.914603e+02  4.1958327894730729e+01
      2700  3.3750000000001776e+00  1.2022140898758923e-01  1.0344017639311374e+00  2.382560e-01  5.502926e+00  1.419046e+00  5.490786e+01 -1.258903e+01  7.648733e+02  8.569083e+00  1.994023e+02  4.2777530791083777e+01
      2710  3.3875000000001796e+00  1.2018898360140323e-01  1.0408349434018134e+00  2.288659e-01  5.543630e+00  1.237034e+00  5.593006e+01 -1.680197e+01  7.908638e+02  8.744864e+00  2.079934e+02  4.3619314921822280e+01
      2720  3.4000000000001815e+00  1.2015635627669546e-01  1.0473259779433111e+00  2.194758e-01  5.585069e+00  1.054709e+00  5.698259e+01 -2.106995e+01  8.179140e+02  8.931886e+00  2.173286e+02  4.4484865814204966e+01
      2730  3.4125000000001835e+00  1.2012352518728350e-01  1.0538760388023505e+00  2.100896e-01  5.627238e+00  8.722898e-01  5.806541e+01 -2.538470e+01  8.460272e+02  9.131356e+00  2.275195e+02  4.5375438404386614e+01
      2740  3.4250000000001855e+00  1.2009048846985165e-01  1.0604863319893125e+00  2.007112e-01  5.670133e+00  6.900017e-01  5.917850e+01 -2.973716e+01  8.752047e+02  9.344619e+00  2.386975e+02  4.6292359879511118e+01
      2750  3.4375000000001874e+00  1.2005724422285000e-01  1.0671580982284841e+00  1.913447e-01  5.713749e+00  5.080789e-01  6.032180e+01 -3.411745e+01  9.054461e+02  9.573171e+00  2.510182e+02  4.7237032493849000e+01
      2760  3.4500000000001894e+00  1.2002379050542097e-01  1.0738926127820283e+00  1.819943e-01  5.758082e+00  3.267630e-01  6.149525e+01 -3.851490e+01  9.367488e+02  9.818677e+00  2.646654e+02  4.8210936333146783e+01
      2770  3.4625000000001913e+00  1.1999012533631223e-01  1.0806911851363803e+00  1.726639e-01  5.803126e+00  1.463023e-01  6.269879e+01 -4.291806e+01  9.691090e+02  1.008299e+01  2.798574e+02  4.9215631997277569e+01
      2780  3.4750000000001933e+00  1.1995624669283368e-01  1.0875551585382390e+00  1.633578e-01  5.848878e+00 -3.304905e-02  6.393235e+01 -4.731467e+01  1.002522e+03  1.036815e+01  2.968534e+02  5.0252763167035653e+01
      2790  3.4875000000001952e+00  1.1992215250980037e-01  1.0944859093684487e+00  1.540803e-01  5.895334e+00 -2.110320e-01  6.519589e+01 -5.169173e+01  1.036980e+03  1.067644e+01  3.159615e+02  5.1324059016312667e+01
      2800  3.5000000000001972e+00  1.1988784067850508e-01  1.1014848463417670e+00  1.448357e-01  5.942490e+00 -3.873832e-01  6.648936e+01 -5.603551e+01  1.072478e+03  1.101037e+01  3.375484e+02  5.2431336426340849e+01
      2810  3.5125000000001991e+00  1.1985330904573346e-01  1.1085534095214495e+00  1.356283e-01  5.990342e+00 -5.618367e-01  6.781275e+01 -6.033155e+01  1.109009e+03  1.137272e+01  3.620505e+02  5.3576501954011292e+01
      2820  3.5250000000002011e+00  1.1981855541278150e-01  1.1156930691376445e+00  1.264623e-01  6.038887e+00 -7.341244e-01  6.916606e+01 -6.456477e+01  1.146566e+03  1.176655e+01  3.899868e+02  5.4761553501729111e+01
      2830  3.5375000000002030e+00  1.1978357753457521e-01  1.1229053241995683e+00  1.173422e-01  6.088123e+00 -9.039778e-01  7.054934e+01 -6.871945e+01  1.185143e+03  1.219523e+01  4.219746e+02  5.5988581632133943e+01
      2840  3.5500000000002050e+00  1.1974837311875609e-01  1.1301917008937568e+00  1.082724e-01  6.138048e+00 -1.071129e+00  7.196268e+01 -7.277934e+01  1.224735e+03  1.266243e+01  4.587467e+02  5.7259770467116539e+01
      2850  3.5625000000002069e+00  1.1971293982486911e-01  1.1375537507601532e+00  9.925709e-02  6.188659e+00 -1.235312e+00  7.340620e+01 -7.672771e+01  1.265342e+03  1.317218e+01  5.011718e+02  5.8577398107539565e+01
      2860  3.5750000000002089e+00  1.1967727526361636e-01  1.1449930486419120e+00  9.030072e-02  6.239955e+00 -1.396266e+00  7.488012e+01 -8.054740e+01  1.306963e+03  1.372887e+01  5.502771e+02  5.9943836507713158e+01
      2870  3.5875000000002109e+00  1.1964137699614831e-01  1.1525111904042680e+00  8.140761e-02  6.291936e+00 -1.553733e+00  7.638467e+01 -8.422098e+01  1.349602e+03  1.433725e+01  6.072742e+02  6.1361550737407541e+01
      2880  3.6000000000002128e+00  1.1960524253345878e-01  1.1601097904219997e+00  7.258203e-02  6.344602e+00 -1.707463e+00  7.792020e+01 -8.773077e+01  1.393268e+03  1.500244e+01  6.735872e+02  6.2833097564079267e+01
      2890  3.6125000000002148e+00  1.1956886933583066e-01  1.1677904788370448e+00  6.382826e-02  6.397951e+00 -1.857216e+00  7.948709e+01 -9.105899e+01  1.437974e+03  1.572997e+01  7.508839e+02  6.4361123289244858e+01
      2900  3.6250000000002167e+00  1.1953225481240687e-01  1.1755548985892861e+00  5.515051e-02  6.451986e+00 -2.002761e+00  8.108584e+01 -9.418786e+01  1.483739e+03  1.652570e+01  8.411089e+02  6.5948360775582557e+01
      2910  3.6375000000002187e+00  1.1949539632083961e-01  1.1834047022277203e+00  4.655295e-02  6.506707e+00 -2.143879e+00  8.271701e+01 -9.709975e+01  1.530588e+03  1.739590e+01  9.465185e+02  6.7597625605546355e+01
      2920  3.6500000000002206e+00  1.1945829116703000e-01  1.1913415485112875e+00  3.803969e-02  6.562117e+00 -2.280365e+00  8.438127e+01 -9.977726e+01  1.578555e+03  1.834717e+01  1.069717e+03  6.9311811317944617e+01
      2930  3.6625000000002226e+00  1.1942093660500042e-01  1.1993670988116942e+00  2.961476e-02  6.618216e+00 -2.412030e+00  8.607936e+01 -1.022034e+02  1.627679e+03  1.938642e+01  1.213692e+03  7.1093883676199397e+01
      2940  3.6750000000002245e+00  1.1938332983685387e-01  1.2074830133333703e+00  2.128216e-02  6.675007e+00 -2.538703e+00  8.781214e+01 -1.043619e+02  1.678009e+03  2.052082e+01  1.381851e+03  7.2946873930519786e+01
      2950  3.6875000000002265e+00  1.1934546801290075e-01  1.2156909471678179e+00  1.304580e-02  6.732493e+00 -2.660231e+00  8.958052e+01 -1.062368e+02  1.729604e+03  2.175778e+01  1.578049e+03  7.4873871046149787e+01
      2960  3.7000000000002284e+00  1.1930734823186506e-01  1.2239925462038896e+00  4.909530e-03  6.790677e+00 -2.776484e+00  9.138553e+01 -1.078135e+02  1.782530e+03  2.310484e+01  1.806620e+03  7.6878012880764430e+01
      2970  3.7125000000002304e+00  1.1926896754123267e-01  1.2323894429154645e+00 -3.122880e-03  6.849560e+00 -2.887351e+00  9.322825e+01 -1.090781e+02  1.836864e+03  2.456960e+01  2.072394e+03  7.8962476305937315e+01
      2980  3.7250000000002323e+00  1.1923032293775102e-01  1.2408832520527873e+00 -1.104771e-02  6.909145e+00 -2.992747e+00  9.510986e+01 -1.100181e+02  1.892691e+03  2.615962e+01  2.380707e+03  8.1130466280048338e+01
      2990  3.7375000000002343e+00  1.1919141136804319e-01  1.2494755662623391e+00 -1.886130e-02  6.969434e+00 -3.092611e+00  9.703157e+01 -1.106222e+02  1.950106e+03  2.788233e+01  2.737399e+03  8.3385203892865263e+01
      3000  3.7500000000002363e+00  1.1915222972937387e-01  1.2581679516657527e+00 -2.656005e-02  7.030428e+00 -3.186908e+00  9.899463e+01 -1.108808e+02  2.009215e+03  2.974487e+01  3.148801e+03  8.5729913415119100e+01
      3010  3.7625000000002382e+00  1.1911277487053362e-01  1.2669619434255672e+00 -3.414039e-02  7.092127e+00 -3.275629e+00  1.010003e+02 -1.107860e+02  2.070128e+03  3.175399e+01  3.621697e+03  8.8167808399336806e+01
      3020  3.7750000000002402e+00  1.1907304359289289e-01  1.2758590413274233e+00 -4.159877e-02  7.154530e+00 -3.358791e+00  1.030499e+02 -1.103316e+02  2.132965e+03  3.391587e+01  4.163273e+03  9.0702076891041514e+01
      3030  3.7875000000002421e+00  1.1903303265156681e-01  1.2848607054112615e+00 -4.893167e-02  7.217634e+00 -3.436438e+00  1.051447e+02 -1.095135e+02  2.197851e+03  3.623600e+01  4.781045e+03  9.3335865821819866e+01
      3040  3.8000000000002441e+00  1.1899273875672417e-01  1.2939683516796241e+00 -5.613553e-02  7.281434e+00 -3.508639e+00  1.072858e+02 -1.083299e+02  2.264915e+03  3.871903e+01  5.482766e+03  9.6072264667723672e+01
      3050  3.8125000000002460e+00  1.1895215857503781e-01  1.3031833479136008e+00 -6.320678e-02  7.345925e+00 -3.575491e+00  1.094743e+02 -1.067809e+02  2.334290e+03  4.136858e+01  6.276302e+03  9.8914288467995192e+01
      3060  3.8250000000002480e+00  1.1891128873124274e-01  1.3125070096258100e+00 -7.014178e-02  7.411096e+00 -3.637112e+00  1.117112e+02 -1.048693e+02  2.406107e+03  4.418713e+01  7.169503e+03  1.0186486031000078e+02
      3070  3.8375000000002499e+00  1.1887012580985029e-01  1.3219405961771578e+00 -7.693680e-02  7.476935e+00 -3.693641e+00  1.139973e+02 -1.026000e+02  2.480494e+03  4.717588e+01  8.170037e+03  1.0492679339665287e+02
      3080  3.8500000000002519e+00  1.1882866635692074e-01  1.3314853070829118e+00 -8.358797e-02  7.543425e+00 -3.745240e+00  1.163331e+02 -9.998055e+01  2.557575e+03  5.033460e+01  9.285222e+03  1.0810277282267199e+02
      3090  3.8625000000002538e+00  1.1878690688203955e-01  1.3411422785323315e+00 -9.009126e-02  7.610548e+00 -3.792084e+00  1.187189e+02 -9.702090e+01  2.637464e+03  5.366156e+01  1.052183e+04  1.1139533719539261e+02
      3100  3.8750000000002558e+00  1.1874484386032001e-01  1.3509125801419830e+00 -9.644245e-02  7.678278e+00 -3.834362e+00  1.211547e+02 -9.373336e+01  2.720262e+03  5.715341e+01  1.188590e+04  1.1480686024493468e+02
      3110  3.8875000000002577e+00  1.1870247373452003e-01  1.3607972119601137e+00 -1.026370e-01  7.746587e+00 -3.872271e+00  1.236401e+02 -9.013260e+01  2.806053e+03  6.080515e+01  1.338253e+04  1.1833953257710809e+02
      3120  3.9000000000002597e+00  1.1865979291729561e-01  1.3707971017376961e+00 -1.086702e-01  7.815440e+00 -3.906011e+00  1.261743e+02 -8.623544e+01  2.894901e+03  6.461007e+01  1.501567e+04  1.2199534373047288e+02
      3130  3.9125000000002617e+00  1.1861679779345206e-01  1.3809131024749717e+00 -1.145369e-01  7.884797e+00 -3.935780e+00  1.287560e+02 -8.206072e+01  2.986844e+03  6.855974e+01  1.678795e+04  1.2577606470613065e+02
      3140  3.9250000000002636e+00  1.1857348472236651e-01  1.3911459902507004e+00 -1.202315e-01  7.954612e+00 -3.961766e+00  1.313835e+02 -7.762901e+01  3.081890e+03  7.264405e+01  1.870050e+04  1.2968323114533734e+02
      3150  3.9375000000002656e+00  1.1852985004037649e-01  1.4014964623349919e+00 -1.257478e-01  8.024834e+00 -3.984143e+00  1.340543e+02 -7.296231e+01  3.180013e+03  7.685125e+01  2.075278e+04  1.3371812733484978e+02
      3160  3.9500000000002675e+00  1.1848589006328543e-01  1.4119651355828871e+00 -1.310795e-01  8.095402e+00 -4.003062e+00  1.367655e+02 -6.808369e+01  3.281147e+03  8.116801e+01  2.294246e+04  1.3788177122357087e+02
      3170  3.9625000000002695e+00  1.1844160108890690e-01  1.4225525450987693e+00 -1.362192e-01  8.166251e+00 -4.018643e+00  1.395133e+02 -6.301685e+01  3.385186e+03  8.557954e+01  2.526530e+04  1.4217490063483166e+02
      3180  3.9750000000002714e+00  1.1839697939962518e-01  1.4332591431590984e+00 -1.411590e-01  8.237308e+00 -4.030967e+00  1.422936e+02 -5.778565e+01  3.491975e+03  9.006966e+01  2.771511e+04  1.4659796085756736e+02
      3190  3.9875000000002734e+00  1.1835202126498645e-01  1.4440852983712129e+00 -1.458905e-01  8.308494e+00 -4.040068e+00  1.451012e+02 -5.241354e+01  3.601308e+03  9.462103e+01  3.028369e+04  1.5115109379441799e+02
      3200  4.0000000000002753e+00  1.1830672294435027e-01  1.4550312950450230e+00 -1.504042e-01  8.379720e+00 -4.045926e+00  1.479303e+02 -4.692303e+01  3.712929e+03  9.921519e+01  3.296082e+04  1.5583412883611066e+02
      3210  4.0125000000002728e+00  1.1826108068951777e-01  1.4660973327429858e+00 -1.546898e-01  8.450894e+00 -4.048457e+00  1.507746e+02 -4.133505e+01  3.826525e+03  1.038328e+02  3.573434e+04  1.6064657561855137e+02
      3220  4.0250000000002704e+00  1.1821509074736333e-01  1.4772835259749368e+00 -1.587362e-01  8.521914e+00 -4.047508e+00  1.536267e+02 -3.566839e+01  3.941730e+03  1.084539e+02  3.859020e+04  1.6558761880031619e+02
      3230  4.0375000000002679e+00  1.1816874936252644e-01  1.4885899039919384e+00 -1.625312e-01  8.592675e+00 -4.042849e+00  1.564787e+02 -2.993912e+01  4.058121e+03  1.130578e+02  4.151257e+04  1.7065611497558194e+02
      3240  4.0500000000002654e+00  1.1812205278005125e-01  1.5000164106343086e+00 -1.660618e-01  8.663062e+00 -4.034170e+00  1.593222e+02 -2.416006e+01  4.175223e+03  1.176236e+02  4.448399e+04  1.7585059180770918e+02
      3250  4.0625000000002629e+00  1.1807499724809228e-01  1.5115629041828091e+00 -1.693138e-01  8.732960e+00 -4.021075e+00  1.621480e+02 -1.834034e+01  4.292512e+03  1.221302e+02  4.748559e+04  1.8116924943508957e+02
      3260  4.0750000000002604e+00  1.1802757902053192e-01  1.5232291571573577e+00 -1.722722e-01  8.802249e+00 -4.003087e+00  1.649467e+02 -1.248508e+01  4.409421e+03  1.265566e+02  5.049723e+04  1.8660996416063912e+02
      3270  4.0875000000002579e+00  1.1797979435973657e-01  1.5350148560089185e+00 -1.749208e-01  8.870805e+00 -3.979642e+00  1.677083e+02 -6.595261e+00  4.525345e+03  1.308820e+02  5.349784e+04  1.9217029439231837e+02
      3280  4.1000000000002554e+00  1.1793163953917965e-01  1.5469196006468859e+00 -1.772427e-01  8.938505e+00 -3.950101e+00  1.704229e+02 -6.677437e-01  4.639655e+03  1.350861e+02  5.646563e+04  1.9784748875393981e+02
      3290  4.1125000000002530e+00  1.1788311084620512e-01  1.5589429037474769e+00 -1.792200e-01  9.005228e+00 -3.913755e+00  1.730804e+02  5.304477e+00  4.751708e+03  1.391492e+02  5.937838e+04  2.0363849623483213e+02
      3300  4.1250000000002505e+00  1.1783420458474705e-01  1.5710841897894245e+00 -1.808341e-01  9.070855e+00 -3.869837e+00  1.756709e+02  1.133176e+01  4.860859e+03  1.430523e+02  6.221381e+04  2.0953997819528621e+02
      3310  4.1375000000002480e+00  1.1778491707807898e-01  1.5833427937683737e+00 -1.820658e-01  9.135273e+00 -3.817539e+00  1.781853e+02  1.742709e+01  4.966483e+03  1.467778e+02  6.494988e+04  2.1554832199439642e+02
      3320  4.1500000000002455e+00  1.1773524467169111e-01  1.5957179595506092e+00 -1.828956e-01  9.198381e+00 -3.756031e+00  1.806149e+02  2.360505e+01  5.067985e+03  1.503090e+02  6.756511e+04  2.2165965595911439e+02
      3330  4.1625000000002430e+00  1.1768518373610337e-01  1.6082088378301531e+00 -1.833036e-01  9.260084e+00 -3.684482e+00  1.829521e+02  2.988071e+01  5.164827e+03  1.536309e+02  7.003897e+04  2.2786986537258360e+02
      3340  4.1750000000002405e+00  1.1763473066986233e-01  1.6208144836698624e+00 -1.832703e-01  9.320308e+00 -3.602086e+00  1.851906e+02  3.626826e+01  5.256541e+03  1.567300e+02  7.235217e+04  2.3417460912703694e+02
      3350  4.1875000000002380e+00  1.1758388190251888e-01  1.6335338536161186e+00 -1.827763e-01  9.378991e+00 -3.508088e+00  1.873258e+02  4.277969e+01  5.342751e+03  1.595946e+02  7.448700e+04  2.4056933666679697e+02
      3360  4.2000000000002355e+00  1.1753263389782399e-01  1.6463658023914958e+00 -1.818030e-01  9.436098e+00 -3.401809e+00  1.893548e+02  4.942350e+01  5.423187e+03  1.622152e+02  7.642762e+04  2.4704930484210539e+02
      3370  4.2125000000002331e+00  1.1748098315688210e-01  1.6593090791883063e+00 -1.803328e-01  9.491613e+00 -3.282667e+00  1.912767e+02  5.620364e+01  5.497702e+03  1.645841e+02  7.816029e+04  2.5360959430936106e+02
      3380  4.2250000000002306e+00  1.1742892622159321e-01  1.6723623235984371e+00 -1.783494e-01  9.545548e+00 -3.150202e+00  1.930931e+02  6.311877e+01  5.566278e+03  1.666959e+02  7.967359e+04  2.6024512515053971e+02
      3390  4.2375000000002281e+00  1.1737645967805370e-01  1.6855240612370264e+00 -1.758384e-01  9.597943e+00 -3.004084e+00  1.948075e+02  7.016206e+01  5.629034e+03  1.685476e+02  8.095857e+04  2.6695067144721804e+02
      3400  4.2500000000002256e+00  1.1732358016029559e-01  1.6987926991306277e+00 -1.727873e-01  9.648868e+00 -2.844124e+00  1.964261e+02  7.732150e+01  5.686223e+03  1.701383e+02  8.200882e+04  2.7372087463295895e+02
      3410  4.2625000000002231e+00  1.1727028435395292e-01  1.7121665209592749e+00 -1.691857e-01  9.698420e+00 -2.670263e+00  1.979569e+02  8.458096e+01  5.738224e+03  1.714693e+02  8.282055e+04  2.8055025556155886e+02
      3420  4.2750000000002206e+00  1.1721656900027916e-01  1.7256436822529395e+00 -1.650260e-01  9.746725e+00 -2.482566e+00  1.994104e+02  9.192186e+01  5.785530e+03  1.725443e+02  8.339255e+04  2.8743322536196877e+02
      3430  4.2875000000002181e+00  1.1716243090016754e-01  1.7392222056579185e+00 -1.603031e-01  9.793937e+00 -2.281189e+00  2.007983e+02  9.932547e+01  5.828732e+03  1.733686e+02  8.372615e+04  2.9436409530193407e+02
      3440  4.3000000000002156e+00  1.1710786691841260e-01  1.7528999763920565e+00 -1.550146e-01  9.840230e+00 -2.066351e+00  2.021341e+02  1.067757e+02  5.868492e+03  1.739498e+02  8.382517e+04  3.0133708604793145e+02
      3450  4.3125000000002132e+00  1.1705287398805381e-01  1.7666747380146268e+00 -1.491608e-01  9.885797e+00 -1.838290e+00  2.034320e+02  1.142619e+02  5.905523e+03  1.742969e+02  8.369576e+04  3.0834633688713546e+02
      3460  4.3250000000002107e+00  1.1699744911487081e-01  1.7805440886322044e+00 -1.427446e-01  9.930846e+00 -1.597216e+00  2.047066e+02  1.217822e+02  5.940566e+03  1.744203e+02  8.334642e+04  3.1538591565596141e+02
      3470  4.3375000000002082e+00  1.1694158938198577e-01  1.7945054776558542e+00 -1.357710e-01  9.975588e+00 -1.343269e+00  2.059728e+02  1.293457e+02  5.974366e+03  1.743319e+02  8.278782e+04  3.2244983027394096e+02
      3480  4.3500000000002057e+00  1.1688529195456443e-01  1.8085562032097888e+00 -1.282472e-01  1.002024e+01 -1.076475e+00  2.072451e+02  1.369750e+02  6.007660e+03  1.740443e+02  8.203275e+04  3.2953204287003393e+02
      3490  4.3625000000002032e+00  1.1682855408454326e-01  1.8226934102720866e+00 -1.201821e-01  1.006501e+01 -7.967175e-01  2.085374e+02  1.447069e+02  6.041163e+03  1.735713e+02  8.109603e+04  3.3662648747755361e+02
      3500  4.3750000000002007e+00  1.1677137311549302e-01  1.8369140896047835e+00 -1.115860e-01  1.011011e+01 -5.037155e-01  2.098630e+02  1.525929e+02  6.075563e+03  1.729272e+02  7.999437e+04  3.4372709214894667e+02
      3510  4.3875000000001982e+00  1.1671374648742636e-01  1.8512150775046714e+00 -1.024701e-01  1.015571e+01 -1.970245e-01  2.112339e+02  1.606983e+02  6.111529e+03  1.721266e+02  7.874617e+04  3.5082780611724445e+02
      3520  4.4000000000001958e+00  1.1665567174160796e-01  1.8655930563792809e+00 -9.284656e-02  1.020199e+01  1.239504e-01  2.126619e+02  1.691000e+02  6.149714e+03  1.711849e+02  7.737124e+04  3.5792263233922279e+02
      3530  4.4125000000001933e+00  1.1659714652537245e-01  1.8800445561345618e+00 -8.272799e-02  1.024910e+01  4.599228e-01  2.141575e+02  1.778839e+02  6.190766e+03  1.701171e+02  7.589050e+04  3.6500566542603110e+02
      3540  4.4250000000001908e+00  1.1653816859687238e-01  1.8945659563335739e+00 -7.212756e-02  1.029716e+01  8.116802e-01  2.157309e+02  1.871414e+02  6.235348e+03  1.689385e+02  7.432544e+04  3.7207113463004464e+02
      3550  4.4375000000001883e+00  1.1647873582972251e-01  1.9091534890775583e+00 -6.105896e-02  1.034628e+01  1.180029e+00  2.173918e+02  1.969651e+02  6.284140e+03  1.676641e+02  7.269769e+04  3.7911345120396140e+02
      3560  4.4500000000001858e+00  1.1641884621756422e-01  1.9238032425439984e+00 -4.953655e-02  1.039655e+01  1.565735e+00  2.191494e+02  2.074454e+02  6.337856e+03  1.663083e+02  7.102840e+04  3.8612725905113450e+02
      3570  4.4625000000001833e+00  1.1635849787850878e-01  1.9385111651085887e+00 -3.757555e-02  1.044802e+01  1.969462e+00  2.210128e+02  2.186665e+02  6.397236e+03  1.648849e+02  6.933780e+04  3.9310748707836927e+02
      3580  4.4750000000001808e+00  1.1629768905945739e-01  1.9532730699755021e+00 -2.519237e-02  1.050074e+01  2.391721e+00  2.229903e+02  2.307035e+02  6.463044e+03  1.634072e+02  6.764468e+04  4.0004940103583743e+02
      3590  4.4875000000001783e+00  1.1623641814021686e-01  1.9680846402480885e+00 -1.240483e-02  1.055472e+01  2.832823e+00  2.250898e+02  2.436195e+02  6.536049e+03  1.618876e+02  6.596610e+04  4.0694865202874303e+02
      3600  4.5000000000001759e+00  1.1617468363750280e-01  1.9829414343887544e+00  7.674990e-04  1.060997e+01  3.292849e+00  2.273182e+02  2.574649e+02  6.617002e+03  1.603378e+02  6.431719e+04  4.1380131862698272e+02
      3610  4.5125000000001734e+00  1.1611248420877868e-01  1.9978388920484571e+00  1.430317e-02  1.066646e+01  3.771636e+00  2.296814e+02  2.722764e+02  6.706600e+03  1.587690e+02  6.271102e+04  4.2060393988578733e+02
      3620  4.5250000000001709e+00  1.1604981865579178e-01  2.0127723402702018e+00  2.817869e-02  1.072414e+01  4.268774e+00  2.321833e+02  2.880779e+02  6.805457e+03  1.571918e+02  6.115868e+04  4.2735353760765975e+02
      3630  4.5375000000001684e+00  1.1598668592808581e-01  2.0277370000839299e+00  4.236855e-02  1.078294e+01  4.783625e+00  2.348262e+02  3.048820e+02  6.914063e+03  1.556166e+02  5.966938e+04  4.3404762737588709e+02
      3640  4.5500000000001659e+00  1.1592308512611028e-01  2.0427279934963734e+00  5.684531e-02  1.084277e+01  5.315354e+00  2.376098e+02  3.226928e+02  7.032762e+03  1.540536e+02  5.825074e+04  4.4068421865588004e+02
      3650  4.5625000000001634e+00  1.1585901550429786e-01  2.0577403508521739e+00  7.157984e-02  1.090349e+01  5.862974e+00  2.405313e+02  3.415088e+02  7.161720e+03  1.525135e+02  5.690904e+04  4.4726180430815691e+02
      3660  4.5750000000001609e+00  1.1579447647371327e-01  2.0727690185114582e+00  8.654155e-02  1.096498e+01  6.425397e+00  2.435855e+02  3.613265e+02  7.300924e+03  1.510069e+02  5.564947e+04  4.5377933949569268e+02
      3670  4.5875000000001585e+00  1.1572946760461417e-01  2.0878088667774262e+00  1.016987e-01  1.102708e+01  7.001500e+00  2.467644e+02  3.821447e+02  7.450180e+03  1.495450e+02  5.447619e+04  4.6023620985646812e+02
      3680  4.6000000000001560e+00  1.1566398862867297e-01  2.1028546980002569e+00  1.170188e-01  1.108960e+01  7.590178e+00  2.500576e+02  4.039671e+02  7.609137e+03  1.481382e+02  5.339230e+04  4.6663218940117440e+02
      3690  4.6125000000001535e+00  1.1559803944096098e-01  2.1179012547931921e+00  1.324688e-01  1.115236e+01  8.190413e+00  2.534529e+02  4.268062e+02  7.777317e+03  1.467968e+02  5.239972e+04  4.7296738975518912e+02
      3700  4.6250000000001510e+00  1.1553162010170795e-01  2.1329432282875365e+00  1.480154e-01  1.121518e+01  8.801312e+00  2.569365e+02  4.506850e+02  7.954166e+03  1.455295e+02  5.149922e+04  4.7924220349330812e+02
      3710  4.6375000000001485e+00  1.1546473083775943e-01  2.1479752663368474e+00  1.636253e-01  1.127786e+01  9.422152e+00  2.604940e+02  4.756379e+02  8.139098e+03  1.443433e+02  5.069043e+04  4.8545724479787259e+02
      3720  4.6500000000001460e+00  1.1539737204379238e-01  2.1629919815615599e+00  1.792654e-01  1.134021e+01  1.005239e+01  2.641108e+02  5.017113e+02  8.331564e+03  1.432436e+02  4.997211e+04  4.9161329028281875e+02
      3730  4.6625000000001435e+00  1.1532954428334855e-01  2.1779879591208777e+00  1.949028e-01  1.140207e+01  1.069166e+01  2.677733e+02  5.289614e+02  8.531100e+03  1.422337e+02  4.934229e+04  4.9771122183879191e+02
      3740  4.6750000000001410e+00  1.1526124828947749e-01  2.1929577641099804e+00  2.105045e-01  1.146327e+01  1.133975e+01  2.714692e+02  5.574530e+02  8.737387e+03  1.413153e+02  4.879847e+04  5.0375197230493245e+02
      3750  4.6875000000001386e+00  1.1519248496533718e-01  2.2078959485272760e+00  2.260383e-01  1.152368e+01  1.199657e+01  2.751885e+02  5.872563e+02  8.950291e+03  1.404881e+02  4.833773e+04  5.0973647411682259e+02
      3760  4.7000000000001361e+00  1.1512325538444892e-01  2.2227970578083243e+00  2.414721e-01  1.158317e+01  1.266210e+01  2.789241e+02  6.184435e+02  9.169899e+03  1.397499e+02  4.795690e+04  5.1566561096192413e+02
      3770  4.7125000000001336e+00  1.1505356079084503e-01  2.2376556369866050e+00  2.567741e-01  1.164167e+01  1.333633e+01  2.826718e+02  6.510855e+02  9.396538e+03  1.390974e+02  4.765274e+04  5.2154017271424345e+02
      3780  4.7250000000001311e+00  1.1498340259894139e-01  2.2524662365927886e+00  2.719132e-01  1.169908e+01  1.401918e+01  2.864308e+02  6.852485e+02  9.630780e+03  1.385262e+02  4.742217e+04  5.2736081419841116e+02
      3790  4.7375000000001286e+00  1.1491278239332325e-01  2.2672234184523190e+00  2.868592e-01  1.175538e+01  1.471049e+01  2.902037e+02  7.209906e+02  9.873434e+03  1.380313e+02  4.726241e+04  5.3312801841801797e+02
      3800  4.7500000000001261e+00  1.1484170192824630e-01  2.2819217615677152e+00  3.015823e-01  1.181054e+01  1.540993e+01  2.939959e+02  7.583596e+02  1.012552e+04  1.376079e+02  4.717112e+04  5.3884206475146311e+02
      3810  4.7625000000001236e+00  1.1477016312709121e-01  2.2965558682988170e+00  3.160542e-01  1.186456e+01  1.611701e+01  2.978155e+02  7.973904e+02  1.038825e+04  1.372514e+02  4.714636e+04  5.4450300240606236e+02
      3820  4.7750000000001211e+00  1.1469816808141114e-01  2.3111203710582298e+00  3.302479e-01  1.191744e+01  1.683102e+01  3.016729e+02  8.381047e+02  1.066297e+04  1.369577e+02  4.718661e+04  5.5011062926477939e+02
      3830  4.7875000000001187e+00  1.1462571904997795e-01  2.3256099397387842e+00  3.441377e-01  1.196920e+01  1.755107e+01  3.055795e+02  8.805098e+02  1.095108e+04  1.367235e+02  4.729074e+04  5.5566447621640316e+02
      3840  4.8000000000001162e+00  1.1455281845744127e-01  2.3400192900617731e+00  3.577000e-01  1.201988e+01  1.827610e+01  3.095476e+02  9.246003e+02  1.125407e+04  1.365459e+02  4.745792e+04  5.6116379712212870e+02
      3850  4.8125000000001137e+00  1.1447946889275351e-01  2.3543431930043730e+00  3.709129e-01  1.206950e+01  1.900488e+01  3.135894e+02  9.703584e+02  1.157338e+04  1.364224e+02  4.768767e+04  5.6660756470748458e+02
      3860  4.8250000000001112e+00  1.1440567310728669e-01  2.3685764854011930e+00  3.837565e-01  1.211809e+01  1.973609e+01  3.177164e+02  1.017756e+03  1.191038e+04  1.363513e+02  4.797971e+04  5.7199447279420588e+02
      3870  4.8375000000001087e+00  1.1433143401257545e-01  2.3827140817541381e+00  3.962133e-01  1.216565e+01  2.046832e+01  3.219387e+02  1.066758e+03  1.226631e+04  1.363311e+02  4.833387e+04  5.7732294528161196e+02
      3880  4.8500000000001062e+00  1.1425675467770957e-01  2.3967509872050998e+00  4.082679e-01  1.221220e+01  2.120014e+01  3.262642e+02  1.117321e+03  1.264227e+04  1.363605e+02  4.875001e+04  5.8259115209879110e+02
      3890  4.8625000000001037e+00  1.1418163832626212e-01  2.4106823115534333e+00  4.199069e-01  1.225772e+01  2.193013e+01  3.306987e+02  1.169398e+03  1.303916e+04  1.364385e+02  4.922784e+04  5.8779703205076225e+02
      3900  4.8750000000001013e+00  1.1410608833279381e-01  2.4245032841257741e+00  4.311193e-01  1.230219e+01  2.265688e+01  3.352451e+02  1.222938e+03  1.345763e+04  1.365643e+02  4.976685e+04  5.9293832218884870e+02
      3910  4.8875000000000988e+00  1.1403010821889625e-01  2.4382092692510993e+00  4.418961e-01  1.234557e+01  2.337905e+01  3.399035e+02  1.277887e+03  1.389810e+04  1.367369e+02  5.036620e+04  5.9801259308503040e+02
      3920  4.9000000000000963e+00  1.1395370164867610e-01  2.4517957820415361e+00  4.522301e-01  1.238778e+01  2.409535e+01  3.446710e+02  1.334185e+03  1.436075e+04  1.369551e+02  5.102466e+04  6.0301728914145747e+02
      3930  4.9125000000000938e+00  1.1387687242382011e-01  2.4652585041499204e+00  4.621161e-01  1.242877e+01  2.480457e+01  3.495419e+02  1.391771e+03  1.484546e+04  1.372175e+02  5.174055e+04  6.0794977279435670e+02
      3940  4.9250000000000913e+00  1.1379962447815693e-01  2.4785932991622150e+00  4.715505e-01  1.246843e+01  2.550553e+01  3.545075e+02  1.450572e+03  1.535189e+04  1.375224e+02  5.251164e+04  6.1280737122309483e+02
      3950  4.9375000000000888e+00  1.1372196187172567e-01  2.4917962272847367e+00  4.805312e-01  1.250667e+01  2.619712e+01  3.595568e+02  1.510510e+03  1.587941e+04  1.378676e+02  5.333511e+04  6.1758742401447807e+02
      3960  4.9500000000000863e+00  1.1364388878440573e-01  2.5048635590133910e+00  4.890578e-01  1.254337e+01  2.687825e+01  3.646762e+02  1.571495e+03  1.642714e+04  1.382504e+02  5.420747e+04  6.2228733018299476e+02
      3970  4.9625000000000838e+00  1.1356540950915742e-01  2.5177917875032967e+00  4.971306e-01  1.257841e+01  2.754785e+01  3.698501e+02  1.633422e+03  1.699397e+04  1.386674e+02  5.512457e+04  6.2690459298908013e+02
      3980  4.9750000000000814e+00  1.1348652844486140e-01  2.5305776394102200e+00  5.047514e-01  1.261166e+01  2.820484e+01  3.750612e+02  1.696171e+03  1.757851e+04  1.391146e+02  5.608160e+04  6.3143686110354133e+02
      3990  4.9875000000000789e+00  1.1340725008893707e-01  2.5432180840236023e+00  5.119226e-01  1.264299e+01  2.884811e+01  3.802905e+02  1.759604e+03  1.817917e+04  1.395876e+02  5.707309e+04  6.3588196483452339e+02
      4000  5.0000000000000764e+00  1.1332757902956334e-01  2.5557103405745902e+00  5.186474e-01  1.267227e+01  2.947653e+01  3.855178e+02  1.823565e+03  1.879411e+04  1.400809e+02  5.809296e+04  6.4023794636656089e+02
      4010  5.0125000000000739e+00  1.1324751993784182e-01  2.5680518836589652e+00  5.249298e-01  1.269937e+01  3.008889e+01  3.907215e+02  1.887874e+03  1.942123e+04  1.405887e+02  5.913458e+04  6.4450308325202855e+02
      4020  5.0250000000000714e+00  1.1316707755971545e-01  2.5802404467758020e+00  5.307742e-01  1.272417e+01  3.068395e+01  3.958794e+02  1.952333e+03  2.005826e+04  1.411046e+02  6.019075e+04  6.4867590471089056e+02
      4030  5.0375000000000689e+00  1.1308625670786224e-01  2.5922740240312603e+00  5.361853e-01  1.274654e+01  3.126040e+01  4.009684e+02  2.016723e+03  2.070265e+04  1.416217e+02  6.125385e+04  6.5275520060092458e+02
      4040  5.0500000000000664e+00  1.1300506225355361e-01  2.6041508701076364e+00  5.411682e-01  1.276637e+01  3.181685e+01  4.059650e+02  2.080803e+03  2.135168e+04  1.421324e+02  6.231583e+04  6.5674002318206465e+02
      4050  5.0625000000000639e+00  1.1292349911852939e-01  2.6158694986371405e+00  5.457285e-01  1.278356e+01  3.235188e+01  4.108452e+02  2.144316e+03  2.200239e+04  1.426293e+02  6.336830e+04  6.6062968201280864e+02
      4060  5.0750000000000615e+00  1.1284157226695665e-01  2.6274286791527741e+00  5.498718e-01  1.279801e+01  3.286402e+01  4.155848e+02  2.206984e+03  2.265166e+04  1.431044e+02  6.440264e+04  6.6442373247217415e+02
      4070  5.0875000000000590e+00  1.1275928669748893e-01  2.6388274328167549e+00  5.536042e-01  1.280963e+01  3.335174e+01  4.201595e+02  2.268519e+03  2.329618e+04  1.435498e+02  6.540999e+04  6.6812195851860974e+02
      4080  5.1000000000000565e+00  1.1267664743548630e-01  2.6500650271483153e+00  5.569319e-01  1.281834e+01  3.381354e+01  4.245454e+02  2.328619e+03  2.393249e+04  1.439576e+02  6.638137e+04  6.7172435037768741e+02
      4090  5.1125000000000540e+00  1.1259365952544026e-01  2.6611409699834887e+00  5.598616e-01  1.282409e+01  3.424789e+01  4.287187e+02  2.386976e+03  2.455703e+04  1.443199e+02  6.730771e+04  6.7523107791347093e+02
      4100  5.1250000000000515e+00  1.1251032802351672e-01  2.6720550029082961e+00  5.624003e-01  1.282681e+01  3.465332e+01  4.326564e+02  2.443276e+03  2.516615e+04  1.446290e+02  6.817996e+04  6.7864246049312783e+02
      4110  5.1375000000000490e+00  1.1242665799039592e-01  2.6828070944032678e+00  5.645553e-01  1.282647e+01  3.502838e+01  4.363361e+02  2.497206e+03  2.575614e+04  1.448778e+02  6.898912e+04  6.8195893421404185e+02
      4120  5.1500000000000465e+00  1.1234265448428590e-01  2.6933974329351016e+00  5.663347e-01  1.282303e+01  3.537174e+01  4.397369e+02  2.548458e+03  2.632332e+04  1.450592e+02  6.972638e+04  6.8518101742300178e+02
      4130  5.1625000000000441e+00  1.1225832255416526e-01  2.7038264202037605e+00  5.677468e-01  1.281649e+01  3.568215e+01  4.428387e+02  2.596733e+03  2.686405e+04  1.451667e+02  7.038315e+04  6.8830927551639957e+02
      4140  5.1750000000000416e+00  1.1217366723318188e-01  2.7140946647440130e+00  5.688007e-01  1.280684e+01  3.595849e+01  4.456236e+02  2.641744e+03  2.737478e+04  1.451942e+02  7.095122e+04  6.9134428604601817e+02
      4150  5.1875000000000391e+00  1.1208869353234613e-01  2.7242029760365947e+00  5.695061e-01  1.279410e+01  3.619981e+01  4.480749e+02  2.683223e+03  2.785214e+04  1.451364e+02  7.142282e+04  6.9428660516618402e+02
      4160  5.2000000000000366e+00  1.1200340643427761e-01  2.7341523592557913e+00  5.698734e-01  1.277828e+01  3.640531e+01  4.501786e+02  2.720926e+03  2.829295e+04  1.449883e+02  7.179076e+04  6.9713673643543041e+02
      4170  5.2125000000000341e+00  1.1191781088721349e-01  2.7439440107383684e+00  5.699138e-01  1.275943e+01  3.657441e+01  4.519226e+02  2.754634e+03  2.869428e+04  1.447457e+02  7.204853e+04  6.9989510293884609e+02
      4180  5.2250000000000316e+00  1.1183191179905497e-01  2.7535793142130500e+00  5.696390e-01  1.273760e+01  3.670674e+01  4.532974e+02  2.784157e+03  2.905352e+04  1.444052e+02  7.219042e+04  7.0256202362672138e+02
      4190  5.2375000000000291e+00  1.1174571403159596e-01  2.7630598377885240e+00  5.690619e-01  1.271286e+01  3.680212e+01  4.542963e+02  2.809342e+03  2.936841e+04  1.439638e+02  7.221160e+04  7.0513769467190002e+02
      4200  5.2500000000000266e+00  1.1165922239475989e-01  2.7723873316529213e+00  5.681956e-01  1.268529e+01  3.686065e+01  4.549149e+02  2.830068e+03  2.963709e+04  1.434194e+02  7.210825e+04  7.0762217652739184e+02
      4210  5.2625000000000242e+00  1.1157244164098831e-01  2.7815637264000506e+00  5.670545e-01  1.265497e+01  3.688264e+01  4.551523e+02  2.846255e+03  2.985809e+04  1.427708e+02  7.187761e+04  7.1001538721346265e+02
      4220  5.2750000000000217e+00  1.1148537645956939e-01  2.7905911318578838e+00  5.656534e-01  1.262202e+01  3.686861e+01  4.550098e+02  2.857860e+03  3.003042e+04  1.420173e+02  7.151807e+04  7.1231710218164903e+02
      4230  5.2875000000000192e+00  1.1139803147109176e-01  2.7994718362696283e+00  5.640078e-01  1.258655e+01  3.681937e+01  4.544921e+02  2.864882e+03  3.015353e+04  1.411591e+02  7.102921e+04  7.1452696090199788e+02
      4240  5.3000000000000167e+00  1.1131041122187708e-01  2.8082083056497495e+00  5.621340e-01  1.254869e+01  3.673590e+01  4.536062e+02  2.867358e+03  3.022737e+04  1.401971e+02  7.041179e+04  7.1664448010901083e+02
      4250  5.3125000000000142e+00  1.1122252017838927e-01  2.8168031831276217e+00  5.600489e-01  1.250858e+01  3.661943e+01  4.523623e+02  2.865366e+03  3.025231e+04  1.391329e+02  6.966782e+04  7.1866907343703542e+02
      4260  5.3250000000000117e+00  1.1113436272177336e-01  2.8252592880829206e+00  5.577696e-01  1.246635e+01  3.647137e+01  4.507726e+02  2.859020e+03  3.022924e+04  1.379688e+02  6.880048e+04  7.2060007698339086e+02
      4270  5.3375000000000092e+00  1.1104594314232610e-01  2.8335796148762817e+00  5.553142e-01  1.242218e+01  3.629332e+01  4.488521e+02  2.848471e+03  3.015944e+04  1.367078e+02  6.781411e+04  7.2243678016967988e+02
      4280  5.3500000000000068e+00  1.1095726563407045e-01  2.8417673309910487e+00  5.527009e-01  1.237621e+01  3.608705e+01  4.466178e+02  2.833900e+03  3.004463e+04  1.353536e+02  6.671415e+04  7.2417846112968198e+02
      4290  5.3625000000000043e+00  1.1086833428936990e-01  2.8498257744160886e+00  5.499482e-01  1.232861e+01  3.585448e+01  4.440885e+02  2.815522e+03  2.988690e+04  1.339104e+02  6.550704e+04  7.2582442574305492e+02
      4300  5.3750000000000018e+00  1.1077915309368011e-01  2.8577584501171076e+00  5.470751e-01  1.227956e+01  3.559765e+01  4.412850e+02  2.793576e+03  2.968870e+04  1.323828e+02  6.420013e+04  7.2737404935863196e+02
      4310  5.3874999999999993e+00  1.1068972592035961e-01  2.8655690254766739e+00  5.441008e-01  1.222923e+01  3.531870e+01  4.382291e+02  2.768324e+03  2.945275e+04  1.307760e+02  6.280158e+04  7.2882682021063397e+02
      4320  5.3999999999999968e+00  1.1060005652571434e-01  2.8732613246018386e+00  5.410447e-01  1.217779e+01  3.501986e+01  4.349441e+02  2.740046e+03  2.918204e+04  1.290957e+02  6.132024e+04  7.3018238352365211e+02
      4330  5.4124999999999943e+00  1.1051014854419655e-01  2.8808393214336458e+00  5.379262e-01  1.212542e+01  3.470344e+01  4.314539e+02  2.709038e+03  2.887977e+04  1.273478e+02  5.976548e+04  7.3144058532476879e+02
      4340  5.4249999999999918e+00  1.1042000548382061e-01  2.8883071316240798e+00  5.347651e-01  1.207230e+01  3.437177e+01  4.277831e+02  2.675608e+03  2.854926e+04  1.255385e+02  5.814712e+04  7.3260151502979920e+02
      4350  5.4374999999999893e+00  1.1032963072191260e-01  2.8956690031692633e+00  5.315810e-01  1.201860e+01  3.402722e+01  4.239568e+02  2.640067e+03  2.819396e+04  1.236742e+02  5.647521e+04  7.3366554593986052e+02
      4360  5.4499999999999869e+00  1.1023902750111039e-01  2.9029293058213814e+00  5.283937e-01  1.196451e+01  3.367216e+01  4.199998e+02  2.602731e+03  2.781734e+04  1.217616e+02  5.475995e+04  7.3463337287175091e+02
      4370  5.4624999999999844e+00  1.1014819892575289e-01  2.9100925193269074e+00  5.252232e-01  1.191019e+01  3.330898e+01  4.159371e+02  2.563918e+03  2.742291e+04  1.198073e+02  5.301154e+04  7.3550604624099037e+02
      4380  5.4749999999999819e+00  1.1005714795864717e-01  2.9171632205585492e+00  5.220890e-01  1.185582e+01  3.294001e+01  4.117931e+02  2.523938e+03  2.701411e+04  1.178181e+02  5.124003e+04  7.3628500202161649e+02
      4390  5.4874999999999794e+00  1.0996587741821012e-01  2.9241460696328980e+00  5.190110e-01  1.180156e+01  3.256758e+01  4.075917e+02  2.483097e+03  2.659430e+04  1.158007e+02  4.945522e+04  7.3697208711321150e+02
      4400  5.4999999999999769e+00  1.0987438997614477e-01  2.9310457951204940e+00  5.160088e-01  1.174757e+01  3.219395e+01  4.033560e+02  2.441690e+03  2.616675e+04  1.137618e+02  4.766654e+04  7.3756957974995157e+02
      4410  5.5124999999999744e+00  1.0978268815551770e-01  2.9378671784679762e+00  5.131019e-01  1.169402e+01  3.182134e+01  3.991084e+02  2.400002e+03  2.573455e+04  1.117077e+02  4.588292e+04  7.3808020468942118e+02
      4420  5.5249999999999719e+00  1.0969077432934721e-01  2.9446150377664044e+00  5.103098e-01  1.164105e+01  3.145191e+01  3.948702e+02  2.358301e+03  2.530064e+04  1.096449e+02  4.411276e+04  7.3850714301349944e+02
      4430  5.5374999999999694e+00  1.0959865071974723e-01  2.9512942110047344e+00  5.076515e-01  1.158882e+01  3.108775e+01  3.906614e+02  2.316845e+03  2.486776e+04  1.075795e+02  4.236380e+04  7.3885403646288569e+02
      4440  5.5499999999999670e+00  1.0950631939754188e-01  2.9579095389521415e+00  5.051460e-01  1.153747e+01  3.073086e+01  3.865012e+02  2.275873e+03  2.443845e+04  1.055174e+02  4.064310e+04  7.3912498630809591e+02
      4450  5.5624999999999645e+00  1.0941378228247906e-01  2.9644658478198176e+00  5.028118e-01  1.148714e+01  3.038319e+01  3.824074e+02  2.235607e+03  2.401503e+04  1.034641e+02  3.895698e+04  7.3932454683306150e+02
      4460  5.5749999999999620e+00  1.0932104114393279e-01  2.9709679318486564e+00  5.006671e-01  1.143795e+01  3.004658e+01  3.783965e+02  2.196254e+03  2.359961e+04  1.014251e+02  3.731099e+04  7.3945771357352442e+02
      4470  5.5874999999999595e+00  1.0922809760217997e-01  2.9774205359709276e+00  4.987294e-01  1.139004e+01  2.972282e+01  3.744840e+02  2.158003e+03  2.319408e+04  9.940534e+01  3.570993e+04  7.3952990651326627e+02
      4480  5.5999999999999570e+00  1.0913495313022112e-01  2.9838283386912563e+00  4.970160e-01  1.134352e+01  2.941358e+01  3.706841e+02  2.121026e+03  2.280012e+04  9.740953e+01  3.415781e+04  7.3954694849471593e+02
      4490  5.6124999999999545e+00  1.0904160905610646e-01  2.9901959353238148e+00  4.955431e-01  1.129850e+01  2.912046e+01  3.670100e+02  2.085479e+03  2.241921e+04  9.544209e+01  3.265792e+04  7.3951503915050034e+02
      4500  5.6249999999999520e+00  1.0894806656578365e-01  2.9965278217253752e+00  4.943265e-01  1.125511e+01  2.884498e+01  3.634737e+02  2.051503e+03  2.205264e+04  9.350713e+01  3.121280e+04  7.3944072470802371e+02
      4510  5.6374999999999496e+00  1.0885432670648119e-01  3.0028283786432084e+00  4.933809e-01  1.121343e+01  2.858855e+01  3.600862e+02  2.019224e+03  2.170154e+04  9.160845e+01  2.982436e+04  7.3933086406085511e+02
      4520  5.6499999999999471e+00  1.0876039039051597e-01  3.0091018568061219e+00  4.927200e-01  1.117357e+01  2.835252e+01  3.568579e+02  1.988756e+03  2.136686e+04  8.974959e+01  2.849385e+04  7.3919259153888277e+02
      4530  5.6624999999999446e+00  1.0866625839957771e-01  3.0153523628593213e+00  4.923564e-01  1.113562e+01  2.813811e+01  3.537982e+02  1.960198e+03  2.104944e+04  8.793381e+01  2.722199e+04  7.3903327684321471e+02
      4540  5.6749999999999421e+00  1.0857193138946075e-01  3.0215838462493725e+00  4.923017e-01  1.109967e+01  2.794649e+01  3.509157e+02  1.933641e+03  2.075000e+04  8.616414e+01  2.600897e+04  7.3886048264172337e+02
      4550  5.6874999999999396e+00  1.0847740989515164e-01  3.0278000871439952e+00  4.925658e-01  1.106579e+01  2.777869e+01  3.482187e+02  1.909163e+03  2.046915e+04  8.444339e+01  2.485457e+04  7.3868192034671688e+02
      4560  5.6999999999999371e+00  1.0838269433627812e-01  3.0340046854666038e+00  4.931574e-01  1.103407e+01  2.763568e+01  3.457150e+02  1.886833e+03  2.020744e+04  8.277415e+01  2.375817e+04  7.3850540461342530e+02
      4570  5.7124999999999346e+00  1.0828778502292954e-01  3.0402010511068891e+00  4.940836e-01  1.100459e+01  2.751832e+01  3.434117e+02  1.866714e+03  1.996535e+04  8.115885e+01  2.271888e+04  7.3833880711136521e+02
      4580  5.7249999999999321e+00  1.0819268216172698e-01  3.0463923953646370e+00  4.953498e-01  1.097741e+01  2.742736e+01  3.413159e+02  1.848861e+03  1.974333e+04  7.959976e+01  2.173554e+04  7.3819001012316312e+02
      4590  5.7374999999999297e+00  1.0809738586212317e-01  3.0525817236624069e+00  4.969597e-01  1.095260e+01  2.736344e+01  3.394344e+02  1.833320e+03  1.954180e+04  7.809899e+01  2.080680e+04  7.3806686052052532e+02
      4600  5.7499999999999272e+00  1.0800189614296921e-01  3.0587718295573758e+00  4.989154e-01  1.093021e+01  2.732711e+01  3.377736e+02  1.820135e+03  1.936117e+04  7.665852e+01  1.993118e+04  7.3797712465254085e+02
      4610  5.7624999999999247e+00  1.0790621293915993e-01  3.0649652900640536e+00  5.012168e-01  1.091031e+01  2.731881e+01  3.363398e+02  1.809343e+03  1.920183e+04  7.528022e+01  1.910713e+04  7.3792844465659653e+02
      4620  5.7749999999999222e+00  1.0781033610850652e-01  3.0711644622951848e+00  5.038624e-01  1.089295e+01  2.733884e+01  3.351392e+02  1.800976e+03  1.906421e+04  7.396582e+01  1.833302e+04  7.3792829666942407e+02
      4630  5.7874999999999197e+00  1.0771426543863387e-01  3.0773714814067392e+00  5.068484e-01  1.087817e+01  2.738741e+01  3.341777e+02  1.795063e+03  1.894870e+04  7.271693e+01  1.760722e+04  7.3798395137069747e+02
      4640  5.7999999999999172e+00  1.0761800065390736e-01  3.0835882598333662e+00  5.101694e-01  1.086601e+01  2.746462e+01  3.334610e+02  1.791627e+03  1.885575e+04  7.153503e+01  1.692811e+04  7.3810243724326756e+02
      4650  5.8124999999999147e+00  1.0752154142240791e-01  3.0898164877827021e+00  5.138180e-01  1.085651e+01  2.757042e+01  3.329943e+02  1.790687e+03  1.878579e+04  7.042148e+01  1.629411e+04  7.3829050687356994e+02
      4660  5.8249999999999122e+00  1.0742488736286562e-01  3.0960576349526301e+00  5.177851e-01  1.084968e+01  2.770466e+01  3.327827e+02  1.792261e+03  1.873925e+04  6.937747e+01  1.570370e+04  7.3855460655425850e+02
      4670  5.8374999999999098e+00  1.0732803805148078e-01  3.1023129534291405e+00  5.220598e-01  1.084555e+01  2.786708e+01  3.328306e+02  1.796358e+03  1.871658e+04  6.840406e+01  1.515543e+04  7.3890084938500854e+02
      4680  5.8499999999999073e+00  1.0723099302866497e-01  3.1085834817129099e+00  5.266295e-01  1.084413e+01  2.805728e+01  3.331419e+02  1.802985e+03  1.871822e+04  6.750209e+01  1.464791e+04  7.3933499199858602e+02
      4690  5.8624999999999048e+00  1.0713375180568135e-01  3.1148700498220405e+00  5.314801e-01  1.084541e+01  2.827475e+01  3.337198e+02  1.812146e+03  1.874459e+04  6.667225e+01  1.417986e+04  7.3986241497444075e+02
      4700  5.8749999999999023e+00  1.0703631387101475e-01  3.1211732854136431e+00  5.365961e-01  1.084938e+01  2.851888e+01  3.345668e+02  1.823835e+03  1.879607e+04  6.591499e+01  1.375007e+04  7.4048810693799874e+02
      4710  5.8874999999998998e+00  1.0693867869660911e-01  3.1274936208614026e+00  5.419604e-01  1.085601e+01  2.878891e+01  3.356844e+02  1.838046e+03  1.887302e+04  6.523055e+01  1.335743e+04  7.4121665228382517e+02
      4720  5.8999999999998973e+00  1.0684084574385470e-01  3.1338313012313765e+00  5.475548e-01  1.086528e+01  2.908401e+01  3.370732e+02  1.854761e+03  1.897576e+04  6.461892e+01  1.300088e+04  7.4205222241265585e+02
      4730  5.9124999999998948e+00  1.0674281446929892e-01  3.1401863930903398e+00  5.533602e-01  1.087714e+01  2.940320e+01  3.387327e+02  1.873961e+03  1.910453e+04  6.407984e+01  1.267948e+04  7.4299857032507498e+02
      4740  5.9249999999998924e+00  1.0664458433007498e-01  3.1465587940867512e+00  5.593563e-01  1.089153e+01  2.974543e+01  3.406613e+02  1.895615e+03  1.925951e+04  6.361281e+01  1.239232e+04  7.4405902838496513e+02
      4750  5.9374999999998899e+00  1.0654615478902937e-01  3.1529482432382254e+00  5.655221e-01  1.090837e+01  3.010953e+01  3.428561e+02  1.919688e+03  1.944083e+04  6.321702e+01  1.213855e+04  7.4523650903994701e+02
      4760  5.9499999999998874e+00  1.0644752531948266e-01  3.1593543318666084e+00  5.718361e-01  1.092760e+01  3.049423e+01  3.453132e+02  1.946133e+03  1.964849e+04  6.289144e+01  1.191738e+04  7.4653350827423480e+02
      4770  5.9624999999998849e+00  1.0634869540971909e-01  3.1657765151130155e+00  5.782760e-01  1.094912e+01  3.089820e+01  3.480274e+02  1.974899e+03  1.988242e+04  6.263474e+01  1.172802e+04  7.4795211156497521e+02
      4780  5.9749999999998824e+00  1.0624966456699561e-01  3.1722141239746771e+00  5.848196e-01  1.097283e+01  3.131998e+01  3.509922e+02  2.005920e+03  2.014248e+04  6.244535e+01  1.156972e+04  7.4949400211740158e+02
      4790  5.9874999999998799e+00  1.0615043232128474e-01  3.1786663777929647e+00  5.914443e-01  1.099862e+01  3.175808e+01  3.542000e+02  2.039126e+03  2.042837e+04  6.232145e+01  1.144171e+04  7.5116047116679317e+02
      4800  5.9999999999998774e+00  1.0605099822851533e-01  3.1851323971297782e+00  5.981276e-01  1.102637e+01  3.221089e+01  3.576421e+02  2.074433e+03  2.073974e+04  6.226099e+01  1.134323e+04  7.5295243015045958e+02
      4810  6.0124999999998749e+00  1.0595136187347926e-01  3.1916112169605890e+00  6.048471e-01  1.105596e+01  3.267678e+01  3.613087e+02  2.111749e+03  2.107612e+04  6.226170e+01  1.127349e+04  7.5487042457570499e+02
      4820  6.0249999999998725e+00  1.0585152287229324e-01  3.1981018001132533e+00  6.115808e-01  1.108726e+01  3.315404e+01  3.651891e+02  2.150973e+03  2.143692e+04  6.232111e+01  1.123164e+04  7.5691464943099231e+02
      4830  6.0374999999998700e+00  1.0575148087442821e-01  3.2046030508733749e+00  6.183072e-01  1.112015e+01  3.364093e+01  3.692716e+02  2.191992e+03  2.182148e+04  6.243661e+01  1.121684e+04  7.5908496601004310e+02
      4840  6.0499999999998675e+00  1.0565123556435339e-01  3.2111138286763028e+00  6.250053e-01  1.115447e+01  3.413568e+01  3.735440e+02  2.234687e+03  2.222903e+04  6.260541e+01  1.122815e+04  7.6138092003900897e+02
      4850  6.0624999999998650e+00  1.0555078666269424e-01  3.2176329617982593e+00  6.316552e-01  1.119010e+01  3.463648e+01  3.779932e+02  2.278928e+03  2.265872e+04  6.282461e+01  1.126462e+04  7.6380176101250595e+02
      4860  6.0749999999998625e+00  1.0545013392699951e-01  3.2241592609560810e+00  6.382376e-01  1.122691e+01  3.514154e+01  3.826058e+02  2.324581e+03  2.310963e+04  6.309121e+01  1.132522e+04  7.6634646265504398e+02
      4870  6.0874999999998600e+00  1.0534927715210055e-01  3.2306915327158001e+00  6.447343e-01  1.126474e+01  3.564906e+01  3.873683e+02  2.371504e+03  2.358077e+04  6.340218e+01  1.140889e+04  7.6901374442778115e+02
      4880  6.0999999999998575e+00  1.0524821617000672e-01  3.2372285926109137e+00  6.511283e-01  1.130348e+01  3.615726e+01  3.922667e+02  2.419548e+03  2.407109e+04  6.375441e+01  1.151450e+04  7.7180209400015769e+02
      4890  6.1124999999998550e+00  1.0514695084945311e-01  3.2437692778640526e+00  6.574040e-01  1.134299e+01  3.666442e+01  3.972871e+02  2.468566e+03  2.457954e+04  6.414481e+01  1.164091e+04  7.7470979059410138e+02
      4900  6.1249999999998526e+00  1.0504548109498961e-01  3.2503124596010418e+00  6.635469e-01  1.138314e+01  3.716884e+01  4.024160e+02  2.518404e+03  2.510502e+04  6.457033e+01  1.178693e+04  7.7773492909635183e+02
      4910  6.1374999999998501e+00  1.0494380684579256e-01  3.2568570544487860e+00  6.695439e-01  1.142381e+01  3.766892e+01  4.076400e+02  2.568913e+03  2.564644e+04  6.502795e+01  1.195135e+04  7.8087544481308669e+02
      4920  6.1499999999998476e+00  1.0484192807402050e-01  3.2634020354050914e+00  6.753835e-01  1.146488e+01  3.816311e+01  4.129463e+02  2.619944e+03  2.620274e+04  6.551476e+01  1.213295e+04  7.8412913871947057e+02
      4930  6.1624999999998451e+00  1.0473984478291666e-01  3.2699464418705317e+00  6.810556e-01  1.150625e+01  3.864998e+01  4.183227e+02  2.671352e+03  2.677290e+04  6.602798e+01  1.233055e+04  7.8749370303325225e+02
      4940  6.1749999999998426e+00  1.0463755700460647e-01  3.2764893887351878e+00  6.865513e-01  1.154780e+01  3.912819e+01  4.237576e+02  2.722999e+03  2.735596e+04  6.656495e+01  1.254297e+04  7.9096674691772023e+02
      4950  6.1874999999998401e+00  1.0453506479756686e-01  3.2830300744203882e+00  6.918635e-01  1.158942e+01  3.959652e+01  4.292406e+02  2.774755e+03  2.795103e+04  6.712322e+01  1.276907e+04  7.9454582210206763e+02
      4960  6.1999999999998376e+00  1.0443236824393702e-01  3.2895677877790832e+00  6.969861e-01  1.163103e+01  4.005388e+01  4.347618e+02  2.826500e+03  2.855734e+04  6.770054e+01  1.300782e+04  7.9822844818999795e+02
      4970  6.2124999999998352e+00  1.0432946744659159e-01  3.2961019137698981e+00  7.019145e-01  1.167253e+01  4.049931e+01  4.403126e+02  2.878123e+03  2.917424e+04  6.829489e+01  1.325823e+04  8.0201213741907759e+02
      4980  6.2249999999998327e+00  1.0422636252606281e-01  3.3026319378300686e+00  7.066452e-01  1.171382e+01  4.093197e+01  4.458854e+02  2.929529e+03  2.980118e+04  6.890449e+01  1.351944e+04  8.0589441863087814e+02
      4990  6.2374999999998302e+00  1.0412305361735791e-01  3.3091574488809705e+00  7.111756e-01  1.175483e+01  4.135115e+01  4.514734e+02  2.980634e+03  3.043779e+04  6.952782e+01  1.379072e+04  8.0987286021557543e+02
      5000  6.2499999999998277e+00  1.0401954086669055e-01  3.3156781409174698e+00  7.155042e-01  1.179546e+01  4.175626e+01  4.570711e+02  3.031369e+03  3.108383e+04  7.016365e+01  1.407148e+04  8.1394509180766931e+02
      5010  6.2624999999998252e+00  1.0391582442818072e-01  3.3221938131426145e+00  7.196299e-01  1.183564e+01  4.214683e+01  4.626737e+02  3.081676e+03  3.173924e+04  7.081100e+01  1.436129e+04  8.1810882452628175e+02
      5020  6.2749999999998227e+00  1.0381190446060481e-01  3.3287043686243853e+00  7.235525e-01  1.187529e+01  4.252248e+01  4.682775e+02  3.131515e+03  3.240408e+04  7.146917e+01  1.465988e+04  8.2236186957793416e+02
      5030  6.2874999999998202e+00  1.0370778112417861e-01  3.3352098114665889e+00  7.272719e-01  1.191432e+01  4.288292e+01  4.738793e+02  3.180856e+03  3.307859e+04  7.213769e+01  1.496717e+04  8.2670215506547788e+02
      5040  6.2999999999998177e+00  1.0360345457745891e-01  3.3417102424987752e+00  7.307880e-01  1.195265e+01  4.322794e+01  4.794765e+02  3.229680e+03  3.376312e+04  7.281636e+01  1.528325e+04  8.3112774087318189e+02
      5050  6.3124999999998153e+00  1.0349892497440359e-01  3.3482058535066286e+00  7.341008e-01  1.199020e+01  4.355737e+01  4.850671e+02  3.277980e+03  3.445817e+04  7.350516e+01  1.560839e+04  8.3563683152417138e+02
      5060  6.3249999999998128e+00  1.0339419246166470e-01  3.3546969200364152e+00  7.372099e-01  1.202689e+01  4.387105e+01  4.906489e+02  3.325755e+03  3.516429e+04  7.420428e+01  1.594304e+04  8.4022778692803581e+02
      5070  6.3374999999998103e+00  1.0328925717606741e-01  3.3611837928236952e+00  7.401144e-01  1.206262e+01  4.416884e+01  4.962200e+02  3.373009e+03  3.588213e+04  7.491404e+01  1.628780e+04  8.4489913095231407e+02
      5080  6.3499999999998078e+00  1.0318411924243560e-01  3.3676668879044054e+00  7.428125e-01  1.209730e+01  4.445057e+01  5.017780e+02  3.419750e+03  3.661236e+04  7.563487e+01  1.664341e+04  8.4964955776388229e+02
      5090  6.3624999999998053e+00  1.0307877877170724e-01  3.3741466754869638e+00  7.453019e-01  1.213082e+01  4.471605e+01  5.073198e+02  3.465982e+03  3.735561e+04  7.636729e+01  1.701076e+04  8.5447793588777017e+02
      5100  6.3749999999998028e+00  1.0297323585942331e-01  3.3806236676691741e+00  7.475789e-01  1.216308e+01  4.496499e+01  5.128416e+02  3.511708e+03  3.811247e+04  7.711185e+01  1.739081e+04  8.5938330992973556e+02
      5110  6.3874999999998003e+00  1.0286749058464568e-01  3.3870984050982456e+00  7.496386e-01  1.219397e+01  4.519702e+01  5.183385e+02  3.556919e+03  3.888341e+04  7.786909e+01  1.778460e+04  8.6436489989835786e+02
      5120  6.3999999999997979e+00  1.0276154300928572e-01  3.3935714426872932e+00  7.514749e-01  1.222336e+01  4.541167e+01  5.238040e+02  3.601597e+03  3.966874e+04  7.863953e+01  1.819323e+04  8.6942209804749359e+02
      5130  6.4124999999997954e+00  1.0265539317787165e-01  3.4000433345051650e+00  7.530804e-01  1.225112e+01  4.560836e+01  5.292301e+02  3.645707e+03  4.046852e+04  7.942364e+01  1.861780e+04  8.7455446314322444e+02
      5140  6.4249999999997929e+00  1.0254904111780877e-01  3.4065146179734049e+00  7.544460e-01  1.227710e+01  4.578633e+01  5.346066e+02  3.689197e+03  4.128256e+04  8.022176e+01  1.905940e+04  8.7976171203738954e+02
      5150  6.4374999999997904e+00  1.0244248684020019e-01  3.4129857975113493e+00  7.555613e-01  1.230116e+01  4.594471e+01  5.399215e+02  3.731989e+03  4.211028e+04  8.103418e+01  1.951908e+04  8.8504370841198352e+02
      5160  6.4499999999997879e+00  1.0233573034111325e-01  3.4194573277824203e+00  7.564143e-01  1.232313e+01  4.608245e+01  5.451602e+02  3.773983e+03  4.295074e+04  8.186103e+01  1.999783e+04  8.9040044854215694e+02
      5170  6.4624999999997854e+00  1.0222877160337709e-01  3.4259295966980297e+00  7.569919e-01  1.234286e+01  4.619836e+01  5.503057e+02  3.815048e+03  4.380252e+04  8.270233e+01  2.049655e+04  8.9583204391323670e+02
      5180  6.4749999999997829e+00  1.0212161059896473e-01  3.4324029083528971e+00  7.572794e-01  1.236015e+01  4.629109e+01  5.553386e+02  3.855024e+03  4.466370e+04  8.355800e+01  2.101604e+04  9.0133870052430757e+02
      5190  6.4874999999997804e+00  1.0201424729187671e-01  3.4388774660660864e+00  7.572611e-01  1.237483e+01  4.635913e+01  5.602365e+02  3.893720e+03  4.553181e+04  8.442780e+01  2.155697e+04  9.0692069471470268e+02
      5200  6.4999999999997780e+00  1.0190668164152832e-01  3.4453533557106417e+00  7.569203e-01  1.238670e+01  4.640085e+01  5.649746e+02  3.930909e+03  4.640378e+04  8.531142e+01  2.211989e+04  9.1257834536554640e+02
      5210  6.5124999999997755e+00  1.0179891360669613e-01  3.4518305295242726e+00  7.562394e-01  1.239558e+01  4.641447e+01  5.695255e+02  3.966332e+03  4.727594e+04  8.620844e+01  2.270524e+04  9.1831198235561078e+02
      5220  6.5249999999997730e+00  1.0169094314992740e-01  3.4583087905932528e+00  7.552003e-01  1.240124e+01  4.639812e+01  5.738591e+02  3.999698e+03  4.814396e+04  8.711835e+01  2.331331e+04  9.2412191119026397e+02
      5230  6.5374999999997705e+00  1.0158277024242848e-01  3.4647877782098835e+00  7.537847e-01  1.240350e+01  4.634986e+01  5.779431e+02  4.030683e+03  4.900290e+04  8.804059e+01  2.394428e+04  9.3000837377511175e+02
      5240  6.5499999999997680e+00  1.0147439486940107e-01  3.4712669543037133e+00  7.519742e-01  1.240215e+01  4.626768e+01  5.817431e+02  4.058934e+03  4.984715e+04  8.897452e+01  2.459820e+04  9.3597150537224604e+02
      5250  6.5624999999997655e+00  1.0136581703578951e-01  3.4777455911497048e+00  7.497506e-01  1.239698e+01  4.614953e+01  5.852225e+02  4.084069e+03  5.067052e+04  8.991946e+01  2.527501e+04  9.4201128785373112e+02
      5260  6.5749999999997630e+00  1.0125703677236633e-01  3.4842227605570346e+00  7.470964e-01  1.238780e+01  4.599339e+01  5.883433e+02  4.105685e+03  5.146620e+04  9.087465e+01  2.597454e+04  9.4812749945902920e+02
      5270  6.5874999999997605e+00  1.0114805414216728e-01  3.4906973247379582e+00  7.439950e-01  1.237441e+01  4.579725e+01  5.910661e+02  4.123360e+03  5.222685e+04  9.183928e+01  2.669650e+04  9.5431966135958965e+02
      5280  6.5999999999997581e+00  1.0103886924710503e-01  3.4971679290596711e+00  7.404312e-01  1.235662e+01  4.555918e+01  5.933506e+02  4.136658e+03  5.294465e+04  9.281244e+01  2.744046e+04  9.6058698144375819e+02
      5290  6.6124999999997556e+00  1.0092948223488982e-01  3.5036329968732849e+00  7.363911e-01  1.233426e+01  4.527736e+01  5.951558e+02  4.145133e+03  5.361137e+04  9.379310e+01  2.820587e+04  9.6692829584411925e+02
      5300  6.6249999999997531e+00  1.0081989330601160e-01  3.5100907266127126e+00  7.318631e-01  1.230717e+01  4.495007e+01  5.964406e+02  4.148338e+03  5.421846e+04  9.478005e+01  2.899198e+04  9.7334200884493157e+02
      5310  6.6374999999997506e+00  1.0071010272074085e-01  3.5165390913487276e+00  7.268375e-01  1.227518e+01  4.457580e+01  5.971642e+02  4.145832e+03  5.475710e+04  9.577187e+01  2.979785e+04  9.7982603191761291e+02
      5320  6.6499999999997481e+00  1.0060011080618234e-01  3.5229758409809513e+00  7.213074e-01  1.223817e+01  4.415322e+01  5.972863e+02  4.137184e+03  5.521838e+04  9.676684e+01  3.062223e+04  9.8637772273947712e+02
      5330  6.6624999999997456e+00  1.0048991796316928e-01  3.5293985072365075e+00  7.152685e-01  1.219600e+01  4.368120e+01  5.967678e+02  4.121983e+03  5.559335e+04  9.776288e+01  3.146356e+04  9.9299382514736146e+02
      5340  6.6749999999997431e+00  1.0037952467295824e-01  3.5358044116449525e+00  7.087195e-01  1.214858e+01  4.315890e+01  5.955709e+02  4.099843e+03  5.587318e+04  9.875747e+01  3.231987e+04  9.9967041106482736e+02
      5350  6.6874999999997407e+00  1.0026893150363890e-01  3.5421906766405540e+00  7.016624e-01  1.209581e+01  4.258572e+01  5.936601e+02  4.070412e+03  5.604927e+04  9.974756e+01  3.318866e+04  1.0064028255118665e+03
      5360  6.6999999999997382e+00  1.0015813911613772e-01  3.5485542399405343e+00  6.941024e-01  1.203762e+01  4.196139e+01  5.910017e+02  4.033382e+03  5.611339e+04  1.007295e+02  3.406687e+04  1.0131856358626967e+03
      5370  6.7124999999997357e+00  1.0004714826972119e-01  3.5548918723329384e+00  6.860483e-01  1.197397e+01  4.128594e+01  5.875655e+02  3.988492e+03  5.605783e+04  1.016991e+02  3.495080e+04  1.0200125865558127e+03
      5380  6.7249999999997332e+00  9.9935959826900470e-02  3.5612001989923696e+00  6.775121e-01  1.190482e+01  4.055973e+01  5.833239e+02  3.935539e+03  5.587554e+04  1.026512e+02  3.583599e+04  1.0268765604858199e+03
      5390  6.7374999999997307e+00  9.9824574757578333e-02  3.5674757244301927e+00  6.685094e-01  1.183016e+01  3.978346e+01  5.782538e+02  3.874384e+03  5.556031e+04  1.035801e+02  3.671722e+04  1.0337695483186669e+03
      5400  6.7499999999997282e+00  9.9712994142402589e-02  3.5737148611646572e+00  6.590594e-01  1.175002e+01  3.895822e+01  5.723358e+02  3.804959e+03  5.510689e+04  1.044794e+02  3.758850e+04  1.0406826269757451e+03
      5410  6.7624999999997257e+00  9.9601219175150982e-02  3.5799139621667910e+00  6.491841e-01  1.166441e+01  3.808545e+01  5.655560e+02  3.727276e+03  5.451117e+04  1.053418e+02  3.844302e+04  1.0476059485339399e+03
      5420  6.7749999999997232e+00  9.9489251164002701e-02  3.5860693571141580e+00  6.389091e-01  1.157341e+01  3.716697e+01  5.579057e+02  3.641433e+03  5.377034e+04  1.061594e+02  3.927327e+04  1.0545287407948376e+03
      5430  6.7874999999997208e+00  9.9377091531697465e-02  3.5921773924425171e+00  6.282626e-01  1.147710e+01  3.620502e+01  5.493825e+02  3.547617e+03  5.288307e+04  1.069238e+02  4.007110e+04  1.0614393207899616e+03
      5440  6.7999999999997183e+00  9.9264741814294191e-02  3.5982344751292104e+00  6.172757e-01  1.137559e+01  3.520221e+01  5.399908e+02  3.446111e+03  5.184961e+04  1.076260e+02  4.082787e+04  1.0683251225209415e+03
      5450  6.8124999999997158e+00  9.9152203658587373e-02  3.6042371200924270e+00  6.059818e-01  1.126905e+01  3.416155e+01  5.297428e+02  3.337301e+03  5.067200e+04  1.082568e+02  4.153460e+04  1.0751727402790757e+03
      5460  6.8249999999997133e+00  9.9039478817926949e-02  3.6101820009984005e+00  5.944164e-01  1.115764e+01  3.308645e+01  5.186588e+02  3.221669e+03  4.935412e+04  1.088069e+02  4.218220e+04  1.0819679889521190e+03
      5470  6.8374999999997108e+00  9.8926569146433510e-02  3.6160660041828980e+00  5.826171e-01  1.104159e+01  3.198071e+01  5.067679e+02  3.099803e+03  4.790180e+04  1.092668e+02  4.276166e+04  1.0886959827935348e+03
      5480  6.8499999999997083e+00  9.8813476591474908e-02  3.6218862852795453e+00  5.706227e-01  1.092115e+01  3.084852e+01  4.941085e+02  2.972388e+03  4.632291e+04  1.096274e+02  4.326430e+04  1.0953412341865701e+03
      5490  6.8624999999997058e+00  9.8700203184348398e-02  3.6276403280148641e+00  5.584732e-01  1.079662e+01  2.969439e+01  4.807289e+02  2.840203e+03  4.462728e+04  1.098800e+02  4.368195e+04  1.1018877739577258e+03
      5500  6.8749999999997033e+00  9.8586751029063557e-02  3.6333260044811659e+00  5.462094e-01  1.066835e+01  2.852317e+01  4.666868e+02  2.704110e+03  4.282673e+04  1.100163e+02  4.400716e+04  1.1083192947419332e+03
      5510  6.8874999999997009e+00  9.8473122289292891e-02  3.6389416360413942e+00  5.338727e-01  1.053672e+01  2.733999e+01  4.520501e+02  2.565046e+03  4.093488e+04  1.100290e+02  4.423337e+04  1.1146193187390595e+03
      5520  6.8999999999996984e+00  9.8359319173367710e-02  3.6444860538471766e+00  5.215044e-01  1.040216e+01  2.615020e+01  4.368955e+02  2.424006e+03  3.896700e+04  1.099114e+02  4.435499e+04  1.1207713908694845e+03
      5530  6.9124999999996959e+00  9.8245343917418931e-02  3.6499586577816885e+00  5.091457e-01  1.026514e+01  2.495933e+01  4.213087e+02  2.282024e+03  3.693974e+04  1.096578e+02  4.436749e+04  1.1267592977959780e+03
      5540  6.9249999999996934e+00  9.8131198766735206e-02  3.6553594724860865e+00  4.968371e-01  1.012618e+01  2.377298e+01  4.053826e+02  2.140152e+03  3.487079e+04  1.092638e+02  4.426743e+04  1.1325673124739305e+03
      5550  6.9374999999996909e+00  9.8016885955393582e-02  3.6606891989878259e+00  4.846181e-01  9.985809e+00  2.259676e+01  3.892164e+02  1.999439e+03  3.277853e+04  1.087259e+02  4.405246e+04  1.1381804627997478e+03
      5560  6.9499999999996884e+00  9.7902407684462872e-02  3.6659492603643389e+00  4.725271e-01  9.844613e+00  2.143619e+01  3.729135e+02  1.860907e+03  3.068159e+04  1.080419e+02  4.372127e+04  1.1435848215310898e+03
      5570  6.9624999999996859e+00  9.7787766098720558e-02  3.6711418398305931e+00  4.606010e-01  9.703184e+00  2.029662e+01  3.565802e+02  1.725525e+03  2.859837e+04  1.072105e+02  4.327357e+04  1.1487678129850187e+03
      5580  6.9749999999996835e+00  9.7672963262501716e-02  3.6762699096804452e+00  4.488744e-01  9.562134e+00  1.918312e+01  3.403228e+02  1.594189e+03  2.654667e+04  1.062320e+02  4.271005e+04  1.1537185301343955e+03
      5590  6.9874999999996810e+00  9.7558001134718686e-02  3.6813372496240753e+00  4.373801e-01  9.422078e+00  1.810037e+01  3.242459e+02  1.467700e+03  2.454315e+04  1.051077e+02  4.203233e+04  1.1584280537384116e+03
      5600  6.9999999999996785e+00  9.7442881543437276e-02  3.6863484532870117e+00  4.261482e-01  9.283623e+00  1.705261e+01  3.084501e+02  1.346748e+03  2.260302e+04  1.038401e+02  4.124298e+04  1.1628897632086373e+03
      5610  7.0124999999996760e+00  9.7327606160571123e-02  3.6913089219363524e+00  4.152063e-01  9.147364e+00  1.604355e+01  2.930299e+02  1.231899e+03  2.073966e+04  1.024329e+02  4.034549e+04  1.1670996272213702e+03
      5620  7.0249999999996735e+00  9.7212176476889844e-02  3.6962248449089445e+00  4.045789e-01  9.013868e+00  1.507628e+01  2.780716e+02  1.123587e+03  1.896438e+04  1.008910e+02  3.934435e+04  1.1710564608590921e+03
      5630  7.0374999999996710e+00  9.7096593777849544e-02  3.7011031666972678e+00  3.942874e-01  8.883667e+00  1.415327e+01  2.636520e+02  1.022109e+03  1.728623e+04  9.922070e+01  3.824504e+04  1.1747621355175295e+03
      5640  7.0499999999996685e+00  9.6980859120723031e-02  3.7059515411826869e+00  3.843502e-01  8.757249e+00  1.327633e+01  2.498369e+02  9.276322e+02  1.571196e+04  9.742915e+01  3.705413e+04  1.1782217281429550e+03
      5650  7.0624999999996660e+00  9.6864973313247449e-02  3.7107782740693165e+00  3.747823e-01  8.635049e+00  1.244657e+01  2.366802e+02  8.401965e+02  1.424598e+04  9.552483e+01  3.577928e+04  1.1814435977071794e+03
      5660  7.0749999999996636e+00  9.6748936894327731e-02  3.7155922551201357e+00  3.655954e-01  8.517447e+00  1.166446e+01  2.242240e+02  7.597274e+02  1.289052e+04  9.351727e+01  3.442930e+04  1.1844393792356336e+03
      5670  7.0874999999996611e+00  9.6632750116913829e-02  3.7204028822932695e+00  3.567979e-01  8.404760e+00  1.092986e+01  2.124978e+02  6.860493e+02  1.164573e+04  9.141701e+01  3.301406e+04  1.1872238891262864e+03
      5680  7.0999999999996586e+00  9.6516412933417506e-02  3.7252199802737032e+00  3.483954e-01  8.297242e+00  1.024204e+01  2.015196e+02  6.189023e+02  1.050999e+04  8.923558e+01  3.154451e+04  1.1898149397597736e+03
      5690  7.1124999999996561e+00  9.6399924983660068e-02  3.7300537161761240e+00  3.403902e-01  8.195083e+00  9.599775e+00  1.912962e+02  5.579596e+02  9.480103e+03  8.698529e+01  3.003250e+04  1.1922330662269330e+03
      5700  7.1249999999996536e+00  9.6283285585487419e-02  3.7349145153033954e+00  3.327824e-01  8.098410e+00  9.001417e+00  1.818244e+02  5.028444e+02  8.551629e+03  8.467917e+01  2.849062e+04  1.1945011730154874e+03
      5710  7.1374999999996511e+00  9.6166493727993102e-02  3.7398129797945838e+00  3.255696e-01  8.007292e+00  8.444969e+00  1.730923e+02  4.531474e+02  7.719167e+03  8.233077e+01  2.693196e+04  1.1966441132880555e+03
      5720  7.1499999999996486e+00  9.6049548067191806e-02  3.7447598127755377e+00  3.187472e-01  7.921741e+00  7.928178e+00  1.650804e+02  4.084416e+02  6.976633e+03  7.995399e+01  2.536986e+04  1.1986882175223527e+03
      5730  7.1624999999996461e+00  9.5932446923922693e-02  3.7497657502286312e+00  3.123096e-01  7.841723e+00  7.448622e+00  1.577633e+02  3.682961e+02  6.317529e+03  7.756284e+01  2.381759e+04  1.2006607914026747e+03
      5740  7.1749999999996437e+00  9.5815188283787669e-02  3.7548415023002528e+00  3.062496e-01  7.767156e+00  7.003786e+00  1.511109e+02  3.322871e+02  5.735170e+03  7.517127e+01  2.228800e+04  1.2025896046734410e+03
      5750  7.1874999999996412e+00  9.5697769798737162e-02  3.7599977051335642e+00  3.005595e-01  7.697928e+00  6.591141e+00  1.450901e+02  3.000068e+02  5.222881e+03  7.279292e+01  2.079328e+04  1.2045023930463860e+03
      5760  7.1999999999996387e+00  9.5580188789975762e-02  3.7652448836691175e+00  2.952313e-01  7.633894e+00  6.208204e+00  1.396653e+02  2.710698e+02  4.774152e+03  7.044095e+01  1.934458e+04  1.2064263941958573e+03
      5770  7.2124999999996362e+00  9.5462442251858862e-02  3.7705934251659605e+00  2.902567e-01  7.574887e+00  5.852593e+00  1.348003e+02  2.451178e+02  4.382766e+03  6.812775e+01  1.795181e+04  1.2083879365259040e+03
      5780  7.2249999999996337e+00  9.5344526856526959e-02  3.7760535625701896e+00  2.856279e-01  7.520726e+00  5.522066e+00  1.304585e+02  2.218219e+02  4.042876e+03  6.586485e+01  1.662345e+04  1.2104120959985726e+03
      5790  7.2374999999996312e+00  9.5226438958808737e-02  3.7816353662706681e+00  2.813377e-01  7.471219e+00  5.214554e+00  1.266042e+02  2.008839e+02  3.749070e+03  6.366273e+01  1.536635e+04  1.2125224322041036e+03
      5800  7.2499999999996287e+00  9.5108174601409717e-02  3.7873487423188781e+00  2.773792e-01  7.426172e+00  4.928169e+00  1.232027e+02  1.820354e+02  3.496397e+03  6.153065e+01  1.418570e+04  1.2147408103671121e+03
      5810  7.2624999999996263e+00  9.4989729519969146e-02  3.7932034348158830e+00  2.737463e-01  7.385388e+00  4.661219e+00  1.202211e+02  1.650373e+02  3.280375e+03  5.947663e+01  1.308504e+04  1.2170873114395893e+03
      5820  7.2749999999996238e+00  9.4871099148061716e-02  3.7992090299383197e+00  2.704333e-01  7.348675e+00  4.412196e+00  1.176283e+02  1.496770e+02  3.096986e+03  5.750736e+01  1.206624e+04  1.2195802280892362e+03
      5830  7.2874999999996213e+00  9.4752278622097022e-02  3.8053749589576631e+00  2.674352e-01  7.315847e+00  4.179769e+00  1.153952e+02  1.357664e+02  2.942654e+03  5.562815e+01  1.112968e+04  1.2222361404291578e+03
      5840  7.2999999999996188e+00  9.4633262786165059e-02  3.8117104976342571e+00  2.647469e-01  7.286728e+00  3.962764e+00  1.134949e+02  1.231389e+02  2.814220e+03  5.384301e+01  1.027438e+04  1.2250700618693697e+03
      5850  7.3124999999996163e+00  9.4514046196936846e-02  3.8182247594928898e+00  2.623632e-01  7.261150e+00  3.760139e+00  1.119025e+02  1.116462e+02  2.708901e+03  5.215464e+01  9.498132e+03  1.2280956425517020e+03
      5860  7.3249999999996138e+00  9.4394623128996283e-02  3.8249266807536966e+00  2.602786e-01  7.238954e+00  3.570966e+00  1.105949e+02  1.011559e+02  2.624261e+03  5.056451e+01  8.797792e+03  1.2313254154963870e+03
      5870  7.3374999999996113e+00  9.4274987580722364e-02  3.8318249950443972e+00  2.584867e-01  7.219994e+00  3.394401e+00  1.095510e+02  9.154880e+01  2.558164e+03  4.907298e+01  8.169416e+03  1.2347710688730281e+03
      5880  7.3499999999996088e+00  9.4155133281182801e-02  3.8389281964766253e+00  2.569801e-01  7.204129e+00  3.229663e+00  1.087512e+02  8.271591e+01  2.508742e+03  4.767938e+01  7.608491e+03  1.2384437267615237e+03
      5890  7.3624999999996064e+00  9.4035053698349039e-02  3.8462444902075457e+00  2.557498e-01  7.191231e+00  3.076016e+00  1.081774e+02  7.455702e+01  2.474355e+03  4.638211e+01  7.110125e+03  1.2423542204537300e+03
      5900  7.3749999999996039e+00  9.3914742049077460e-02  3.8537817301911499e+00  2.547851e-01  7.181177e+00  2.932751e+00  1.078129e+02  6.697887e+01  2.453557e+03  4.517880e+01  6.669228e+03  1.2465133328308762e+03
      5910  7.3874999999996014e+00  9.3794191311211278e-02  3.8615473444624842e+00  2.540736e-01  7.173854e+00  2.799180e+00  1.076421e+02  5.989412e+01  2.445065e+03  4.406640e+01  6.280671e+03  1.2509319996763961e+03
      5920  7.3999999999995989e+00  9.3673394238252466e-02  3.8695482489277859e+00  2.536005e-01  7.169152e+00  2.674627e+00  1.076504e+02  5.322083e+01  2.447730e+03  4.304129e+01  5.939403e+03  1.2556214539478899e+03
      5930  7.4124999999995964e+00  9.3552343376788388e-02  3.8777907512529630e+00  2.533490e-01  7.166969e+00  2.558431e+00  1.078244e+02  4.688244e+01  2.460520e+03  4.209943e+01  5.640551e+03  1.2605933019693944e+03
      5940  7.4249999999995939e+00  9.3431031087177985e-02  3.8862804470022247e+00  2.533005e-01  7.167210e+00  2.449952e+00  1.081515e+02  4.080824e+01  2.482495e+03  4.123642e+01  5.379496e+03  1.2658595240882937e+03
      5950  7.4374999999995914e+00  9.3309449567440778e-02  3.8950221106659990e+00  2.534339e-01  7.169782e+00  2.348576e+00  1.086201e+02  3.493421e+01  2.512799e+03  4.044761e+01  5.151932e+03  1.2714323963968764e+03
      5960  7.4499999999995890e+00  9.3187590880726548e-02  3.9040195845995442e+00  2.537269e-01  7.174604e+00  2.253734e+00  1.092194e+02  2.920422e+01  2.550650e+03  3.972823e+01  4.953889e+03  1.2773243344266698e+03
      5970  7.4624999999995865e+00  9.3065446986108566e-02  3.9132756691495816e+00  2.541552e-01  7.181597e+00  2.164906e+00  1.099398e+02  2.357137e+01  2.595338e+03  3.907341e+01  4.781756e+03  1.2835476639867397e+03
      5980  7.4749999999995840e+00  9.2943009772844989e-02  3.9227920173796109e+00  2.546935e-01  7.190695e+00  2.081643e+00  1.107725e+02  1.799946e+01  2.646222e+03  3.847833e+01  4.632282e+03  1.2901143281918007e+03
      5990  7.4874999999995815e+00  9.2820271097788065e-02  3.9325690377906541e+00  2.553154e-01  7.201839e+00  2.003573e+00  1.117101e+02  1.246427e+01  2.702739e+03  3.793827e+01  4.502574e+03  1.2970355429228614e+03
      6000  7.4999999999995790e+00  9.2697222825658523e-02  3.9426058082965039e+00  2.559942e-01  7.214981e+00  1.930416e+00  1.127462e+02  6.954748e+00  2.764401e+03  3.744873e+01  4.390094e+03  1.3043214153740767e+03
      6010  7.5124999999995765e+00  9.2573856871762283e-02  3.9529000044405507e+00  2.567028e-01  7.230086e+00  1.861987e+00  1.138756e+02  1.473788e+00  2.830806e+03  3.700550e+01  4.292653e+03  1.3119805420506332e+03
      6020  7.5249999999995740e+00  9.2450165246773575e-02  3.9634478444846870e+00  2.574143e-01  7.247129e+00  1.798205e+00  1.150945e+02 -3.961314e+00  2.901644e+03  3.660474e+01  4.208408e+03  1.3200196036389525e+03
      6030  7.5374999999995715e+00  9.2326140102837059e-02  3.9742440535249388e+00  2.581025e-01  7.266100e+00  1.739086e+00  1.164001e+02 -9.318915e+00  2.976696e+03  3.624312e+01  4.135865e+03  1.3284429744492959e+03
      6040  7.5499999999995691e+00  9.2201773780570415e-02  3.9852818482641732e+00  2.587420e-01  7.287000e+00  1.684750e+00  1.177911e+02 -1.455352e+01  3.055840e+03  3.591783e+01  4.073880e+03  1.3372523633944757e+03
      6050  7.5624999999995666e+00  9.2077058856110977e-02  3.9965529434740068e+00  2.593087e-01  7.309841e+00  1.635404e+00  1.192672e+02 -1.960677e+01  3.139049e+03  3.562672e+01  4.021674e+03  1.3464465016611125e+03
      6060  7.5749999999995641e+00  9.1951988187713760e-02  4.0080475805698672e+00  2.597803e-01  7.334645e+00  1.591341e+00  1.208291e+02 -2.440878e+01  3.226385e+03  3.536826e+01  3.978837e+03  1.3560208896708991e+03
      6070  7.5874999999995616e+00  9.1826554960997925e-02  4.0197545781002217e+00  2.601364e-01  7.361444e+00  1.552923e+00  1.224784e+02 -2.887995e+01  3.317994e+03  3.514166e+01  3.945350e+03  1.3659676130701268e+03
      6080  7.5999999999995591e+00  9.1700752732384205e-02  4.0316614033732021e+00  2.603589e-01  7.390276e+00  1.520571e+00  1.242177e+02 -3.293288e+01  3.414097e+03  3.494685e+01  3.921587e+03  1.3762752346139707e+03
      6090  7.6124999999995566e+00  9.1574575469942299e-02  4.0437542638861004e+00  2.604326e-01  7.421180e+00  1.494751e+00  1.260499e+02 -3.647460e+01  3.514976e+03  3.478441e+01  3.908331e+03  1.3869287658648395e+03
      6100  7.6249999999995541e+00  9.1448017591030717e-02  4.0560182167355743e+00  2.603450e-01  7.454203e+00  1.475959e+00  1.279784e+02 -3.940877e+01  3.620963e+03  3.465562e+01  3.906776e+03  1.3979097195057186e+03
      6110  7.6374999999995516e+00  9.1321073996390834e-02  4.0684372937655544e+00  2.600870e-01  7.489386e+00  1.464708e+00  1.300070e+02 -4.163785e+01  3.732422e+03  3.456234e+01  3.918523e+03  1.4091962398939713e+03
      6120  7.6499999999995492e+00  9.1193740100011869e-02  4.0809946398752857e+00  2.596527e-01  7.526771e+00  1.461517e+00  1.321393e+02 -4.306520e+01  3.849743e+03  3.450695e+01  3.945565e+03  1.4207633066149936e+03
      6130  7.6624999999995467e+00  9.1066011854545256e-02  4.0936726616652903e+00  2.590396e-01  7.566397e+00  1.466899e+00  1.343791e+02 -4.359688e+01  3.973324e+03  3.449222e+01  3.990269e+03  1.4325830035166277e+03
      6140  7.6749999999995442e+00  9.0937885771962657e-02  4.1064531834483269e+00  2.582491e-01  7.608298e+00  1.481357e+00  1.367300e+02 -4.314323e+01  4.103563e+03  3.452126e+01  4.055339e+03  1.4446248440589541e+03
      6150  7.6874999999995417e+00  9.0809358939211701e-02  4.1193176075865114e+00  2.572856e-01  7.652504e+00  1.505375e+00  1.391950e+02 -4.162014e+01  4.240852e+03  3.459736e+01  4.143781e+03  1.4568561426868350e+03
      6160  7.6999999999995392e+00  9.0680429028917153e-02  4.1322470761401036e+00  2.561570e-01  7.699040e+00  1.539420e+00  1.417772e+02 -3.894991e+01  4.385571e+03  3.472387e+01  4.258845e+03  1.4692424212804926e+03
      6170  7.7124999999995367e+00  9.0551094304968383e-02  4.1452226309043967e+00  2.548742e-01  7.747923e+00  1.583940e+00  1.444791e+02 -3.506182e+01  4.538088e+03  3.490415e+01  4.403978e+03  1.4817478395908856e+03
      6180  7.7249999999995342e+00  9.0421353623215600e-02  4.1582253690731141e+00  2.534504e-01  7.799170e+00  1.639369e+00  1.473029e+02 -2.989228e+01  4.698761e+03  3.514144e+01  4.582752e+03  1.4943356389344881e+03
      6190  7.7374999999995318e+00  9.0291206427379325e-02  4.1712365919874159e+00  2.519012e-01  7.852788e+00  1.706126e+00  1.502503e+02 -2.338467e+01  4.867941e+03  3.543877e+01  4.798807e+03  1.5069685892453656e+03
      6200  7.7499999999995293e+00  9.0160652740450722e-02  4.1842379446859121e+00  2.502434e-01  7.908780e+00  1.784627e+00  1.533228e+02 -1.548888e+01  5.045980e+03  3.579889e+01  5.055766e+03  1.5196094307598210e+03
      6210  7.7624999999995268e+00  9.0029693151966558e-02  4.1972115442703775e+00  2.484949e-01  7.967142e+00  1.875277e+00  1.565214e+02 -6.160612e+00  5.233237e+03  3.622422e+01  5.357163e+03  1.5322213030431562e+03
      6220  7.7749999999995243e+00  8.9898328801324631e-02  4.2101400954094075e+00  2.466732e-01  8.027861e+00  1.978473e+00  1.598470e+02  4.639563e+00  5.430092e+03  3.671678e+01  5.706345e+03  1.5447681555812028e+03
      6230  7.7874999999995218e+00  8.9766561357894334e-02  4.2230069916357849e+00  2.447957e-01  8.090911e+00  2.094596e+00  1.633002e+02  1.694713e+01  5.636953e+03  3.727813e+01  6.106374e+03  1.5572151355332689e+03
      6240  7.7999999999995193e+00  8.9634392998036008e-02  4.2357964014189839e+00  2.428777e-01  8.156254e+00  2.223998e+00  1.668813e+02  3.079459e+01  5.854267e+03  3.790927e+01  6.559914e+03  1.5695289493535695e+03
      6250  7.8124999999995168e+00  8.9501826379765517e-02  4.2484933383324144e+00  2.409330e-01  8.223836e+00  2.366978e+00  1.705904e+02  4.621222e+01  6.082531e+03  3.861058e+01  7.069095e+03  1.5816781958559550e+03
      6260  7.8249999999995143e+00  8.9368864615478924e-02  4.2610837149681817e+00  2.389720e-01  8.293580e+00  2.523762e+00  1.744273e+02  6.322855e+01  6.322301e+03  3.938173e+01  7.635379e+03  1.5936336689977006e+03
      6270  7.8374999999995119e+00  8.9235511243222002e-02  4.2735543805771439e+00  2.370024e-01  8.365388e+00  2.694464e+00  1.783914e+02  8.187044e+01  6.574197e+03  4.022153e+01  8.259392e+03  1.6053686291916370e+03
      6280  7.8499999999995094e+00  8.9101770197008365e-02  4.2858931427137570e+00  2.350277e-01  8.439138e+00  2.879059e+00  1.824815e+02  1.021626e+02  6.838911e+03  4.112780e+01  8.940764e+03  1.6168590423428918e+03
      6290  7.8624999999995069e+00  8.8967645776787327e-02  4.2980887734647224e+00  2.330478e-01  8.514681e+00  3.077346e+00  1.866960e+02  1.241269e+02  7.117203e+03  4.209729e+01  9.677948e+03  1.6280837861585810e+03
      6300  7.8749999999995044e+00  8.8833142618381974e-02  4.3101310011073384e+00  2.310585e-01  8.591843e+00  3.288925e+00  1.910323e+02  1.477808e+02  7.409902e+03  4.312547e+01  1.046805e+04  1.6390248234707951e+03
      6310  7.8874999999995019e+00  8.8698265663908066e-02  4.3220104882983756e+00  2.290518e-01  8.670429e+00  3.513173e+00  1.954873e+02  1.731365e+02  7.717893e+03  4.420651e+01  1.130666e+04  1.6496673417807274e+03
      6320  7.8999999999994994e+00  8.8563020133084064e-02  4.3337187981173919e+00  2.270161e-01  8.750221e+00  3.749247e+00  2.000568e+02  2.001992e+02  8.042112e+03  4.533315e+01  1.218774e+04  1.6599998565391261e+03
      6330  7.9124999999994969e+00  8.8427411495770797e-02  4.3452483495243968e+00  2.249370e-01  8.830992e+00  3.996089e+00  2.047358e+02  2.289671e+02  8.383534e+03  4.649673e+01  1.310346e+04  1.6700142735574486e+03
      6340  7.9249999999994944e+00  8.8291445446051636e-02  4.3565923640238777e+00  2.227975e-01  8.912508e+00  4.252458e+00  2.095191e+02  2.594309e+02  8.743164e+03  4.768723e+01  1.404424e+04  1.6797059049513452e+03
      6350  7.9374999999994920e+00  8.8155127878073947e-02  4.3677448055750858e+00  2.205792e-01  8.994538e+00  4.516980e+00  2.144011e+02  2.915760e+02  9.122033e+03  4.889337e+01  1.499875e+04  1.6890734336553965e+03
      6360  7.9499999999994895e+00  8.8018464863827542e-02  4.3787003160035898e+00  2.182632e-01  9.076868e+00  4.788208e+00  2.193762e+02  3.253845e+02  9.521203e+03  5.010288e+01  1.595400e+04  1.6981188223356910e+03
      6370  7.9624999999994870e+00  8.7881462633063540e-02  4.3894541483649299e+00  2.158308e-01  9.159306e+00  5.064700e+00  2.244401e+02  3.608397e+02  9.941781e+03  5.130281e+01  1.689565e+04  1.7068471619149532e+03
      6380  7.9749999999994845e+00  8.7744127555173412e-02  4.4000021008627863e+00  2.132647e-01  9.241696e+00  5.345103e+00  2.295896e+02  3.979310e+02  1.038494e+04  5.247983e+01  1.780828e+04  1.7152664536021530e+03
      6390  7.9874999999994820e+00  8.7606466123209298e-02  4.4103404540816893e+00  2.105502e-01  9.323931e+00  5.628241e+00  2.348237e+02  4.366595e+02  1.085195e+04  5.362078e+01  1.867588e+04  1.7233873187282334e+03
      6400  7.9999999999994795e+00  8.7468484939660848e-02  4.4204659143861882e+00  2.076759e-01  9.405956e+00  5.913188e+00  2.401444e+02  4.770437e+02  1.134422e+04  5.471307e+01  1.948241e+04  1.7312226344291469e+03
      6410  8.0124999999994859e+00  8.7330190703969607e-02  4.4303755663368865e+00  2.046346e-01  9.487780e+00  6.199343e+00  2.455567e+02  5.191249e+02  1.186331e+04  5.574525e+01  2.021241e+04  1.7387870999124316e+03
      6420  8.0249999999994923e+00  8.7191590201282074e-02  4.4400668368018366e+00  2.014242e-01  9.569479e+00  6.486475e+00  2.510698e+02  5.629699e+02  1.241100e+04  5.670750e+01  2.085171e+04  1.7460967462384187e+03
      6430  8.0374999999994987e+00  8.7052690292159202e-02  4.4495374730720973e+00  1.980483e-01  9.651197e+00  6.774753e+00  2.566966e+02  6.086733e+02  1.298927e+04  5.759205e+01  2.138812e+04  1.7531684106156551e+03
      6440  8.0499999999995051e+00  8.6913497902679202e-02  4.4587855366328899e+00  1.945164e-01  9.733149e+00  7.064745e+00  2.624544e+02  6.563565e+02  1.360033e+04  5.839364e+01  2.181213e+04  1.7600192028497768e+03
      6450  8.0624999999995115e+00  8.6774020014528025e-02  4.4678094133109720e+00  1.908446e-01  9.815615e+00  7.357396e+00  2.683641e+02  7.061635e+02  1.424659e+04  5.910971e+01  2.211749e+04  1.7666659967201563e+03
      6460  8.0749999999995179e+00  8.6634263654481111e-02  4.4766078392921385e+00  1.870548e-01  9.898932e+00  7.653976e+00  2.744501e+02  7.582547e+02  1.493062e+04  5.974063e+01  2.230168e+04  1.7731249839731681e+03
      6470  8.0874999999995243e+00  8.6494235882871751e-02  4.4851799410620288e+00  1.831753e-01  9.983489e+00  7.956006e+00  2.807396e+02  8.127976e+02  1.565507e+04  6.028972e+01  2.236624e+04  1.7794113334787462e+03
      6480  8.0999999999995307e+00  8.6353943780644940e-02  4.4935252857169097e+00  1.792397e-01  1.006971e+01  8.265167e+00  2.872619e+02  8.699552e+02  1.642260e+04  6.076306e+01  2.231686e+04  1.7855389993668259e+03
      6490  8.1124999999995371e+00  8.6213394434686841e-02  4.5016439364764285e+00  1.752869e-01  1.015805e+01  8.583193e+00  2.940468e+02  9.298730e+02  1.723575e+04  6.116931e+01  2.216327e+04  1.7915207139897811e+03
      6500  8.1249999999995435e+00  8.6072594921528134e-02  4.5095365068223217e+00  1.713595e-01  1.024896e+01  8.911760e+00  3.011240e+02  9.926642e+02  1.809681e+04  6.151927e+01  2.191892e+04  1.7973681816176204e+03
      6510  8.1374999999995499e+00  8.5931552289314650e-02  4.5172042057825976e+00  1.675035e-01  1.034290e+01  9.252367e+00  3.085218e+02  1.058395e+03  1.900767e+04  6.182539e+01  2.160042e+04  1.8030924599272428e+03
      6520  8.1499999999995563e+00  8.5790273538782255e-02  4.5246488667460909e+00  1.637670e-01  1.044029e+01  9.606232e+00  3.162655e+02  1.127069e+03  1.996962e+04  6.210129e+01  2.122686e+04  1.8087044854832925e+03
      6530  8.1624999999995627e+00  8.5648765603562937e-02  4.5318729529564656e+00  1.601990e-01  1.054152e+01  9.974184e+00  3.243764e+02  1.198615e+03  2.098321e+04  6.236117e+01  2.081896e+04  1.8142156733845295e+03
      6540  8.1749999999995691e+00  8.5507035330765049e-02  4.5388795345565072e+00  1.568481e-01  1.064692e+01  1.035659e+01  3.328704e+02  1.272870e+03  2.204801e+04  6.261930e+01  2.039824e+04  1.8196385050884851e+03
      6550  8.1874999999995755e+00  8.5365089462794919e-02  4.5456722345543437e+00  1.537618e-01  1.075676e+01  1.075327e+01  3.417568e+02  1.349572e+03  2.316245e+04  6.288953e+01  1.998611e+04  1.8249870151692257e+03
      6560  8.1999999999995818e+00  8.5222934621311711e-02  4.5522551440949446e+00  1.509852e-01  1.087120e+01  1.116347e+01  3.510372e+02  1.428350e+03  2.432361e+04  6.318497e+01  1.960311e+04  1.8302770980476407e+03
      6570  8.2124999999995882e+00  8.5080577294314522e-02  4.5586327104852931e+00  1.485599e-01  1.099034e+01  1.158587e+01  3.607045e+02  1.508716e+03  2.552708e+04  6.351756e+01  1.926821e+04  1.8355265772080584e+03
      6580  8.2249999999995946e+00  8.4938023827015860e-02  4.5648096041112360e+00  1.465236e-01  1.111414e+01  1.201853e+01  3.707421e+02  1.590066e+03  2.676678e+04  6.389784e+01  1.899821e+04  1.8407550075873480e+03
      6590  8.2374999999996010e+00  8.4795280417149094e-02  4.5707905723051638e+00  1.449092e-01  1.124248e+01  1.245898e+01  3.811236e+02  1.671681e+03  2.803490e+04  6.433466e+01  1.880735e+04  1.8459832122015491e+03
      6600  8.2499999999996074e+00  8.4652353114913204e-02  4.5765802892729504e+00  1.437448e-01  1.137513e+01  1.290431e+01  3.918123e+02  1.752734e+03  2.932187e+04  6.483488e+01  1.870693e+04  1.8512325835779707e+03
      6610  8.2624999999996138e+00  8.4509247827537493e-02  4.5821832112884984e+00  1.430534e-01  1.151172e+01  1.335120e+01  4.027614e+02  1.832308e+03  3.061646e+04  6.540311e+01  1.870501e+04  1.8565242071014727e+03
      6620  8.2749999999996202e+00  8.4365970328186102e-02  4.5876034456758283e+00  1.428528e-01  1.165181e+01  1.379611e+01  4.139150e+02  1.909418e+03  3.190594e+04  6.604134e+01  1.880616e+04  1.8618778848278066e+03
      6630  8.2874999999996266e+00  8.4222526268634981e-02  4.5928446407006334e+00  1.431564e-01  1.179484e+01  1.423538e+01  4.252090e+02  1.983038e+03  3.317647e+04  6.674864e+01  1.901118e+04  1.8673111520303869e+03
      6640  8.2999999999996330e+00  8.4078921194997117e-02  4.5979099016260587e+00  1.439733e-01  1.194018e+01  1.466546e+01  4.365730e+02  2.052148e+03  3.441363e+04  6.752085e+01  1.931694e+04  1.8728383818231582e+03
      6650  8.3124999999996394e+00  8.3935160565617076e-02  4.6028017360089279e+00  1.453090e-01  1.208713e+01  1.508305e+01  4.479330e+02  2.115774e+03  3.560306e+04  6.835041e+01  1.971634e+04  1.8784700629664794e+03
      6660  8.3249999999996458e+00  8.3791249770188037e-02  4.6075220291024124e+00  1.471664e-01  1.223492e+01  1.548532e+01  4.592142e+02  2.173054e+03  3.673133e+04  6.922618e+01  2.019832e+04  1.8842123114644187e+03
      6670  8.3374999999996522e+00  8.3647194149208556e-02  4.6120720481724398e+00  1.495463e-01  1.238279e+01  1.587014e+01  4.703444e+02  2.223292e+03  3.778695e+04  7.013361e+01  2.074802e+04  1.8900666413359349e+03
      6680  8.3499999999996586e+00  8.3502999012819878e-02  4.6164524729626875e+00  1.524487e-01  1.252994e+01  1.623628e+01  4.812582e+02  2.266028e+03  3.876137e+04  7.105500e+01  2.134699e+04  1.8960299834596635e+03
      6690  8.3624999999996650e+00  8.3358669658434026e-02  4.6206634485176359e+00  1.558731e-01  1.267562e+01  1.658358e+01  4.919002e+02  2.301097e+03  3.964999e+04  7.197005e+01  2.197369e+04  1.9020949158274439e+03
      6700  8.3749999999996714e+00  8.3214211386292578e-02  4.6247046561442495e+00  1.598198e-01  1.281909e+01  1.691315e+01  5.022287e+02  2.328679e+03  4.045307e+04  7.285660e+01  2.260435e+04  1.9082500611208734e+03
      6710  8.3874999999996778e+00  8.3069629512702414e-02  4.6285753982235782e+00  1.642901e-01  1.295970e+01  1.722749e+01  5.122183e+02  2.349337e+03  4.117618e+04  7.369157e+01  2.321408e+04  1.9144806147653071e+03
      6720  8.3999999999996842e+00  8.2924929380373213e-02  4.6322746926286715e+00  1.692873e-01  1.309686e+01  1.753055e+01  5.218609e+02  2.364031e+03  4.183040e+04  7.445210e+01  2.377810e+04  1.9207689764918300e+03
      6730  8.4124999999996906e+00  8.2780116365725465e-02  4.6358013725671494e+00  1.748167e-01  1.323007e+01  1.782773e+01  5.311661e+02  2.374102e+03  4.243189e+04  7.511678e+01  2.427298e+04  1.9270954593393840e+03
      6740  8.4249999999996970e+00  8.2635195883093010e-02  4.6391541878435056e+00  1.808856e-01  1.335890e+01  1.812577e+01  5.401590e+02  2.381225e+03  4.300093e+04  7.566703e+01  2.467773e+04  1.9334390390024760e+03
      6750  8.4374999999997033e+00  8.2490173385734750e-02  4.6423319040350215e+00  1.875033e-01  1.348299e+01  1.843252e+01  5.488764e+02  2.387336e+03  4.356042e+04  7.608836e+01  2.497509e+04  1.9397780899757045e+03
      6760  8.4499999999997097e+00  8.2345054363846704e-02  4.6453333971059649e+00  1.946804e-01  1.360205e+01  1.875668e+01  5.573610e+02  2.394517e+03  4.413388e+04  7.637156e+01  2.515267e+04  1.9460910429407995e+03
      6770  8.4624999999997161e+00  8.2199844339691241e-02  4.6481577425269496e+00  2.024280e-01  1.371581e+01  1.910732e+01  5.656547e+02  2.404870e+03  4.474311e+04  7.651347e+01  2.520378e+04  1.9523568967343763e+03
      6780  8.4749999999997225e+00  8.2054548860039198e-02  4.6508042998886943e+00  2.107569e-01  1.382400e+01  1.949338e+01  5.737902e+02  2.420373e+03  4.540593e+04  7.651754e+01  2.512771e+04  1.9585555288995906e+03
      6790  8.4874999999997289e+00  8.1909173485977232e-02  4.6532727960125619e+00  2.196762e-01  1.392629e+01  1.992312e+01  5.817832e+02  2.442741e+03  4.613413e+04  7.639375e+01  2.492961e+04  1.9646677691658904e+03
      6800  8.4999999999997353e+00  8.1763723780110834e-02  4.6555634113020634e+00  2.291921e-01  1.402232e+01  2.040353e+01  5.896252e+02  2.473291e+03  4.693180e+04  7.615812e+01  2.461999e+04  1.9706752284821214e+03
      6810  8.5124999999997417e+00  8.1618205290915791e-02  4.6576768751344488e+00  2.393073e-01  1.411164e+01  2.093977e+01  5.972776e+02  2.512840e+03  4.779443e+04  7.583156e+01  2.421422e+04  1.9765599112496379e+03
      6820  8.5249999999997481e+00  8.1472623533927910e-02  4.6596145760359731e+00  2.500200e-01  1.419370e+01  2.153472e+01  6.046692e+02  2.561623e+03  4.870861e+04  7.543804e+01  2.373169e+04  1.9823036773400440e+03
      6830  8.5374999999997545e+00  8.1326983969167127e-02  4.6613786909135531e+00  2.613239e-01  1.426786e+01  2.218871e+01  6.116962e+02  2.619262e+03  4.965260e+04  7.500236e+01  2.319468e+04  1.9878876577375975e+03
      6840  8.5499999999997609e+00  8.1181291974216294e-02  4.6629723346924195e+00  2.732077e-01  1.433343e+01  2.289942e+01  6.182268e+02  2.684779e+03  5.059761e+04  7.454730e+01  2.262664e+04  1.9932917570061563e+03
      6850  8.5624999999997673e+00  8.1035552812334530e-02  4.6643997275553213e+00  2.856567e-01  1.438970e+01  2.366203e+01  6.241091e+02  2.756658e+03  5.150986e+04  7.409067e+01  2.204992e+04  1.9984943927417553e+03
      6860  8.5749999999997737e+00  8.0889771595169996e-02  4.6656663720859513e+00  2.986526e-01  1.443600e+01  2.446955e+01  6.291838e+02  2.832962e+03  5.235325e+04  7.364269e+01  2.148314e+04  2.0034726220516500e+03
      6870  8.5874999999997801e+00  8.0743953239909710e-02  4.6667792276041267e+00  3.121754e-01  1.447174e+01  2.531346e+01  6.332984e+02  2.911485e+03  5.309230e+04  7.320417e+01  2.093893e+04  2.0082027790683942e+03
      6880  8.5999999999997865e+00  8.0598102421285150e-02  4.6677468645878131e+00  3.262037e-01  1.449655e+01  2.618438e+01  6.363233e+02  2.989934e+03  5.369528e+04  7.276606e+01  2.042254e+04  2.0126616860079246e+03
      6890  8.6124999999997929e+00  8.0452223519292890e-02  4.6685795792258249e+00  3.407155e-01  1.451027e+01  2.707280e+01  6.381664e+02  3.066117e+03  5.413693e+04  7.231034e+01  1.993130e+04  2.0168284071637740e+03
      6900  8.6249999999997993e+00  8.0306320564241002e-02  4.6692894477671780e+00  3.556886e-01  1.451303e+01  2.796976e+01  6.387850e+02  3.138114e+03  5.440061e+04  7.181223e+01  1.945518e+04  2.0206864177947505e+03
      6910  8.6374999999998057e+00  8.0160397181272686e-02  4.6698903029455714e+00  3.710995e-01  1.450530e+01  2.886744e+01  6.381927e+02  3.204409e+03  5.447956e+04  7.124328e+01  1.897837e+04  2.0242259942717928e+03
      6920  8.6499999999998121e+00  8.0014456537023382e-02  4.6703976201000090e+00  3.869225e-01  1.448783e+01  2.975945e+01  6.364596e+02  3.263968e+03  5.437693e+04  7.057485e+01  1.848189e+04  2.0274466097210232e+03
      6930  8.6624999999998185e+00  7.9868501291344221e-02  4.6708283076244932e+00  4.031283e-01  1.446170e+01  3.064094e+01  6.337068e+02  3.316257e+03  5.410484e+04  6.978176e+01  1.794684e+04  2.0303591158426975e+03
      6940  8.6749999999998249e+00  7.9722533557038996e-02  4.6712004039987871e+00  4.196819e-01  1.442817e+01  3.150848e+01  6.300945e+02  3.361188e+03  5.368229e+04  6.884576e+01  1.735771e+04  2.0329874813017193e+03
      6950  8.6874999999998312e+00  7.9576554870446709e-02  4.6715326911893023e+00  4.365412e-01  1.438866e+01  3.235973e+01  6.258062e+02  3.399028e+03  5.313261e+04  6.775801e+01  1.670475e+04  2.0353698602763193e+03
      6960  8.6999999999998376e+00  7.9430566175165293e-02  4.6718442411574106e+00  4.536553e-01  1.434464e+01  3.319301e+01  6.210318e+02  3.430267e+03  5.248072e+04  6.651999e+01  1.598620e+04  2.0375588314565402e+03
      6970  8.7124999999998440e+00  7.9284567820771285e-02  4.6721539175494158e+00  4.709640e-01  1.429747e+01  3.400677e+01  6.159505e+02  3.455503e+03  5.175099e+04  6.514316e+01  1.520928e+04  2.0396207822926381e+03
      6980  8.7249999999998504e+00  7.9138559577435305e-02  4.6724798571544390e+00  4.883974e-01  1.424839e+01  3.479917e+01  6.107185e+02  3.475341e+03  5.096547e+04  6.364726e+01  1.438678e+04  2.0416345415323049e+03
      6990  8.7374999999998568e+00  7.8992540666813466e-02  4.6728389551719953e+00  5.058767e-01  1.419837e+01  3.556768e+01  6.054593e+02  3.490307e+03  5.014260e+04  6.205800e+01  1.353313e+04  2.0436894105861763e+03
      7000  8.7499999999998632e+00  7.8846509808584681e-02  4.6732463759462179e+00  5.233155e-01  1.414812e+01  3.630884e+01  6.002589e+02  3.500792e+03  4.929687e+04  6.040442e+01  1.266731e+04  2.0458827298914630e+03
      7010  8.7624999999998696e+00  7.8700465281712040e-02  4.6737151078669354e+00  5.406209e-01  1.409800e+01  3.701805e+01  5.951643e+02  3.507047e+03  4.843930e+04  5.871658e+01  1.181166e+04  2.0483171199935141e+03
      7020  8.7749999999998760e+00  7.8554404998653418e-02  4.6742555775513495e+00  5.576958e-01  1.404808e+01  3.768961e+01  5.901868e+02  3.509188e+03  4.757759e+04  5.702343e+01  1.098113e+04  2.0510975789448567e+03
      7030  8.7874999999998824e+00  7.8408326590593089e-02  4.6748753337392595e+00  5.744408e-01  1.399812e+01  3.831682e+01  5.853053e+02  3.507191e+03  4.671623e+04  5.535101e+01  1.018546e+04  2.0543286276887648e+03
      7040  8.7999999999998888e+00  7.8262227501327622e-02  4.6755788063076205e+00  5.907566e-01  1.394766e+01  3.889220e+01  5.804729e+02  3.500914e+03  4.585740e+04  5.372152e+01  9.438965e+03  2.0581116186697727e+03
      7050  8.8124999999998952e+00  7.8116105087519178e-02  4.6763671421186892e+00  6.065458e-01  1.389605e+01  3.940781e+01  5.756228e+02  3.490150e+03  4.500156e+04  5.215297e+01  8.750528e+03  2.0625422222495658e+03
      7060  8.8249999999999016e+00  7.7969956722849815e-02  4.6772381176427160e+00  6.217156e-01  1.384252e+01  3.985566e+01  5.706757e+02  3.474629e+03  4.414752e+04  5.065916e+01  8.119320e+03  2.0677081009947174e+03
      7070  8.8374999999999080e+00  7.7823779903689397e-02  4.6781861269942908e+00  6.361801e-01  1.378625e+01  4.022810e+01  5.655456e+02  3.454047e+03  4.329293e+04  4.924975e+01  7.548278e+03  2.0736868671779480e+03
      7080  8.8499999999999144e+00  7.7677572354045127e-02  4.6792022418272516e+00  6.498626e-01  1.372644e+01  4.051824e+01  5.601467e+02  3.428106e+03  4.243482e+04  4.793043e+01  7.039332e+03  2.0805444393837874e+03
      7090  8.8624999999999208e+00  7.7531332127536642e-02  4.6802743370486688e+00  6.626981e-01  1.366236e+01  4.072043e+01  5.544002e+02  3.396546e+03  4.156995e+04  4.670333e+01  6.587459e+03  2.0883338126312510e+03
      7100  8.8749999999999272e+00  7.7385057704546997e-02  4.6813872746285234e+00  6.746358e-01  1.359342e+01  4.083056e+01  5.482393e+02  3.359176e+03  4.069527e+04  4.556742e+01  6.189365e+03  2.0970941600449964e+03
      7110  8.8874999999999336e+00  7.7238748082825923e-02  4.6825231367946945e+00  6.856411e-01  1.351920e+01  4.084647e+01  5.416150e+02  3.315916e+03  3.980847e+04  4.451892e+01  5.840973e+03  2.1068501768352908e+03
      7120  8.8999999999999400e+00  7.7092402860120937e-02  4.6836614999927981e+00  6.956980e-01  1.343949e+01  4.076817e+01  5.344999e+02  3.266830e+03  3.890835e+04  4.355178e+01  5.535135e+03  2.1176116327691871e+03
      7130  8.9124999999999464e+00  7.6946022307737977e-02  4.6847797427749853e+00  7.048101e-01  1.335435e+01  4.059803e+01  5.268918e+02  3.212147e+03  3.799519e+04  4.265811e+01  5.265643e+03  2.1293731909165481e+03
      7140  8.9249999999999527e+00  7.6799607434010583e-02  4.6858533821651784e+00  7.130019e-01  1.326407e+01  4.034087e+01  5.188150e+02  3.152289e+03  3.707108e+04  4.182932e+01  5.025446e+03  2.1421145877245699e+03
      7150  8.9374999999999591e+00  7.6653160036893930e-02  4.6868564312578602e+00  7.203192e-01  1.316923e+01  4.000394e+01  5.103211e+02  3.087874e+03  3.614002e+04  4.105730e+01  4.807638e+03  2.1558011497865832e+03
      7160  8.9499999999999655e+00  7.6506682745179785e-02  4.6877617681356814e+00  7.268284e-01  1.307065e+01  3.959677e+01  5.014877e+02  3.019710e+03  3.520794e+04  4.033487e+01  4.607003e+03  2.1703844689052030e+03
      7170  8.9624999999999719e+00  7.6360179048172439e-02  4.6885415075952377e+00  7.326157e-01  1.296938e+01  3.913094e+01  4.924159e+02  2.948778e+03  3.428247e+04  3.965685e+01  4.419038e+03  2.1858030743972940e+03
      7180  8.9749999999999783e+00  7.6213653313651319e-02  4.6891673722795666e+00  7.377849e-01  1.286670e+01  3.861977e+01  4.832261e+02  2.876206e+03  3.337272e+04  3.902086e+01  4.241038e+03  2.2019830993443466e+03
      7190  8.9874999999999847e+00  7.6067110794385051e-02  4.6896110629567858e+00  7.424544e-01  1.276403e+01  3.807785e+01  4.740535e+02  2.803223e+03  3.248881e+04  3.842757e+01  4.072453e+03  2.2188390441980500e+03
      7200  8.9999999999999911e+00  7.5920557622986190e-02  4.6898446258643176e+00  7.467534e-01  1.266291e+01  3.752065e+01  4.650420e+02  2.731119e+03  3.164143e+04  3.788109e+01  3.913874e+03  2.2362746850984763e+03
      7210  9.0124999999999975e+00  7.5774000795472182e-02  4.6898408125295203e+00  7.508181e-01  1.256493e+01  3.696395e+01  4.563395e+02  2.661202e+03  3.084145e+04  3.738881e+01  3.767000e+03  2.2541840346758049e+03
      7220  9.0250000000000039e+00  7.5627448143732484e-02  4.6895734295027669e+00  7.547865e-01  1.247169e+01  3.642342e+01  4.480916e+02  2.594757e+03  3.009945e+04  3.696093e+01  3.634992e+03  2.2724522601114136e+03
      7230  9.0375000000000103e+00  7.5480908297142837e-02  4.6890176792311777e+00  7.587937e-01  1.238471e+01  3.591414e+01  4.404376e+02  2.533011e+03  2.942557e+04  3.661036e+01  3.521276e+03  2.2909566199469318e+03
      7240  9.0500000000000167e+00  7.5334390633768053e-02  4.6881504919066579e+00  7.629672e-01  1.230540e+01  3.545017e+01  4.335060e+02  2.477115e+03  2.882925e+04  3.635220e+01  3.429438e+03  2.3095675171667435e+03
      7250  9.0625000000000231e+00  7.5187905221313855e-02  4.6869508434051914e+00  7.674225e-01  1.223502e+01  3.504424e+01  4.274112e+02  2.428108e+03  2.831902e+04  3.620293e+01  3.364383e+03  2.3281496317508013e+03
      7260  9.0750000000000295e+00  7.5041462748469956e-02  4.6854000545241901e+00  7.722589e-01  1.217462e+01  3.470739e+01  4.222511e+02  2.386912e+03  2.790246e+04  3.617952e+01  3.331654e+03  2.3465630938271433e+03
      7270  9.0875000000000359e+00  7.4895074447189319e-02  4.6834820707404843e+00  7.775572e-01  1.212499e+01  3.444879e+01  4.181053e+02  2.354325e+03  2.758624e+04  3.629816e+01  3.337619e+03  2.3646648326865802e+03
      7280  9.1000000000000423e+00  7.4748752006573826e-02  4.6811837209812328e+00  7.833772e-01  1.208670e+01  3.427559e+01  4.150341e+02  2.331019e+03  2.737626e+04  3.657263e+01  3.389788e+03  2.3823102746536279e+03
      7290  9.1125000000000487e+00  7.4602507479064162e-02  4.6784949470413828e+00  7.897571e-01  1.206003e+01  3.419281e+01  4.130781e+02  2.317537e+03  2.727754e+04  3.701241e+01  3.495925e+03  2.3993553495607807e+03
      7300  9.1250000000000551e+00  7.4456353180098883e-02  4.6754089908649501e+00  7.967131e-01  1.204499e+01  3.420330e+01  4.122567e+02  2.314279e+03  2.729413e+04  3.762057e+01  3.663340e+03  2.4156585669406404e+03
      7310  9.1375000000000615e+00  7.4310301582727667e-02  4.6719225317252571e+00  8.042397e-01  1.204135e+01  3.430778e+01  4.125684e+02  2.321501e+03  2.742912e+04  3.839226e+01  3.896911e+03  2.4310830467104424e+03
      7320  9.1500000000000679e+00  7.4164365208668162e-02  4.6680357735796489e+00  8.123118e-01  1.204860e+01  3.450489e+01  4.139910e+02  2.339307e+03  2.768443e+04  3.931369e+01  4.197545e+03  2.4454987464644928e+03
      7330  9.1625000000000743e+00  7.4018556517468609e-02  4.6637524801882515e+00  8.208854e-01  1.206605e+01  3.479139e+01  4.164818e+02  2.367647e+03  2.806071e+04  4.036182e+01  4.561240e+03  2.4587851316265201e+03
      7340  9.1750000000000806e+00  7.3872887795546224e-02  4.6590799427365397e+00  8.298999e-01  1.209279e+01  3.516231e+01  4.199799e+02  2.406316e+03  2.855732e+04  4.150543e+01  4.977619e+03  2.4708339566844916e+03
      7350  9.1875000000000870e+00  7.3727371047525053e-02  4.6540288641024459e+00  8.392797e-01  1.212776e+01  3.561111e+01  4.244064e+02  2.454952e+03  2.917210e+04  4.270728e+01  5.430720e+03  2.4815515322167053e+03
      7360  9.2000000000000934e+00  7.3582017892493301e-02  4.6486131627575702e+00  8.489366e-01  1.216977e+01  3.612982e+01  4.296661e+02  2.513026e+03  2.990110e+04  4.392682e+01  5.900638e+03  2.4908604857930536e+03
      7370  9.2125000000000998e+00  7.3436839467430917e-02  4.6428497095291830e+00  8.587715e-01  1.221750e+01  3.670923e+01  4.356502e+02  2.579849e+03  3.073861e+04  4.512336e+01  6.365064e+03  2.4987015444255053e+03
      7380  9.2250000000001062e+00  7.3291846339916811e-02  4.6367579959115606e+00  8.686771e-01  1.226957e+01  3.733905e+01  4.422382e+02  2.654586e+03  3.167727e+04  4.625977e+01  6.802234e+03  2.5050352056228257e+03
      7390  9.2375000000001126e+00  7.3147048432433887e-02  4.6303597244108872e+00  8.785403e-01  1.232455e+01  3.800795e+01  4.492994e+02  2.736239e+03  3.270770e+04  4.730469e+01  7.193546e+03  2.5098424362956412e+03
      7400  9.2500000000001190e+00  7.3002454960526292e-02  4.6236783344488641e+00  8.882457e-01  1.238094e+01  3.870375e+01  4.566942e+02  2.823649e+03  3.381842e+04  4.823459e+01  7.524977e+03  2.5131242309384334e+03
      7410  9.2625000000001254e+00  7.2858074386352098e-02  4.6167384984890987e+00  8.976783e-01  1.243725e+01  3.941352e+01  4.642750e+02  2.915492e+03  3.499571e+04  4.903474e+01  7.788180e+03  2.5149008178721497e+03
      7420  9.2750000000001318e+00  7.2713914388157386e-02  4.6095656082188237e+00  9.067283e-01  1.249199e+01  4.012382e+01  4.718869e+02  3.010274e+03  3.622317e+04  4.969852e+01  7.980806e+03  2.5152106680054599e+03
      7430  9.2875000000001382e+00  7.2569981845943404e-02  4.6021852537427481e+00  9.152943e-01  1.254368e+01  4.082095e+01  4.793691e+02  3.106343e+03  3.748176e+04  5.022719e+01  8.105398e+03  2.5141085598639211e+03
      7440  9.3000000000001446e+00  7.2426282843266326e-02  4.5946227172551755e+00  9.232877e-01  1.259093e+01  4.149131e+01  4.865558e+02  3.201896e+03  3.874954e+04  5.062782e+01  8.168480e+03  2.5116628450774519e+03
      7450  9.3125000000001510e+00  7.2282822684198417e-02  4.5869025180254557e+00  9.306363e-01  1.263242e+01  4.212175e+01  4.932785e+02  3.295003e+03  4.000158e+04  5.091170e+01  8.179337e+03  2.5079529471232322e+03
      7460  9.3250000000001574e+00  7.2139605923423680e-02  4.5790480221874397e+00  9.372876e-01  1.266698e+01  4.270010e+01  4.993702e+02  3.383653e+03  4.121043e+04  5.109300e+01  8.148372e+03  2.5030670373379244e+03
      7470  9.3375000000001638e+00  7.1996636407667639e-02  4.5710811134257723e+00  9.432113e-01  1.269362e+01  4.321568e+01  5.046708e+02  3.465830e+03  4.234681e+04  5.118696e+01  8.086303e+03  2.4970992430280589e+03
      7480  9.3500000000001702e+00  7.1853917326311245e-02  4.5630219359391457e+00  9.484008e-01  1.271156e+01  4.365977e+01  5.090338e+02  3.539575e+03  4.338057e+04  5.120891e+01  8.003431e+03  2.4901470619474558e+03
      7490  9.3625000000001766e+00  7.1711451268718196e-02  4.5548887214984202e+00  9.528734e-01  1.272028e+01  4.402614e+01  5.123342e+02  3.603095e+03  4.428207e+04  5.117288e+01  7.908739e+03  2.4823097120213351e+03
      7500  9.3750000000001830e+00  7.1569240285828409e-02  4.5466976887520634e+00  9.566699e-01  1.271955e+01  4.431140e+01  5.144760e+02  3.654847e+03  4.502377e+04  5.109174e+01  7.810295e+03  2.4736865981207566e+03
      7510  9.3875000000001894e+00  7.1427285953930372e-02  4.5384630025239314e+00  9.598522e-01  1.270946e+01  4.451533e+01  5.154002e+02  3.693642e+03  4.558188e+04  5.097615e+01  7.714629e+03  2.4643755077039496e+03
      7520  9.4000000000001958e+00  7.1285589438775498e-02  4.5301967944496857e+00  9.625002e-01  1.269040e+01  4.464098e+01  5.150908e+02  3.718736e+03  4.593821e+04  5.083439e+01  7.626079e+03  2.4544715625367439e+03
      7530  9.4125000000002021e+00  7.1144151558155677e-02  4.5219092350473522e+00  9.647077e-01  1.266306e+01  4.469461e+01  5.135779e+02  3.729881e+03  4.608121e+04  5.067257e+01  7.548132e+03  2.4440669430620806e+03
      7540  9.4250000000002085e+00  7.1002972841746656e-02  4.5136086366222550e+00  9.665767e-01  1.262841e+01  4.468538e+01  5.109382e+02  3.727363e+03  4.600718e+04  5.049446e+01  7.482292e+03  2.4332502078941948e+03
      7550  9.4375000000002149e+00  7.0862053587276402e-02  4.5053015813481059e+00  9.682123e-01  1.258762e+01  4.462496e+01  5.072930e+02  3.712011e+03  4.572083e+04  5.030200e+01  7.428512e+03  2.4221053621504207e+03
      7560  9.4500000000002213e+00  7.0721393912367134e-02  4.4969930743834148e+00  9.697164e-01  1.254202e+01  4.452679e+01  5.028024e+02  3.685163e+03  4.523520e+04  5.009518e+01  7.385883e+03  2.4107116237667669e+03
      7570  9.4625000000002277e+00  7.0580993801244496e-02  4.4886867084905084e+00  9.711819e-01  1.249300e+01  4.440527e+01  4.976556e+02  3.648596e+03  4.457124e+04  4.987315e+01  7.351506e+03  2.3991433874084132e+03
      7580  9.4750000000002341e+00  7.0440853146362434e-02  4.4803848302109559e+00  9.726879e-01  1.244195e+01  4.427484e+01  4.920597e+02  3.604424e+03  4.375661e+04  4.963459e+01  7.321677e+03  2.3874694986242780e+03
      7590  9.4875000000002405e+00  7.0300971784649557e-02  4.4720887137075884e+00  9.742945e-01  1.239015e+01  4.414898e+01  4.862268e+02  3.554966e+03  4.282389e+04  4.937795e+01  7.292084e+03  2.3757523425012450e+03
      7600  9.5000000000002469e+00  7.0161349528172906e-02  4.4637987456162271e+00  9.760403e-01  1.233870e+01  4.403924e+01  4.803589e+02  3.502584e+03  4.180830e+04  4.910241e+01  7.258488e+03  2.3640473508973191e+03
      7610  9.5125000000002533e+00  7.0021986188888483e-02  4.4555146154101077e+00  9.779399e-01  1.228844e+01  4.395432e+01  4.746338e+02  3.449504e+03  4.074514e+04  4.880816e+01  7.218088e+03  2.3524023917393033e+03
      7620  9.5250000000002597e+00  6.9882881597336660e-02  4.4472355129542347e+00  9.799839e-01  1.223995e+01  4.389939e+01  4.691920e+02  3.397654e+03  3.966746e+04  4.849628e+01  7.169186e+03  2.3408566701969203e+03
      7630  9.5375000000002661e+00  6.9744035614937638e-02  4.4389603412818346e+00  9.821395e-01  1.219347e+01  4.387560e+01  4.641269e+02  3.348508e+03  3.860395e+04  4.816867e+01  7.110902e+03  2.3294397269112260e+03
      7640  9.5500000000002725e+00  6.9605448139369169e-02  4.4306879443396809e+00  9.843529e-01  1.214892e+01  4.387995e+01  4.594777e+02  3.302962e+03  3.757692e+04  4.782764e+01  7.042813e+03  2.3181709236666620e+03
      7650  9.5625000000002789e+00  6.9467119102667965e-02  4.4224173422820803e+00  9.865531e-01  1.210593e+01  4.390536e+01  4.552269e+02  3.261252e+03  3.660054e+04  4.747546e+01  6.964660e+03  2.3070591642086583e+03
      7660  9.5750000000002853e+00  6.9329048461981471e-02  4.4141479682825722e+00  9.886562e-01  1.206385e+01  4.394124e+01  4.513031e+02  3.222933e+03  3.567971e+04  4.711351e+01  6.876488e+03  2.2961028566126215e+03
      7670  9.5875000000002917e+00  6.9191236182925234e-02  4.4058798986394700e+00  9.905701e-01  1.202188e+01  4.397428e+01  4.475889e+02  3.186932e+03  3.480994e+04  4.674146e+01  6.778682e+03  2.2852905466087268e+03
      7680  9.6000000000002981e+00  6.9053682216092385e-02  4.3976140605336065e+00  9.922004e-01  1.197905e+01  4.398942e+01  4.439328e+02  3.151674e+03  3.397850e+04  4.635695e+01  6.672157e+03  2.2746023421282316e+03
      7690  9.6125000000003045e+00  6.8916386467655077e-02  4.3893523995304360e+00  9.934548e-01  1.193439e+01  4.397110e+01  4.401651e+02  3.115266e+03  3.316674e+04  4.595531e+01  6.557585e+03  2.2640118727508816e+03
      7700  9.6250000000003109e+00  6.8779348765535694e-02  4.3810979924668745e+00  9.942482e-01  1.188692e+01  4.390429e+01  4.361139e+02  3.075720e+03  3.235311e+04  4.552982e+01  6.435078e+03  2.2534886568608886e+03
      7710  9.6375000000003173e+00  6.8642568823081743e-02  4.3728550941354474e+00  9.945061e-01  1.183578e+01  4.377569e+01  4.316215e+02  3.031170e+03  3.151630e+04  4.507222e+01  6.303762e+03  2.2430008511316237e+03
      7720  9.6500000000003237e+00  6.8506046202428769e-02  4.3646291093174598e+00  9.941682e-01  1.178024e+01  4.357446e+01  4.265571e+02  2.980062e+03  3.063798e+04  4.457360e+01  6.161796e+03  2.2325181203274360e+03
      7730  9.6625000000003300e+00  6.8369780279941131e-02  4.3564264890759752e+00  9.931893e-01  1.171979e+01  4.329289e+01  4.208268e+02  2.921292e+03  2.970483e+04  4.402553e+01  6.006950e+03  2.2220142503934308e+03
      7740  9.6750000000003364e+00  6.8233770216006684e-02  4.3482545584473824e+00  9.915414e-01  1.165409e+01  4.292662e+01  4.143776e+02  2.854278e+03  2.870962e+04  4.342115e+01  5.837043e+03  2.2114693127530777e+03
      7750  9.6875000000003428e+00  6.8098014931124926e-02  4.3401212873406898e+00  9.892126e-01  1.158302e+01  4.247472e+01  4.071991e+02  2.778973e+03  2.765148e+04  4.275603e+01  5.650813e+03  2.2008712961028223e+03
      7760  9.7000000000003492e+00  6.7962513089908971e-02  4.3320350196561783e+00  9.862069e-01  1.150668e+01  4.193941e+01  3.993197e+02  2.695821e+03  2.653537e+04  4.202886e+01  5.448118e+03  2.1902170580801449e+03
      7770  9.7125000000003556e+00  6.7827263093904799e-02  4.3240041796282185e+00  9.825426e-01  1.142534e+01  4.132569e+01  3.908012e+02  2.605677e+03  2.537105e+04  4.124181e+01  5.230056e+03  2.1795125090275678e+03
      7780  9.7250000000003620e+00  6.7692263083741294e-02  4.3160369758583448e+00  9.782500e-01  1.133943e+01  4.064083e+01  3.817314e+02  2.509702e+03  2.417169e+04  4.040035e+01  4.999181e+03  2.1687721386016242e+03
      7790  9.7375000000003684e+00  6.7557510950315258e-02  4.3081411201130182e+00  9.733699e-01  1.124951e+01  3.989375e+01  3.722161e+02  2.409248e+03  2.295241e+04  3.951294e+01  4.759043e+03  2.1580180551621597e+03
      7800  9.7500000000003748e+00  6.7423004354388777e-02  4.3003235736050369e+00  9.679505e-01  1.115623e+01  3.909452e+01  3.623714e+02  2.305759e+03  2.172899e+04  3.859033e+01  4.513746e+03  2.1472786236006982e+03
      7810  9.7625000000003812e+00  6.7288740753516249e-02  4.2925903315696639e+00  9.620461e-01  1.106031e+01  3.825378e+01  3.523171e+02  2.200678e+03  2.051669e+04  3.764474e+01  4.267724e+03  2.1365868007962445e+03
      7820  9.7750000000003876e+00  6.7154717435032055e-02  4.2849462547254662e+00  9.557143e-01  1.096249e+01  3.738231e+01  3.421703e+02  2.095370e+03  1.932942e+04  3.668911e+01  4.025384e+03  2.1259783725697866e+03
      7830  9.7875000000003940e+00  6.7020931553492577e-02  4.2773949508233420e+00  9.490146e-01  1.086352e+01  3.649061e+01  3.320416e+02  1.991079e+03  1.817922e+04  3.573649e+01  3.790769e+03  2.1154902709747375e+03
      7840  9.8000000000004004e+00  6.6887380171087127e-02  4.2699387041809151e+00  9.420068e-01  1.076414e+01  3.558861e+01  3.220314e+02  1.888888e+03  1.707592e+04  3.479915e+01  3.567374e+03  2.1051590079878315e+03
      7850  9.8125000000004068e+00  6.6754060299521550e-02  4.2625784499052690e+00  9.347498e-01  1.066504e+01  3.468546e+01  3.122282e+02  1.789709e+03  1.602711e+04  3.388818e+01  3.358076e+03  2.0950192291414123e+03
      7860  9.8250000000004132e+00  6.6620968942058031e-02  4.2553137902301899e+00  9.273010e-01  1.056690e+01  3.378936e+01  3.027074e+02  1.694275e+03  1.503822e+04  3.301329e+01  3.164999e+03  2.0851024871260902e+03
      7870  9.8375000000004196e+00  6.6488103134425602e-02  4.2481430485484308e+00  9.197151e-01  1.047029e+01  3.290753e+01  2.935311e+02  1.603150e+03  1.411271e+04  3.218242e+01  2.989564e+03  2.0754363400138363e+03
      7880  9.8500000000004260e+00  6.6355459983574838e-02  4.2410633533470907e+00  9.120443e-01  1.037576e+01  3.204611e+01  2.847484e+02  1.516740e+03  1.325227e+04  3.140170e+01  2.832743e+03  2.0660437348557962e+03
      7890  9.8625000000004324e+00  6.6223036703405375e-02  4.2340707439363481e+00  9.043378e-01  1.028376e+01  3.121025e+01  2.763966e+02  1.435312e+03  1.245721e+04  3.067570e+01  2.695022e+03  2.0569425566322520e+03
      7900  9.8750000000004388e+00  6.6090830646974658e-02  4.2271602928083105e+00  8.966420e-01  1.019471e+01  3.040415e+01  2.685021e+02  1.359016e+03  1.172666e+04  3.000744e+01  2.576348e+03  2.0481453213363138e+03
      7910  9.8875000000004452e+00  6.5958839334614161e-02  4.2203262411471760e+00  8.890004e-01  1.010893e+01  2.963113e+01  2.610815e+02  1.287900e+03  1.105885e+04  2.939833e+01  2.476419e+03  2.0396590983065209e+03
      7920  9.9000000000004515e+00  6.5827060477683261e-02  4.2135621424806722e+00  8.814541e-01  1.002671e+01  2.889372e+01  2.541436e+02  1.221932e+03  1.045135e+04  2.884869e+01  2.394871e+03  2.0314856849045884e+03
      7930  9.9125000000004579e+00  6.5695491997824387e-02  4.2068610080153546e+00  8.740416e-01  9.948276e+00  2.819381e+01  2.476905e+02  1.161022e+03  9.901313e+03  2.835803e+01  2.331193e+03  2.0236219204056272e+03
      7940  9.9250000000004643e+00  6.5564132041663892e-02  4.2002154488403480e+00  8.667989e-01  9.873803e+00  2.753270e+01  2.417188e+02  1.105031e+03  9.405622e+03  2.792484e+01  2.284737e+03  2.0160600189441366e+03
      7950  9.9375000000004707e+00  6.5432978991151886e-02  4.1936178131730095e+00  8.597604e-01  9.803430e+00  2.691125e+01  2.362213e+02  1.053792e+03  8.961030e+03  2.754690e+01  2.254844e+03  2.0087879275226974e+03
      7960  9.9500000000004771e+00  6.5302031469744906e-02  4.1870603177072407e+00  8.529582e-01  9.737260e+00  2.632995e+01  2.311874e+02  1.007117e+03  8.564287e+03  2.722168e+01  2.240871e+03  2.0017897918482022e+03
      7970  9.9625000000004835e+00  6.5171288344547135e-02  4.1805351708454879e+00  8.464225e-01  9.675364e+00  2.578901e+01  2.266049e+02  9.648110e+02  8.212222e+03  2.694628e+01  2.242178e+03  1.9950465444886240e+03
      7980  9.9750000000004899e+00  6.5040748724816633e-02  4.1740346848997039e+00  8.401818e-01  9.617788e+00  2.528843e+01  2.224600e+02  9.266760e+02  7.901799e+03  2.671738e+01  2.258158e+03  1.9885365248415897e+03
      7990  9.9875000000004963e+00  6.4910411957092434e-02  4.1675513756523586e+00  8.342626e-01  9.564557e+00  2.482807e+01  2.187383e+02  8.925194e+02  7.630168e+03  2.653157e+01  2.288213e+03  1.9822360393923857e+03
      8000  1.0000000000000503e+01  6.4780277617484477e-02  4.1610780494549289e+00  8.286896e-01  9.515680e+00  2.440767e+01  2.154254e+02  8.621574e+02  7.394690e+03  2.638559e+01  2.331780e+03  1.9761198627765793e+03
