         0  0.0000000000000000e+00  1.2500000000000000e-01  3.7500000000000000e-01 -0.000000e+00  3.375000e+00 -0.000000e+00  1.562500e+01 -0.000000e+00  8.374023e+01  3.375000e+00  1.562500e+01  1.1250000000000000e+00
        10  1.2499999999999999e-02  1.2499414073054184e-01  3.7498852511815706e-01  6.628958e-03  3.375075e+00  6.629078e-02  1.562648e+01  5.438148e-01  8.375773e+01  3.374704e+00  1.562236e+01  1.1250144002121638e+00
        20  2.5000000000000005e-02  1.2498828154706461e-01  3.7498925454391102e-01  1.325771e-02  3.375301e+00  1.325868e-01  1.563092e+01  1.087812e+00  8.381023e+01  3.373816e+00  1.561447e+01  1.1251630659779861e+00
        30  3.7500000000000012e-02  1.2498242225889034e-01  3.7500218629908189e-01  1.988647e-02  3.375677e+00  1.988973e-01  1.563833e+01  1.632209e+00  8.389776e+01  3.372339e+00  1.560133e+01  1.1254460321380422e+00
        40  5.0000000000000024e-02  1.2497656267535598e-01  3.7502732013528600e-01  2.651544e-02  3.376204e+00  2.652317e-01  1.564870e+01  2.177221e+00  8.402035e+01  3.370276e+00  1.558301e+01  1.1258633872521284e+00
        50  6.2500000000000028e-02  1.2497070260578705e-01  3.7506465753079088e-01  3.314483e-02  3.376881e+00  3.315992e-01  1.566203e+01  2.723065e+00  8.417808e+01  3.367634e+00  1.555955e+01  1.1264152736035586e+00
        60  7.5000000000000039e-02  1.2496484185947056e-01  3.7511420168697884e-01  3.977483e-02  3.377709e+00  3.980092e-01  1.567834e+01  3.269958e+00  8.437104e+01  3.364418e+00  1.553103e+01  1.1271018872279455e+00
        70  8.7500000000000050e-02  1.2495898024562777e-01  3.7517595752444710e-01  4.640566e-02  3.378687e+00  4.644709e-01  1.569761e+01  3.818116e+00  8.459933e+01  3.360637e+00  1.549755e+01  1.1279234779665228e+00
        80  1.0000000000000006e-01  1.2495311757338787e-01  3.7524993167872711e-01  5.303750e-02  3.379817e+00  5.309936e-01  1.571986e+01  4.367756e+00  8.486308e+01  3.356300e+00  1.545921e+01  1.1288803495441415e+00
        90  1.1250000000000007e-01  1.2494725365176097e-01  3.7533613249563630e-01  5.967054e-02  3.381097e+00  5.975865e-01  1.574509e+01  4.919096e+00  8.516243e+01  3.351418e+00  1.541613e+01  1.1299728596720715e+00
       100  1.2500000000000008e-01  1.2494138828961164e-01  3.7543457002626901e-01  6.630498e-02  3.382529e+00  6.642587e-01  1.577331e+01  5.472351e+00  8.549756e+01  3.346005e+00  1.536846e+01  1.1312014201758493e+00
       110  1.3750000000000009e-01  1.2493552129563217e-01  3.7554525602161931e-01  7.294099e-02  3.384112e+00  7.310194e-01  1.580452e+01  6.027739e+00  8.586866e+01  3.340072e+00  1.531633e+01  1.1325664971483684e+00
       120  1.5000000000000011e-01  1.2492965247831643e-01  3.7566820392685768e-01  7.957874e-02  3.385846e+00  7.978777e-01  1.583873e+01  6.585478e+00  8.627594e+01  3.333636e+00  1.525993e+01  1.1340686111285438e+00
       130  1.6250000000000012e-01  1.2492378164593286e-01  3.7580342887525831e-01  8.621840e-02  3.387732e+00  8.648426e-01  1.587595e+01  7.145786e+00  8.671962e+01  3.326712e+00  1.519942e+01  1.1357083373058270e+00
       140  1.7500000000000013e-01  1.2491790860649891e-01  3.7595094768178017e-01  9.286013e-02  3.389770e+00  9.319232e-01  1.591617e+01  7.708880e+00  8.719996e+01  3.319318e+00  1.513499e+01  1.1374863057509887e+00
       150  1.8750000000000014e-01  1.2491203316775462e-01  3.7611077883632038e-01  9.950408e-02  3.391960e+00  9.991282e-01  1.595943e+01  8.274978e+00  8.771722e+01  3.311472e+00  1.506685e+01  1.1394032016735274e+00
       160  2.0000000000000015e-01  1.2490615513713622e-01  3.7628294249664335e-01  1.061504e-01  3.394303e+00  1.066467e+00  1.600571e+01  8.844298e+00  8.827170e+01  3.303193e+00  1.499521e+01  1.1414597657061969e+00
       170  2.1250000000000016e-01  1.2490027432175053e-01  3.7646746048098639e-01  1.127992e-01  3.396798e+00  1.133947e+00  1.605503e+01  9.417061e+00  8.886371e+01  3.294503e+00  1.492030e+01  1.1436567942171196e+00
       180  2.2500000000000017e-01  1.2489439052834946e-01  3.7666435626036693e-01  1.194506e-01  3.399446e+00  1.201579e+00  1.610741e+01  9.993483e+00  8.949357e+01  3.285421e+00  1.484234e+01  1.1459951396500252e+00
       190  2.3750000000000018e-01  1.2488850356330336e-01  3.7687365495058806e-01  1.261048e-01  3.402247e+00  1.269371e+00  1.616285e+01  1.057379e+01  9.016163e+01  3.275972e+00  1.476158e+01  1.1484757108932053e+00
       200  2.5000000000000017e-01  1.2488261323257653e-01  3.7709538330395731e-01  1.327617e-01  3.405202e+00  1.337330e+00  1.622137e+01  1.115819e+01  9.086827e+01  3.266177e+00  1.467826e+01  1.1510994736777420e+00
       210  2.6249999999999990e-01  1.2487671934170129e-01  3.7732956970072934e-01  1.394216e-01  3.408310e+00  1.405466e+00  1.628297e+01  1.174691e+01  9.161386e+01  3.256061e+00  1.459265e+01  1.1538674510057783e+00
       220  2.7499999999999963e-01  1.2487082169575234e-01  3.7757624414028712e-01  1.460845e-01  3.411573e+00  1.473787e+00  1.634766e+01  1.234016e+01  9.239882e+01  3.245648e+00  1.450501e+01  1.1567807236094123e+00
       230  2.8749999999999937e-01  1.2486492009932265e-01  3.7783543823206500e-01  1.527504e-01  3.414989e+00  1.542302e+00  1.641547e+01  1.293818e+01  9.322357e+01  3.234964e+00  1.441560e+01  1.1598404304410339e+00
       240  2.9999999999999910e-01  1.2485901435649718e-01  3.7810718518623354e-01  1.594195e-01  3.418561e+00  1.611018e+00  1.648640e+01  1.354117e+01  9.408854e+01  3.224035e+00  1.432469e+01  1.1630477691958787e+00
       250  3.1249999999999883e-01  1.2485310427082867e-01  3.7839151980415731e-01  1.660916e-01  3.422287e+00  1.679944e+00  1.656047e+01  1.414936e+01  9.499421e+01  3.212886e+00  1.423257e+01  1.1664039968675814e+00
       260  3.2499999999999857e-01  1.2484718964531338e-01  3.7868847846863685e-01  1.727670e-01  3.426168e+00  1.749087e+00  1.663769e+01  1.476297e+01  9.594104e+01  3.201545e+00  1.413951e+01  1.1699104303376839e+00
       270  3.3749999999999830e-01  1.2484127028236587e-01  3.7899809913393495e-01  1.794455e-01  3.430204e+00  1.818455e+00  1.671807e+01  1.538221e+01  9.692954e+01  3.190038e+00  1.404580e+01  1.1735684469999170e+00
       280  3.4999999999999803e-01  1.2483534598379434e-01  3.7932042131564514e-01  1.861272e-01  3.434396e+00  1.888056e+00  1.680164e+01  1.600732e+01  9.796020e+01  3.178393e+00  1.395171e+01  1.1773794854202992e+00
       290  3.6249999999999777e-01  1.2482941655077721e-01  3.7965548608034100e-01  1.928119e-01  3.438743e+00  1.957898e+00  1.688839e+01  1.663850e+01  9.903357e+01  3.166638e+00  1.385753e+01  1.1813450460339912e+00
       300  3.7499999999999750e-01  1.2482348178383873e-01  3.8000333603510711e-01  1.994998e-01  3.443247e+00  2.027988e+00  1.697835e+01  1.727597e+01  1.001502e+02  3.154800e+00  1.376356e+01  1.1854666918799985e+00
       310  3.8749999999999724e-01  1.2481754148282521e-01  3.8036401531688407e-01  2.061908e-01  3.447906e+00  2.098332e+00  1.707153e+01  1.791996e+01  1.013106e+02  3.142908e+00  1.367006e+01  1.1897460493747838e+00
       320  3.9999999999999697e-01  1.2481159544688077e-01  3.8073756958171079e-01  2.128846e-01  3.452722e+00  2.168938e+00  1.716795e+01  1.857068e+01  1.025154e+02  3.130988e+00  1.357732e+01  1.1941848091259344e+00
       330  4.1249999999999670e-01  1.2480564347442410e-01  3.8112404599382510e-01  2.195814e-01  3.457693e+00  2.239813e+00  1.726762e+01  1.922835e+01  1.037652e+02  3.119070e+00  1.348563e+01  1.1987847267870964e+00
       340  4.2499999999999644e-01  1.2479968536312501e-01  3.8152349321466950e-01  2.262808e-01  3.462822e+00  2.310964e+00  1.737055e+01  1.989319e+01  1.050605e+02  3.107180e+00  1.339526e+01  1.2035476239553586e+00
       350  4.3749999999999617e-01  1.2479372090988161e-01  3.8193596139180441e-01  2.329829e-01  3.468106e+00  2.382396e+00  1.747677e+01  2.056541e+01  1.064020e+02  3.095346e+00  1.330648e+01  1.2084753891123938e+00
       360  4.4999999999999590e-01  1.2478774991079615e-01  3.8236150214774323e-01  2.396875e-01  3.473547e+00  2.454116e+00  1.758627e+01  2.124522e+01  1.077903e+02  3.083597e+00  1.321958e+01  1.2135699786106822e+00
       370  4.6249999999999564e-01  1.2478177216115367e-01  3.8280016856872767e-01  2.463944e-01  3.479144e+00  2.526129e+00  1.769909e+01  2.193285e+01  1.092261e+02  3.071958e+00  1.313482e+01  1.2188334177062048e+00
       380  4.7499999999999537e-01  1.2477578745539800e-01  3.8325201519345009e-01  2.531033e-01  3.484898e+00  2.598443e+00  1.781523e+01  2.262849e+01  1.107100e+02  3.060457e+00  1.305246e+01  1.2242678016389859e+00
       390  4.8749999999999510e-01  1.2476979558710964e-01  3.8371709800174714e-01  2.598142e-01  3.490807e+00  2.671061e+00  1.793470e+01  2.333237e+01  1.122426e+02  3.049121e+00  1.297276e+01  1.2298752967630160e+00
       400  4.9999999999999484e-01  1.2476379634898373e-01  3.8419547440327517e-01  2.665267e-01  3.496873e+00  2.743990e+00  1.805752e+01  2.404468e+01  1.138247e+02  3.037974e+00  1.289598e+01  1.2356581417270640e+00
       410  5.1249999999999463e-01  1.2475778953280717e-01  3.8468720322617089e-01  2.732407e-01  3.503094e+00  2.817233e+00  1.818369e+01  2.476564e+01  1.154569e+02  3.027044e+00  1.282237e+01  1.2416186487079375e+00
       420  5.2499999999999436e-01  1.2475177492943695e-01  3.8519234470573066e-01  2.799557e-01  3.509471e+00  2.890797e+00  1.831325e+01  2.549545e+01  1.171399e+02  3.016354e+00  1.275216e+01  1.2477592046978876e+00
       430  5.3749999999999409e-01  1.2474575232877913e-01  3.8571096047310288e-01  2.866716e-01  3.516002e+00  2.964684e+00  1.844618e+01  2.623431e+01  1.188743e+02  3.005929e+00  1.268561e+01  1.2540822728477432e+00
       440  5.4999999999999383e-01  1.2473972151976540e-01  3.8624311354402446e-01  2.933881e-01  3.522688e+00  3.038899e+00  1.858251e+01  2.698242e+01  1.206610e+02  2.995794e+00  1.262293e+01  1.2605903938676886e+00
       450  5.6249999999999356e-01  1.2473368229033305e-01  3.8678886830759701e-01  3.001047e-01  3.529529e+00  3.113446e+00  1.872225e+01  2.773997e+01  1.225005e+02  2.985971e+00  1.256436e+01  1.2672861874872936e+00
       460  5.7499999999999329e-01  1.2472763442740306e-01  3.8734829051512426e-01  3.068211e-01  3.536523e+00  3.188328e+00  1.886540e+01  2.850715e+01  1.243935e+02  2.976483e+00  1.251012e+01  1.2741723539768515e+00
       470  5.8749999999999303e-01  1.2472157771685888e-01  3.8792144726902850e-01  3.135370e-01  3.543670e+00  3.263548e+00  1.901197e+01  2.928416e+01  1.263409e+02  2.967352e+00  1.246042e+01  1.2812516757318044e+00
       480  5.9999999999999276e-01  1.2471551194352619e-01  3.8850840701184969e-01  3.202519e-01  3.550969e+00  3.339109e+00  1.916197e+01  3.007117e+01  1.283432e+02  2.958599e+00  1.241545e+01  1.2885270189223630e+00
       490  6.1249999999999249e-01  1.2470943689115055e-01  3.8910923951534199e-01  3.269654e-01  3.558419e+00  3.415012e+00  1.931540e+01  3.086837e+01  1.304012e+02  2.950244e+00  1.237544e+01  1.2960013352103070e+00
       500  6.2499999999999223e-01  1.2470335234237841e-01  3.8972401586966876e-01  3.336770e-01  3.566021e+00  3.491259e+00  1.947228e+01  3.167592e+01  1.325156e+02  2.942308e+00  1.234056e+01  1.3036776635350757e+00
       510  6.3749999999999196e-01  1.2469725807873568e-01  3.9035280847273890e-01  3.403863e-01  3.573772e+00  3.567853e+00  1.963260e+01  3.249401e+01  1.346870e+02  2.934808e+00  1.231100e+01  1.3115591319714630e+00
       520  6.4999999999999170e-01  1.2469115388060702e-01  3.9099569101964698e-01  3.470927e-01  3.581671e+00  3.644793e+00  1.979637e+01  3.332279e+01  1.369161e+02  2.927763e+00  1.228695e+01  1.3196489596610179e+00
       530  6.6249999999999143e-01  1.2468503952721743e-01  3.9165273849227655e-01  3.537958e-01  3.589719e+00  3.722080e+00  1.996358e+01  3.416242e+01  1.392037e+02  2.921191e+00  1.226858e+01  1.3279504588196052e+00
       540  6.7499999999999116e-01  1.2467891479661064e-01  3.9232402714902770e-01  3.604949e-01  3.597912e+00  3.799714e+00  2.013424e+01  3.501306e+01  1.415503e+02  2.915106e+00  1.225604e+01  1.3364670368235079e+00
       550  6.8749999999999090e-01  1.2467277946562984e-01  3.9300963451473553e-01  3.671896e-01  3.606251e+00  3.877695e+00  2.030835e+01  3.587484e+01  1.439566e+02  2.909525e+00  1.224951e+01  1.3452021983765505e+00
       560  6.9999999999999063e-01  1.2466663330989654e-01  3.9370963937071402e-01  3.738791e-01  3.614733e+00  3.956022e+00  2.048590e+01  3.674791e+01  1.464233e+02  2.904462e+00  1.224914e+01  1.3541595477608159e+00
       570  7.1249999999999036e-01  1.2466047610379412e-01  3.9442412174500852e-01  3.805630e-01  3.623358e+00  4.034693e+00  2.066689e+01  3.763240e+01  1.489510e+02  2.899931e+00  1.225506e+01  1.3633427911736480e+00
       580  7.2499999999999010e-01  1.2465430762044646e-01  3.9515316290281793e-01  3.872405e-01  3.632123e+00  4.113706e+00  2.085131e+01  3.852842e+01  1.515402e+02  2.895945e+00  1.226742e+01  1.3727557391536469e+00
       590  7.3749999999998983e-01  1.2464812763169754e-01  3.9589684533709935e-01  3.939109e-01  3.641027e+00  4.193059e+00  2.103914e+01  3.943609e+01  1.541915e+02  2.892515e+00  1.228636e+01  1.3824023090984707e+00
       600  7.4999999999998956e-01  1.2464193590809503e-01  3.9665525275937469e-01  4.005736e-01  3.650067e+00  4.272749e+00  2.123038e+01  4.035552e+01  1.569055e+02  2.889653e+00  1.231200e+01  1.3922865278774705e+00
       610  7.6249999999998930e-01  1.2463573221886946e-01  3.9742847009073562e-01  4.072279e-01  3.659243e+00  4.352770e+00  2.142502e+01  4.128680e+01  1.596827e+02  2.887367e+00  1.234446e+01  1.4024125345420095e+00
       620  7.7499999999998903e-01  1.2462951633191624e-01  3.9821658345305205e-01  4.138729e-01  3.668552e+00  4.433121e+00  2.162303e+01  4.223001e+01  1.625236e+02  2.885668e+00  1.238385e+01  1.4127845831367709e+00
       630  7.8749999999998876e-01  1.2462328801377605e-01  3.9901968016039019e-01  4.205080e-01  3.677992e+00  4.513795e+00  2.182441e+01  4.318524e+01  1.654286e+02  2.884564e+00  1.243029e+01  1.4234070456151260e+00
       640  7.9999999999998850e-01  1.2461704702961764e-01  3.9983784871064909e-01  4.271324e-01  3.687560e+00  4.594786e+00  2.202912e+01  4.415253e+01  1.683981e+02  2.884061e+00  1.248386e+01  1.4342844148619462e+00
       650  8.1249999999998823e-01  1.2461079314321832e-01  4.0067117877740421e-01  4.337451e-01  3.697255e+00  4.676089e+00  2.223715e+01  4.513194e+01  1.714326e+02  2.884167e+00  1.254468e+01  1.4454213078273599e+00
       660  8.2499999999998797e-01  1.2460452611694556e-01  4.0151976120197341e-01  4.403455e-01  3.707073e+00  4.757698e+00  2.244846e+01  4.612350e+01  1.745324e+02  2.884886e+00  1.261281e+01  1.4568224687748184e+00
       670  8.3749999999998770e-01  1.2459824571173984e-01  4.0238368798571245e-01  4.469326e-01  3.717012e+00  4.839603e+00  2.266304e+01  4.712725e+01  1.776977e+02  2.886223e+00  1.268836e+01  1.4684927726473838e+00
       680  8.4999999999998743e-01  1.2459195168709575e-01  4.0326305228251191e-01  4.535055e-01  3.727070e+00  4.921797e+00  2.288084e+01  4.814320e+01  1.809289e+02  2.888182e+00  1.277138e+01  1.4804372285557985e+00
       690  8.6249999999998717e-01  1.2458564380104364e-01  4.0415794839153857e-01  4.600633e-01  3.737243e+00  5.004271e+00  2.310183e+01  4.917134e+01  1.842261e+02  2.890765e+00  1.286196e+01  1.4926609833923401e+00
       700  8.7499999999998690e-01  1.2457932181013331e-01  4.0506847175017852e-01  4.666052e-01  3.747528e+00  5.087016e+00  2.332598e+01  5.021164e+01  1.875894e+02  2.893974e+00  1.296015e+01  1.5051693255745959e+00
       710  8.8749999999998663e-01  1.2457298546941534e-01  4.0599471892722194e-01  4.731300e-01  3.757923e+00  5.170021e+00  2.355323e+01  5.126409e+01  1.910189e+02  2.897811e+00  1.306600e+01  1.5179676889230465e+00
       720  8.9999999999998637e-01  1.2456663453242214e-01  4.0693678761625002e-01  4.796370e-01  3.768423e+00  5.253274e+00  2.378356e+01  5.232863e+01  1.945147e+02  2.902276e+00  1.317957e+01  1.5310616566771600e+00
       730  9.1249999999998610e-01  1.2456026875115306e-01  4.0789477662924406e-01  4.861250e-01  3.779026e+00  5.336764e+00  2.401690e+01  5.340520e+01  1.980768e+02  2.907366e+00  1.330090e+01  1.5444569656540605e+00
       740  9.2499999999998583e-01  1.2455388787605531e-01  4.0886878589041847e-01  4.925931e-01  3.789728e+00  5.420479e+00  2.425321e+01  5.449370e+01  2.017049e+02  2.913082e+00  1.343002e+01  1.5581595105545809e+00
       750  9.3749999999998557e-01  1.2454749165600640e-01  4.0985891643025646e-01  4.990401e-01  3.800525e+00  5.504404e+00  2.449242e+01  5.559405e+01  2.053989e+02  2.919421e+00  1.356695e+01  1.5721753484214944e+00
       760  9.4999999999998530e-01  1.2454107983829776e-01  4.1086527037975251e-01  5.054651e-01  3.811414e+00  5.588526e+00  2.473449e+01  5.670611e+01  2.091585e+02  2.926379e+00  1.371173e+01  1.5865107032545200e+00
       770  9.6249999999998503e-01  1.2453465216861762e-01  4.1188795096486808e-01  5.118669e-01  3.822390e+00  5.672830e+00  2.497934e+01  5.782976e+01  2.129835e+02  2.933952e+00  1.386435e+01  1.6011719707876104e+00
       780  9.7499999999998477e-01  1.2452820839103287e-01  4.1292706250117478e-01  5.182445e-01  3.833450e+00  5.757299e+00  2.522692e+01  5.896483e+01  2.168733e+02  2.942135e+00  1.402483e+01  1.6161657234333069e+00
       790  9.8749999999998450e-01  1.2452174824797292e-01  4.1398271038869872e-01  5.245967e-01  3.844589e+00  5.841917e+00  2.547714e+01  6.011115e+01  2.208275e+02  2.950924e+00  1.419316e+01  1.6314987153997811e+00
       800  9.9999999999998423e-01  1.2451527148021363e-01  4.1505500110693372e-01  5.309224e-01  3.855803e+00  5.926667e+00  2.572994e+01  6.126851e+01  2.248455e+02  2.960310e+00  1.436932e+01  1.6471778879861672e+00
       810  1.0124999999999840e+00  1.2450877782685714e-01  4.1614404221007456e-01  5.372203e-01  3.867087e+00  6.011530e+00  2.598523e+01  6.243669e+01  2.289265e+02  2.970288e+00  1.455330e+01  1.6632103750617544e+00
       820  1.0249999999999837e+00  1.2450226702531961e-01  4.1724994232235812e-01  5.434894e-01  3.878438e+00  6.096487e+00  2.624293e+01  6.361546e+01  2.330698e+02  2.980848e+00  1.474506e+01  1.6796035087349912e+00
       830  1.0374999999999834e+00  1.2449573881131118e-01  4.1837281113364638e-01  5.497285e-01  3.889849e+00  6.181518e+00  2.650295e+01  6.480454e+01  2.372745e+02  2.991983e+00  1.494457e+01  1.6963648252186041e+00
       840  1.0499999999999832e+00  1.2448919291882142e-01  4.1951275939509042e-01  5.559362e-01  3.901317e+00  6.266602e+00  2.676520e+01  6.600366e+01  2.415396e+02  3.003683e+00  1.515177e+01  1.7135020708968105e+00
       850  1.0624999999999829e+00  1.2448262908009991e-01  4.2066989891499590e-01  5.621115e-01  3.912836e+00  6.351718e+00  2.702958e+01  6.721249e+01  2.458640e+02  3.015938e+00  1.536661e+01  1.7310232086013944e+00
       860  1.0749999999999826e+00  1.2447604702564428e-01  4.2184434255479897e-01  5.682529e-01  3.924401e+00  6.436843e+00  2.729599e+01  6.843070e+01  2.502465e+02  3.028736e+00  1.558901e+01  1.7489364241031264e+00
       870  1.0874999999999824e+00  1.2446944648417900e-01  4.2303620422519012e-01  5.743593e-01  3.936008e+00  6.521953e+00  2.756433e+01  6.965794e+01  2.546858e+02  3.042067e+00  1.581891e+01  1.7672501328254488e+00
       880  1.0999999999999821e+00  1.2446282718264225e-01  4.2424559888232372e-01  5.804294e-01  3.947650e+00  6.607026e+00  2.783448e+01  7.089381e+01  2.591803e+02  3.055918e+00  1.605620e+01  1.7859729867877103e+00
       890  1.1124999999999818e+00  1.2445618884616838e-01  4.2547264252416817e-01  5.864619e-01  3.959322e+00  6.692035e+00  2.810633e+01  7.213792e+01  2.637286e+02  3.070276e+00  1.630078e+01  1.8051138817848562e+00
       900  1.1249999999999816e+00  1.2444953119807191e-01  4.2671745218694218e-01  5.924555e-01  3.971019e+00  6.776954e+00  2.837976e+01  7.338983e+01  2.683290e+02  3.085128e+00  1.655255e+01  1.8246819648114649e+00
       910  1.1374999999999813e+00  1.2444285395983001e-01  4.2798014594162970e-01  5.984088e-01  3.982734e+00  6.861758e+00  2.865465e+01  7.464908e+01  2.729796e+02  3.100459e+00  1.681137e+01  1.8446866417376127e+00
       920  1.1499999999999810e+00  1.2443615685106961e-01  4.2926084289056848e-01  6.043205e-01  3.994463e+00  6.946419e+00  2.893087e+01  7.591518e+01  2.776786e+02  3.116256e+00  1.707711e+01  1.8651375852444940e+00
       930  1.1624999999999808e+00  1.2442943958954741e-01  4.3055966316411320e-01  6.101894e-01  4.006199e+00  7.030908e+00  2.920828e+01  7.718763e+01  2.824239e+02  3.132502e+00  1.734962e+01  1.8860447430279941e+00
       940  1.1749999999999805e+00  1.2442270189113641e-01  4.3187672791733067e-01  6.160139e-01  4.017936e+00  7.115197e+00  2.948675e+01  7.846589e+01  2.872132e+02  3.149181e+00  1.762873e+01  1.9074183462786576e+00
       950  1.1874999999999802e+00  1.2441594346981007e-01  4.3321215932674972e-01  6.217928e-01  4.029669e+00  7.199256e+00  2.976614e+01  7.974940e+01  2.920444e+02  3.166278e+00  1.791427e+01  1.9292689184462928e+00
       960  1.1999999999999800e+00  1.2440916403762239e-01  4.3456608058712476e-01  6.275247e-01  4.041390e+00  7.283054e+00  3.004630e+01  8.103757e+01  2.969149e+02  3.183775e+00  1.820606e+01  1.9516072842984213e+00
       970  1.2124999999999797e+00  1.2440236330469913e-01  4.3593861590819971e-01  6.332082e-01  4.053094e+00  7.366560e+00  3.032707e+01  8.232980e+01  3.018222e+02  3.201655e+00  1.850388e+01  1.9744445792810614e+00
       980  1.2249999999999794e+00  1.2439554097921555e-01  4.3732989051150656e-01  6.388418e-01  4.064774e+00  7.449743e+00  3.060832e+01  8.362544e+01  3.067635e+02  3.219899e+00  1.880752e+01  1.9977922591915047e+00
       990  1.2374999999999792e+00  1.2438869676738272e-01  4.3874003062711275e-01  6.444243e-01  4.076424e+00  7.532570e+00  3.088986e+01  8.492384e+01  3.117360e+02  3.238490e+00  1.911676e+01  2.0216621101721097e+00
      1000  1.2499999999999789e+00  1.2438183037343468e-01  4.4016916349034796e-01  6.499542e-01  4.088038e+00  7.615007e+00  3.117156e+01  8.622431e+01  3.167368e+02  3.257408e+00  1.943134e+01  2.0460662590349425e+00
      1010  1.2624999999999786e+00  1.2437494149960603e-01  4.4161741733851123e-01  6.554301e-01  4.099608e+00  7.697021e+00  3.145323e+01  8.752614e+01  3.217628e+02  3.276634e+00  1.975101e+01  2.0710171839267746e+00
      1020  1.2749999999999784e+00  1.2436802984612393e-01  4.4308492140750466e-01  6.608506e-01  4.111129e+00  7.778578e+00  3.173470e+01  8.882858e+01  3.268107e+02  3.296149e+00  2.007551e+01  2.0965277253447798e+00
      1030  1.2874999999999781e+00  1.2436109511118697e-01  4.4457180592839218e-01  6.662143e-01  4.122593e+00  7.859642e+00  3.201582e+01  9.013090e+01  3.318771e+02  3.315931e+00  2.040454e+01  2.1226110975125558e+00
      1040  1.2999999999999778e+00  1.2435413699095246e-01  4.4607820212389471e-01  6.715197e-01  4.133994e+00  7.940178e+00  3.229638e+01  9.143231e+01  3.369587e+02  3.335962e+00  2.073780e+01  2.1492809001272528e+00
      1050  1.3124999999999776e+00  1.2434715517952073e-01  4.4760424220478223e-01  6.767654e-01  4.145325e+00  8.020151e+00  3.257622e+01  9.273200e+01  3.420517e+02  3.356219e+00  2.107498e+01  2.1765511304878467e+00
      1060  1.3249999999999773e+00  1.2434014936891741e-01  4.4915005936616448e-01  6.819501e-01  4.156579e+00  8.099523e+00  3.285516e+01  9.402916e+01  3.471526e+02  3.376682e+00  2.141576e+01  2.2044361960153642e+00
      1070  1.3374999999999770e+00  1.2433311924908248e-01  4.5071578778363608e-01  6.870723e-01  4.167750e+00  8.178258e+00  3.313300e+01  9.532294e+01  3.522574e+02  3.397330e+00  2.175979e+01  2.2329509271756312e+00
      1080  1.3499999999999768e+00  1.2432606450784733e-01  4.5230156260933108e-01  6.921305e-01  4.178831e+00  8.256318e+00  3.340955e+01  9.661249e+01  3.573622e+02  3.418140e+00  2.210672e+01  2.2621105908154289e+00
      1090  1.3624999999999765e+00  1.2431898483093225e-01  4.5390751996777245e-01  6.971234e-01  4.189814e+00  8.333668e+00  3.368463e+01  9.789692e+01  3.624630e+02  3.439092e+00  2.245619e+01  2.2919309039226641e+00
      1100  1.3749999999999762e+00  1.2431187990191503e-01  4.5553379695162477e-01  7.020496e-01  4.200694e+00  8.410267e+00  3.395804e+01  9.917535e+01  3.675556e+02  3.460162e+00  2.280781e+01  2.3224280478216457e+00
      1110  1.3874999999999760e+00  1.2430474940223071e-01  4.5718053161721350e-01  7.069077e-01  4.211463e+00  8.486080e+00  3.422959e+01  1.004469e+02  3.726358e+02  3.481330e+00  2.316119e+01  2.3536186828145040e+00
      1120  1.3999999999999757e+00  1.2429759301114736e-01  4.5884786297991492e-01  7.116962e-01  4.222115e+00  8.561067e+00  3.449907e+01  1.017105e+02  3.776993e+02  3.502573e+00  2.351594e+01  2.3855199632792456e+00
      1130  1.4124999999999754e+00  1.2429041040575357e-01  4.6053593100929618e-01  7.164138e-01  4.232642e+00  8.635190e+00  3.476630e+01  1.029654e+02  3.827416e+02  3.523868e+00  2.387164e+01  2.4181495532355815e+00
      1140  1.4249999999999752e+00  1.2428320126094571e-01  4.6224487662408775e-01  7.210591e-01  4.243039e+00  8.708411e+00  3.503107e+01  1.042106e+02  3.877582e+02  3.545193e+00  2.422788e+01  2.4515256423893290e+00
      1150  1.4374999999999749e+00  1.2427596524941058e-01  4.6397484168692116e-01  7.256307e-01  4.253298e+00  8.780692e+00  3.529318e+01  1.054450e+02  3.927447e+02  3.566526e+00  2.458421e+01  2.4856669626658690e+00
      1160  1.4499999999999746e+00  1.2426870204160968e-01  4.6572596899884078e-01  7.301273e-01  4.263414e+00  8.851995e+00  3.555242e+01  1.066679e+02  3.976963e+02  3.587845e+00  2.494019e+01  2.5205928052431226e+00
      1170  1.4624999999999744e+00  1.2426141130576997e-01  4.6749840229354711e-01  7.345474e-01  4.273378e+00  8.922281e+00  3.580861e+01  1.078781e+02  4.026085e+02  3.609127e+00  2.529539e+01  2.5563230380943169e+00
      1180  1.4749999999999741e+00  1.2425409270786233e-01  4.6929228623143354e-01  7.388899e-01  4.283186e+00  8.991512e+00  3.606154e+01  1.090747e+02  4.074766e+02  3.630351e+00  2.564935e+01  2.5928781240506966e+00
      1190  1.4874999999999738e+00  1.2424674591159302e-01  4.7110776639333563e-01  7.431532e-01  4.292831e+00  9.059651e+00  3.631101e+01  1.102568e+02  4.122957e+02  3.651493e+00  2.600160e+01  2.6302791393933420e+00
      1200  1.4999999999999736e+00  1.2423937057838598e-01  4.7294498927400908e-01  7.473362e-01  4.302306e+00  9.126660e+00  3.655682e+01  1.114233e+02  4.170613e+02  3.672534e+00  2.635169e+01  2.6685477929836106e+00
      1210  1.5124999999999733e+00  1.2423196636736822e-01  4.7480410227534259e-01  7.514375e-01  4.311605e+00  9.192502e+00  3.679877e+01  1.125733e+02  4.217684e+02  3.693450e+00  2.669914e+01  2.7077064459410596e+00
      1220  1.5249999999999730e+00  1.2422453293535926e-01  4.7668525369926523e-01  7.554559e-01  4.320724e+00  9.257140e+00  3.703667e+01  1.137058e+02  4.264123e+02  3.714221e+00  2.704349e+01  2.7477781318764043e+00
      1230  1.5374999999999728e+00  1.2421706993685279e-01  4.7858859274038884e-01  7.593900e-01  4.329654e+00  9.320538e+00  3.727033e+01  1.148198e+02  4.309883e+02  3.734827e+00  2.738427e+01  2.7887865776878469e+00
      1240  1.5499999999999725e+00  1.2420957702400631e-01  4.8051426947833620e-01  7.632386e-01  4.338392e+00  9.382661e+00  3.749956e+01  1.159144e+02  4.354917e+02  3.755245e+00  2.772100e+01  2.8307562249268026e+00
      1250  1.5624999999999722e+00  1.2420205384662446e-01  4.8246243486973928e-01  7.670006e-01  4.346931e+00  9.443472e+00  3.772416e+01  1.169887e+02  4.399177e+02  3.775457e+00  2.805322e+01  2.8737122517395282e+00
      1260  1.5749999999999720e+00  1.2419450005214863e-01  4.8443324073997140e-01  7.706746e-01  4.355266e+00  9.502938e+00  3.794395e+01  1.180416e+02  4.442617e+02  3.795443e+00  2.838047e+01  2.9176805953894380e+00
      1270  1.5874999999999717e+00  1.2418691528563933e-01  4.8642683977453388e-01  7.742595e-01  4.363392e+00  9.561025e+00  3.815876e+01  1.190724e+02  4.485190e+02  3.815183e+00  2.870228e+01  2.9626879753639606e+00
      1280  1.5999999999999714e+00  1.2417929918976603e-01  4.8844338551013072e-01  7.777542e-01  4.371304e+00  9.617700e+00  3.836841e+01  1.200800e+02  4.526853e+02  3.834659e+00  2.901819e+01  3.0087619170693412e+00
      1290  1.6124999999999712e+00  1.2417165140479298e-01  4.9048303232544344e-01  7.811575e-01  4.378997e+00  9.672931e+00  3.857271e+01  1.210636e+02  4.567560e+02  3.853852e+00  2.932776e+01  3.0559307761139589e+00
      1300  1.6249999999999709e+00  1.2416397156856719e-01  4.9254593543152120e-01  7.844682e-01  4.386466e+00  9.726686e+00  3.877152e+01  1.220223e+02  4.607267e+02  3.872746e+00  2.963056e+01  3.1042237631814689e+00
      1310  1.6374999999999706e+00  1.2415625931650136e-01  4.9463225086193358e-01  7.876853e-01  4.393707e+00  9.778935e+00  3.896465e+01  1.229553e+02  4.645933e+02  3.891323e+00  2.992614e+01  3.1536709694913001e+00
      1320  1.6499999999999704e+00  1.2414851428156781e-01  4.9674213546253532e-01  7.908077e-01  4.400716e+00  9.829649e+00  3.915197e+01  1.238617e+02  4.683515e+02  3.909568e+00  3.021410e+01  3.2043033928440083e+00
      1330  1.6624999999999701e+00  1.2414073609427884e-01  4.9887574688091829e-01  7.938343e-01  4.407490e+00  9.878799e+00  3.933331e+01  1.247408e+02  4.719973e+02  3.927464e+00  3.049403e+01  3.2561529642462110e+00
      1340  1.6749999999999698e+00  1.2413292438268017e-01  5.0103324355558088e-01  7.967642e-01  4.414023e+00  9.926359e+00  3.950854e+01  1.255918e+02  4.755270e+02  3.944998e+00  3.076555e+01  3.3092525751083723e+00
      1350  1.6874999999999696e+00  1.2412507877233310e-01  5.0321478470472347e-01  7.995963e-01  4.420313e+00  9.972302e+00  3.967751e+01  1.264140e+02  4.789367e+02  3.962155e+00  3.102827e+01  3.3636361050056820e+00
      1360  1.6999999999999693e+00  1.2411719888630904e-01  5.0542053031479350e-01  8.023297e-01  4.426357e+00  1.001660e+01  3.984009e+01  1.272066e+02  4.822228e+02  3.978923e+00  3.128185e+01  3.4193384499910744e+00
      1370  1.7124999999999690e+00  1.2410928434517135e-01  5.0765064112866609e-01  8.049634e-01  4.432152e+00  1.005924e+01  3.999617e+01  1.279691e+02  4.853821e+02  3.995290e+00  3.152594e+01  3.4763955514459370e+00
      1380  1.7249999999999688e+00  1.2410133476696678e-01  5.0990527863356971e-01  8.074965e-01  4.437695e+00  1.010019e+01  4.014562e+01  1.287007e+02  4.884112e+02  4.011244e+00  3.176024e+01  3.5348444254514142e+00
      1390  1.7374999999999685e+00  1.2409334976721378e-01  5.1218460504870267e-01  8.099281e-01  4.442985e+00  1.013943e+01  4.028834e+01  1.294010e+02  4.913072e+02  4.026776e+00  3.198444e+01  3.5947231926608145e+00
      1400  1.7499999999999682e+00  1.2408532895888919e-01  5.1448878331257542e-01  8.122574e-01  4.448018e+00  1.017694e+01  4.042423e+01  1.300693e+02  4.940672e+02  4.041876e+00  3.219828e+01  3.6560711086498827e+00
      1410  1.7624999999999680e+00  1.2407727195242009e-01  5.1681797707008192e-01  8.144835e-01  4.452793e+00  1.021271e+01  4.055320e+01  1.307051e+02  4.966886e+02  4.056535e+00  3.240150e+01  3.7189285947187023e+00
      1420  1.7749999999999677e+00  1.2406917835567122e-01  5.1917235065932199e-01  8.166057e-01  4.457309e+00  1.024672e+01  4.067516e+01  1.313080e+02  4.991690e+02  4.070748e+00  3.259389e+01  3.7833372691148530e+00
      1430  1.7874999999999674e+00  1.2406104777393412e-01  5.2155206909817264e-01  8.186231e-01  4.461565e+00  1.027894e+01  4.079005e+01  1.318775e+02  5.015061e+02  4.084508e+00  3.277524e+01  3.8493399786448501e+00
      1440  1.7999999999999672e+00  1.2405287980991578e-01  5.2395729807065972e-01  8.205351e-01  4.465560e+00  1.030938e+01  4.089779e+01  1.324133e+02  5.036981e+02  4.097809e+00  3.294539e+01  3.9169808306349578e+00
      1450  1.8124999999999669e+00  1.2404467406373094e-01  5.2638820391309804e-01  8.223409e-01  4.469293e+00  1.033801e+01  4.099834e+01  1.329150e+02  5.057433e+02  4.110649e+00  3.310420e+01  3.9863052252006561e+00
      1460  1.8249999999999666e+00  1.2403643013288899e-01  5.2884495360007489e-01  8.240399e-01  4.472765e+00  1.036483e+01  4.109164e+01  1.333824e+02  5.076400e+02  4.123024e+00  3.325155e+01  4.0573598877768742e+00
      1470  1.8374999999999664e+00  1.2402814761228727e-01  5.3132771473025775e-01  8.256314e-01  4.475976e+00  1.038982e+01  4.117767e+01  1.338152e+02  5.093871e+02  4.134933e+00  3.338736e+01  4.1301929018588233e+00
      1480  1.8499999999999661e+00  1.2401982609419698e-01  5.3383665551207349e-01  8.271148e-01  4.478926e+00  1.041298e+01  4.125639e+01  1.342132e+02  5.109836e+02  4.146375e+00  3.351158e+01  4.2048537418971161e+00
      1490  1.8624999999999658e+00  1.2401146516825919e-01  5.3637194474928107e-01  8.284894e-01  4.481617e+00  1.043431e+01  4.132778e+01  1.345762e+02  5.124288e+02  4.157352e+00  3.362419e+01  4.2813933062853922e+00
      1500  1.8749999999999656e+00  1.2400306442147253e-01  5.3893375182645975e-01  8.297548e-01  4.484048e+00  1.045379e+01  4.139185e+01  1.349043e+02  5.137221e+02  4.167864e+00  3.372520e+01  4.3598639503750842e+00
      1510  1.8874999999999653e+00  1.2399462343818138e-01  5.4152224669446603e-01  8.309104e-01  4.486224e+00  1.047143e+01  4.144860e+01  1.351973e+02  5.148632e+02  4.177917e+00  3.381465e+01  4.4403195194442322e+00
      1520  1.8999999999999651e+00  1.2398614180007297e-01  5.4413759985588350e-01  8.319558e-01  4.488144e+00  1.048722e+01  4.149803e+01  1.354552e+02  5.158523e+02  4.187513e+00  3.389262e+01  4.5228153815429968e+00
      1530  1.9124999999999648e+00  1.2397761908616846e-01  5.4677998235048897e-01  8.328903e-01  4.489811e+00  1.050116e+01  4.154018e+01  1.356781e+02  5.166895e+02  4.196658e+00  3.395922e+01  4.6074084601331986e+00
      1540  1.9249999999999645e+00  1.2396905487280768e-01  5.4944956574077575e-01  8.337137e-01  4.491229e+00  1.051326e+01  4.157507e+01  1.358661e+02  5.173754e+02  4.205360e+00  3.401460e+01  4.6941572664309508e+00
      1550  1.9374999999999643e+00  1.2396044873364728e-01  5.5214652209764092e-01  8.344255e-01  4.492401e+00  1.052351e+01  4.160275e+01  1.360192e+02  5.179107e+02  4.213626e+00  3.405892e+01  4.7831219313584379e+00
      1560  1.9499999999999640e+00  1.2395180023965385e-01  5.5487102398619981e-01  8.350252e-01  4.493329e+00  1.053193e+01  4.162326e+01  1.361378e+02  5.182964e+02  4.221466e+00  3.409239e+01  4.8743642370015419e+00
      1570  1.9624999999999637e+00  1.2394310895908800e-01  5.5762324445180145e-01  8.355126e-01  4.494017e+00  1.053852e+01  4.163668e+01  1.362221e+02  5.185337e+02  4.228890e+00  3.411527e+01  4.9679476474671080e+00
      1580  1.9749999999999635e+00  1.2393437445751040e-01  5.6040335700635968e-01  8.358873e-01  4.494470e+00  1.054328e+01  4.164307e+01  1.362722e+02  5.186242e+02  4.235910e+00  3.412783e+01  5.0639373390234876e+00
      1590  1.9874999999999632e+00  1.2392559629776054e-01  5.6321153561498694e-01  8.361491e-01  4.494692e+00  1.054622e+01  4.164252e+01  1.362886e+02  5.185695e+02  4.242539e+00  3.413037e+01  5.1624002294062761e+00
      1600  1.9999999999999629e+00  1.2391677403996018e-01  5.6604795468299618e-01  8.362975e-01  4.494689e+00  1.054736e+01  4.163512e+01  1.362717e+02  5.183716e+02  4.248791e+00  3.412326e+01  5.2634050061601618e+00
      1610  2.0124999999999647e+00  1.2390790724149872e-01  5.6891278904341225e-01  8.363324e-01  4.494464e+00  1.054670e+01  4.162096e+01  1.362217e+02  5.180326e+02  4.254681e+00  3.410685e+01  5.3670221538862073e+00
      1620  2.0249999999999666e+00  1.2389899545703321e-01  5.7180621394499342e-01  8.362536e-01  4.494024e+00  1.054426e+01  4.160015e+01  1.361392e+02  5.175550e+02  4.260227e+00  3.408157e+01  5.4733239802539737e+00
      1630  2.0374999999999686e+00  1.2389003823847716e-01  5.7472840504084499e-01  8.360608e-01  4.493375e+00  1.054004e+01  4.157282e+01  1.360246e+02  5.169411e+02  4.265445e+00  3.404787e+01  5.5823846406350670e+00
      1640  2.0499999999999705e+00  1.2388103513499921e-01  5.7767953837776753e-01  8.357539e-01  4.492523e+00  1.053408e+01  4.153909e+01  1.358785e+02  5.161939e+02  4.270356e+00  3.400622e+01  5.6942801612073977e+00
      1650  2.0624999999999725e+00  1.2387198569301038e-01  5.8065979038632243e-01  8.353326e-01  4.491475e+00  1.052637e+01  4.149909e+01  1.357014e+02  5.153162e+02  4.274978e+00  3.395713e+01  5.8090884603756328e+00
      1660  2.0749999999999744e+00  1.2386288945616361e-01  5.8366933787183140e-01  8.347969e-01  4.490237e+00  1.051694e+01  4.145296e+01  1.354940e+02  5.143113e+02  4.279333e+00  3.390116e+01  5.9268893683459840e+00
      1670  2.0874999999999764e+00  1.2385374596534601e-01  5.8670835800631016e-01  8.341466e-01  4.488817e+00  1.050580e+01  4.140086e+01  1.352567e+02  5.131823e+02  4.283443e+00  3.383888e+01  6.0477646446936859e+00
      1680  2.0999999999999783e+00  1.2384455475867252e-01  5.8977702832148871e-01  8.333817e-01  4.487222e+00  1.049297e+01  4.134294e+01  1.349903e+02  5.119328e+02  4.287333e+00  3.377091e+01  6.1717979937513157e+00
      1690  2.1124999999999803e+00  1.2383531537148200e-01  5.9287552670301225e-01  8.325020e-01  4.485461e+00  1.047847e+01  4.127938e+01  1.346955e+02  5.105664e+02  4.291026e+00  3.369789e+01  6.2990750776498974e+00
      1700  2.1249999999999822e+00  1.2382602733633126e-01  5.9600403138595626e-01  8.315076e-01  4.483542e+00  1.046232e+01  4.121033e+01  1.343728e+02  5.090868e+02  4.294549e+00  3.362050e+01  6.4296835268363139e+00
      1710  2.1374999999999842e+00  1.2381669018298658e-01  5.9916272095174494e-01  8.303982e-01  4.481474e+00  1.044455e+01  4.113598e+01  1.340231e+02  5.074979e+02  4.297927e+00  3.353946e+01  6.5637129478917746e+00
      1720  2.1499999999999861e+00  1.2380730343842114e-01  6.0235177432667453e-01  8.291740e-01  4.479265e+00  1.042516e+01  4.105652e+01  1.336471e+02  5.058036e+02  4.301190e+00  3.345551e+01  6.7012549284757679e+00
      1730  2.1624999999999881e+00  1.2379786662681352e-01  6.0557137078208800e-01  8.278349e-01  4.476924e+00  1.040419e+01  4.097214e+01  1.332456e+02  5.040081e+02  4.304365e+00  3.336944e+01  6.8424030392173130e+00
      1740  2.1749999999999901e+00  1.2378837926953418e-01  6.0882168993640717e-01  8.263809e-01  4.474462e+00  1.038164e+01  4.088304e+01  1.328192e+02  5.021156e+02  4.307483e+00  3.328206e+01  6.9872528323787746e+00
      1750  2.1874999999999920e+00  1.2377884088514314e-01  6.1210291175919007e-01  8.248121e-01  4.471888e+00  1.035756e+01  4.078941e+01  1.323688e+02  5.001304e+02  4.310575e+00  3.319421e+01  7.1359018371198868e+00
      1760  2.1999999999999940e+00  1.2376925098939001e-01  6.1541521657730669e-01  8.231283e-01  4.469212e+00  1.033195e+01  4.069148e+01  1.318951e+02  4.980568e+02  4.313672e+00  3.310680e+01  7.2884495511900225e+00
      1770  2.2124999999999959e+00  1.2375960909519750e-01  6.1875878508348170e-01  8.213298e-01  4.466445e+00  1.030483e+01  4.058945e+01  1.313990e+02  4.958993e+02  4.316808e+00  3.302072e+01  7.4449974288874357e+00
      1780  2.2249999999999979e+00  1.2374991471266586e-01  6.2213379834733817e-01  8.194166e-01  4.463598e+00  1.027624e+01  4.048354e+01  1.308812e+02  4.936623e+02  4.320016e+00  3.293696e+01  7.6056488651230136e+00
      1790  2.2374999999999998e+00  1.2374016734906186e-01  6.2554043782913049e-01  8.173886e-01  4.460682e+00  1.024619e+01  4.037398e+01  1.303426e+02  4.913504e+02  4.323331e+00  3.285649e+01  7.7705091754426459e+00
      1800  2.2500000000000018e+00  1.2373036650881111e-01  6.2897888539638158e-01  8.152461e-01  4.457707e+00  1.021470e+01  4.026099e+01  1.297840e+02  4.889683e+02  4.326789e+00  3.278036e+01  7.9396855718628876e+00
      1810  2.2625000000000037e+00  1.2372051169349577e-01  6.3244932334364345e-01  8.129890e-01  4.454687e+00  1.018180e+01  4.014482e+01  1.292060e+02  4.865203e+02  4.330427e+00  3.270964e+01  8.1132871343944188e+00
      1820  2.2750000000000057e+00  1.2371060240184442e-01  6.3595193441556841e-01  8.106175e-01  4.451632e+00  1.014750e+01  4.002569e+01  1.286096e+02  4.840114e+02  4.334282e+00  3.264544e+01  8.2914247781335284e+00
      1830  2.2875000000000076e+00  1.2370063812972887e-01  6.3948690183352219e-01  8.081316e-01  4.448554e+00  1.011182e+01  3.990385e+01  1.279955e+02  4.814460e+02  4.338392e+00  3.258892e+01  8.4742112158243490e+00
      1840  2.3000000000000096e+00  1.2369061837014905e-01  6.4305440932597135e-01  8.055315e-01  4.445467e+00  1.007479e+01  3.977954e+01  1.273644e+02  4.788288e+02  4.342797e+00  3.254129e+01  8.6617609158039457e+00
      1850  2.3125000000000115e+00  1.2368054261323322e-01  6.4665464116295346e-01  8.028173e-01  4.442383e+00  1.003642e+01  3.965302e+01  1.267172e+02  4.761645e+02  4.347538e+00  3.250378e+01  8.8541900552703403e+00
      1860  2.3250000000000135e+00  1.2367041034622393e-01  6.5028778219484917e-01  7.999891e-01  4.439315e+00  9.996734e+00  3.952452e+01  1.260545e+02  4.734578e+02  4.352654e+00  3.247770e+01  9.0516164688268326e+00
      1870  2.3375000000000155e+00  1.2366022105347056e-01  6.5395401789562368e-01  7.970471e-01  4.436276e+00  9.955745e+00  3.939432e+01  1.253770e+02  4.707134e+02  4.358189e+00  3.246440e+01  9.2541595922874862e+00
      1880  2.3500000000000174e+00  1.2364997421641752e-01  6.5765353441103125e-01  7.939913e-01  4.433279e+00  9.913470e+00  3.926267e+01  1.246856e+02  4.679358e+02  4.364184e+00  3.246526e+01  9.4619404017500450e+00
      1890  2.3625000000000194e+00  1.2363966931359421e-01  6.6138651861188946e-01  7.908219e-01  4.430338e+00  9.869924e+00  3.912983e+01  1.239807e+02  4.651297e+02  4.370683e+00  3.248173e+01  9.6750813479746149e+00
      1900  2.3750000000000213e+00  1.2362930582060724e-01  6.6515315815283504e-01  7.875390e-01  4.427468e+00  9.825121e+00  3.899606e+01  1.232631e+02  4.622997e+02  4.377731e+00  3.251534e+01  9.8937062861357497e+00
      1910  2.3875000000000233e+00  1.2361888321011801e-01  6.6895364153681558e-01  7.841428e-01  4.424682e+00  9.779072e+00  3.886164e+01  1.225333e+02  4.594504e+02  4.385372e+00  3.256763e+01  1.0117940401054238e+01
      1920  2.4000000000000252e+00  1.2360840095184247e-01  6.7278815818570936e-01  7.806334e-01  4.421994e+00  9.731790e+00  3.872684e+01  1.217920e+02  4.565864e+02  4.393652e+00  3.264024e+01  1.0347910128046070e+01
      1930  2.4125000000000272e+00  1.2359785851251956e-01  6.7665689851731625e-01  7.770110e-01  4.419419e+00  9.683282e+00  3.859194e+01  1.210397e+02  4.537123e+02  4.402618e+00  3.273486e+01  1.0583743069571291e+01
      1940  2.4250000000000291e+00  1.2358725535591086e-01  6.8056005402922271e-01  7.732757e-01  4.416972e+00  9.633557e+00  3.845721e+01  1.202769e+02  4.508326e+02  4.412316e+00  3.285324e+01  1.0825567907908088e+01
      1950  2.4375000000000311e+00  1.2357659094277562e-01  6.8449781738974291e-01  7.694277e-01  4.414668e+00  9.582621e+00  3.832294e+01  1.195040e+02  4.479517e+02  4.422795e+00  3.299722e+01  1.1073514314119812e+01
      1960  2.4500000000000330e+00  1.2356586473084824e-01  6.8847038253642112e-01  7.654672e-01  4.412522e+00  9.530479e+00  3.818941e+01  1.187214e+02  4.450744e+02  4.434102e+00  3.316870e+01  1.1327712853634953e+01
      1970  2.4625000000000350e+00  1.2355507617482352e-01  6.9247794478248470e-01  7.613943e-01  4.410550e+00  9.477131e+00  3.805693e+01  1.179296e+02  4.422049e+02  4.446286e+00  3.336965e+01  1.1588294888815447e+01
      1980  2.4750000000000369e+00  1.2354422472633622e-01  6.9652070093161278e-01  7.572091e-01  4.408766e+00  9.422579e+00  3.792578e+01  1.171288e+02  4.393480e+02  4.459398e+00  3.360214e+01  1.1855392478933176e+01
      1990  2.4875000000000389e+00  1.2353330983392598e-01  7.0059884940144013e-01  7.529119e-01  4.407187e+00  9.366821e+00  3.779626e+01  1.163193e+02  4.365080e+02  4.473487e+00  3.386829e+01  1.2129138278048202e+01
      2000  2.5000000000000409e+00  1.2352233094302334e-01  7.0471259035628631e-01  7.485027e-01  4.405829e+00  9.309853e+00  3.766868e+01  1.155013e+02  4.336896e+02  4.488604e+00  3.417034e+01  1.2409665431332915e+01
      2010  2.5125000000000428e+00  1.2351128749591372e-01  7.0886212584954178e-01  7.439819e-01  4.404708e+00  9.251668e+00  3.754336e+01  1.146750e+02  4.308973e+02  4.504799e+00  3.451059e+01  1.2697107470454739e+01
      2020  2.5250000000000448e+00  1.2350017893170749e-01  7.1304765997603303e-01  7.393496e-01  4.403839e+00  9.192257e+00  3.742060e+01  1.138404e+02  4.281357e+02  4.522125e+00  3.489144e+01  1.2991598208702413e+01
      2030  2.5375000000000467e+00  1.2348900468631623e-01  7.1726939903515752e-01  7.346059e-01  4.403241e+00  9.131611e+00  3.730074e+01  1.129976e+02  4.254096e+02  4.540631e+00  3.531539e+01  1.3293271636606654e+01
      2040  2.5500000000000487e+00  1.2347776419239782e-01  7.2152755170493021e-01  7.297510e-01  4.402928e+00  9.069714e+00  3.718409e+01  1.121464e+02  4.227235e+02  4.560371e+00  3.578502e+01  1.3602261818886429e+01
      2050  2.5625000000000506e+00  1.2346645687933737e-01  7.2582232922769896e-01  7.247852e-01  4.402918e+00  9.006551e+00  3.707101e+01  1.112869e+02  4.200825e+02  4.581397e+00  3.630302e+01  1.3918702793630160e+01
      2060  2.5750000000000526e+00  1.2345508217319245e-01  7.3015394560794067e-01  7.197086e-01  4.403227e+00  8.942103e+00  3.696182e+01  1.104188e+02  4.174913e+02  4.603761e+00  3.687217e+01  1.4242728474698414e+01
      2070  2.5875000000000545e+00  1.2344363949666093e-01  7.3452261782270067e-01  7.145215e-01  4.403873e+00  8.876348e+00  3.685689e+01  1.095418e+02  4.149551e+02  4.627514e+00  3.749537e+01  1.4574472558428891e+01
      2080  2.6000000000000565e+00  1.2343212826901459e-01  7.3892856604522505e-01  7.092240e-01  4.404873e+00  8.809262e+00  3.675658e+01  1.086555e+02  4.124791e+02  4.652709e+00  3.817559e+01  1.4914068435807001e+01
      2090  2.6125000000000584e+00  1.2342054790606370e-01  7.4337201388240925e-01  7.038164e-01  4.406244e+00  8.740817e+00  3.666125e+01  1.077596e+02  4.100687e+02  4.679399e+00  3.891592e+01  1.5261649111361177e+01
      2100  2.6250000000000604e+00  1.2340889782009562e-01  7.4785318862654782e-01  6.982989e-01  4.408002e+00  8.670984e+00  3.657130e+01  1.068534e+02  4.077294e+02  4.707634e+00  3.971956e+01  1.5617347130135052e+01
      2110  2.6375000000000624e+00  1.2339717741981622e-01  7.5237232152212641e-01  6.926718e-01  4.410167e+00  8.599730e+00  3.648710e+01  1.059363e+02  4.054672e+02  4.737466e+00  4.058978e+01  1.5981294514193696e+01
      2120  2.6500000000000643e+00  1.2338538611028257e-01  7.5692964804819263e-01  6.869353e-01  4.412755e+00  8.527017e+00  3.640907e+01  1.050076e+02  4.032880e+02  4.768947e+00  4.152999e+01  1.6353622710219536e+01
      2130  2.6625000000000663e+00  1.2337352329283154e-01  7.6152540821691161e-01  6.810896e-01  4.415783e+00  8.452808e+00  3.633762e+01  1.040664e+02  4.011984e+02  4.802127e+00  4.254367e+01  1.6734462549862961e+01
      2140  2.6750000000000682e+00  1.2336158836503000e-01  7.6615984688916372e-01  6.751351e-01  4.419270e+00  8.377061e+00  3.627318e+01  1.031118e+02  3.992051e+02  4.837055e+00  4.363439e+01  1.7123944224620438e+01
      2150  2.6875000000000702e+00  1.2334958072055324e-01  7.7083321410760786e-01  6.690720e-01  4.423233e+00  8.299730e+00  3.621620e+01  1.021427e+02  3.973151e+02  4.873780e+00  4.480583e+01  1.7522197277132083e+01
      2160  2.7000000000000721e+00  1.2333749974914524e-01  7.7554576544814657e-01  6.629006e-01  4.427689e+00  8.220768e+00  3.616713e+01  1.011579e+02  3.955361e+02  4.912350e+00  4.606175e+01  1.7929350610901302e+01
      2170  2.7125000000000741e+00  1.2332534483650710e-01  7.8029776239041149e-01  6.566213e-01  4.432657e+00  8.140124e+00  3.612645e+01  1.001561e+02  3.938761e+02  4.952813e+00  4.740597e+01  1.8345532520567176e+01
      2180  2.7250000000000760e+00  1.2331311536419302e-01  7.8508947270797691e-01  6.502344e-01  4.438153e+00  8.057743e+00  3.609464e+01  9.913580e+01  3.923436e+02  4.995214e+00  4.884240e+01  1.8770870744985377e+01
      2190  2.7375000000000780e+00  1.2330081070953722e-01  7.8992117087918845e-01  6.437403e-01  4.444197e+00  7.973570e+00  3.607222e+01  9.809544e+01  3.909478e+02  5.039596e+00  5.037501e+01  1.9205492545494685e+01
      2200  2.7500000000000799e+00  1.2328843024552139e-01  7.9479313851939226e-01  6.371392e-01  4.450805e+00  7.887545e+00  3.605972e+01  9.703330e+01  3.896984e+02  5.086004e+00  5.200782e+01  1.9649524811897862e+01
      2210  2.7625000000000819e+00  1.2327597334066571e-01  7.9970566483525951e-01  6.304318e-01  4.457995e+00  7.799606e+00  3.605767e+01  9.594749e+01  3.886059e+02  5.134477e+00  5.374488e+01  2.0103094198800260e+01
      2220  2.7750000000000838e+00  1.2326343935891741e-01  8.0465904710227099e-01  6.236183e-01  4.465785e+00  7.709688e+00  3.606665e+01  9.483598e+01  3.876814e+02  5.185056e+00  5.559030e+01  2.0566327295118938e+01
      2230  2.7875000000000858e+00  1.2325082765950279e-01  8.0965359116601521e-01  6.166992e-01  4.474193e+00  7.617723e+00  3.608723e+01  9.369659e+01  3.869371e+02  5.237777e+00  5.754819e+01  2.1039350829705718e+01
      2240  2.8000000000000878e+00  1.2323813759680437e-01  8.1468961196844114e-01  6.096750e-01  4.483234e+00  7.523644e+00  3.612003e+01  9.252696e+01  3.863857e+02  5.292676e+00  5.962264e+01  2.1522291916188497e+01
      2250  2.8125000000000897e+00  1.2322536852020524e-01  8.1976743409986863e-01  6.025463e-01  4.492928e+00  7.427376e+00  3.616568e+01  9.132457e+01  3.860412e+02  5.349787e+00  6.181775e+01  2.2015278340300739e+01
      2260  2.8250000000000917e+00  1.2321251977393805e-01  8.2488739237768804e-01  5.953135e-01  4.503290e+00  7.328848e+00  3.622482e+01  9.008675e+01  3.859186e+02  5.409140e+00  6.413759e+01  2.2518438893126294e+01
      2270  2.8375000000000936e+00  1.2319959069692228e-01  8.3004983245294417e-01  5.879774e-01  4.514339e+00  7.227983e+00  3.629813e+01  8.881060e+01  3.860336e+02  5.470764e+00  6.658616e+01  2.3031903753878410e+01
      2280  2.8500000000000956e+00  1.2318658062258656e-01  8.3525511144567388e-01  5.805384e-01  4.526090e+00  7.124705e+00  3.638632e+01  8.749310e+01  3.864037e+02  5.534684e+00  6.916741e+01  2.3555804926001173e+01
      2290  2.8625000000000975e+00  1.2317348887867875e-01  8.4050359861019885e-01  5.729972e-01  4.538561e+00  7.018934e+00  3.649009e+01  8.613100e+01  3.870472e+02  5.600926e+00  7.188520e+01  2.4090276730586378e+01
      2300  2.8750000000000995e+00  1.2316031478709158e-01  8.4579567603137074e-01  5.653547e-01  4.551767e+00  6.910592e+00  3.661021e+01  8.472088e+01  3.879840e+02  5.669510e+00  7.474326e+01  2.4635456361299340e+01
      2310  2.8875000000001014e+00  1.2314705766362843e-01  8.5113173935305630e-01  5.576114e-01  4.565725e+00  6.799599e+00  3.674744e+01  8.325915e+01  3.892352e+02  5.740455e+00  7.774522e+01  2.5191484505230580e+01
      2320  2.9000000000001034e+00  1.2313371681780805e-01  8.5651219854000971e-01  5.497683e-01  4.580452e+00  6.685875e+00  3.690257e+01  8.174200e+01  3.908237e+02  5.813778e+00  8.089455e+01  2.5758506034311054e+01
      2330  2.9125000000001053e+00  1.2312029155262336e-01  8.6193747867430925e-01  5.418262e-01  4.595961e+00  6.569339e+00  3.707643e+01  8.016545e+01  3.927737e+02  5.889493e+00  8.419456e+01  2.6336670772195760e+01
      2340  2.9250000000001073e+00  1.2310678116430185e-01  8.6740802078770940e-01  5.337859e-01  4.612269e+00  6.449911e+00  3.726985e+01  7.852532e+01  3.951113e+02  5.967613e+00  8.764838e+01  2.6926134341760921e+01
      2350  2.9375000000001092e+00  1.2309318494204770e-01  8.7292428273121914e-01  5.256486e-01  4.629390e+00  6.327513e+00  3.748372e+01  7.681727e+01  3.978643e+02  6.048149e+00  9.125894e+01  2.7527059098666012e+01
      2360  2.9500000000001112e+00  1.2307950216777983e-01  8.7848674008330740e-01  5.174152e-01  4.647339e+00  6.202066e+00  3.771891e+01  7.503676e+01  4.010622e+02  6.131108e+00  9.502898e+01  2.8139615156728048e+01
      2370  2.9625000000001132e+00  1.2306573211583503e-01  8.8409588709789266e-01  5.090868e-01  4.666131e+00  6.073496e+00  3.797633e+01  7.317908e+01  4.047364e+02  6.216500e+00  9.896103e+01  2.8763981511188426e+01
      2380  2.9750000000001151e+00  1.2305187405267905e-01  8.8975223769393497e-01  5.006646e-01  4.685778e+00  5.941729e+00  3.825693e+01  7.123935e+01  4.089205e+02  6.304333e+00  1.030574e+02  2.9400347266317144e+01
      2390  2.9875000000001171e+00  1.2303792723658738e-01  8.9545632648777751e-01  4.921499e-01  4.706295e+00  5.806694e+00  3.856166e+01  6.921256e+01  4.136498e+02  6.394613e+00  1.073202e+02  3.0048912974176016e+01
      2400  3.0000000000001190e+00  1.2302389091730777e-01  9.0120870986984769e-01  4.835440e-01  4.727694e+00  5.668325e+00  3.889148e+01  6.709354e+01  4.189618e+02  6.487349e+00  1.117513e+02  3.0709892091804388e+01
      2410  3.0125000000001210e+00  1.2300976433572336e-01  9.0700996712733561e-01  4.748482e-01  4.749987e+00  5.526560e+00  3.924738e+01  6.487699e+01  4.248960e+02  6.582550e+00  1.163526e+02  3.1383512564523688e+01
      2420  3.0250000000001229e+00  1.2299554672347596e-01  9.1286070161413257e-01  4.660642e-01  4.773188e+00  5.381340e+00  3.963036e+01  6.255753e+01  4.314941e+02  6.680230e+00  1.211255e+02  3.2070018543581170e+01
      2430  3.0375000000001249e+00  1.2298123730258947e-01  9.1876154196981297e-01  4.571935e-01  4.797306e+00  5.232613e+00  4.004144e+01  6.012967e+01  4.388000e+02  6.780405e+00  1.260717e+02  3.2769672246879381e+01
      2440  3.0500000000001268e+00  1.2296683528505629e-01  9.2471314338907940e-01  4.482377e-01  4.822353e+00  5.080333e+00  4.048164e+01  5.758787e+01  4.468594e+02  6.883094e+00  1.311926e+02  3.3482755972116991e+01
      2450  3.0625000000001288e+00  1.2295233987240972e-01  9.3071618894335995e-01  4.391988e-01  4.848339e+00  4.924461e+00  4.095199e+01  5.492657e+01  4.557203e+02  6.988327e+00  1.364898e+02  3.4209574272326861e+01
      2460  3.0750000000001307e+00  1.2293775025529452e-01  9.3677139095571127e-01  4.300785e-01  4.875274e+00  4.764966e+00  4.145353e+01  5.214020e+01  4.654328e+02  7.096139e+00  1.419649e+02  3.4950456304447897e+01
      2470  3.0875000000001327e+00  1.2292306561298180e-01  9.4287949243088243e-01  4.208789e-01  4.903168e+00  4.601825e+00  4.198729e+01  4.922323e+01  4.760487e+02  7.206576e+00  1.476200e+02  3.5705758362331238e+01
      2480  3.1000000000001346e+00  1.2290828511288404e-01  9.4904126854174786e-01  4.116021e-01  4.932030e+00  4.435023e+00  4.255431e+01  4.617023e+01  4.876218e+02  7.319697e+00  1.534573e+02  3.6475866606362622e+01
      2490  3.1125000000001366e+00  1.2289340791004086e-01  9.5525752817320264e-01  4.022504e-01  4.961867e+00  4.264558e+00  4.315562e+01  4.297586e+01  5.002079e+02  7.435574e+00  1.594797e+02  3.7261200002714872e+01
      2500  3.1250000000001386e+00  1.2287843314658199e-01  9.6152911552521581e-01  3.928261e-01  4.992687e+00  4.090436e+00  4.379223e+01  3.963499e+01  5.138640e+02  7.554301e+00  1.656910e+02  3.8062213486155287e+01
      2510  3.1375000000001405e+00  1.2286335995115538e-01  9.6785691177530264e-01  3.833317e-01  5.024497e+00  3.912677e+00  4.446516e+01  3.614270e+01  5.286488e+02  7.675988e+00  1.720958e+02  3.8879401361264811e+01
      2520  3.1500000000001425e+00  1.2284818743834774e-01  9.7424183680209064e-01  3.737699e-01  5.057304e+00  3.731311e+00  4.517539e+01  3.249434e+01  5.446223e+02  7.800773e+00  1.787002e+02  3.9713300957919181e+01
      2530  3.1625000000001444e+00  1.2283291470805763e-01  9.8068485096967595e-01  3.641434e-01  5.091115e+00  3.546384e+00  4.592390e+01  2.868565e+01  5.618452e+02  7.928823e+00  1.855118e+02  4.0564496557907702e+01
      2540  3.1750000000001464e+00  1.2281754084483897e-01  9.8718695697393843e-01  3.544552e-01  5.125934e+00  3.357955e+00  4.671164e+01  2.471276e+01  5.803794e+02  8.060336e+00  1.925401e+02  4.1433623610606077e+01
      2550  3.1875000000001483e+00  1.2280206491725881e-01  9.9374920174991943e-01  3.447082e-01  5.161767e+00  3.166097e+00  4.753953e+01  2.057229e+01  6.002870e+02  8.195553e+00  1.997974e+02  4.2321373256687224e+01
      2560  3.2000000000001503e+00  1.2278648597714509e-01  1.0003726784404239e+00  3.349058e-01  5.198618e+00  2.970900e+00  4.840846e+01  1.626142e+01  6.216304e+02  8.334755e+00  2.072987e+02  4.3228497179944739e+01
      2570  3.2125000000001522e+00  1.2277080305888818e-01  1.0070585284245841e+00  3.250512e-01  5.236493e+00  2.772470e+00  4.931930e+01  1.177799e+01  6.444718e+02  8.478280e+00  2.150627e+02  4.4155812808289426e+01
      2580  3.2250000000001542e+00  1.2275501517864214e-01  1.0138079434050682e+00  3.151481e-01  5.275394e+00  2.570931e+00  5.027286e+01  7.120558e+00  6.688732e+02  8.626521e+00  2.231127e+02  4.5104208886044283e+01
      2590  3.2375000000001561e+00  1.2273912133354570e-01  1.0206221675514360e+00  3.052000e-01  5.315325e+00  2.366423e+00  5.126992e+01  2.288501e+00  6.948953e+02  8.779943e+00  2.314771e+02  4.6074651440505988e+01
      2600  3.2500000000001581e+00  1.2272312050086984e-01  1.0275024996973563e+00  2.952110e-01  5.356290e+00  2.159107e+00  5.231125e+01 -2.717897e+00  7.225980e+02  8.939086e+00  2.401908e+02  4.7068190166635418e+01
      2610  3.2625000000001600e+00  1.2270701163714617e-01  1.0344502955872952e+00  2.851848e-01  5.398293e+00  1.949161e+00  5.339753e+01 -7.897352e+00  7.520393e+02  9.104584e+00  2.492963e+02  4.8085965254350100e+01
      2620  3.2750000000001620e+00  1.2269079367726918e-01  1.0414669701684915e+00  2.751259e-01  5.441335e+00  1.736785e+00  5.452943e+01 -1.324748e+01  7.832754e+02  9.277172e+00  2.588453e+02  4.9129214683384831e+01
      2630  3.2875000000001640e+00  1.2267446553354866e-01  1.0485539999223263e+00  2.650385e-01  5.485420e+00  1.522197e+00  5.570758e+01 -1.876471e+01  8.163601e+02  9.457704e+00  2.689010e+02  5.0199282010948238e+01
      2640  3.3000000000001659e+00  1.2265802609472889e-01  1.0557129252278692e+00  2.549271e-01  5.530552e+00  1.305639e+00  5.693256e+01 -2.444416e+01  8.513444e+02  9.647170e+00  2.795400e+02  5.1297624677331058e+01
      2650  3.3125000000001679e+00  1.2264147422497075e-01  1.0629453527501851e+00  2.447966e-01  5.576734e+00  1.087371e+00  5.820490e+01 -3.027957e+01  8.882765e+02  9.846718e+00  2.908555e+02  5.2425822854259692e+01
      2660  3.3250000000001698e+00  1.2262480876280051e-01  1.0702529578423718e+00  2.346517e-01  5.623968e+00  8.676755e-01  5.952513e+01 -3.626317e+01  9.272011e+02  1.005767e+01  3.029611e+02  5.3585588859900326e+01
      2670  3.3375000000001718e+00  1.2260802852001473e-01  1.0776374869514185e+00  2.244975e-01  5.672259e+00  6.468582e-01  6.089371e+01 -4.238562e+01  9.681594e+02  1.028157e+01  3.159956e+02  5.4778777163221470e+01
      2680  3.3500000000001737e+00  1.2259113228055533e-01  1.0851007600134681e+00  2.143393e-01  5.721612e+00  4.252453e-01  6.231112e+01 -4.863585e+01  1.011189e+03  1.052018e+01  3.301283e+02  5.6007394998406397e+01
      2690  3.3625000000001757e+00  1.2257411879933364e-01  1.0926446728246266e+00  2.041824e-01  5.772031e+00  2.031855e-01  6.377778e+01 -5.500104e+01  1.056323e+03  1.077553e+01  3.455672e+02  5.7273613607496628e+01
      2700  3.3750000000001776e+00  1.2255698680104768e-01  1.1002711993693723e+00  1.940324e-01  5.823522e+00 -1.895038e-02  6.529413e+01 -6.146646e+01  1.103593e+03  1.105000e+01  3.625679e+02  5.8579780126049798e+01
      2710  3.3875000000001796e+00  1.2253973497889978e-01  1.1079823940882390e+00  1.838951e-01  5.876092e+00 -2.407697e-01  6.686061e+01 -6.801542e+01  1.153024e+03  1.134629e+01  3.814461e+02  5.9928430122187997e+01
      2720  3.4000000000001815e+00  1.2252236199339163e-01  1.1157803940620512e+00  1.737762e-01  5.929749e+00 -4.618583e-01  6.847768e+01 -7.462918e+01  1.204639e+03  1.166754e+01  4.025924e+02  6.1322300794007347e+01
      2730  3.4125000000001835e+00  1.2250486647094379e-01  1.1236674210899862e+00  1.636818e-01  5.984502e+00 -6.817805e-01  7.014581e+01 -8.128685e+01  1.258459e+03  1.201733e+01  4.264919e+02  6.2764344823431202e+01
      2740  3.4250000000001855e+00  1.2248724700259819e-01  1.1316457836339580e+00  1.536182e-01  6.040361e+00 -9.000800e-01  7.186556e+01 -8.796536e+01  1.314502e+03  1.239982e+01  4.537494e+02  6.4257744876194735e+01
      2750  3.4375000000001874e+00  1.2246950214264576e-01  1.1397178786012407e+00  1.435915e-01  6.097338e+00 -1.116280e+00  7.363751e+01 -9.463933e+01  1.372783e+03  1.281976e+01  4.851197e+02  6.5805928727373484e+01
      2760  3.4500000000001894e+00  1.2245163040722434e-01  1.1478861929327051e+00  1.336082e-01  6.155448e+00 -1.329886e+00  7.546237e+01 -1.012811e+02  1.433321e+03  1.328262e+01  5.215481e+02  6.7412584979426839e+01
      2770  3.4625000000001913e+00  1.2243363027289994e-01  1.1561533049635726e+00  1.236750e-01  6.214708e+00 -1.540382e+00  7.734094e+01 -1.078606e+02  1.496131e+03  1.379465e+01  5.642193e+02  6.9081679324706641e+01
      2780  3.4750000000001933e+00  1.2241550017524164e-01  1.1645218855192447e+00  1.137983e-01  6.275134e+00 -1.747238e+00  7.927417e+01 -1.143453e+02  1.561234e+03  1.436299e+01  6.146205e+02  7.0817471286692040e+01
      2790  3.4875000000001952e+00  1.2239723850735634e-01  1.1729946987079418e+00  1.039849e-01  6.336749e+00 -1.949906e+00  8.126317e+01 -1.207005e+02  1.628653e+03  1.499581e+01  6.746178e+02  7.2624531353268424e+01
      2800  3.5000000000001972e+00  1.2237884361843859e-01  1.1815746023699689e+00  9.424171e-02  6.399576e+00 -2.147825e+00  8.330927e+01 -1.268886e+02  1.698421e+03  1.570236e+01  7.465525e+02  7.4507758391288633e+01
      2810  3.5125000000001991e+00  1.2236031381229540e-01  1.1902645481403828e+00  8.457554e-02  6.463643e+00 -2.340420e+00  8.541401e+01 -1.328700e+02  1.770577e+03  1.649315e+01  8.333573e+02  7.6472397204262862e+01
      2820  3.5250000000002011e+00  1.2234164734588503e-01  1.1990675810828950e+00  7.499333e-02  6.528979e+00 -2.527108e+00  8.757924e+01 -1.386024e+02  1.845174e+03  1.738004e+01  9.386974e+02  7.8524056064371365e+01
      2830  3.5375000000002030e+00  1.2232284242787794e-01  1.2079868388512291e+00  6.550205e-02  6.595618e+00 -2.707295e+00  8.980708e+01 -1.440413e+02  1.922281e+03  1.837631e+01  1.067139e+03  8.0668724017080180e+01
      2840  3.5500000000002050e+00  1.2230389721719748e-01  1.2170255503341698e+00  5.610867e-02  6.663598e+00 -2.880382e+00  9.210003e+01 -1.491397e+02  2.001984e+03  1.949684e+01  1.224350e+03  8.2912787721252883e+01
      2850  3.5625000000002069e+00  1.2228480982164119e-01  1.2261870337441663e+00  4.682019e-02  6.732960e+00 -3.045766e+00  9.446098e+01 -1.538485e+02  2.084395e+03  2.075812e+01  1.417324e+03  8.5263047552210978e+01
      2860  3.5750000000002089e+00  1.2226557829643656e-01  1.2354746941071859e+00  3.764359e-02  6.803751e+00 -3.202845e+00  9.689328e+01 -1.581163e+02  2.169653e+03  2.217834e+01  1.654650e+03  8.7726732659873178e+01
      2870  3.5875000000002109e+00  1.2224620064300656e-01  1.2448920201197140e+00  2.858583e-02  6.876022e+00 -3.351018e+00  9.940075e+01 -1.618898e+02  2.257931e+03  2.377740e+01  1.946797e+03  9.0311514641556613e+01
      2880  3.6000000000002128e+00  1.2222667480760707e-01  1.2544425803388140e+00  1.965385e-02  6.949827e+00 -3.489691e+00  1.019878e+02 -1.651136e+02  2.349438e+03  2.557686e+01  2.306432e+03  9.3025519460861304e+01
      2890  3.6125000000002148e+00  1.2220699868015730e-01  1.2641300186788453e+00  1.085451e-02  7.025226e+00 -3.618278e+00  1.046593e+02 -1.677307e+02  2.444431e+03  2.759990e+01  2.748750e+03  9.5877337222144035e+01
      2900  3.6250000000002167e+00  1.2218717009309941e-01  1.2739580491936826e+00  2.194658e-03  7.102284e+00 -3.736207e+00  1.074209e+02 -1.696824e+02  2.543213e+03  2.987114e+01  3.291804e+03  9.8876029396616602e+01
      2910  3.6375000000002187e+00  1.2216718682032170e-01  1.2839304501295976e+00 -6.318951e-03  7.181073e+00 -3.842922e+00  1.102789e+02 -1.709088e+02  2.646148e+03  3.241639e+01  3.956821e+03  1.0203113309245330e+02
      2920  3.6500000000002206e+00  1.2214704657624902e-01  1.2940510572435779e+00 -1.467961e-02  7.261665e+00 -3.937886e+00  1.132402e+02 -1.713485e+02  2.753661e+03  3.526238e+01  4.768481e+03  1.0535266196866854e+02
      2930  3.6625000000002226e+00  1.2212674701495432e-01  1.3043237563872254e+00 -2.288070e-02  7.344142e+00 -4.020587e+00  1.163127e+02 -1.709395e+02  2.866246e+03  3.843632e+01  5.755116e+03  1.0885110341130857e+02
      2940  3.6750000000002245e+00  1.2210628572948352e-01  1.3147524753681437e+00 -3.091564e-02  7.428588e+00 -4.090538e+00  1.195048e+02 -1.696190e+02  2.984477e+03  4.196542e+01  6.948825e+03  1.1253741162059669e+02
      2950  3.6875000000002265e+00  1.2208566025122686e-01  1.3253411751052020e+00 -3.877792e-02  7.515091e+00 -4.147287e+00  1.228259e+02 -1.673239e+02  3.109010e+03  4.587626e+01  8.385436e+03  1.1642299629765401e+02
      2960  3.7000000000002284e+00  1.2206486804953315e-01  1.3360938401068281e+00 -4.646110e-02  7.603744e+00 -4.190410e+00  1.262861e+02 -1.639910e+02  3.240589e+03  5.019419e+01  1.010432e+04  1.2051970666797872e+02
      2970  3.7125000000002304e+00  1.2204390653133496e-01  1.3470144683052792e+00 -5.395876e-02  7.694643e+00 -4.219525e+00  1.298965e+02 -1.595573e+02  3.380057e+03  5.494254e+01  1.214796e+04  1.2483981063280225e+02
      2980  3.7250000000002323e+00  1.2202277304110770e-01  1.3581070602904042e+00 -6.126449e-02  7.787886e+00 -4.234283e+00  1.336688e+02 -1.539605e+02  3.528353e+03  6.014184e+01  1.456136e+04  1.2939596889651853e+02
      2990  3.7375000000002343e+00  1.2200146486087150e-01  1.3693756079904489e+00 -6.837189e-02  7.883574e+00 -4.234381e+00  1.376155e+02 -1.471390e+02  3.686524e+03  6.580901e+01  1.739116e+04  1.3420120397482489e+02
      3000  3.7500000000002363e+00  1.2197997921041158e-01  1.3808240828558840e+00 -7.527453e-02  7.981806e+00 -4.219555e+00  1.417500e+02 -1.390327e+02  3.855722e+03  7.195660e+01  2.068451e+04  1.3926886404131699e+02
      3010  3.7625000000002382e+00  1.2195831324774159e-01  1.3924564236042474e+00 -8.196591e-02  8.082682e+00 -4.189584e+00  1.460860e+02 -1.295831e+02  4.037208e+03  7.859198e+01  2.448778e+04  1.4461258161708994e+02
      3020  3.7750000000002402e+00  1.2193646406963887e-01  1.4042765235918409e+00 -8.843941e-02  8.186299e+00 -4.144289e+00  1.506379e+02 -1.187337e+02  4.232346e+03  8.571669e+01  2.884496e+04  1.5024622714656050e+02
      3030  3.7875000000002421e+00  1.2191442871253833e-01  1.4162882178774625e+00 -9.468828e-02  8.292750e+00 -4.083533e+00  1.554204e+02 -1.064302e+02  4.442605e+03  9.332590e+01  3.379609e+04  1.5618385753193212e+02
      3040  3.8000000000002441e+00  1.2189220415347531e-01  1.4284952700503348e+00 -1.007055e-01  8.402122e+00 -4.007215e+00  1.604486e+02 -9.262124e+01  4.669548e+03  1.014080e+02  3.937549e+04  1.6243965971840456e+02
      3050  3.8125000000002460e+00  1.2186978731134776e-01  1.4409013588933619e+00 -1.064839e-01  8.514495e+00 -3.915270e+00  1.657374e+02 -7.725827e+01  4.914819e+03  1.099442e+02  4.561002e+04  1.6902788943404801e+02
      3060  3.8250000000002480e+00  1.2184717504833859e-01  1.4535100649581278e+00 -1.120159e-01  8.629936e+00 -3.807662e+00  1.713013e+02 -6.029618e+01  5.180135e+03  1.189089e+02  5.251756e+04  1.7596280519406102e+02
      3070  3.8375000000002499e+00  1.2182436417154316e-01  1.4663248571266116e+00 -1.172935e-01  8.748500e+00 -3.684381e+00  1.771545e+02 -4.169341e+01  5.467257e+03  1.282693e+02  6.010551e+04  1.8325859768272068e+02
      3080  3.8500000000002519e+00  1.2180135143483030e-01  1.4793490792401522e+00 -1.223082e-01  8.870226e+00 -3.545429e+00  1.833102e+02 -2.141215e+01  5.777975e+03  1.379860e+02  6.836974e+04  1.9092931463277063e+02
      3090  3.8625000000002538e+00  1.2177813354090397e-01  1.4925859368740424e+00 -1.270508e-01  8.995135e+00 -3.390814e+00  1.897804e+02  5.815031e-01  6.114067e+03  1.480139e+02  7.729371e+04  1.9898878133589690e+02
      3100  3.8750000000002558e+00  1.2175470714356026e-01  1.5060384843411576e+00 -1.315117e-01  9.123226e+00 -3.220541e+00  1.965755e+02  2.431755e+01  6.477269e+03  1.583020e+02  8.684810e+04  2.0745051694583486e+02
      3110  3.8875000000002577e+00  1.2173106885013116e-01  1.5197096120070395e+00 -1.356802e-01  9.254470e+00 -3.034593e+00  2.037036e+02  4.982218e+01  6.869231e+03  1.687953e+02  9.699082e+04  2.1632764678286955e+02
      3120  3.9000000000002597e+00  1.2170721522417037e-01  1.5336020340004026e+00 -1.395447e-01  9.388813e+00 -2.832917e+00  2.111705e+02  7.711797e+01  7.291463e+03  1.794347e+02  1.076673e+05  2.2563281092117964e+02
      3130  3.9125000000002617e+00  1.2168314278830800e-01  1.5477182764029420e+00 -1.430926e-01  9.526168e+00 -2.615409e+00  2.189785e+02  1.062243e+02  7.745287e+03  1.901587e+02  1.188115e+05  2.3537806944235692e+02
      3140  3.9250000000002636e+00  1.2165884802722979e-01  1.5620606659996836e+00 -1.463100e-01  9.666413e+00 -2.381892e+00  2.271267e+02  1.371580e+02  8.231766e+03  2.009040e+02  1.303466e+05  2.4557480487346945e+02
      3150  3.9375000000002656e+00  1.2163432739092234e-01  1.5766313196691220e+00 -1.491814e-01  9.809389e+00 -2.132099e+00  2.356098e+02  1.699338e+02  8.751647e+03  2.116068e+02  1.421866e+05  2.5623362249708202e+02
      3160  3.9500000000002675e+00  1.2160957729799618e-01  1.5914321344841009e+00 -1.516901e-01  9.954893e+00 -1.865644e+00  2.444179e+02  2.045655e+02  9.305286e+03  2.222033e+02  1.542379e+05  2.6736424942208379e+02
      3170  3.9625000000002695e+00  1.2158459413922255e-01  1.6064647785862343e+00 -1.538175e-01  1.010268e+01 -1.582010e+00  2.535359e+02  2.410667e+02  9.892580e+03  2.326306e+02  1.664007e+05  2.7897543353534616e+02
      3180  3.9750000000002714e+00  1.2155937428115855e-01  1.6217306828823506e+00 -1.555429e-01  1.025247e+01 -1.280520e+00  2.629432e+02  2.794518e+02  1.051290e+04  2.428279e+02  1.785709e+05  2.9107484370781293e+02
      3190  3.9875000000002734e+00  1.2153391406989289e-01  1.6372310335933697e+00 -1.568441e-01  1.040392e+01 -9.603265e-01  2.726132e+02  3.197371e+02  1.116502e+04  2.527364e+02  1.906425e+05  3.0366897289385827e+02
      3200  4.0000000000002753e+00  1.2150820983496803e-01  1.6529667656620748e+00 -1.576962e-01  1.055665e+01 -6.203931e-01  2.825131e+02  3.619408e+02  1.184708e+04  2.623004e+02  2.025098e+05  3.1676304602524647e+02
      3210  4.0125000000002728e+00  1.2148225789327496e-01  1.6689385569992026e+00 -1.580725e-01  1.071023e+01 -2.594940e-01  2.926039e+02  4.060833e+02  1.255653e+04  2.714675e+02  2.140686e+05  3.3036093484059643e+02
      3220  4.0250000000002704e+00  1.2145605455319076e-01  1.6851468235099520e+00 -1.579441e-01  1.086420e+01  1.237813e-01  3.028406e+02  4.521860e+02  1.329014e+04  2.801888e+02  2.252162e+05  3.4446508198739724e+02
      3230  4.0375000000002679e+00  1.2142959611864443e-01  1.7015917148063613e+00 -1.572798e-01  1.101805e+01  5.310073e-01  3.131725e+02  5.002693e+02  1.404396e+04  2.884194e+02  2.358500e+05  3.5907643686108133e+02
      3240  4.0500000000002654e+00  1.2140287889333622e-01  1.7182731104653906e+00 -1.560469e-01  1.117123e+01  9.638830e-01  3.235439e+02  5.503484e+02  1.481343e+04  2.961184e+02  2.458681e+05  3.7419440567756789e+02
      3250  4.0625000000002629e+00  1.2137589918492789e-01  1.7351906166456308e+00 -1.542110e-01  1.132318e+01  1.424171e+00  3.338953e+02  6.024282e+02  1.559339e+04  3.032492e+02  2.551719e+05  3.8981681817104197e+02
      3260  4.0750000000002604e+00  1.2134865330940746e-01  1.7523435628274902e+00 -1.517368e-01  1.147333e+01  1.913613e+00  3.441646e+02  6.564955e+02  1.637825e+04  3.097802e+02  2.636722e+05  4.0593991302386547e+02
      3270  4.0875000000002579e+00  1.2132113759536317e-01  1.7697309983933578e+00 -1.485888e-01  1.162109e+01  2.433817e+00  3.542889e+02  7.125091e+02  1.716212e+04  3.156844e+02  2.712935e+05  4.2255834363564543e+02
      3280  4.1000000000002554e+00  1.2129334838842364e-01  1.7873516887237049e+00 -1.447322e-01  1.176592e+01  2.986125e+00  3.642066e+02  7.703884e+02  1.793900e+04  3.209406e+02  2.779764e+05  4.3966520511893776e+02
      3290  4.1125000000002530e+00  1.2126528205570947e-01  1.8052041104555303e+00 -1.401340e-01  1.190727e+01  3.571453e+00  3.738596e+02  8.300007e+02  1.870302e+04  3.255331e+02  2.836765e+05  4.5725208248329432e+02
      3300  4.1250000000002505e+00  1.2123693499037852e-01  1.8232864455344537e+00 -1.347648e-01  1.204469e+01  4.190124e+00  3.831959e+02  8.911485e+02  1.944866e+04  3.294523e+02  2.883628e+05  4.7530911884469003e+02
      3310  4.1375000000002480e+00  1.2120830361625698e-01  1.8415965737077751e+00 -1.285997e-01  1.217778e+01  4.841700e+00  3.921715e+02  9.535591e+02  2.017093e+04  3.326949e+02  2.920154e+05  4.9382510122697443e+02
      3320  4.1500000000002455e+00  1.2117938439268303e-01  1.8601320631456399e+00 -1.216205e-01  1.230624e+01  5.524838e+00  4.007528e+02  1.016877e+03  2.086561e+04  3.352635e+02  2.946243e+05  5.1278756025720782e+02
      3330  4.1625000000002430e+00  1.2115017381937325e-01  1.8788901589540346e+00 -1.138173e-01  1.242989e+01  6.237173e+00  4.089176e+02  1.080665e+03  2.152930e+04  3.371666e+02  2.961891e+05  5.3218287887802819e+02
      3340  4.1750000000002405e+00  1.2112066844162109e-01  1.8978677694329820e+00 -1.051900e-01  1.254865e+01  6.975288e+00  4.166562e+02  1.144407e+03  2.215952e+04  3.384178e+02  2.967182e+05  5.5199640343027806e+02
      3350  4.1875000000002380e+00  1.2109086485563345e-01  1.9170614500418006e+00 -9.574985e-02  1.266260e+01  7.734744e+00  4.239709e+02  1.207528e+03  2.275465e+04  3.390349e+02  2.962283e+05  5.7221254629996224e+02
      3360  4.2000000000002355e+00  1.2106075971420673e-01  1.9364673851725049e+00 -8.552013e-02  1.277194e+01  8.510234e+00  4.308743e+02  1.269414e+03  2.331381e+04  3.390387e+02  2.947432e+05  5.9281486187062126e+02
      3370  4.2125000000002331e+00  1.2103034973267171e-01  1.9560813681221667e+00 -7.453661e-02  1.287699e+01  9.295828e+00  4.373876e+02  1.329446e+03  2.383670e+04  3.384519e+02  2.922928e+05  6.1378607133837431e+02
      3380  4.2250000000002306e+00  1.2099963169513446e-01  1.9758987801968506e+00 -6.284681e-02  1.297816e+01  1.008532e+01  4.435374e+02  1.387037e+03  2.432342e+04  3.372975e+02  2.889116e+05  6.3510801735287396e+02
      3390  4.2375000000002281e+00  1.2096860246109414e-01  1.9959145705674073e+00 -5.050863e-02  1.307595e+01  1.087263e+01  4.493521e+02  1.441662e+03  2.477420e+04  3.355984e+02  2.846383e+05  6.5676155041643369e+02
      3400  4.2500000000002256e+00  1.2093725897235835e-01  2.0161232389197421e+00 -3.758777e-02  1.317087e+01  1.165224e+01  4.548600e+02  1.492895e+03  2.518934e+04  3.333766e+02  2.795162e+05  6.7872636886057217e+02
      3410  4.2625000000002231e+00  1.2090559826016575e-01  2.0365188227637092e+00 -2.415448e-02  1.326346e+01  1.241955e+01  4.600862e+02  1.540431e+03  2.556905e+04  3.306542e+02  2.735947e+05  7.0098082736102197e+02
      3420  4.2750000000002206e+00  1.2087361745246950e-01  2.0570948907551356e+00 -1.027956e-02  1.335424e+01  1.317121e+01  4.650525e+02  1.584099e+03  2.591348e+04  3.274546e+02  2.669319e+05  7.2350169803559606e+02
      3430  4.2875000000002181e+00  1.2084131378132174e-01  2.0778445432773638e+00  3.969863e-03  1.344366e+01  1.390525e+01  4.697779e+02  1.623865e+03  2.622286e+04  3.238055e+02  2.595976e+05  7.4626385440850493e+02
      3440  4.3000000000002156e+00  1.2080868459016331e-01  2.0987604220722891e+00  1.853432e-02  1.353212e+01  1.462109e+01  4.742804e+02  1.659816e+03  2.649766e+04  3.197408e+02  2.516762e+05  7.6923988284650841e+02
      3450  4.3125000000002132e+00  1.2077572734080998e-01  2.1198347311689560e+00  3.336537e-02  1.361997e+01  1.531941e+01  4.785798e+02  1.692143e+03  2.673887e+04  3.153045e+02  2.432684e+05  7.9239968355850760e+02
      3460  4.3250000000002107e+00  1.2074243962013964e-01  2.1410592709071565e+00  4.842780e-02  1.370752e+01  1.600186e+01  4.827011e+02  1.721109e+03  2.694836e+04  3.105516e+02  2.344905e+05  8.1571015250118558e+02
      3470  4.3375000000002082e+00  1.2070881914606937e-01  2.1624254855722151e+00  6.370050e-02  1.379501e+01  1.667082e+01  4.866767e+02  1.747022e+03  2.712907e+04  3.055488e+02  2.254720e+05  8.3913502299998243e+02
      3480  4.3500000000002057e+00  1.2067486377266130e-01  2.1839245238521214e+00  7.917586e-02  1.388268e+01  1.732905e+01  4.905475e+02  1.770208e+03  2.728525e+04  3.003719e+02  2.163502e+05  8.6263492611182119e+02
      3490  4.3625000000002032e+00  1.2064057149424358e-01  2.2055473104226593e+00  9.485793e-02  1.397073e+01  1.797949e+01  4.943628e+02  1.790987e+03  2.742246e+04  2.951008e+02  2.072631e+05  8.8616773251972620e+02
      3500  4.3750000000002007e+00  1.2060594044831974e-01  2.2272846258958410e+00  1.107597e-01  1.405931e+01  1.862511e+01  4.981769e+02  1.809669e+03  2.754735e+04  2.898122e+02  1.983407e+05  9.0968923938194803e+02
      3510  4.3875000000001982e+00  1.2057096891717559e-01  2.2491271903846899e+00  1.269000e-01  1.414852e+01  1.926884e+01  5.020445e+02  1.826556e+03  2.766711e+04  2.845701e+02  1.896960e+05  9.3315419051208755e+02
      3520  4.4000000000001958e+00  1.2053565532818519e-01  2.2710657438181103e+00  1.433003e-01  1.423839e+01  1.991349e+01  5.060145e+02  1.841960e+03  2.778865e+04  2.794214e+02  1.814148e+05  9.5651745593393207e+02
      3530  4.4125000000001933e+00  1.2049999825293496e-01  2.2930911164776866e+00  1.599824e-01  1.432883e+01  2.056172e+01  5.101233e+02  1.856209e+03  2.791781e+04  2.743987e+02  1.735596e+05  9.7973508626795171e+02
      3540  4.4250000000001908e+00  1.2046399640535935e-01  2.3151942875105953e+00  1.769650e-01  1.441961e+01  2.121587e+01  5.143892e+02  1.869640e+03  2.805874e+04  2.695316e+02  1.661815e+05  1.0027650686249013e+03
      3550  4.4375000000001883e+00  1.2042764863896663e-01  2.3373664346344123e+00  1.942611e-01  1.451038e+01  2.187775e+01  5.188092e+02  1.882595e+03  2.821326e+04  2.648520e+02  1.593028e+05  1.0255678891801540e+03
      3560  4.4500000000001858e+00  1.2039095394336283e-01  2.3595989799152814e+00  2.118765e-01  1.460069e+01  2.254854e+01  5.233594e+02  1.895412e+03  2.838068e+04  2.603843e+02  1.529560e+05  1.0481071637176633e+03
      3570  4.4625000000001833e+00  1.2035391144010502e-01  2.3818836329491888e+00  2.298092e-01  1.469002e+01  2.322874e+01  5.279999e+02  1.908433e+03  2.855835e+04  2.561324e+02  1.471091e+05  1.0703504587513689e+03
      3580  4.4750000000001808e+00  1.2031652037782600e-01  2.4042124278463892e+00  2.480501e-01  1.477788e+01  2.391844e+01  5.326810e+02  1.921992e+03  2.874231e+04  2.520783e+02  1.417440e+05  1.0922701771726356e+03
      3590  4.4875000000001783e+00  1.2027878012699135e-01  2.4265777483311775e+00  2.665819e-01  1.486381e+01  2.461738e+01  5.373488e+02  1.936428e+03  2.892808e+04  2.482153e+02  1.367862e+05  1.1138442927756601e+03
      3600  4.5000000000001759e+00  1.2024069017423317e-01  2.4489723365780471e+00  2.853775e-01  1.494744e+01  2.532515e+01  5.419484e+02  1.952044e+03  2.911062e+04  2.445679e+02  1.322460e+05  1.1350567654576087e+03
      3610  4.5125000000001734e+00  1.2020225011689675e-01  2.4713892849586969e+00  3.043969e-01  1.502851e+01  2.604109e+01  5.464267e+02  1.969096e+03  2.928509e+04  2.411924e+02  1.281006e+05  1.1558974798160205e+03
      3620  4.5250000000001709e+00  1.2016345965756575e-01  2.4938220149259549e+00  3.235869e-01  1.510687e+01  2.676453e+01  5.507397e+02  1.987793e+03  2.944747e+04  2.381148e+02  1.243531e+05  1.1763615804744502e+03
      3630  4.5375000000001684e+00  1.2012431859922593e-01  2.5162642518585452e+00  3.428829e-01  1.518249e+01  2.749521e+01  5.548564e+02  2.008332e+03  2.959543e+04  2.353210e+02  1.209755e+05  1.1964483262643616e+03
      3640  4.5500000000001659e+00  1.2008482684060401e-01  2.5387100047773625e+00  3.622114e-01  1.525547e+01  2.823379e+01  5.587633e+02  2.030957e+03  2.972866e+04  2.327630e+02  1.179198e+05  1.2161599541346995e+03
      3650  4.5625000000001634e+00  1.2004498437185607e-01  2.5611535532063878e+00  3.814912e-01  1.532594e+01  2.898198e+01  5.624623e+02  2.055981e+03  2.984880e+04  2.304017e+02  1.151762e+05  1.2355011094846416e+03
      3660  4.5750000000001609e+00  1.2000479127046305e-01  2.5835894344649528e+00  4.006343e-01  1.539407e+01  2.974227e+01  5.659699e+02  2.083814e+03  2.995942e+04  2.282281e+02  1.127101e+05  1.2544789770140237e+03
      3670  4.5875000000001585e+00  1.1996424769732231e-01  2.6060124214842997e+00  4.195487e-01  1.546000e+01  3.051737e+01  5.693132e+02  2.114890e+03  3.006534e+04  2.262477e+02  1.105574e+05  1.2731037311716257e+03
      3680  4.6000000000001560e+00  1.1992335389338599e-01  2.6284174854335705e+00  4.381424e-01  1.552388e+01  3.130968e+01  5.725305e+02  2.149647e+03  3.017278e+04  2.244689e+02  1.086811e+05  1.2913887754090083e+03
      3690  4.6125000000001535e+00  1.1988211017691955e-01  2.6507997431854484e+00  4.563293e-01  1.558586e+01  3.212096e+01  5.756698e+02  2.188449e+03  3.028869e+04  2.228620e+02  1.070548e+05  1.3093504140388413e+03
      3700  4.6250000000001510e+00  1.1984051694179880e-01  2.6731543947316863e+00  4.740346e-01  1.564614e+01  3.295210e+01  5.787871e+02  2.231551e+03  3.042054e+04  2.213778e+02  1.056482e+05  1.3270069210285674e+03
      3710  4.6375000000001485e+00  1.1979857465664831e-01  2.6954766598822411e+00  4.911981e-01  1.570492e+01  3.380313e+01  5.819474e+02  2.279157e+03  3.057671e+04  2.199762e+02  1.044102e+05  1.3443774066222504e+03
      3720  4.6500000000001460e+00  1.1975628386505702e-01  2.7177617213407150e+00  5.077753e-01  1.576243e+01  3.467320e+01  5.852193e+02  2.331383e+03  3.076557e+04  2.186335e+02  1.033426e+05  1.3614810792223113e+03
      3730  4.6625000000001435e+00  1.1971364518654548e-01  2.7400046725164890e+00  5.237371e-01  1.581888e+01  3.556065e+01  5.886707e+02  2.388276e+03  3.099531e+04  2.173497e+02  1.024700e+05  1.3783370711284495e+03
      3740  4.6750000000001410e+00  1.1967065931844881e-01  2.7622004648373810e+00  5.390677e-01  1.587445e+01  3.646330e+01  5.923667e+02  2.449861e+03  3.127393e+04  2.161413e+02  1.018004e+05  1.3949644447235137e+03
      3750  4.6875000000001386e+00  1.1962732703848633e-01  2.7843438551721862e+00  5.537626e-01  1.592932e+01  3.737872e+01  5.963668e+02  2.516121e+03  3.160860e+04  2.150295e+02  1.013307e+05  1.4113820554528500e+03
      3760  4.7000000000001361e+00  1.1958364920823378e-01  2.8064293587313185e+00  5.678257e-01  1.598367e+01  3.830441e+01  6.007246e+02  2.587003e+03  3.200581e+04  2.140326e+02  1.010525e+05  1.4276083313422116e+03
      3770  4.7125000000001336e+00  1.1953962677719740e-01  2.8284512104016679e+00  5.812662e-01  1.603767e+01  3.923804e+01  6.054891e+02  2.662456e+03  3.247192e+04  2.131603e+02  1.009589e+05  1.4436610437880336e+03
      3780  4.7250000000001311e+00  1.1949526078746855e-01  2.8504033350652134e+00  5.940959e-01  1.609152e+01  4.017755e+01  6.107049e+02  2.742436e+03  3.301297e+04  2.124168e+02  1.010599e+05  1.4595569211577947e+03
      3790  4.7375000000001286e+00  1.1945055237865876e-01  2.8722793303187855e+00  6.063267e-01  1.614538e+01  4.112114e+01  6.164103e+02  2.826919e+03  3.363447e+04  2.118059e+02  1.013784e+05  1.4753110251701146e+03
      3800  4.7500000000001261e+00  1.1940550279308913e-01  2.8940724678890701e+00  6.179693e-01  1.619940e+01  4.206737e+01  6.226356e+02  2.915929e+03  3.434126e+04  2.113305e+02  1.019244e+05  1.4909361042286662e+03
      3810  4.7625000000001236e+00  1.1936011338064170e-01  2.9157757173263343e+00  6.290324e-01  1.625367e+01  4.301517e+01  6.294011e+02  3.009555e+03  3.513737e+04  2.109886e+02  1.026807e+05  1.5064422076083072e+03
      3820  4.7750000000001211e+00  1.1931438560318330e-01  2.9373817897618242e+00  6.395222e-01  1.630822e+01  4.396373e+01  6.367163e+02  3.107930e+03  3.602580e+04  2.107744e+02  1.036191e+05  1.5218366112600920e+03
      3830  4.7875000000001187e+00  1.1926832103816058e-01  2.9588831963970099e+00  6.494427e-01  1.636301e+01  4.491242e+01  6.445801e+02  3.211207e+03  3.700865e+04  2.106807e+02  1.047253e+05  1.5371238847585687e+03
      3840  4.8000000000001162e+00  1.1922192138110360e-01  2.9802723174784118e+00  6.587955e-01  1.641794e+01  4.586058e+01  6.529837e+02  3.319533e+03  3.808750e+04  2.107000e+02  1.060037e+05  1.5523059349873054e+03
      3850  4.8125000000001137e+00  1.1917518844711456e-01  3.0015414798583793e+00  6.675802e-01  1.647287e+01  4.680732e+01  6.619138e+02  3.433020e+03  3.926375e+04  2.108239e+02  1.074614e+05  1.5673820151784776e+03
      3860  4.8250000000001112e+00  1.1912812417103597e-01  3.0226830418970616e+00  6.757939e-01  1.652763e+01  4.775138e+01  6.713553e+02  3.551723e+03  4.053875e+04  2.110436e+02  1.090935e+05  1.5823488057815985e+03
      3870  4.8375000000001087e+00  1.1908073060617706e-01  3.0436894831780026e+00  6.834317e-01  1.658206e+01  4.869109e+01  6.812923e+02  3.675628e+03  4.191373e+04  2.113502e+02  1.108837e+05  1.5972006761602017e+03
      3880  4.8500000000001062e+00  1.1903300992178847e-01  3.0645534947620980e+00  6.904863e-01  1.663599e+01  4.962440e+01  6.917078e+02  3.804654e+03  4.338974e+04  2.117361e+02  1.128153e+05  1.6119301626963759e+03
      3890  4.8625000000001037e+00  1.1898496439900080e-01  3.0852680648179387e+00  6.969488e-01  1.668928e+01  5.054902e+01  7.025835e+02  3.938663e+03  4.496739e+04  2.121949e+02  1.148791e+05  1.6265286187656047e+03
      3900  4.8750000000001013e+00  1.1893659642559967e-01  3.1058265546901067e+00  7.028085e-01  1.674182e+01  5.146249e+01  7.138984e+02  4.077456e+03  4.664675e+04  2.127211e+02  1.170712e+05  1.6409869402763809e+03
      3910  4.8875000000000988e+00  1.1888790848967050e-01  3.1262227615730471e+00  7.080542e-01  1.679349e+01  5.236220e+01  7.256289e+02  4.220781e+03  4.842725e+04  2.133092e+02  1.193874e+05  1.6552962533720099e+03
      3920  4.9000000000000963e+00  1.1883890317243626e-01  3.1464509657256867e+00  7.126739e-01  1.684419e+01  5.324542e+01  7.377486e+02  4.368312e+03  5.030761e+04  2.139524e+02  1.218197e+05  1.6694484743030980e+03
      3930  4.9125000000000938e+00  1.1878958314038010e-01  3.1665059622071672e+00  7.166558e-01  1.689382e+01  5.410916e+01  7.502288e+02  4.519643e+03  5.228578e+04  2.146416e+02  1.243563e+05  1.6834367164583991e+03
      3940  4.9250000000000913e+00  1.1873995113715130e-01  3.1863830786276770e+00  7.199891e-01  1.694229e+01  5.495011e+01  7.630377e+02  4.674272e+03  5.435886e+04  2.153662e+02  1.269849e+05  1.6972555923013606e+03
      3950  4.9375000000000888e+00  1.1869000997509657e-01  3.2060781806236185e+00  7.226643e-01  1.698953e+01  5.576454e+01  7.761398e+02  4.831586e+03  5.652282e+04  2.161142e+02  1.296937e+05  1.7109014768813399e+03
      3960  4.9500000000000863e+00  1.1863976252697050e-01  3.2255876659181215e+00  7.246741e-01  1.703542e+01  5.654833e+01  7.894948e+02  4.990865e+03  5.877237e+04  2.168742e+02  1.324719e+05  1.7243727402002391e+03
      3970  4.9625000000000838e+00  1.1858921171771712e-01  3.2449084471985330e+00  7.260145e-01  1.707988e+01  5.729695e+01  8.030556e+02  5.151275e+03  6.110067e+04  2.176359e+02  1.353087e+05  1.7376698767655937e+03
      3980  4.9750000000000814e+00  1.1853836051665960e-01  3.2640379246468205e+00  7.266849e-01  1.712277e+01  5.800559e+01  8.167676e+02  5.311872e+03  6.349918e+04  2.183901e+02  1.381925e+05  1.7507954542361292e+03
      3990  4.9875000000000789e+00  1.1848721193013267e-01  3.2829739504262081e+00  7.266889e-01  1.716392e+01  5.866921e+01  8.305670e+02  5.471606e+03  6.595749e+04  2.191269e+02  1.411095e+05  1.7637538884975693e+03
      4000  5.0000000000000764e+00  1.1843576899475708e-01  3.3017147882952078e+00  7.260342e-01  1.720314e+01  5.928263e+01  8.443816e+02  5.629324e+03  6.846334e+04  2.198355e+02  1.440426e+05  1.7765511429336648e+03
      4010  5.0125000000000739e+00  1.1838403477137942e-01  3.3202590709885573e+00  7.247316e-01  1.724018e+01  5.984050e+01  8.581308e+02  5.783770e+03  7.100256e+04  2.205043e+02  1.469698e+05  1.7891944493040860e+03
      4020  5.0250000000000714e+00  1.1833201233955673e-01  3.3386057568312242e+00  7.227944e-01  1.727475e+01  6.033736e+01  8.717265e+02  5.933597e+03  7.355923e+04  2.211207e+02  1.498654e+05  1.8016920669663714e+03
      4030  5.0375000000000689e+00  1.1827970479294586e-01  3.3567540865160601e+00  7.202369e-01  1.730651e+01  6.076766e+01  8.850752e+02  6.077378e+03  7.611588e+04  2.216712e+02  1.527012e+05  1.8140530337686828e+03
      4040  5.0500000000000664e+00  1.1822711523510522e-01  3.3747035412264363e+00  7.170731e-01  1.733511e+01  6.112577e+01  8.980792e+02  6.213625e+03  7.865363e+04  2.221410e+02  1.554451e+05  1.8262868742444198e+03
      4050  5.0625000000000639e+00  1.1817424677611645e-01  3.3924538034409268e+00  7.133160e-01  1.736017e+01  6.140615e+01  9.106389e+02  6.340815e+03  8.115255e+04  2.225146e+02  1.580607e+05  1.8384032782906193e+03
      4060  5.0750000000000615e+00  1.1812110252968448e-01  3.4100047213361888e+00  7.089768e-01  1.738132e+01  6.160345e+01  9.226550e+02  6.457425e+03  8.359201e+04  2.227764e+02  1.605112e+05  1.8504117800709855e+03
      4070  5.0875000000000590e+00  1.1806768561084494e-01  3.4273562772981139e+00  7.040649e-01  1.739819e+01  6.171272e+01  9.340309e+02  6.561964e+03  8.595113e+04  2.229108e+02  1.627587e+05  1.8623214461448342e+03
      4080  5.1000000000000565e+00  1.1801399913401218e-01  3.4445085612858599e+00  6.985883e-01  1.741044e+01  6.172956e+01  9.446747e+02  6.653014e+03  8.820924e+04  2.229026e+02  1.647642e+05  1.8741405653264164e+03
      4090  5.1125000000000540e+00  1.1796004621155762e-01  3.4614617503925165e+00  6.925547e-01  1.741778e+01  6.165033e+01  9.545019e+02  6.729267e+03  9.034640e+04  2.227372e+02  1.664912e+05  1.8858763431551538e+03
      4100  5.1250000000000515e+00  1.1790582995246290e-01  3.4782160960486905e+00  6.859724e-01  1.741994e+01  6.147227e+01  9.634372e+02  6.789559e+03  9.234397e+04  2.224008e+02  1.679057e+05  1.8975346220922111e+03
      4110  5.1375000000000490e+00  1.1785135346127046e-01  3.4947719195601197e+00  6.788515e-01  1.741674e+01  6.119362e+01  9.714165e+02  6.832905e+03  9.418503e+04  2.218814e+02  1.689765e+05  1.9091196485886558e+03
      4120  5.1500000000000465e+00  1.1779661983692988e-01  3.5111296155619032e+00  6.712051e-01  1.740806e+01  6.081370e+01  9.783878e+02  6.858528e+03  9.585493e+04  2.211686e+02  1.696776e+05  1.9206338896091529e+03
      4130  5.1625000000000441e+00  1.1774163217160810e-01  3.5272896622845589e+00  6.630505e-01  1.739381e+01  6.033299e+01  9.843129e+02  6.865883e+03  9.734164e+04  2.202551e+02  1.699884e+05  1.9320778844336351e+03
      4140  5.1750000000000416e+00  1.1768639354923877e-01  3.5432526375886013e+00  6.544096e-01  1.737401e+01  5.975312e+01  9.891676e+02  6.854672e+03  9.863606e+04  2.191357e+02  1.698936e+05  1.9434501188147465e+03
      4150  5.1875000000000391e+00  1.1763090704383281e-01  3.5590192401837100e+00  6.453094e-01  1.734871e+01  5.907688e+01  9.929420e+02  6.824860e+03  9.973229e+04  2.178084e+02  1.693843e+05  1.9547469255426654e+03
      4160  5.2000000000000366e+00  1.1757517571736244e-01  3.5745903157590004e+00  6.357824e-01  1.731805e+01  5.830820e+01  9.956407e+02  6.776673e+03  1.006277e+05  2.162738e+02  1.684581e+05  1.9659624323310406e+03
      4170  5.2125000000000341e+00  1.1751920261725163e-01  3.5899668875480879e+00  6.258661e-01  1.728220e+01  5.745206e+01  9.972816e+02  6.710601e+03  1.013231e+05  2.145353e+02  1.671187e+05  1.9770885805400371e+03
      4180  5.2250000000000316e+00  1.1746299077331504e-01  3.6051501903250722e+00  6.156029e-01  1.724140e+01  5.651445e+01  9.978962e+02  6.627384e+03  1.018223e+05  2.125989e+02  1.653761e+05  1.9881152251278697e+03
      4190  5.2375000000000291e+00  1.1740654319422875e-01  3.6201417063266925e+00  6.050392e-01  1.719594e+01  5.550223e+01  9.975276e+02  6.527996e+03  1.021324e+05  2.104728e+02  1.632463e+05  1.9990303078764223e+03
      4200  5.2500000000000266e+00  1.1734986286328310e-01  3.6349432014302305e+00  5.942253e-01  1.714615e+01  5.442304e+01  9.962300e+02  6.413624e+03  1.022630e+05  2.081672e+02  1.607507e+05  2.0098200853636117e+03
      4210  5.2625000000000242e+00  1.1729295273377538e-01  3.6495567601169823e+00  5.832137e-01  1.709239e+01  5.328514e+01  9.940665e+02  6.285640e+03  1.022264e+05  2.056941e+02  1.579156e+05  2.0204693956428378e+03
      4220  5.2750000000000217e+00  1.1723581572371947e-01  3.6639848180860408e+00  5.720592e-01  1.703507e+01  5.209726e+01  9.911082e+02  6.145570e+03  1.020366e+05  2.030670e+02  1.547716e+05  2.0309619569878023e+03
      4230  5.2875000000000192e+00  1.1717845471011948e-01  3.6782301916456728e+00  5.608177e-01  1.697461e+01  5.086845e+01  9.874323e+02  5.995058e+03  1.017093e+05  2.003007e+02  1.513529e+05  2.0412806972875399e+03
      4240  5.3000000000000167e+00  1.1712087252286307e-01  3.6922961030795740e+00  5.495451e-01  1.691146e+01  4.960795e+01  9.831201e+02  5.835833e+03  1.012610e+05  1.974108e+02  1.476964e+05  2.0514081087198733e+03
      4250  5.3125000000000142e+00  1.1706307193814575e-01  3.7061862012206594e+00  5.382974e-01  1.684611e+01  4.832501e+01  9.782556e+02  5.669672e+03  1.007090e+05  1.944138e+02  1.438405e+05  2.0613266138047293e+03
      4260  5.3250000000000117e+00  1.1700505567174914e-01  3.7199045765502916e+00  5.271294e-01  1.677903e+01  4.702878e+01  9.729235e+02  5.498367e+03  1.000703e+05  1.913264e+02  1.398244e+05  2.0710189237736108e+03
      4270  5.3375000000000092e+00  1.1694682637201331e-01  3.7334557703901883e+00  5.160946e-01  1.671071e+01  4.572816e+01  9.672080e+02  5.323690e+03  9.936184e+04  1.881654e+02  1.356874e+05  2.0804683725811292e+03
      4280  5.3500000000000068e+00  1.1688838661276955e-01  3.7468447780557947e+00  5.052447e-01  1.664163e+01  4.443172e+01  9.611907e+02  5.147367e+03  9.859937e+04  1.849473e+02  1.314677e+05  2.0896592180687926e+03
      4290  5.3625000000000043e+00  1.1682973888628680e-01  3.7600770461103612e+00  4.946295e-01  1.657228e+01  4.314760e+01  9.549497e+02  4.971046e+03  9.779766e+04  1.816884e+02  1.272018e+05  2.0985769101465385e+03
      4300  5.3750000000000018e+00  1.1677088559625115e-01  3.7731584640385933e+00  4.842964e-01  1.650313e+01  4.188342e+01  9.485583e+02  4.796280e+03  9.696999e+04  1.784042e+02  1.229242e+05  2.1072083291833883e+03
      4310  5.3874999999999993e+00  1.1671182905094940e-01  3.7860953507346800e+00  4.742910e-01  1.643460e+01  4.064628e+01  9.420837e+02  4.624506e+03  9.612798e+04  1.751094e+02  1.186663e+05  2.1155419951581785e+03
      4320  5.3999999999999968e+00  1.1665257145670899e-01  3.7988944362686801e+00  4.646563e-01  1.636713e+01  3.944266e+01  9.355868e+02  4.457034e+03  9.528150e+04  1.718178e+02  1.144564e+05  2.1235682427889733e+03
      4330  5.4124999999999943e+00  1.1659311491164134e-01  3.8115628394833148e+00  4.554336e-01  1.630108e+01  3.827850e+01  9.291215e+02  4.295038e+03  9.443865e+04  1.685419e+02  1.103189e+05  2.1312793540805037e+03
      4340  5.4249999999999918e+00  1.1653346139972746e-01  3.8241080420910789e+00  4.466619e-01  1.623681e+01  3.715911e+01  9.227346e+02  4.139549e+03  9.360578e+04  1.652932e+02  1.062749e+05  2.1386696402812895e+03
      4350  5.4374999999999893e+00  1.1647361278544925e-01  3.8365378600747260e+00  4.383785e-01  1.617461e+01  3.608926e+01  9.164658e+02  3.991460e+03  9.278767e+04  1.620819e+02  1.023409e+05  2.1457354705396547e+03
      4360  5.4499999999999869e+00  1.1641357080873002e-01  3.8488604132714910e+00  4.306191e-01  1.611473e+01  3.507318e+01  9.103483e+02  3.851522e+03  9.198767e+04  1.589168e+02  9.852997e+04  2.1524752522184799e+03
      4370  5.4624999999999844e+00  1.1635333708044214e-01  3.8610840940465376e+00  4.234174e-01  1.605741e+01  3.411463e+01  9.044091e+02  3.720360e+03  9.120800e+04  1.558055e+02  9.485098e+04  2.1588893735153952e+03
      4380  5.4749999999999819e+00  1.1629291307843000e-01  3.8732175358914205e+00  4.168062e-01  1.600279e+01  3.321693e+01  8.986699e+02  3.598471e+03  9.044996e+04  1.527546e+02  9.130927e+04  2.1649801198517057e+03
      4390  5.4874999999999794e+00  1.1623230014395181e-01  3.8852695826571031e+00  4.108163e-01  1.595100e+01  3.238301e+01  8.931482e+02  3.486242e+03  8.971427e+04  1.497692e+02  8.790681e+04  2.1707515730265113e+03
      4400  5.4999999999999769e+00  1.1617149947862669e-01  3.8972492590025141e+00  4.054775e-01  1.590214e+01  3.161548e+01  8.878578e+02  3.383960e+03  8.900135e+04  1.468537e+02  8.464263e+04  2.1762095003684726e+03
      4410  5.5124999999999744e+00  1.1611051214185228e-01  3.9091657425108810e+00  4.008179e-01  1.585626e+01  3.091666e+01  8.828100e+02  3.291824e+03  8.831164e+04  1.440116e+02  8.151323e+04  2.1813612414990503e+03
      4420  5.5249999999999719e+00  1.1604933904858716e-01  3.9210283378146240e+00  3.968641e-01  1.581337e+01  3.028866e+01  8.780149e+02  3.209959e+03  8.764585e+04  1.412458e+02  7.851307e+04  2.1862156005750439e+03
      4430  5.5374999999999694e+00  1.1598798096758348e-01  3.9328464529370608e+00  3.936412e-01  1.577347e+01  2.973338e+01  8.734820e+02  3.138429e+03  8.700526e+04  1.385588e+02  7.563524e+04  2.1907827497621033e+03
      4440  5.5499999999999670e+00  1.1592643851991899e-01  3.9446295779279801e+00  3.911721e-01  1.573655e+01  2.925255e+01  8.692213e+02  3.077247e+03  8.639185e+04  1.359532e+02  7.287201e+04  2.1950741460130102e+03
      4450  5.5624999999999645e+00  1.1586471217787395e-01  3.9563872657735626e+00  3.894776e-01  1.570256e+01  2.884774e+01  8.652440e+02  3.026386e+03  8.580850e+04  1.334313e+02  7.021560e+04  2.1991024604058293e+03
      4460  5.5749999999999620e+00  1.1580280226409376e-01  3.9681291155035172e+00  3.885759e-01  1.567146e+01  2.852031e+01  8.615629e+02  2.985788e+03  8.525908e+04  1.309958e+02  6.765869e+04  2.2028815185672411e+03
      4470  5.5874999999999595e+00  1.1574070895096625e-01  3.9798647573952941e+00  3.884824e-01  1.564320e+01  2.827147e+01  8.581929e+02  2.955370e+03  8.474844e+04  1.286498e+02  6.519493e+04  2.2064262513001277e+03
      4480  5.5999999999999570e+00  1.1567843226025590e-01  3.9916038401601677e+00  3.892090e-01  1.561772e+01  2.810217e+01  8.551506e+02  2.935025e+03  8.428237e+04  1.263966e+02  6.281934e+04  2.2097526551351325e+03
      4490  5.6124999999999545e+00  1.1561597206290800e-01  4.0033560199848672e+00  3.907641e-01  1.559496e+01  2.801311e+01  8.524541e+02  2.924629e+03  8.386746e+04  1.242400e+02  6.052859e+04  2.2128777624849899e+03
      4500  5.6249999999999520e+00  1.1555332807897307e-01  4.0151309512829476e+00  3.931518e-01  1.557485e+01  2.800466e+01  8.501221e+02  2.924036e+03  8.351083e+04  1.221841e+02  5.832130e+04  2.2158196204712694e+03
      4510  5.6374999999999496e+00  1.1549049987773111e-01  4.0269382789903672e+00  3.963719e-01  1.555735e+01  2.807684e+01  8.481729e+02  2.933079e+03  8.321980e+04  1.202334e+02  5.619801e+04  2.2185972765419137e+03
      4520  5.6499999999999471e+00  1.1542748687789264e-01  4.0387876322093872e+00  4.004196e-01  1.554235e+01  2.822926e+01  8.466225e+02  2.951568e+03  8.300155e+04  1.183923e+02  5.416111e+04  2.2212307681133930e+03
      4530  5.6624999999999446e+00  1.1536428834785409e-01  4.0506886189813507e+00  4.052852e-01  1.552979e+01  2.846114e+01  8.454834e+02  2.979287e+03  8.286259e+04  1.166651e+02  5.221455e+04  2.2237411136904839e+03
      4540  5.6749999999999421e+00  1.1530090340611260e-01  4.0626508219475053e+00  4.109539e-01  1.551956e+01  2.877124e+01  8.447624e+02  3.015992e+03  8.280826e+04  1.150559e+02  5.036360e+04  2.2261503051266259e+03
      4550  5.6874999999999396e+00  1.1523733102163897e-01  4.0746837946489567e+00  4.174060e-01  1.551154e+01  2.915787e+01  8.444586e+02  3.061410e+03  8.284226e+04  1.135682e+02  4.861437e+04  2.2284813040186491e+03
      4560  5.6999999999999371e+00  1.1517357001442166e-01  4.0867970581727810e+00  4.246169e-01  1.550558e+01  2.961895e+01  8.445623e+02  3.115236e+03  8.296611e+04  1.122048e+02  4.697338e+04  2.2307580471746642e+03
      4570  5.7124999999999346e+00  1.1510961905594264e-01  4.0990000977867638e+00  4.325572e-01  1.550151e+01  3.015196e+01  8.450531e+02  3.177137e+03  8.317877e+04  1.109675e+02  4.544713e+04  2.2330054648784444e+03
      4580  5.7249999999999321e+00  1.1504547666979381e-01  4.1113023591176603e+00  4.411929e-01  1.549914e+01  3.075403e+01  8.458998e+02  3.246746e+03  8.347636e+04  1.098571e+02  4.404169e+04  2.2352495122001428e+03
      4590  5.7374999999999297e+00  1.1498114123234233e-01  4.1237132433781953e+00  4.504858e-01  1.549826e+01  3.142195e+01  8.470601e+02  3.323669e+03  8.385196e+04  1.088732e+02  4.276247e+04  2.2375172106890632e+03
      4600  5.7499999999999272e+00  1.1491661097346173e-01  4.1362421011140658e+00  4.603937e-01  1.549863e+01  3.215221e+01  8.484818e+02  3.407479e+03  8.429572e+04  1.080143e+02  4.161402e+04  2.2398366971510668e+03
      4610  5.7624999999999247e+00  1.1485188397736752e-01  4.1488982239392476e+00  4.708709e-01  1.550001e+01  3.294104e+01  8.501041e+02  3.497722e+03  8.479506e+04  1.072776e+02  4.059987e+04  2.2422372774486635e+03
      4620  5.7749999999999222e+00  1.1478695818364382e-01  4.1616908337593834e+00  4.818685e-01  1.550218e+01  3.378445e+01  8.518609e+02  3.593912e+03  8.533521e+04  1.066594e+02  3.972253e+04  2.2447494849524373e+03
      4630  5.7874999999999197e+00  1.1472183138843009e-01  4.1746290690404058e+00  4.933350e-01  1.550492e+01  3.467821e+01  8.536838e+02  3.695535e+03  8.589985e+04  1.061549e+02  3.898326e+04  2.2474051436148211e+03
      4640  5.7999999999999172e+00  1.1465650124584961e-01  4.1877219677794795e+00  5.052163e-01  1.550805e+01  3.561795e+01  8.555066e+02  3.802051e+03  8.647203e+04  1.057584e+02  3.838194e+04  2.2502374332349309e+03
      4650  5.8124999999999147e+00  1.1459096526972312e-01  4.2009784469387439e+00  5.174566e-01  1.551145e+01  3.659911e+01  8.572694e+02  3.912894e+03  8.703516e+04  1.054635e+02  3.791704e+04  2.2532809501617112e+03
      4660  5.8249999999999122e+00  1.1452522083567949e-01  4.2144072782427955e+00  5.299985e-01  1.551506e+01  3.761699e+01  8.589235e+02  4.027482e+03  8.757404e+04  1.052631e+02  3.758590e+04  2.2565717538455269e+03
      4670  5.8374999999999098e+00  1.1445926518358328e-01  4.2280170604043610e+00  5.427837e-01  1.551892e+01  3.866681e+01  8.604352e+02  4.145223e+03  8.807598e+04  1.051493e+02  3.738455e+04  2.2601473913818527e+03
      4680  5.8499999999999073e+00  1.1439309542051920e-01  4.2418161880230931e+00  5.557533e-01  1.552315e+01  3.974369e+01  8.617900e+02  4.265532e+03  8.853169e+04  1.051141e+02  3.730721e+04  2.2640468972778745e+03
      4690  5.8624999999999048e+00  1.1432670852425661e-01  4.2558128175472216e+00  5.688481e-01  1.552799e+01  4.084276e+01  8.629954e+02  4.387844e+03  8.893619e+04  1.051489e+02  3.734575e+04  2.2683107690446441e+03
      4700  5.8749999999999023e+00  1.1426010134718123e-01  4.2700148307959083e+00  5.820096e-01  1.553379e+01  4.195923e+01  8.640822e+02  4.511640e+03  8.928930e+04  1.052451e+02  3.748977e+04  2.2729809183782672e+03
      4710  5.8874999999998998e+00  1.1419327062094090e-01  4.2844297967030673e+00  5.951802e-01  1.554099e+01  4.308846e+01  8.651057e+02  4.636469e+03  8.959592e+04  1.053942e+02  3.772713e+04  2.2781005955590786e+03
      4720  5.8999999999998973e+00  1.1412621296165218e-01  4.2990649321924579e+00  6.083037e-01  1.555016e+01  4.422611e+01  8.661440e+02  4.761971e+03  8.986596e+04  1.055882e+02  3.804453e+04  2.2837142835621353e+03
      4730  5.9124999999998948e+00  1.1405892487564033e-01  4.3139270632377684e+00  6.213264e-01  1.556193e+01  4.536824e+01  8.672969e+02  4.887906e+03  9.011408e+04  1.058197e+02  3.842792e+04  2.2898675559516523e+03
      4740  5.9249999999998924e+00  1.1399140276591102e-01  4.3290225872037480e+00  6.341970e-01  1.557703e+01  4.651142e+01  8.686826e+02  5.014176e+03  9.035909e+04  1.060821e+02  3.886319e+04  2.2966068897435634e+03
      4750  5.9374999999998899e+00  1.1392364293909144e-01  4.3443574376076128e+00  6.468676e-01  1.559621e+01  4.765289e+01  8.704344e+02  5.140844e+03  9.062343e+04  1.063704e+02  3.933720e+04  2.3039794302014584e+03
      4760  5.9499999999998874e+00  1.1385564161292322e-01  4.3599370525966981e+00  6.592943e-01  1.562029e+01  4.879066e+01  8.726973e+02  5.268160e+03  9.093250e+04  1.066811e+02  3.983881e+04  2.3120327229627096e+03
      4770  5.9624999999998849e+00  1.1378739492426701e-01  4.3757663484938947e+00  6.714372e-01  1.565008e+01  4.992363e+01  8.756247e+02  5.396570e+03  9.131404e+04  1.070128e+02  4.035937e+04  2.3208144446296960e+03
      4780  5.9749999999998824e+00  1.1371889893735171e-01  4.3918496993790193e+00  6.832616e-01  1.568639e+01  5.105167e+01  8.793753e+02  5.526739e+03  9.179777e+04  1.073662e+02  4.089310e+04  2.3303721553279588e+03
      4790  5.9874999999998799e+00  1.1365014965242382e-01  4.4081909230307561e+00  6.947377e-01  1.572999e+01  5.217569e+01  8.841112e+02  5.659551e+03  9.241501e+04  1.077439e+02  4.143752e+04  2.3407530684873627e+03
      4800  5.9999999999998774e+00  1.1358114301448136e-01  4.4247932731691098e+00  7.058412e-01  1.578163e+01  5.329770e+01  8.899961e+02  5.796127e+03  9.319870e+04  1.081506e+02  4.199383e+04  2.3520038115049406e+03
      4810  6.0124999999998749e+00  1.1351187492212628e-01  4.4416594380963561e+00  7.165532e-01  1.584201e+01  5.442077e+01  8.971948e+02  5.937825e+03  9.418351e+04  1.085929e+02  4.256693e+04  2.3641701568854287e+03
      4820  6.0249999999998725e+00  1.1344234123632364e-01  4.4587915462677321e+00  7.268602e-01  1.591176e+01  5.554905e+01  9.058742e+02  6.086251e+03  9.540618e+04  1.090796e+02  4.316535e+04  2.3772967293337779e+03
      4830  6.0374999999998700e+00  1.1337253778912154e-01  4.4761911795110620e+00  7.367541e-01  1.599146e+01  5.668768e+01  9.162028e+02  6.243260e+03  9.690597e+04  1.096209e+02  4.380136e+04  2.3914267156962210e+03
      4840  6.0499999999998675e+00  1.1330246039197281e-01  4.4938593943246889e+00  7.462315e-01  1.608163e+01  5.784271e+01  9.283533e+02  6.410960e+03  9.872521e+04  1.102282e+02  4.449101e+04  2.4066016060890365e+03
      4850  6.0624999999998650e+00  1.1323210484378235e-01  4.5117967511052335e+00  7.552932e-01  1.618272e+01  5.902094e+01  9.425030e+02  6.591715e+03  1.009101e+05  1.109137e+02  4.525366e+04  2.4228609799473211e+03
      4860  6.0749999999998625e+00  1.1316146693832244e-01  4.5300033506026374e+00  7.639436e-01  1.629512e+01  6.022987e+01  9.588365e+02  6.788149e+03  1.035114e+05  1.116897e+02  4.611052e+04  2.4402423341667363e+03
      4870  6.0874999999998600e+00  1.1309054247113927e-01  4.5484788766118855e+00  7.721898e-01  1.641919e+01  6.147751e+01  9.775474e+02  7.003160e+03  1.065856e+05  1.125681e+02  4.708306e+04  2.4587809422698001e+03
      4880  6.0999999999998575e+00  1.1301932724569246e-01  4.5672226438520251e+00  7.800406e-01  1.655521e+01  6.277226e+01  9.988398e+02  7.239928e+03  1.101962e+05  1.135605e+02  4.819164e+04  2.4785097349897924e+03
      4890  6.1124999999998550e+00  1.1294781707867152e-01  4.5862336500812741e+00  7.875053e-01  1.670343e+01  6.412280e+01  1.022930e+03  7.501937e+03  1.144143e+05  1.146771e+02  4.945500e+04  2.4994591996716986e+03
      4900  6.1249999999998526e+00  1.1287600780459554e-01  4.6055106315740968e+00  7.945927e-01  1.686405e+01  6.553796e+01  1.050049e+03  7.792991e+03  1.193202e+05  1.159269e+02  5.089028e+04  2.5216573032050560e+03
      4910  6.1374999999998501e+00  1.1280389527939044e-01  4.6250521210889275e+00  8.013102e-01  1.703723e+01  6.702655e+01  1.080440e+03  8.117236e+03  1.250044e+05  1.173172e+02  5.251271e+04  2.5451294476380353e+03
      4920  6.1499999999998476e+00  1.1273147538312300e-01  4.6448565073751213e+00  8.076617e-01  1.722307e+01  6.859726e+01  1.114362e+03  8.479172e+03  1.315689e+05  1.188538e+02  5.433491e+04  2.5698984688816427e+03
      4930  6.1624999999998451e+00  1.1265874402178062e-01  4.6649220951106019e+00  8.136474e-01  1.742163e+01  7.025846e+01  1.152088e+03  8.883660e+03  1.391278e+05  1.205397e+02  5.636598e+04  2.5959846878075446e+03
      4940  6.1749999999998426e+00  1.1258569712813118e-01  4.6852471640070235e+00  8.192618e-01  1.763293e+01  7.201802e+01  1.193902e+03  9.335915e+03  1.478088e+05  1.223753e+02  5.861081e+04  2.6234060205152286e+03
      4950  6.1874999999998401e+00  1.1251233066166058e-01  4.7058300256546017e+00  8.244930e-01  1.785693e+01  7.388308e+01  1.240099e+03  9.841482e+03  1.577532e+05  1.243581e+02  6.106960e+04  2.6521781526350314e+03
      4960  6.1999999999998376e+00  1.1243864060762246e-01  4.7266690765553889e+00  8.293212e-01  1.809350e+01  7.585973e+01  1.290981e+03  1.040619e+04  1.691165e+05  1.264821e+02  6.373744e+04  2.6823147831518600e+03
      4970  6.2124999999998352e+00  1.1236462297538734e-01  4.7477628456790146e+00  8.337181e-01  1.834247e+01  7.795276e+01  1.346851e+03  1.103609e+04  1.820679e+05  1.287386e+02  6.660380e+04  2.7138279457347144e+03
      4980  6.2249999999998327e+00  1.1229027379600862e-01  4.7691100347642701e+00  8.376453e-01  1.860356e+01  8.016523e+01  1.408008e+03  1.173733e+04  1.967901e+05  1.311159e+02  6.965199e+04  2.7467284173307266e+03
      4990  6.2374999999998302e+00  1.1221558911926613e-01  4.7907095494316909e+00  8.410538e-01  1.887640e+01  8.249805e+01  1.474739e+03  1.251602e+04  2.134770e+05  1.335991e+02  7.285870e+04  2.7810262226190521e+03
      5000  6.2499999999998277e+00  1.1214056501033068e-01  4.8125605190076328e+00  8.438834e-01  1.916052e+01  8.494955e+01  1.547313e+03  1.337808e+04  2.323314e+05  1.361707e+02  7.619382e+04  2.8167312388475798e+03
      5010  6.2624999999998252e+00  1.1206519754619312e-01  4.8346623028470841e+00  8.460616e-01  1.945531e+01  8.751494e+01  1.625966e+03  1.432894e+04  2.535619e+05  1.388103e+02  7.962062e+04  2.8538539013567452e+03
      5020  6.2749999999998227e+00  1.1198948281210519e-01  4.8570144808985631e+00  8.475039e-01  1.976003e+01  9.018579e+01  1.710893e+03  1.537333e+04  2.773773e+05  1.414958e+02  8.309662e+04  2.8924060088882070e+03
      5030  6.2874999999998202e+00  1.1191341689835842e-01  4.8796168262381672e+00  8.481133e-01  2.007381e+01  9.294954e+01  1.802235e+03  1.651487e+04  3.039806e+05  1.442035e+02  8.657461e+04  2.9324016295069723e+03
      5040  6.2999999999998177e+00  1.1183699589755865e-01  4.9024692572526707e+00  8.477811e-01  2.039561e+01  9.578892e+01  1.900060e+03  1.775574e+04  3.335614e+05  1.469093e+02  9.000393e+04  2.9738581098373270e+03
      5050  6.3124999999998153e+00  1.1176021590292987e-01  4.9255717669853771e+00  8.463871e-01  2.072427e+01  9.868154e+01  2.004354e+03  1.909617e+04  3.662860e+05  1.495897e+02  9.333188e+04  3.0167971910700844e+03
      5060  6.3249999999998128e+00  1.1168307300782894e-01  4.9489243268606806e+00  8.438017e-01  2.105844e+01  1.015995e+02  2.115003e+03  2.053405e+04  4.022867e+05  1.522232e+02  9.650591e+04  3.0612462368764236e+03
      5070  6.3374999999998103e+00  1.1160556330702735e-01  4.9725267615017152e+00  8.398871e-01  2.139665e+01  1.045090e+02  2.231779e+03  2.206435e+04  4.416502e+05  1.547913e+02  9.947657e+04  3.1072395839517117e+03
      5080  6.3499999999998078e+00  1.1152768290018825e-01  4.9963785906477387e+00  8.345006e-01  2.173731e+01  1.073705e+02  2.354330e+03  2.367869e+04  4.844043e+05  1.572807e+02  1.022015e+05  3.1548200357113647e+03
      5090  6.3624999999998053e+00  1.1144942789811349e-01  5.0204788331256598e+00  8.274976e-01  2.207869e+01  1.101385e+02  2.482170e+03  2.536486e+04  5.305053e+05  1.596841e+02  1.046503e+05  3.2040405291040738e+03
      5100  6.3749999999998028e+00  1.1137079443233566e-01  5.0448257664713170e+00  8.187360e-01  2.241901e+01  1.127623e+02  2.614670e+03  2.710647e+04  5.798257e+05  1.620025e+02  1.068090e+05  3.2549660057193742e+03
      5110  6.3874999999998003e+00  1.1129177866895451e-01  5.0694166341976956e+00  8.080802e-01  2.275643e+01  1.151859e+02  2.751061e+03  2.888262e+04  6.321417e+05  1.642454e+02  1.086846e+05  3.3076755051518594e+03
      5120  6.3999999999997979e+00  1.1121237682742398e-01  5.0942472911024668e+00  7.954072e-01  2.308909e+01  1.173499e+02  2.890429e+03  3.066780e+04  6.871238e+05  1.664320e+02  1.103072e+05  3.3622644703841625e+03
      5130  6.4124999999997954e+00  1.1113258520548958e-01  5.1193117757207691e+00  7.806119e-01  2.341518e+01  1.191918e+02  3.031729e+03  3.243192e+04  7.443287e+05  1.685903e+02  1.117298e+05  3.4188472164376312e+03
      5140  6.4249999999997929e+00  1.1105240021139856e-01  5.1446017983973427e+00  7.636129e-01  2.373294e+01  1.206482e+02  3.173797e+03  3.414063e+04  8.031969e+05  1.707559e+02  1.130237e+05  3.4775594704769082e+03
      5150  6.4374999999997904e+00  1.1097181840486878e-01  5.1701061336953975e+00  7.443590e-01  2.404074e+01  1.216569e+02  3.315368e+03  3.575609e+04  8.630589e+05  1.729709e+02  1.142719e+05  3.5385608423814087e+03
      5160  6.4499999999997879e+00  1.1089083654839085e-01  5.1958099071256827e+00  7.228342e-01  2.433710e+01  1.221591e+02  3.455110e+03  3.723821e+04  9.231517e+05  1.752831e+02  1.155612e+05  3.6020370142054826e+03
      5170  6.4624999999997854e+00  1.1080945167049641e-01  5.2216937686444638e+00  6.990635e-01  2.462069e+01  1.221025e+02  3.591655e+03  3.854632e+04  9.826429e+05  1.777460e+02  1.169802e+05  3.6682013285055900e+03
      5180  6.4749999999997829e+00  1.1072766114283150e-01  5.2477329496585581e+00  6.731168e-01  2.489038e+01  1.214440e+02  3.723622e+03  3.964114e+04  1.040654e+06  1.804197e+02  1.186246e+05  3.7372953194589563e+03
      5190  6.4874999999997804e+00  1.1064546277295695e-01  5.2738962073264695e+00  6.451119e-01  2.514515e+01  1.201525e+02  3.849637e+03  4.048676e+04  1.096275e+06  1.833718e+02  1.206094e+05  3.8095875962660316e+03
      5200  6.4999999999997780e+00  1.1056285491434686e-01  5.3001446707527418e+00  6.152162e-01  2.538409e+01  1.182109e+02  3.968333e+03  4.105243e+04  1.148566e+06  1.866775e+02  1.230809e+05  3.8853703455081459e+03
      5210  6.5124999999997755e+00  1.1047983659504290e-01  5.3264306193242268e+00  5.836468e-01  2.560632e+01  1.156181e+02  4.078346e+03  4.131437e+04  1.196566e+06  1.904191e+02  1.262184e+05  3.9649525203801149e+03
      5220  6.5249999999997730e+00  1.1039640766561387e-01  5.3526962453734104e+00  5.506694e-01  2.581092e+01  1.123904e+02  4.178312e+03  4.125770e+04  1.239322e+06  1.946841e+02  1.302222e+05  4.0486485748805917e+03
      5230  6.5374999999997705e+00  1.1031256896612193e-01  5.3788724821697889e+00  5.165946e-01  2.599692e+01  1.085622e+02  4.266870e+03  4.087864e+04  1.275929e+06  1.995621e+02  1.352971e+05  4.1367615500676384e+03
      5240  6.5499999999997680e+00  1.1022832251007883e-01  5.4048780117074893e+00  4.817731e-01  2.616323e+01  1.041865e+02  4.342686e+03  4.018606e+04  1.305572e+06  2.051389e+02  1.416483e+05  4.2295594517738900e+03
      5250  6.5624999999997655e+00  1.1014367168174527e-01  5.4306186010354747e+00  4.465878e-01  2.630859e+01  9.933350e+01  4.404484e+03  3.920157e+04  1.327534e+06  2.114879e+02  1.494899e+05  4.3272438950825235e+03
      5260  6.5749999999997630e+00  1.1005862143996324e-01  5.4559869497861335e+00  4.114437e-01  2.643157e+01  9.408635e+01  4.451104e+03  3.795734e+04  1.341193e+06  2.186597e+02  1.590503e+05  4.4299098402811305e+03
      5270  6.5874999999997605e+00  1.0997317851907376e-01  5.4808632661574244e+00  3.767554e-01  2.653040e+01  8.853433e+01  4.481562e+03  3.649176e+04  1.346045e+06  2.266733e+02  1.705539e+05  4.5374955722434006e+03
      5280  6.5999999999997581e+00  1.0988735161360162e-01  5.5051168180081991e+00  3.429334e-01  2.660282e+01  8.276368e+01  4.495108e+03  3.484353e+04  1.341781e+06  2.355111e+02  1.841846e+05  4.6497238080444977e+03
      5290  6.6124999999997556e+00  1.0980115152935731e-01  5.5286087102900012e+00  3.103700e-01  2.664584e+01  7.684935e+01  4.491243e+03  3.304528e+04  1.328370e+06  2.451172e+02  2.000472e+05  4.7660380444280345e+03
      5300  6.6249999999997531e+00  1.0971459128025052e-01  5.5511960926039867e+00  2.794293e-01  2.665549e+01  7.085076e+01  4.469698e+03  3.111886e+04  1.306127e+06  2.553967e+02  2.181352e+05  4.8855421325920042e+03
      5310  6.6374999999997506e+00  1.0962768610747738e-01  5.5727378794668194e+00  2.504420e-01  2.662657e+01  6.481453e+01  4.430354e+03  2.907437e+04  1.275714e+06  2.662113e+02  2.382923e+05  5.0069546591732278e+03
      5320  6.6499999999997481e+00  1.0954045339806838e-01  5.5931018627068472e+00  2.237052e-01  2.655263e+01  5.878387e+01  4.373145e+03  2.691459e+04  1.238081e+06  2.773741e+02  2.601682e+05  5.1285921077255152e+03
      5330  6.6624999999997456e+00  1.0945291248368005e-01  5.6121728231409982e+00  1.994852e-01  2.642607e+01  5.281220e+01  4.297935e+03  2.464399e+04  1.194341e+06  2.886461e+02  2.831912e+05  5.2483944986827455e+03
      5340  6.6749999999997431e+00  1.0936508430916414e-01  5.6298609526040462e+00  1.780211e-01  2.623868e+01  4.697642e+01  4.204415e+03  2.227979e+04  1.145602e+06  2.997389e+02  3.066030e+05  5.3640027543244696e+03
      5350  6.6874999999997407e+00  1.0927699097286925e-01  5.6461096561646311e+00  1.595242e-01  2.598234e+01  4.138525e+01  4.092061e+03  1.986128e+04  1.092772e+06  3.103247e+02  3.295605e+05  5.4728884934239068e+03
      5360  6.6999999999997382e+00  1.0918865515663487e-01  5.6609017047806605e+00  1.441704e-01  2.565016e+01  3.617886e+01  3.960235e+03  1.745393e+04  1.036439e+06  3.200481e+02  3.512320e+05  5.5725264537364483e+03
      5370  6.7124999999997357e+00  1.0910009947866393e-01  5.6742628065955785e+00  1.320863e-01  2.523765e+01  3.151798e+01  3.808491e+03  1.514567e+04  9.768512e+05  3.285356e+02  3.708328e+05  5.6605900690286426e+03
      5380  6.7249999999997332e+00  1.0901134581519543e-01  5.6862619613797944e+00  1.233291e-01  2.474396e+01  2.756323e+01  3.637028e+03  1.303625e+04  9.140198e+05  3.354020e+02  3.875898e+05  5.7351440968446386e+03
      5390  6.7374999999997307e+00  1.0892241464340477e-01  5.6970084048297887e+00  1.178647e-01  2.417279e+01  2.444870e+01  3.447215e+03  1.122054e+04  8.480564e+05  3.402641e+02  4.005789e+05  5.7948061952093694e+03
      5400  6.7499999999997282e+00  1.0883332445702142e-01  5.7066454481597999e+00  1.155515e-01  2.353273e+01  2.225590e+01  3.241913e+03  9.767403e+03  7.794765e+05  3.427683e+02  4.087329e+05  5.8388530573868175e+03
      5410  6.7624999999997257e+00  1.0874409129796261e-01  5.7153419672393859e+00  1.161339e-01  2.283699e+01  2.099627e+01  3.025488e+03  8.705162e+03  7.092512e+05  3.426403e+02  4.110903e+05  5.8672559765361493e+03
      5420  6.7749999999997232e+00  1.0865472843253780e-01  5.7232825933965303e+00  1.192525e-01  2.210228e+01  2.060649e+01  2.803622e+03  8.019635e+03  6.389496e+05  3.397456e+02  4.069293e+05  5.8806432981373418e+03
      5430  6.7874999999997208e+00  1.0856524618376806e-01  5.7306577430072281e+00  1.244676e-01  2.134718e+01  2.095854e+01  2.582604e+03  7.656776e+03  5.704978e+05  3.341265e+02  3.961842e+05  5.8801994123378581e+03
      5440  6.7999999999997183e+00  1.0847565191394681e-01  5.7376545167214843e+00  1.312937e-01  2.059024e+01  2.188288e+01  2.368469e+03  7.537421e+03  5.057625e+05  3.260198e+02  3.795307e+05  5.8675195231410626e+03
      5450  6.8124999999997158e+00  1.0838595013712565e-01  5.7444492823165332e+00  1.392369e-01  1.984821e+01  2.319520e+01  2.166345e+03  7.577225e+03  4.463245e+05  3.158556e+02  3.581251e+05  5.8444463316277179e+03
      5460  6.8249999999997133e+00  1.0829614273085753e-01  5.7512024386369953e+00  1.478295e-01  1.913476e+01  2.471961e+01  1.979899e+03  7.698394e+03  3.931694e+05  3.042069e+02  3.336574e+05  5.8129148889508833e+03
      5470  6.8374999999997108e+00  1.0820622921195998e-01  5.7580554252135032e+00  1.566552e-01  1.845971e+01  2.630356e+01  1.811211e+03  7.838822e+03  3.467262e+05  2.917071e+02  3.081533e+05  5.7748206380101310e+03
      5480  6.8499999999997083e+00  1.0811620704313427e-01  5.7651296995412622e+00  1.653580e-01  1.782894e+01  2.782418e+01  1.660664e+03  7.957240e+03  3.066951e+05  2.789449e+02  2.836061e+05  5.7319154567392470e+03
      5490  6.8624999999997058e+00  1.0802607194238778e-01  5.7725273507260981e+00  1.736355e-01  1.724469e+01  2.918490e+01  1.527407e+03  8.022686e+03  2.724920e+05  2.664159e+02  2.610938e+05  5.6857398801342015e+03
      5500  6.8749999999997033e+00  1.0793581817226959e-01  5.7803329788499394e+00  1.812297e-01  1.670634e+01  3.031360e+01  1.410136e+03  8.010760e+03  2.436263e+05  2.545066e+02  2.406680e+05  5.6375954691230399e+03
      5510  6.8874999999997009e+00  1.0784543879355463e-01  5.7886162801819179e+00  1.879193e-01  1.621120e+01  3.117311e+01  1.306123e+03  7.927116e+03  2.185454e+05  2.434356e+02  2.234012e+05  5.5885417001291162e+03
      5520  6.8999999999996984e+00  1.0775492587611443e-01  5.7974348783005674e+00  1.935091e-01  1.575542e+01  3.172376e+01  1.213018e+03  7.765316e+03  1.965057e+05  2.333380e+02  2.095292e+05  5.5394096598120686e+03
      5530  6.9124999999996959e+00  1.0766427066499525e-01  5.8068372142879561e+00  1.978234e-01  1.533466e+01  3.193200e+01  1.129846e+03  7.521642e+03  1.775861e+05  2.242156e+02  1.969270e+05  5.4908514725982459e+03
      5540  6.9249999999996934e+00  1.0757346370330745e-01  5.8168650618693052e+00  2.007112e-01  1.494482e+01  3.180451e+01  1.053830e+03  7.213665e+03  1.601643e+05  2.159495e+02  1.873846e+05  5.4434191655363666e+03
      5550  6.9374999999996909e+00  1.0748249492337392e-01  5.8275550040411250e+00  2.020563e-01  1.458235e+01  3.133234e+01  9.840538e+02  6.832145e+03  1.444244e+05  2.084154e+02  1.792880e+05  5.3976237968224686e+03
      5560  6.9499999999996884e+00  1.0739135372361013e-01  5.8389388510175682e+00  2.017839e-01  1.424405e+01  3.053946e+01  9.200864e+02  6.421080e+03  1.304671e+05  2.014347e+02  1.700708e+05  5.3539552306600126e+03
      5570  6.9624999999996859e+00  1.0730002904325923e-01  5.8510436005759408e+00  1.998678e-01  1.392747e+01  2.945433e+01  8.602259e+02  5.967975e+03  1.172448e+05  1.950642e+02  1.643894e+05  5.3128936341330282e+03
      5580  6.9749999999996835e+00  1.0720850943868339e-01  5.8638912743991343e+00  1.963399e-01  1.363068e+01  2.810247e+01  8.046405e+02  5.488190e+03  1.052979e+05  1.890053e+02  1.580371e+05  5.2749285275032034e+03
      5590  6.9874999999996810e+00  1.0711678316358467e-01  5.8774985728854787e+00  1.912939e-01  1.335234e+01  2.653224e+01  7.534976e+02  5.019322e+03  9.466199e+04  1.832659e+02  1.501619e+05  5.2405640520252546e+03
      5600  6.9999999999996785e+00  1.0702483825581241e-01  5.8918763948986674e+00  1.848817e-01  1.309150e+01  2.479242e+01  7.054459e+02  4.535526e+03  8.463974e+04  1.780951e+02  1.467064e+05  5.2102937544186789e+03
      5610  7.0124999999996760e+00  1.0693266263081150e-01  5.9070295395270414e+00  1.773028e-01  1.284701e+01  2.292385e+01  6.613179e+02  4.071553e+03  7.578739e+04  1.730059e+02  1.405687e+05  5.1845566004653911e+03
      5620  7.0249999999996735e+00  1.0684024417579889e-01  5.9229569389566219e+00  1.687930e-01  1.261829e+01  2.098006e+01  6.208602e+02  3.631521e+03  6.786340e+04  1.682492e+02  1.347172e+05  5.1636985412829818e+03
      5630  7.0374999999996710e+00  1.0674757083558667e-01  5.9396524883791031e+00  1.596124e-01  1.240468e+01  1.901376e+01  5.832419e+02  3.206188e+03  6.057696e+04  1.638931e+02  1.316557e+05  5.1479512698480094e+03
      5640  7.0499999999996685e+00  1.0665463068189025e-01  5.9571062872487914e+00  1.500358e-01  1.220539e+01  1.706073e+01  5.493597e+02  2.820198e+03  5.426869e+04  1.595102e+02  1.257352e+05  5.1374240713533891e+03
      5650  7.0624999999996660e+00  1.0656141196125798e-01  5.9753061095627347e+00  1.403406e-01  1.202012e+01  1.516785e+01  5.184547e+02  2.465539e+03  4.862582e+04  1.552753e+02  1.208958e+05  5.1321042320067718e+03
      5660  7.0749999999996636e+00  1.0646790311930629e-01  5.9942389583659601e+00  1.307970e-01  1.184834e+01  1.336910e+01  4.904650e+02  2.143540e+03  4.365449e+04  1.510460e+02  1.162559e+05  5.1318670607165559e+03
      5670  7.0874999999996611e+00  1.0637409280099190e-01  6.0138925281692774e+00  1.216609e-01  1.168955e+01  1.168804e+01  4.656092e+02  1.862950e+03  3.939366e+04  1.466172e+02  1.100595e+05  5.1364971599478604e+03
      5680  7.0999999999996586e+00  1.0627996983027935e-01  6.0342563676316292e+00  1.131623e-01  1.154332e+01  1.014541e+01  4.434085e+02  1.617602e+03  3.571314e+04  1.419907e+02  1.037838e+05  5.1457157295719499e+03
      5690  7.1124999999996561e+00  1.0618552317471347e-01  6.0553226388012078e+00  1.054969e-01  1.140918e+01  8.749191e+00  4.237206e+02  1.405692e+03  3.257559e+04  1.371185e+02  9.706840e+04  5.1592089061108554e+03
      5700  7.1249999999996536e+00  1.0609074190118384e-01  6.0770864893270797e+00  9.882187e-02  1.128658e+01  7.497210e+00  4.064272e+02  1.226402e+03  2.992963e+04  1.319523e+02  8.940138e+04  5.1766604643274422e+03
      5710  7.1374999999996511e+00  1.0599561512937733e-01  6.0995459514584311e+00  9.325299e-02  1.117503e+01  6.381097e+00  3.911413e+02  1.072954e+03  2.769074e+04  1.265462e+02  8.141917e+04  5.1977804549821622e+03
      5720  7.1499999999996486e+00  1.0590013199069026e-01  6.1227013793175615e+00  8.886327e-02  1.107409e+01  5.386398e+00  3.775773e+02  9.394355e+02  2.577598e+04  1.209815e+02  7.333804e+04  5.2223202185432192e+03
      5730  7.1624999999996461e+00  1.0580428159771375e-01  6.1465546853539381e+00  8.568673e-02  1.098340e+01  4.494771e+00  3.655064e+02  8.209167e+02  2.411035e+04  1.153415e+02  6.522388e+04  5.2500845312344372e+03
      5740  7.1749999999996437e+00  1.0570805302713138e-01  6.1711083625040875e+00  8.371968e-02  1.090277e+01  3.686920e+00  3.546712e+02  7.112247e+02  2.262667e+04  1.097271e+02  5.741470e+04  5.2809320740892399e+03
      5750  7.1874999999996412e+00  1.0561143531957540e-01  6.1963643539911715e+00  8.292520e-02  1.083227e+01  2.946016e+00  3.449182e+02  6.055316e+02  2.127603e+04  1.042482e+02  5.017966e+04  5.3147620170181508e+03
      5760  7.1999999999996387e+00  1.0551441749517339e-01  6.2223232201271461e+00  8.323863e-02  1.077219e+01  2.258459e+00  3.362092e+02  5.011044e+02  2.003543e+04  9.900208e+01  4.364703e+04  5.3515159303003829e+03
      5770  7.2124999999996362e+00  1.0541698858143976e-01  6.2489832687157678e+00  8.456922e-02  1.072303e+01  1.612722e+00  3.285530e+02  3.956095e+02  1.889305e+04  9.404391e+01  3.783752e+04  5.3911635202733160e+03
      5780  7.2249999999996337e+00  1.0531913765613511e-01  6.2763396565281759e+00  8.681169e-02  1.068566e+01  1.004180e+00  3.221095e+02  2.889934e+02  1.787634e+04  8.944522e+01  3.284190e+04  5.4336745697185916e+03
      5790  7.2374999999996312e+00  1.0522085389844975e-01  6.3043842371611776e+00  8.985139e-02  1.066113e+01  4.320529e-01  3.171020e+02  1.824029e+02  1.702831e+04  8.522240e+01  2.857070e+04  5.4790428950768128e+03
      5800  7.2499999999996287e+00  1.0512212664333635e-01  6.3331050195140843e+00  9.356221e-02  1.065049e+01 -1.044396e-01  3.137388e+02  7.642482e+01  1.637458e+04  8.138471e+01  2.497604e+04  5.5272803171231899e+03
      5810  7.2624999999996263e+00  1.0502294545054143e-01  6.3624851130095754e+00  9.782647e-02  1.065503e+01 -6.012186e-01  3.123422e+02 -2.654123e+01  1.598394e+04  7.795554e+01  2.197320e+04  5.5783721721813563e+03
      5820  7.2749999999996238e+00  1.0492330018088974e-01  6.3925029626934498e+00  1.025423e-01  1.067614e+01 -1.050667e+00  3.132178e+02 -1.245895e+02  1.589899e+04  7.495261e+01  1.955479e+04  5.6323315991831923e+03
      5830  7.2874999999996213e+00  1.0482318106880818e-01  6.4231320580533939e+00  1.076143e-01  1.071492e+01 -1.449420e+00  3.166323e+02 -2.164975e+02  1.616790e+04  7.239268e+01  1.760871e+04  5.6892243487122696e+03
      5840  7.2999999999996188e+00  1.0472257881335467e-01  6.4543391963382879e+00  1.129751e-01  1.077240e+01 -1.793371e+00  3.227666e+02 -3.018988e+02  1.681778e+04  7.027591e+01  1.613618e+04  5.7490828759300521e+03
      5850  7.3124999999996163e+00  1.0462148468523701e-01  6.4860846129308101e+00  1.186025e-01  1.084983e+01 -2.073792e+00  3.318890e+02 -3.803997e+02  1.788289e+04  6.868512e+01  1.511906e+04  5.8119396727643407e+03
      5860  7.3249999999996138e+00  1.0451989062112844e-01  6.5183227408127857e+00  1.245010e-01  1.094832e+01 -2.280031e+00  3.442208e+02 -4.503689e+02  1.941560e+04  6.767982e+01  1.460182e+04  5.8779064999452394e+03
      5870  7.3374999999996113e+00  1.0441778932453739e-01  6.5510006598538659e+00  1.307024e-01  1.106865e+01 -2.404237e+00  3.598938e+02 -5.127497e+02  2.143573e+04  6.726074e+01  1.456692e+04  5.9470699105917638e+03
      5880  7.3499999999996088e+00  1.0431517438830565e-01  6.5840576665145347e+00  1.372857e-01  1.121184e+01 -2.430889e+00  3.791389e+02 -5.659909e+02  2.399696e+04  6.758878e+01  1.509519e+04  6.0194155294110788e+03
      5890  7.3624999999996064e+00  1.0421204039945289e-01  6.6174276024629792e+00  1.443659e-01  1.137901e+01 -2.334514e+00  4.022054e+02 -6.071263e+02  2.716306e+04  6.871462e+01  1.633917e+04  6.0949253518391270e+03
      5900  7.3749999999996039e+00  1.0410838301289621e-01  6.6510398749398814e+00  1.520682e-01  1.157112e+01 -2.087637e+00  4.294111e+02 -6.325168e+02  3.100965e+04  7.070495e+01  1.832437e+04  6.1735774661024470e+03
      5910  7.3874999999996014e+00  1.0400419902508268e-01  6.6848189989982361e+00  1.605215e-01  1.178896e+01 -1.654915e+00  4.611179e+02 -6.353768e+02  3.563798e+04  7.370214e+01  2.124473e+04  6.2552023261202366e+03
      5920  7.3999999999995989e+00  1.0389948643998599e-01  6.7186864666899080e+00  1.698543e-01  1.203309e+01 -9.921438e-01  4.977501e+02 -6.058528e+02  4.117745e+04  7.775195e+01  2.532274e+04  6.3394675476718803e+03
      5930  7.4124999999995964e+00  1.0379424448804339e-01  6.7525643616294122e+00  1.801759e-01  1.230372e+01 -5.153233e-02  5.398212e+02 -5.306948e+02  4.779683e+04  8.291767e+01  3.070217e+04  6.4259910246710924e+03
      5940  7.4249999999995939e+00  1.0368847359876916e-01  6.7863772823955379e+00  1.915524e-01  1.260033e+01  1.215477e+00  5.878260e+02 -3.929560e+02  5.569920e+04  8.926838e+01  3.759275e+04  6.5143438491609304e+03
      5950  7.4374999999995914e+00  1.0358217535705000e-01  6.8200529406538415e+00  2.039962e-01  1.292149e+01  2.854515e+00  6.421618e+02 -1.726320e+02  6.511399e+04  9.679560e+01  4.622929e+04  6.6039538477299029e+03
      5960  7.4499999999995890e+00  1.0347535244150846e-01  6.8535241861326552e+00  2.174656e-01  1.326471e+01  4.902233e+00  7.030576e+02  1.516833e+02  7.627979e+04  1.054345e+02  5.676406e+04  6.6941156046695924e+03
      5970  7.4624999999995865e+00  1.0336800851888933e-01  6.8867322360752112e+00  2.318615e-01  1.362640e+01  7.380196e+00  7.704535e+02  6.003343e+02  8.940742e+04  1.150700e+02  6.923543e+04  6.7841159930043968e+03
      5980  7.4749999999995840e+00  1.0326014809617279e-01  6.9196284743733401e+00  2.470238e-01  1.400178e+01  1.029032e+01  8.438915e+02  1.189700e+03  1.046299e+05  1.255226e+02  8.355824e+04  6.8733001804495616e+03
      5990  7.4874999999995815e+00  1.0315177636145587e-01  6.9521742943528970e+00  2.627423e-01  1.438504e+01  1.361197e+01  9.224476e+02  1.928992e+03  1.219490e+05  1.365577e+02  9.952087e+04  6.9610263968933214e+03
      6000  7.4999999999995790e+00  1.0304289902940544e-01  6.9843409994368368e+00  2.787745e-01  1.476958e+01  1.730083e+01  1.004725e+03  2.817480e+03  1.411915e+05  1.478981e+02  1.167580e+05  7.0466367444322295e+03
      6010  7.5124999999995765e+00  1.0293352218064830e-01  7.0161106132458499e+00  2.948615e-01  1.514829e+01  2.128961e+01  1.088906e+03  3.842788e+03  1.619870e+05  1.592520e+02  1.347553e+05  7.1295214494477295e+03
      6020  7.5249999999995740e+00  1.0282365208912930e-01  7.0474763338944051e+00  3.107446e-01  1.551374e+01  2.549027e+01  1.172843e+03  4.980591e+03  1.837779e+05  1.703426e+02  1.529073e+05  7.2091981689212498e+03
      6030  7.5374999999995715e+00  1.0271329505236611e-01  7.0784416859945321e+00  3.261840e-01  1.585847e+01  2.979786e+01  1.254189e+03  6.195813e+03  2.058574e+05  1.809189e+02  1.705797e+05  7.2853129925928461e+03
      6040  7.5499999999995691e+00  1.0260245724257311e-01  7.1090188685240374e+00  3.409738e-01  1.617519e+01  3.409678e+01  1.330530e+03  7.445095e+03  2.274186e+05  1.907742e+02  1.872374e+05  7.3575757818504208e+03
      6050  7.5624999999995666e+00  1.0249114458209056e-01  7.1392274977130636e+00  3.549554e-01  1.645712e+01  3.826866e+01  1.399521e+03  8.680575e+03  2.476100e+05  1.997666e+02  2.025860e+05  7.4257161805545466e+03
      6060  7.5749999999995641e+00  1.0237936263091120e-01  7.1690943094449864e+00  3.680291e-01  1.669823e+01  4.220087e+01  1.458997e+03  9.853793e+03  2.655788e+05  2.078147e+02  2.166805e+05  7.4895070383340008e+03
      6070  7.5874999999995616e+00  1.0226711647566068e-01  7.1986530969154217e+00  3.801571e-01  1.689352e+01  4.579492e+01  1.507017e+03  1.091856e+04  2.804852e+05  2.148448e+02  2.297564e+05  7.5488064041212565e+03
      6080  7.5999999999995591e+00  1.0215441062346665e-01  7.2279440854390913e+00  3.913660e-01  1.703944e+01  4.897538e+01  1.541989e+03  1.183457e+04  2.915588e+05  2.207293e+02  2.417610e+05  7.6035559268592642e+03
      6090  7.6124999999995566e+00  1.0204124890950236e-01  7.2570129084959110e+00  4.017477e-01  1.713425e+01  5.169783e+01  1.562933e+03  1.257364e+04  2.982912e+05  2.252720e+02  2.520970e+05  7.6537403190131654e+03
      6100  7.6249999999995541e+00  1.0192763441975106e-01  7.2859097651937441e+00  4.114568e-01  1.717843e+01  5.395311e+01  1.569813e+03  1.312657e+04  3.006919e+05  2.282508e+02  2.596934e+05  7.6993525991891638e+03
      6110  7.6374999999995516e+00  1.0181356942267702e-01  7.3146891611841962e+00  4.206956e-01  1.717497e+01  5.576705e+01  1.563752e+03  1.350585e+04  2.993991e+05  2.294976e+02  2.633016e+05  7.7404016815034993e+03
      6120  7.6499999999995492e+00  1.0169905530020200e-01  7.3434101832718373e+00  4.296888e-01  1.712924e+01  5.719472e+01  1.546931e+03  1.374099e+04  2.955003e+05  2.289620e+02  2.620865e+05  7.7769649338043428e+03
      6130  7.6624999999995467e+00  1.0158409247444827e-01  7.3721366129262655e+00  4.386473e-01  1.704859e+01  5.830920e+01  1.522076e+03  1.386746e+04  2.901167e+05  2.267083e+02  2.561667e+05  7.8092442192172512e+03
      6140  7.6749999999995442e+00  1.0146868033904212e-01  7.4009361697928702e+00  4.477294e-01  1.694171e+01  5.919006e+01  1.491847e+03  1.391795e+04  2.840556e+05  2.228622e+02  2.465223e+05  7.8375767545547023e+03
      6150  7.6874999999995417e+00  1.0135281720854690e-01  7.4298790502246401e+00  4.570120e-01  1.681791e+01  5.991560e+01  1.458549e+03  1.392186e+04  2.778032e+05  2.175666e+02  2.344019e+05  7.8624037108106622e+03
      6160  7.6999999999995392e+00  1.0123650029145147e-01  7.4590364618074041e+00  4.664776e-01  1.668658e+01  6.055776e+01  1.424289e+03  1.390913e+04  2.717973e+05  2.109693e+02  2.207189e+05  7.8842440699810413e+03
      6170  7.7124999999995367e+00  1.0111972568380517e-01  7.4884794600926465e+00  4.760208e-01  1.655662e+01  6.117804e+01  1.391278e+03  1.391102e+04  2.666570e+05  2.032566e+02  2.058251e+05  7.9037079390110985e+03
      6180  7.7249999999995342e+00  1.0100248837998596e-01  7.5182778254707063e+00  4.854678e-01  1.643613e+01  6.182399e+01  1.361811e+03  1.395432e+04  2.630943e+05  1.946953e+02  1.898213e+05  7.9215428806761629e+03
      6190  7.7374999999995318e+00  1.0088478230403257e-01  7.5484984717469805e+00  4.946049e-01  1.633214e+01  6.252630e+01  1.337805e+03  1.405346e+04  2.615712e+05  1.856086e+02  1.730472e+05  7.9386731708179559e+03
      6200  7.7499999999995293e+00  1.0076660037182342e-01  7.5792030889722088e+00  5.032058e-01  1.625051e+01  6.329804e+01  1.320327e+03  1.420866e+04  2.620689e+05  1.763072e+02  1.562357e+05  7.9561910585740134e+03
      6210  7.7624999999995268e+00  1.0064793459445179e-01  7.6104453254567437e+00  5.110553e-01  1.619599e+01  6.413702e+01  1.309612e+03  1.441237e+04  2.642173e+05  1.670494e+02  1.402571e+05  7.9752941611641927e+03
      6220  7.7749999999995243e+00  1.0052877622456746e-01  7.6422682363962533e+00  5.179652e-01  1.617247e+01  6.502946e+01  1.305561e+03  1.465643e+04  2.676298e+05  1.580556e+02  1.257508e+05  7.9971957961440294e+03
      6230  7.7874999999995218e+00  1.0040911593648084e-01  7.6747025724850726e+00  5.237864e-01  1.618325e+01  6.595231e+01  1.308176e+03  1.493272e+04  2.721015e+05  1.495340e+02  1.129203e+05  8.0230394830768264e+03
      6240  7.7999999999995193e+00  1.0028894402533620e-01  7.7077660390764926e+00  5.284159e-01  1.623120e+01  6.687480e+01  1.317632e+03  1.523005e+04  2.775597e+05  1.416731e+02  1.016056e+05  8.0538305558608172e+03
      6250  7.8124999999995168e+00  1.0016825061096116e-01  7.7414634017605328e+00  5.318004e-01  1.631885e+01  6.776107e+01  1.334131e+03  1.553334e+04  2.839390e+05  1.346139e+02  9.155957e+04  8.0903840811208565e+03
      6260  7.8249999999995143e+00  1.0004702583469569e-01  7.7757872561484920e+00  5.339363e-01  1.644837e+01  6.857418e+01  1.357859e+03  1.582651e+04  2.911634e+05  1.284368e+02  8.268553e+04  8.1332893105955000e+03
      6270  7.8374999999995119e+00  9.9925260040502381e-02  7.8107192125530780e+00  5.348670e-01  1.662151e+01  6.927976e+01  1.389099e+03  1.609551e+04  2.992260e+05  1.231595e+02  7.503401e+04  8.1828903198041944e+03
      6280  7.8499999999995094e+00  9.9802943936218066e-02  7.8462312294892689e+00  5.346782e-01  1.683940e+01  6.984840e+01  1.428311e+03  1.632875e+04  3.082555e+05  1.187296e+02  6.861536e+04  8.2392815179382997e+03
      6290  7.8624999999995069e+00  9.9680068734189095e-02  7.8822868946496110e+00  5.334913e-01  1.710242e+01  7.025728e+01  1.476112e+03  1.651621e+04  3.185215e+05  1.150437e+02  6.329628e+04  8.3023180459947289e+03
      6300  7.8749999999995044e+00  9.9556626273178531e-02  7.9188425401419575e+00  5.314567e-01  1.741000e+01  7.049082e+01  1.533154e+03  1.664890e+04  3.303906e+05  1.119880e+02  5.885734e+04  8.3716411574875801e+03
      6310  7.8874999999995019e+00  9.9432609124666962e-02  7.9558481156069556e+00  5.287497e-01  1.776040e+01  7.054155e+01  1.599928e+03  1.671912e+04  3.442472e+05  1.094522e+02  5.506129e+04  8.4467129353541168e+03
      6320  7.8999999999994994e+00  9.9308010687461173e-02  7.9932478380012570e+00  5.255672e-01  1.815067e+01  7.041212e+01  1.676605e+03  1.672157e+04  3.604084e+05  1.073387e+02  5.169103e+04  8.5268559610971988e+03
      6330  7.9124999999994969e+00  9.9182825272698838e-02  8.0309807792487682e+00  5.221246e-01  1.857680e+01  7.011772e+01  1.762957e+03  1.665497e+04  3.790711e+05  1.055844e+02  4.861009e+04  8.6113045457613334e+03
      6340  7.9249999999994944e+00  9.9057048180282617e-02  8.0689813618668271e+00  5.186524e-01  1.903378e+01  6.968986e+01  1.858303e+03  1.652434e+04  4.002916e+05  1.041767e+02  4.581675e+04  8.6992561530581261e+03
      6350  7.9374999999994920e+00  9.8930675768229087e-02  8.1071798066972125e+00  5.153908e-01  1.951530e+01  6.917659e+01  1.961283e+03  1.634270e+04  4.238941e+05  1.031060e+02  4.335313e+04  8.7899058036296701e+03
      6360  7.9499999999994895e+00  9.8803705511130865e-02  8.1455031963029914e+00  5.125797e-01  2.001340e+01  6.863903e+01  2.069654e+03  1.613067e+04  4.493456e+05  1.023268e+02  4.121953e+04  8.8824971139981608e+03
      6370  7.9624999999994870e+00  9.8676136037532267e-02  8.1838769052453078e+00  5.104352e-01  2.051875e+01  6.814682e+01  2.180363e+03  1.591615e+04  4.757453e+05  1.018129e+02  3.946754e+04  8.9763838687774278e+03
      6380  7.9749999999994845e+00  9.8547967150500876e-02  8.2222252674851006e+00  5.091210e-01  2.102102e+01  6.776590e+01  2.289753e+03  1.573029e+04  5.019099e+05  1.015094e+02  3.811106e+04  9.0710199858279739e+03
      6390  7.9874999999994820e+00  9.8419199836407775e-02  8.2604728703684049e+00  5.087258e-01  2.150936e+01  6.754973e+01  2.393974e+03  1.560271e+04  5.265644e+05  1.013361e+02  3.704257e+04  9.1659384903009886e+03
      6400  7.9999999999994795e+00  9.8289836238451028e-02  8.2985475522464540e+00  5.092462e-01  2.197252e+01  6.752925e+01  2.489134e+03  1.555422e+04  5.484468e+05  1.012462e+02  3.622108e+04  9.2608105061652204e+03
      6410  8.0124999999994859e+00  9.8159879589609519e-02  8.3363820588114876e+00  5.105762e-01  2.239874e+01  6.770213e+01  2.571157e+03  1.559286e+04  5.661778e+05  1.011481e+02  3.556801e+04  9.3554420653534835e+03
      6420  8.0249999999994923e+00  9.8029334134542345e-02  8.3739144038925790e+00  5.125188e-01  2.277681e+01  6.803192e+01  2.636325e+03  1.571107e+04  5.785162e+05  1.009929e+02  3.506542e+04  9.4497021732677458e+03
      6430  8.0374999999994987e+00  9.7898205032095689e-02  8.4110901685589674e+00  5.148092e-01  2.309689e+01  6.845048e+01  2.681813e+03  1.588241e+04  5.846799e+05  1.007449e+02  3.468527e+04  9.5435683265108528e+03
      6440  8.0499999999995051e+00  9.7766498220826656e-02  8.4478641201600855e+00  5.171283e-01  2.335105e+01  6.886881e+01  2.705787e+03  1.606949e+04  5.842790e+05  1.003830e+02  3.433529e+04  9.6371621811183832e+03
      6450  8.0624999999995115e+00  9.7634220283078610e-02  8.4841990501941318e+00  5.191286e-01  2.353413e+01  6.918260e+01  2.707732e+03  1.622755e+04  5.774424e+05  9.992204e+01  3.406768e+04  9.7306573646957659e+03
      6460  8.0749999999995179e+00  9.7501378326768681e-02  8.5200651377627370e+00  5.204749e-01  2.364416e+01  6.929076e+01  2.688154e+03  1.631243e+04  5.645094e+05  9.930481e+01  3.378830e+04  9.8242481149118776e+03
      6470  8.0874999999995243e+00  9.7367979872539867e-02  8.5554393618554627e+00  5.208871e-01  2.368269e+01  6.911673e+01  2.649047e+03  1.629456e+04  5.463973e+05  9.853994e+01  3.344961e+04  9.9181530221592911e+03
      6480  8.0999999999995307e+00  9.7234032763978545e-02  8.5903032335934526e+00  5.201823e-01  2.365379e+01  6.861370e+01  2.593148e+03  1.615581e+04  5.242155e+05  9.757877e+01  3.295822e+04  1.0012532012490425e+04
      6490  8.1124999999995371e+00  9.7099545110512123e-02  8.6246412849243512e+00  5.183105e-01  2.356379e+01  6.777975e+01  2.523611e+03  1.589547e+04  4.990186e+05  9.644487e+01  3.230911e+04  1.0107446655684727e+04
      6500  8.1249999999995435e+00  9.6964525243958488e-02  8.6584404456289263e+00  5.153649e-01  2.342067e+01  6.664793e+01  2.444111e+03  1.552616e+04  4.720125e+05  9.515215e+01  3.150824e+04  1.0202888524137570e+04
      6510  8.1374999999995499e+00  9.6828981691475899e-02  8.6916884822373852e+00  5.115730e-01  2.323295e+01  6.528192e+01  2.357909e+03  1.506923e+04  4.441325e+05  9.371262e+01  3.051895e+04  1.0298765349899360e+04
      6520  8.1499999999995563e+00  9.6692923174900094e-02  8.7243724171847674e+00  5.072863e-01  2.300928e+01  6.376635e+01  2.268216e+03  1.455466e+04  4.163794e+05  9.220461e+01  2.944433e+04  1.0394890125991496e+04
      6530  8.1624999999995627e+00  9.6556358629689629e-02  8.7564775216578870e+00  5.029686e-01  2.275739e+01  6.219742e+01  2.177292e+03  1.400754e+04  3.893140e+05  9.065299e+01  2.833135e+04  1.0490998257083356e+04
      6540  8.1749999999995691e+00  9.6419297238974036e-02  8.7879864312322677e+00  4.991662e-01  2.248366e+01  6.067587e+01  2.087016e+03  1.345627e+04  3.634401e+05  8.903812e+01  2.719892e+04  1.0586701035613425e+04
      6550  8.1874999999995755e+00  9.6281748474752182e-02  8.8188793933576086e+00  4.964496e-01  2.219264e+01  5.929116e+01  1.998558e+03  1.292217e+04  3.390604e+05  8.731205e+01  2.596697e+04  1.0681407717525726e+04
      6560  8.1999999999995818e+00  9.6143722118654310e-02  8.8491367110699706e+00  4.953546e-01  2.188738e+01  5.811373e+01  1.912487e+03  1.241938e+04  3.162597e+05  8.548922e+01  2.462929e+04  1.0774341733429348e+04
      6570  8.2124999999995882e+00  9.6005228230965467e-02  8.8787427184270413e+00  4.963262e-01  2.157015e+01  5.718769e+01  1.829043e+03  1.195512e+04  2.950467e+05  8.363332e+01  2.325006e+04  1.0864586090816405e+04
      6580  8.2249999999995946e+00  9.5866277055481453e-02  8.9076898982587025e+00  4.996600e-01  2.124213e+01  5.652620e+01  1.748121e+03  1.153046e+04  2.752917e+05  8.175957e+01  2.185717e+04  1.0951041935283043e+04
      6590  8.2374999999996010e+00  9.5726878858041375e-02  8.9359834981637221e+00  5.054663e-01  2.090429e+01  5.610866e+01  1.669494e+03  1.114084e+04  2.568307e+05  7.989615e+01  2.047729e+04  1.1032482821998847e+04
      6600  8.2499999999996074e+00  9.5587043686724354e-02  8.9636466692293411e+00  5.136765e-01  2.055813e+01  5.589377e+01  1.593001e+03  1.077780e+04  2.394925e+05  7.805101e+01  1.914911e+04  1.1107772582783855e+04
      6610  8.2624999999996138e+00  9.5446781065647260e-02  8.9907233174071060e+00  5.240631e-01  2.020563e+01  5.582745e+01  1.518593e+03  1.043207e+04  2.231490e+05  7.624377e+01  1.791404e+04  1.1175991591910901e+04
      6620  8.2749999999996202e+00  9.5306099670364325e-02  9.0172778463408285e+00  5.362513e-01  1.984989e+01  5.584102e+01  1.446319e+03  1.009340e+04  2.076943e+05  7.453386e+01  1.682817e+04  1.1236505864637782e+04
      6630  8.2874999999996266e+00  9.5165007019753264e-02  9.0433935388079458e+00  5.497515e-01  1.949398e+01  5.586558e+01  1.376295e+03  9.752389e+03  1.930343e+05  7.286658e+01  1.581798e+04  1.1289113701805272e+04
      6640  8.2999999999996330e+00  9.5023509200866649e-02  9.0691698061991595e+00  5.640358e-01  1.914136e+01  5.583755e+01  1.308704e+03  9.400131e+03  1.790813e+05  7.119210e+01  1.489175e+04  1.1334125974742217e+04
      6650  8.3124999999996394e+00  9.4881610648479192e-02  9.0947179510517024e+00  5.786091e-01  1.879639e+01  5.570843e+01  1.244006e+03  9.033487e+03  1.658990e+05  6.952861e+01  1.407488e+04  1.1372292812525764e+04
      6660  8.3249999999996458e+00  9.4739313997661570e-02  9.1201563797790435e+00  5.930604e-01  1.846323e+01  5.545274e+01  1.182815e+03  8.654782e+03  1.535520e+05  6.784110e+01  1.327342e+04  1.1404652918905296e+04
      6670  8.3374999999996522e+00  9.4596620000148707e-02  9.1456075941802446e+00  6.070899e-01  1.814644e+01  5.506164e+01  1.125744e+03  8.267475e+03  1.420883e+05  6.618078e+01  1.263410e+04  1.1432418028693861e+04
      6680  8.3499999999996586e+00  9.4453527465620801e-02  9.1711979460955000e+00  6.205140e-01  1.785086e+01  5.454876e+01  1.073720e+03  7.883645e+03  1.317282e+05  6.446610e+01  1.198150e+04  1.1456852986710870e+04
      6690  8.3624999999996650e+00  9.4310033186402450e-02  9.1970599675192197e+00  6.333171e-01  1.758162e+01  5.395654e+01  1.027681e+03  7.518434e+03  1.226699e+05  6.288553e+01  1.146630e+04  1.1479225612592381e+04
      6700  8.3749999999996714e+00  9.4166131816190393e-02  9.2233351117157678e+00  6.455996e-01  1.734290e+01  5.333528e+01  9.881889e+02  7.184437e+03  1.149774e+05  6.140802e+01  1.101970e+04  1.1500922436623941e+04
      6710  8.3874999999996778e+00  9.4021815739397496e-02  9.2501717786285855e+00  6.574674e-01  1.713795e+01  5.274447e+01  9.556202e+02  6.893225e+03  1.086880e+05  6.012319e+01  1.074500e+04  1.1523420303814648e+04
      6720  8.3999999999996842e+00  9.3877074992989779e-02  9.2777216991553715e+00  6.690724e-01  1.696789e+01  5.223167e+01  9.298362e+02  6.651089e+03  1.037667e+05  5.884585e+01  1.049365e+04  1.1548324231648963e+04
      6730  8.4124999999996906e+00  9.3731897238669912e-02  9.3061362270322157e+00  6.805282e-01  1.683229e+01  5.183797e+01  9.104896e+02  6.461848e+03  1.001352e+05  5.777635e+01  1.036356e+04  1.1577618330656444e+04
      6740  8.4249999999996970e+00  9.3586267833906195e-02  9.3355571671678934e+00  6.918319e-01  1.672832e+01  5.157197e+01  8.968603e+02  6.324423e+03  9.768690e+04  5.663952e+01  1.013359e+04  1.1613654396379252e+04
      6750  8.4374999999997033e+00  9.3440170063594258e-02  9.3661064368020543e+00  7.029033e-01  1.665258e+01  5.143203e+01  8.883679e+02  6.236999e+03  9.634723e+04  5.555579e+01  9.863656e+03  1.1659027827844155e+04
      6760  8.4499999999997097e+00  9.3293585528297487e-02  9.3978759460355565e+00  7.135163e-01  1.660066e+01  5.139264e+01  8.844406e+02  6.195476e+03  9.606352e+04  5.443469e+01  9.491764e+03  1.1716241685457622e+04
      6770  8.4624999999997161e+00  9.3146494683584352e-02  9.4309195102156114e+00  7.233689e-01  1.656892e+01  5.142640e+01  8.847958e+02  6.196903e+03  9.684047e+04  5.333582e+01  9.054295e+03  1.1787188434375861e+04
      6780  8.4749999999997225e+00  9.2998877452625403e-02  9.4652513738161925e+00  7.321611e-01  1.655420e+01  5.150209e+01  8.891645e+02  6.237805e+03  9.868403e+04  5.231175e+01  8.597734e+03  1.1873016878941467e+04
      6790  8.4874999999997289e+00  9.2850713846985108e-02  9.5008455967508603e+00  7.395945e-01  1.655381e+01  5.158369e+01  8.970087e+02  6.310336e+03  1.015030e+05  5.145050e+01  8.226357e+03  1.1974178812443983e+04
      6800  8.4999999999997353e+00  9.2701984602205439e-02  9.5376353371247014e+00  7.454900e-01  1.656555e+01  5.163279e+01  9.075317e+02  6.402775e+03  1.050812e+05  5.074604e+01  7.915070e+03  1.2090620766792079e+04
      6810  8.5124999999997417e+00  9.2552671816456489e-02  9.5755125932430545e+00  7.498157e-01  1.658801e+01  5.161504e+01  9.195560e+02  6.496339e+03  1.090102e+05  5.028011e+01  7.735023e+03  1.2222168834744331e+04
      6820  8.5249999999997481e+00  9.2402759617068536e-02  9.6143248314860497e+00  7.526796e-01  1.662044e+01  5.149565e+01  9.316993e+02  6.568474e+03  1.127453e+05  5.003737e+01  7.677512e+03  1.2368682123916818e+04
      6830  8.5374999999997545e+00  9.2252234882289327e-02  9.6538724618837914e+00  7.543702e-01  1.666312e+01  5.126287e+01  9.428153e+02  6.599115e+03  1.157407e+05  5.006876e+01  7.707870e+03  1.2530031364493818e+04
      6840  8.5499999999997609e+00  9.2101087965602485e-02  9.6939111843328938e+00  7.553295e-01  1.671769e+01  5.092770e+01  9.521867e+02  6.574762e+03  1.175821e+05  5.048471e+01  7.931248e+03  1.2706019083345214e+04
      6850  8.5624999999997673e+00  9.1949313349252534e-02  9.7341585868549689e+00  7.561093e-01  1.678744e+01  5.053573e+01  9.599935e+02  6.496555e+03  1.181695e+05  5.136393e+01  8.381006e+03  1.2896192513644859e+04
      6860  8.5749999999997737e+00  9.1796910164037293e-02  9.7743044927320213e+00  7.573161e-01  1.687760e+01  5.017511e+01  9.674579e+02  6.381847e+03  1.177677e+05  5.285525e+01  9.174799e+03  1.3099696409438009e+04
      6870  8.5874999999997801e+00  9.1643882531969895e-02  9.8140227378557121e+00  7.595278e-01  1.699510e+01  4.996676e+01  9.767088e+02  6.262146e+03  1.169620e+05  5.518950e+01  1.058021e+04  1.3315174883467564e+04
      6880  8.5999999999997865e+00  9.1490239726430944e-02  9.8529826486578358e+00  7.632244e-01  1.714774e+01  5.005192e+01  9.905479e+02  6.179263e+03  1.165715e+05  5.859625e+01  1.291389e+04  1.3540714399091768e+04
      6890  8.6124999999997929e+00  9.1335996152852428e-02  9.8908604503115196e+00  7.687283e-01  1.734290e+01  5.057757e+01  1.012001e+03  6.178982e+03  1.174874e+05  6.328959e+01  1.655599e+04  1.3773844667775225e+04
      6900  8.6249999999997993e+00  9.1181171152236645e-02  9.9273503770908444e+00  7.761546e-01  1.758637e+01  5.167388e+01  1.043881e+03  6.306772e+03  1.205932e+05  6.940171e+01  2.186852e+04  1.4011575090902117e+04
      6910  8.6374999999998057e+00  9.1025788632336943e-02  9.9621756508574144e+00  7.853896e-01  1.788125e+01  5.343270e+01  1.088333e+03  6.601106e+03  1.266275e+05  7.692047e+01  2.909058e+04  1.4250545575381477e+04
      6920  8.6499999999998121e+00  9.0869876527836208e-02  9.9950990904620980e+00  7.961106e-01  1.822723e+01  5.589299e+01  1.146577e+03  7.089618e+03  1.361256e+05  8.567112e+01  3.823340e+04  1.4487302125159033e+04
      6930  8.6624999999998185e+00  9.0713466112970736e-02  1.0025931062895449e+01  8.078350e-01  1.862036e+01  5.902969e+01  1.218670e+03  7.783259e+03  1.493240e+05  9.530573e+01  4.909247e+04  1.4718511262522472e+04
      6940  8.6749999999998249e+00  9.0556591215231630e-02  1.0054534506234425e+01  8.199865e-01  1.905332e+01  6.274815e+01  1.303519e+03  8.672694e+03  1.661207e+05  1.052811e+02  6.103165e+04  1.4941070007797462e+04
      6950  8.6874999999998312e+00  9.0399287365510422e-02  1.0080828128468521e+01  8.319751e-01  1.951638e+01  6.689263e+01  1.399141e+03  9.728331e+03  1.861645e+05  1.150066e+02  7.321791e+04  1.5152194488978079e+04
      6960  8.6999999999998376e+00  9.0241590918092598e-02  1.0104786943585001e+01  8.432686e-01  1.999828e+01  7.126060e+01  1.503110e+03  1.090632e+04  2.089719e+05  1.239187e+02  8.476850e+04  1.5349529755911484e+04
      6970  8.7124999999998440e+00  9.0083538192226337e-02  1.0126439006641608e+01  8.534431e-01  2.048699e+01  7.563049e+01  1.612786e+03  1.214972e+04  2.338667e+05  1.315021e+02  9.466748e+04  1.5531266477104349e+04
      6980  8.7249999999998504e+00  8.9925164688952036e-02  1.0145859552904666e+01  8.622236e-01  2.097080e+01  7.977863e+01  1.725204e+03  1.339230e+04  2.600572e+05  1.373885e+02  1.023855e+05  1.5696329216847782e+04
      6990  8.7374999999998568e+00  8.9766504411186415e-02  1.0163163343634782e+01  8.695121e-01  2.143873e+01  8.349069e+01  1.837559e+03  1.455560e+04  2.866141e+05  1.412331e+02  1.064855e+05  1.5844597419716860e+04
      7000  8.7499999999998632e+00  8.9607589334699395e-02  1.0178493141883116e+01  8.753828e-01  2.188080e+01  8.663094e+01  1.948118e+03  1.559982e+04  3.134604e+05  1.429892e+02  1.071603e+05  1.5976876369478425e+04
      7010  8.7624999999998696e+00  8.9448449060488128e-02  1.0192009066272405e+01  8.800424e-01  2.228700e+01  8.908478e+01  2.054545e+03  1.647306e+04  3.399490e+05  1.427326e+02  1.051697e+05  1.6094725514766853e+04
      7020  8.7749999999998760e+00  8.9289110608630887e-02  1.0203880922498804e+01  8.837614e-01  2.264644e+01  9.085222e+01  2.155097e+03  1.715687e+04  3.657818e+05  1.410136e+02  1.009848e+05  1.6200095947045604e+04
      7030  8.7874999999998824e+00  8.9129598300072360e-02  1.0214285334206766e+01  8.867992e-01  2.294476e+01  9.188600e+01  2.245980e+03  1.764038e+04  3.910189e+05  1.382577e+02  9.579282e+04  1.6294915975266736e+04
      7040  8.7999999999998888e+00  8.8969933629871184e-02  1.0223408704496091e+01  8.893519e-01  2.316329e+01  9.217605e+01  2.320907e+03  1.787117e+04  4.131109e+05  1.342964e+02  8.651056e+04  1.6381028847602396e+04
      7050  8.8124999999998952e+00  8.8810135105238691e-02  1.0231447409698868e+01  8.915216e-01  2.328466e+01  9.178878e+01  2.372267e+03  1.785525e+04  4.297415e+05  1.299170e+02  7.719291e+04  1.6460199850988527e+04
      7060  8.8249999999999016e+00  8.8650218118994761e-02  1.0238603274198637e+01  8.933171e-01  2.329282e+01  9.074138e+01  2.390639e+03  1.755862e+04  4.373854e+05  1.252346e+02  6.868499e+04  1.6534210346730699e+04
      7070  8.8374999999999080e+00  8.8490194932249328e-02  1.0245073414457744e+01  8.947553e-01  2.318086e+01  8.920209e+01  2.372064e+03  1.700901e+04  4.339177e+05  1.208096e+02  6.187106e+04  1.6605149915773269e+04
      7080  8.8499999999999144e+00  8.8330074877986914e-02  1.0251032451759119e+01  8.959177e-01  2.295193e+01  8.725515e+01  2.315381e+03  1.622945e+04  4.185353e+05  1.164750e+02  5.646771e+04  1.6675528365299397e+04
      7090  8.8624999999999208e+00  8.8169864873535703e-02  1.0256611877577878e+01  8.969301e-01  2.262018e+01  8.504656e+01  2.225303e+03  1.528382e+04  3.923873e+05  1.120164e+02  5.135852e+04  1.6747831284031126e+04
      7100  8.8749999999999272e+00  8.8009570222187541e-02  1.0261885598257956e+01  8.980003e-01  2.221011e+01  8.278203e+01  2.112491e+03  1.428098e+04  3.598416e+05  1.076644e+02  4.686685e+04  1.6823894487463847e+04
      7110  8.8874999999999336e+00  8.7849195535653180e-02  1.0266868906151970e+01  8.993864e-01  2.175097e+01  8.059628e+01  1.988233e+03  1.329249e+04  3.255247e+05  1.031926e+02  4.248520e+04  1.6904856000714375e+04
      7120  8.8999999999999400e+00  8.7688745615871685e-02  1.0271523035872319e+01  9.013485e-01  2.127340e+01  7.862720e+01  1.863536e+03  1.238642e+04  2.927706e+05  9.877259e+01  3.809501e+04  1.6991059707896016e+04
      7130  8.9124999999999464e+00  8.7528226237060497e-02  1.0275764795636288e+01  9.041617e-01  2.080335e+01  7.697977e+01  1.747198e+03  1.161804e+04  2.636886e+05  9.473698e+01  3.413736e+04  1.7081819662467267e+04
      7140  8.9249999999999527e+00  8.7367644690653376e-02  1.0279486762979037e+01  9.080775e-01  2.035950e+01  7.568574e+01  1.644393e+03  1.100586e+04  2.395547e+05  9.122467e+01  3.084245e+04  1.7175678424371006e+04
      7150  8.9374999999999591e+00  8.7207009998970797e-02  1.0282576547538961e+01  9.132644e-01  1.995366e+01  7.476618e+01  1.557514e+03  1.055186e+04  2.208801e+05  8.845910e+01  2.831279e+04  1.7270789811546842e+04
      7160  8.9499999999999655e+00  8.7046332912392443e-02  1.0284925132056536e+01  9.197478e-01  1.958971e+01  7.419767e+01  1.485860e+03  1.023759e+04  2.068439e+05  8.649321e+01  2.653503e+04  1.7365313683485565e+04
      7170  8.9624999999999719e+00  8.6885625831860339e-02  1.0286429311861340e+01  9.274106e-01  1.926606e+01  7.390305e+01  1.426343e+03  1.002341e+04  1.958725e+05  8.519571e+01  2.544777e+04  1.7458209581603274e+04
      7180  8.9749999999999783e+00  8.6724902731607420e-02  1.0286988207792639e+01  9.360222e-01  1.898008e+01  7.379614e+01  1.376057e+03  9.871148e+03  1.869485e+05  8.433039e+01  2.487598e+04  1.7549679419998549e+04
      7190  8.9874999999999847e+00  8.6564179210216516e-02  1.0286491277099410e+01  9.452038e-01  1.872949e+01  7.377766e+01  1.332737e+03  9.744497e+03  1.794025e+05  8.365127e+01  2.446369e+04  1.7640529641079065e+04
      7200  8.9999999999999911e+00  8.6403472709184137e-02  1.0284812050386115e+01  9.544384e-01  1.851202e+01  7.375330e+01  1.294557e+03  9.609361e+03  1.723758e+05  8.294739e+01  2.398062e+04  1.7731355263305362e+04
      7210  9.0124999999999975e+00  8.6242802715963421e-02  1.0281815709678757e+01  9.631996e-01  1.832525e+01  7.367161e+01  1.261491e+03  9.464654e+03  1.660884e+05  8.196766e+01  2.329612e+04  1.7822170113480759e+04
      7220  9.0250000000000039e+00  8.6082190801531414e-02  1.0277371161257321e+01  9.710828e-01  1.816734e+01  7.355142e+01  1.234915e+03  9.339530e+03  1.614992e+05  8.064347e+01  2.235777e+04  1.7912289244703636e+04
      7230  9.0375000000000103e+00  8.5921660467753125e-02  1.0271363164029015e+01  9.778090e-01  1.803575e+01  7.345855e+01  1.215993e+03  9.272023e+03  1.590173e+05  7.895297e+01  2.120625e+04  1.8000636979727919e+04
      7240  9.0500000000000167e+00  8.5761236830323509e-02  1.0263700115205632e+01  9.831439e-01  1.792605e+01  7.344508e+01  1.205366e+03  9.312373e+03  1.595759e+05  7.704906e+01  1.997334e+04  1.8086134335186318e+04
      7250  9.0625000000000231e+00  8.5600946243251000e-02  1.0254314269936888e+01  9.868478e-01  1.783073e+01  7.347753e+01  1.201246e+03  9.460259e+03  1.631424e+05  7.517301e+01  1.888881e+04  1.8167719712454589e+04
      7260  9.0750000000000295e+00  8.5440815940657472e-02  1.0243160265721290e+01  9.886814e-01  1.773866e+01  7.341052e+01  1.198573e+03  9.629012e+03  1.671617e+05  7.339112e+01  1.795290e+04  1.8244335633432016e+04
      7270  9.0875000000000359e+00  8.5280873713160191e-02  1.0230211629480969e+01  9.884474e-01  1.763727e+01  7.304315e+01  1.191679e+03  9.719121e+03  1.693784e+05  7.169489e+01  1.703039e+04  1.8314870567909224e+04
      7280  9.1000000000000423e+00  8.5121147654671783e-02  1.0215456682268076e+01  9.860428e-01  1.751630e+01  7.217477e+01  1.175817e+03  9.638260e+03  1.681890e+05  7.025527e+01  1.632235e+04  1.8378060758742598e+04
      7290  9.1125000000000487e+00  8.4961665926195792e-02  1.0198900440385710e+01  9.814913e-01  1.736932e+01  7.065879e+01  1.147473e+03  9.291061e+03  1.614314e+05  6.888550e+01  1.578806e+04  1.8432766898657759e+04
      7300  9.1250000000000551e+00  8.4802456496914896e-02  1.0180563115662968e+01  9.749424e-01  1.719702e+01  6.849593e+01  1.107683e+03  8.682803e+03  1.495438e+05  6.759776e+01  1.530451e+04  1.8478124998987165e+04
      7310  9.1375000000000615e+00  8.4643546972374611e-02  1.0160472089831002e+01  9.666366e-01  1.700675e+01  6.581182e+01  1.061323e+03  7.910277e+03  1.354670e+05  6.646342e+01  1.476222e+04  1.8513281428149450e+04
      7320  9.1500000000000679e+00  8.4484964495019216e-02  1.0138662210648400e+01  9.568542e-01  1.681006e+01  6.279026e+01  1.013585e+03  7.069042e+03  1.214453e+05  6.553036e+01  1.425682e+04  1.8537485678708679e+04
      7330  9.1625000000000743e+00  8.4326735587718166e-02  1.0115179632245994e+01  9.458755e-01  1.661952e+01  5.962465e+01  9.692617e+02  6.239384e+03  1.090097e+05  6.492221e+01  1.388220e+04  1.8550295571888415e+04
      7340  9.1750000000000806e+00  8.4168886003909399e-02  1.0090076949514771e+01  9.339958e-01  1.644477e+01  5.647255e+01  9.322231e+02  5.482018e+03  9.945666e+04  6.468976e+01  1.371426e+04  1.8551234088275880e+04
      7350  9.1875000000000870e+00  8.4011440653046623e-02  1.0063411178455034e+01  9.215956e-01  1.628976e+01  5.344085e+01  9.040934e+02  4.823000e+03  9.323983e+04  6.485351e+01  1.383330e+04  1.8539602635828123e+04
      7360  9.2000000000000934e+00  8.3854423477991935e-02  1.0035250672850985e+01  9.091645e-01  1.615086e+01  5.060797e+01  8.837351e+02  4.263090e+03  8.979203e+04  6.534920e+01  1.423028e+04  1.8514835069896129e+04
      7370  9.2125000000000998e+00  8.3697857239268578e-02  1.0005678326405326e+01  8.972339e-01  1.601704e+01  4.803969e+01  8.672851e+02  3.794343e+03  8.771826e+04  6.606629e+01  1.487732e+04  1.8476572963400016e+04
      7380  9.2250000000001062e+00  8.3541763296906157e-02  9.9747905169236315e+00  8.862766e-01  1.587315e+01  4.579819e+01  8.495519e+02  3.413928e+03  8.531554e+04  6.685195e+01  1.569140e+04  1.8424217635394474e+04
      7390  9.2375000000001126e+00  8.3386161368670886e-02  9.9427022644758019e+00  8.766358e-01  1.570595e+01  4.393539e+01  8.263612e+02  3.131642e+03  8.139363e+04  6.750809e+01  1.651658e+04  1.8356659495056203e+04
      7400  9.2500000000001190e+00  8.3231069169805369e-02  9.9095556135132910e+00  8.685211e-01  1.550963e+01  4.247697e+01  7.961892e+02  2.953958e+03  7.570418e+04  6.791494e+01  1.715738e+04  1.8272331008999292e+04
      7410  9.2625000000001254e+00  8.3076501947933645e-02  9.8755247045215366e+00  8.620146e-01  1.528704e+01  4.141290e+01  7.608254e+02  2.871037e+03  6.897257e+04  6.787167e+01  1.730906e+04  1.8169289060037016e+04
      7420  9.2750000000001318e+00  8.2922471934438163e-02  9.8408224836648390e+00  8.570575e-01  1.504850e+01  4.066855e+01  7.238630e+02  2.844719e+03  6.224912e+04  6.733164e+01  1.705296e+04  1.8045670609509376e+04
      7430  9.2875000000001382e+00  8.2768987677806743e-02  9.8057074329468570e+00  8.534416e-01  1.480807e+01  4.011467e+01  6.888330e+02  2.828305e+03  5.637490e+04  6.650050e+01  1.671421e+04  1.7900513589075621e+04
      7440  9.3000000000001446e+00  8.2616053353538277e-02  9.7704783616660897e+00  8.508268e-01  1.457739e+01  3.961792e+01  6.580296e+02  2.796789e+03  5.182657e+04  6.535057e+01  1.617373e+04  1.7734133241175943e+04
      7450  9.3125000000001510e+00  8.2463668254142392e-02  9.7354583327436721e+00  8.488364e-01  1.436357e+01  3.909669e+01  6.322607e+02  2.740825e+03  4.854104e+04  6.382099e+01  1.528848e+04  1.7547853620076017e+04
      7460  9.3250000000001574e+00  8.2311826529929119e-02  9.7009800618397328e+00  8.471995e-01  1.417076e+01  3.852567e+01  6.112438e+02  2.659008e+03  4.617772e+04  6.211070e+01  1.435235e+04  1.7343725535009980e+04
      7470  9.3375000000001638e+00  8.2160517131938560e-02  9.6673733966101185e+00  8.458087e-01  1.400080e+01  3.793288e+01  5.941706e+02  2.567545e+03  4.448058e+04  6.047545e+01  1.353379e+04  1.7124536194869299e+04
      7480  9.3500000000001702e+00  8.2009723982918503e-02  9.6349484680592283e+00  8.446615e-01  1.385304e+01  3.737204e+01  5.802071e+02  2.481356e+03  4.323580e+04  5.888064e+01  1.272409e+04  1.6893832074177848e+04
      7490  9.3625000000001766e+00  8.1859426419605183e-02  9.6039795583584731e+00  8.437578e-01  1.372577e+01  3.689912e+01  5.686169e+02  2.405904e+03  4.217315e+04  5.737998e+01  1.201254e+04  1.6655848642129338e+04
      7500  9.3750000000001830e+00  8.1709599838096766e-02  9.5746949949305531e+00  8.430294e-01  1.361685e+01  3.654903e+01  5.588900e+02  2.349498e+03  4.121470e+04  5.614134e+01  1.151222e+04  1.6415389438459039e+04
      7510  9.3875000000001894e+00  8.1560216487609236e-02  9.5472672567387402e+00  8.423312e-01  1.352327e+01  3.632191e+01  5.505181e+02  2.312375e+03  4.028695e+04  5.519536e+01  1.121896e+04  1.6177448168933392e+04
      7520  9.4000000000001958e+00  8.1411246423321537e-02  9.5218038528410442e+00  8.414842e-01  1.344139e+01  3.620042e+01  5.431651e+02  2.292810e+03  3.937458e+04  5.453541e+01  1.113485e+04  1.5946691222082329e+04
      7530  9.4125000000002021e+00  8.1262658540545221e-02  9.4983465082162546e+00  8.403407e-01  1.336735e+01  3.615099e+01  5.364471e+02  2.287565e+03  3.847560e+04  5.419463e+01  1.130052e+04  1.5727215336859510e+04
      7540  9.4250000000002085e+00  8.1114421573638421e-02  9.4768749425478536e+00  8.388326e-01  1.329740e+01  3.614339e+01  5.301561e+02  2.294178e+03  3.762541e+04  5.413128e+01  1.168031e+04  1.5522406540572207e+04
      7550  9.4375000000002149e+00  8.0966505037334546e-02  9.4573107214918757e+00  8.369896e-01  1.322791e+01  3.614858e+01  5.241027e+02  2.307290e+03  3.683956e+04  5.428922e+01  1.219949e+04  1.5334615615168448e+04
      7560  9.4500000000002213e+00  8.0818880071495916e-02  9.4395266535417797e+00  8.349269e-01  1.315556e+01  3.613844e+01  5.178451e+02  2.318127e+03  3.604436e+04  5.465253e+01  1.288358e+04  1.5164943885733353e+04
      7570  9.4625000000002277e+00  8.0671520087396337e-02  9.4233618910049408e+00  8.328063e-01  1.307762e+01  3.609539e+01  5.109067e+02  2.321416e+03  3.516131e+04  5.515973e+01  1.372824e+04  1.5013317065585388e+04
      7580  9.4750000000002341e+00  8.0524401171788856e-02  9.4086372155212370e+00  8.307873e-01  1.299247e+01  3.601495e+01  5.029951e+02  2.315985e+03  3.416230e+04  5.567997e+01  1.456121e+04  1.4878698730046490e+04
      7590  9.4875000000002405e+00  8.0377502262623274e-02  9.3951689331532062e+00  8.289957e-01  1.290016e+01  3.590502e+01  4.939861e+02  2.302780e+03  3.302401e+04  5.614780e+01  1.532995e+04  1.4759408020985975e+04
      7600  9.5000000000002469e+00  8.0230805126933979e-02  9.3827799753475674e+00  8.275111e-01  1.280225e+01  3.577293e+01  4.840900e+02  2.282576e+03  3.178145e+04  5.651985e+01  1.604824e+04  1.4653482911299747e+04
      7610  9.5125000000002533e+00  8.0084294198826012e-02  9.3713067273705679e+00  8.263636e-01  1.270151e+01  3.563204e+01  4.737969e+02  2.259205e+03  3.051827e+04  5.671291e+01  1.653447e+04  1.4558967318566614e+04
      7620  9.5250000000002597e+00  7.9937956338895250e-02  9.3606025130544239e+00  8.255452e-01  1.260151e+01  3.548810e+01  4.637641e+02  2.235999e+03  2.933012e+04  5.678217e+01  1.688847e+04  1.4474112187426672e+04
      7630  9.5375000000002661e+00  7.9791780560421730e-02  9.3505383337034136e+00  8.250251e-01  1.250546e+01  3.534215e+01  4.545786e+02  2.213496e+03  2.829367e+04  5.669977e+01  1.697240e+04  1.4397477436041943e+04
      7640  9.5500000000002725e+00  7.9645757765059638e-02  9.3410011179778749e+00  8.247667e-01  1.241593e+01  3.519158e+01  4.466584e+02  2.193106e+03  2.747948e+04  5.641720e+01  1.681017e+04  1.4327907768154462e+04
      7650  9.5625000000002789e+00  7.9499880509350543e-02  9.3318920041007711e+00  8.247421e-01  1.233477e+01  3.503618e+01  4.402789e+02  2.175353e+03  2.692294e+04  5.598483e+01  1.641227e+04  1.4264509569757958e+04
      7660  9.5750000000002853e+00  7.9354142786391635e-02  9.3231258806408270e+00  8.249402e-01  1.226301e+01  3.487986e+01  4.354437e+02  2.160160e+03  2.660317e+04  5.545375e+01  1.593681e+04  1.4206716532282775e+04
      7670  9.5875000000002917e+00  7.9208539822252816e-02  9.3146294675599748e+00  8.253757e-01  1.220111e+01  3.472693e+01  4.319813e+02  2.147205e+03  2.650145e+04  5.477408e+01  1.539171e+04  1.4154280892221966e+04
      7680  9.6000000000002981e+00  7.9063067921924191e-02  9.3063372382441045e+00  8.260954e-01  1.214963e+01  3.459839e+01  4.298791e+02  2.136731e+03  2.657328e+04  5.408239e+01  1.485615e+04  1.4107098026591746e+04
      7690  9.6125000000003045e+00  7.8917724374362286e-02  9.2981885385384047e+00  8.271753e-01  1.210856e+01  3.451022e+01  4.288829e+02  2.132229e+03  2.678429e+04  5.328013e+01  1.424091e+04  1.4065025235886171e+04
      7700  9.6250000000003109e+00  7.8772507378797027e-02  9.2901276029676723e+00  8.287152e-01  1.207809e+01  3.448989e+01  4.290436e+02  2.134628e+03  2.710980e+04  5.249438e+01  1.357249e+04  1.4027811667740621e+04
      7710  9.6375000000003173e+00  7.8627415960645930e-02  9.2821044461316262e+00  8.308265e-01  1.205799e+01  3.455567e+01  4.301436e+02  2.149239e+03  2.752991e+04  5.165582e+01  1.291094e+04  1.3995077832458373e+04
      7720  9.6500000000003237e+00  7.8482449876430077e-02  9.2740754478840763e+00  8.336114e-01  1.204828e+01  3.472686e+01  4.322724e+02  2.177980e+03  2.805597e+04  5.080652e+01  1.214941e+04  1.3966356718517662e+04
      7730  9.6625000000003300e+00  7.8337609510309922e-02  9.2660038530915863e+00  8.371561e-01  1.204882e+01  3.501259e+01  4.352106e+02  2.220848e+03  2.864782e+04  4.993225e+01  1.148344e+04  1.3941231393329759e+04
      7740  9.6750000000003364e+00  7.8192895769808493e-02  9.2578592071856693e+00  8.415194e-01  1.205935e+01  3.541637e+01  4.390521e+02  2.280012e+03  2.932448e+04  4.910779e+01  1.083215e+04  1.3919399475265973e+04
      7750  9.6875000000003428e+00  7.8048309999691826e-02  9.2496158193170341e+00  8.467001e-01  1.207924e+01  3.593558e+01  4.436458e+02  2.352380e+03  3.007547e+04  4.830660e+01  1.025975e+04  1.3900591990639259e+04
      7760  9.7000000000003492e+00  7.7903853916705817e-02  9.2412517858056731e+00  8.526350e-01  1.210783e+01  3.655638e+01  4.490121e+02  2.436866e+03  3.089757e+04  4.753763e+01  9.770746e+03  1.3884518523483654e+04
      7770  9.7125000000003556e+00  7.7759529554912651e-02  9.2327484122383083e+00  8.592187e-01  1.214412e+01  3.726786e+01  4.551903e+02  2.532165e+03  3.183120e+04  4.678860e+01  9.245859e+03  1.3870862426131338e+04
      7780  9.7250000000003620e+00  7.7615339219671925e-02  9.2240897836799594e+00  8.662910e-01  1.218713e+01  3.805971e+01  4.621251e+02  2.636676e+03  3.286865e+04  4.608329e+01  8.866584e+03  1.3859232546070753e+04
      7790  9.7375000000003684e+00  7.7471285438083765e-02  9.2152638292042504e+00  8.736308e-01  1.223581e+01  3.891701e+01  4.700038e+02  2.753291e+03  3.408251e+04  4.540720e+01  8.482253e+03  1.3849134746209773e+04
      7800  9.7500000000003748e+00  7.7327370878864446e-02  9.2062649445604059e+00  8.809924e-01  1.228894e+01  3.982438e+01  4.788462e+02  2.881119e+03  3.551929e+04  4.473929e+01  8.138032e+03  1.3840004480864367e+04
      7810  9.7625000000003812e+00  7.7183598229641021e-02  9.1970966080169632e+00  8.881382e-01  1.234532e+01  4.076771e+01  4.888123e+02  3.022998e+03  3.728059e+04  4.412801e+01  7.817228e+03  1.3831230704831132e+04
      7820  9.7750000000003876e+00  7.7039970039405034e-02  9.1877733024312143e+00  8.948536e-01  1.240366e+01  4.173185e+01  5.000115e+02  3.179953e+03  3.945391e+04  4.360258e+01  7.544192e+03  1.3822152838880542e+04
      7830  9.7875000000003940e+00  7.6896488533646182e-02  9.1783222505462252e+00  9.009665e-01  1.246316e+01  4.271059e+01  5.126270e+02  3.357572e+03  4.217999e+04  4.316921e+01  7.307515e+03  1.3812078007876971e+04
      7840  9.8000000000004004e+00  7.6753155402555173e-02  9.1687850606641295e+00  9.063789e-01  1.252392e+01  4.371545e+01  5.269852e+02  3.564417e+03  4.563232e+04  4.287577e+01  7.215958e+03  1.3800377135827337e+04
      7850  9.8125000000004068e+00  7.6609971573019242e-02  9.1592177675056199e+00  9.110826e-01  1.258714e+01  4.477303e+01  5.437527e+02  3.813748e+03  5.009495e+04  4.275372e+01  7.251275e+03  1.3786671782847632e+04
      7860  9.8250000000004132e+00  7.6466937006259408e-02  9.1496872181667328e+00  9.151344e-01  1.265502e+01  4.591976e+01  5.638862e+02  4.119744e+03  5.596773e+04  4.288053e+01  7.504329e+03  1.3771029051989753e+04
      7870  9.8375000000004196e+00  7.6324050583625402e-02  9.1402634213796414e+00  9.185985e-01  1.273019e+01  4.719253e+01  5.886565e+02  4.500179e+03  6.378002e+04  4.337068e+01  8.099035e+03  1.3754066960471788e+04
      7880  9.8500000000004260e+00  7.6181310135462477e-02  9.1310090420520069e+00  9.214869e-01  1.281503e+01  4.862442e+01  6.192069e+02  4.977446e+03  7.405927e+04  4.440612e+01  9.347514e+03  1.3736941973074157e+04
      7890  9.8625000000004324e+00  7.6038712650684626e-02  9.1219667967548403e+00  9.237270e-01  1.291103e+01  5.024618e+01  6.566986e+02  5.580465e+03  8.753151e+04  4.619160e+01  1.179407e+04  1.3721210827066599e+04
      7900  9.8750000000004388e+00  7.5896254699179849e-02  9.1131449449399007e+00  9.251804e-01  1.301891e+01  5.208721e+01  7.030010e+02  6.352227e+03  1.056272e+05  4.915110e+01  1.652241e+04  1.3708541404326901e+04
      7910  9.8875000000004452e+00  7.5753933090745670e-02  9.1045017623005542e+00  9.257323e-01  1.313847e+01  5.416876e+01  7.603717e+02  7.354230e+03  1.303912e+05  5.401024e+01  2.635960e+04  1.3700263977937453e+04
      7920  9.9000000000004515e+00  7.5611745771895750e-02  9.0959311336989739e+00  9.253664e-01  1.326671e+01  5.649735e+01  8.297255e+02  8.643068e+03  1.637737e+05  6.171485e+01  4.740617e+04  1.3696670737182720e+04
      7930  9.9125000000004579e+00  7.5469692898986571e-02  9.0872562152147260e+00  9.240956e-01  1.339230e+01  5.896206e+01  9.075384e+02  1.020701e+04  2.063852e+05  7.263811e+01  8.697542e+04  1.3695815983026463e+04
      7940  9.9250000000004643e+00  7.5327777851811509e-02  9.0782464625673747e+00  9.218042e-01  1.349026e+01  6.122718e+01  9.825562e+02  1.186108e+04  2.540972e+05  8.600414e+01  1.492126e+05  1.3691943110552769e+04
      7950  9.9375000000004707e+00  7.5186007699974938e-02  9.0686717944642012e+00  9.182053e-01  1.352447e+01  6.273179e+01  1.032163e+03  1.317207e+04  2.943436e+05  9.944165e+01  2.196713e+05  1.3674598045826631e+04
      7960  9.9500000000004771e+00  7.5044392544496394e-02  9.0583899027891484e+00  9.130063e-01  1.346191e+01  6.288173e+01  1.030366e+03  1.362945e+04  3.096322e+05  1.075718e+02  2.581227e+05  1.3629716072457975e+04
      7970  9.9625000000004835e+00  7.4902943348893219e-02  9.0474487719571677e+00  9.061636e-01  1.329898e+01  6.141809e+01  9.662814e+02  1.285647e+04  2.844580e+05  1.060169e+02  2.387543e+05  1.3543264552116965e+04
      7980  9.9750000000004899e+00  7.4761668217725702e-02  9.0361768148625572e+00  8.979160e-01  1.307410e+01  5.849669e+01  8.547291e+02  1.081971e+04  2.195791e+05  9.538321e+01  1.753586e+05  1.3407431802572748e+04
      7990  9.9875000000004963e+00  7.4620567785473282e-02  9.0251922111521488e+00  8.886083e-01  1.284955e+01  5.480177e+01  7.357773e+02  8.253311e+03  1.454979e+05  8.042294e+01  1.082914e+05  1.3227715950095448e+04
      8000  1.0000000000000503e+01  7.4479631725628492e-02  9.0152398994552243e+00  8.787606e-01  1.267497e+01  5.146625e+01  6.475565e+02  6.221386e+03  9.337541e+04  6.581243e+01  6.436600e+04  1.3025633475277107e+04
