         0  0.0000000000000000e+00  1.2500000000000000e-01  3.7500000000000000e-01 -0.000000e+00  3.375000e+00 -0.000000e+00  1.562500e+01 -0.000000e+00  8.374023e+01  3.375000e+00  1.562500e+01  1.1250000000000000e+00
        10  1.2499999999999999e-02  1.2499687502258489e-01  3.7499672830580211e-01  6.629055e-03  3.375075e+00  6.629175e-02  1.562648e+01  5.438228e-01  8.375773e+01  3.374704e+00  1.562236e+01  1.1250390122673557e+00
        20  2.5000000000000005e-02  1.2499375002361164e-01  3.7500566246566758e-01  1.325810e-02  3.375301e+00  1.325906e-01  1.563092e+01  1.087844e+00  8.381024e+01  3.373816e+00  1.561447e+01  1.1252123096843163e+00
        30  3.7500000000000012e-02  1.2499062490136190e-01  3.7502680263779170e-01  1.988734e-02  3.375677e+00  1.989060e-01  1.563833e+01  1.632280e+00  8.389777e+01  3.372339e+00  1.560133e+01  1.1255199484759544e+00
        40  5.0000000000000024e-02  1.2498749955410703e-01  3.7506015071143667e-01  2.651699e-02  3.376204e+00  2.652471e-01  1.564870e+01  2.177348e+00  8.402038e+01  3.370276e+00  1.558300e+01  1.1259620386322093e+00
        50  6.2500000000000028e-02  1.2498437388009286e-01  3.7510571030480933e-01  3.314724e-02  3.376881e+00  3.316234e-01  1.566204e+01  2.723264e+00  8.417815e+01  3.367633e+00  1.555954e+01  1.1265387439387502e+00
        60  7.5000000000000039e-02  1.2498124777752637e-01  3.7516348676255012e-01  3.977832e-02  3.377709e+00  3.980441e-01  1.567835e+01  3.270246e+00  8.437115e+01  3.364416e+00  1.553102e+01  1.1272502820324006e+00
        70  8.7500000000000050e-02  1.2497812114456047e-01  3.7523348715285521e-01  4.641040e-02  3.378688e+00  4.645185e-01  1.569763e+01  3.818509e+00  8.459951e+01  3.360634e+00  1.549753e+01  1.1280969244812231e+00
        80  1.0000000000000006e-01  1.2497499387927999e-01  3.7531572026422305e-01  5.304370e-02  3.379818e+00  5.310559e-01  1.571989e+01  4.368271e+00  8.486335e+01  3.356295e+00  1.545917e+01  1.1290789968893951e+00
        90  1.1250000000000007e-01  1.2497186587968781e-01  3.7541019660182329e-01  5.967839e-02  3.381099e+00  5.976654e-01  1.574513e+01  4.919749e+00  8.516282e+01  3.351412e+00  1.541608e+01  1.1301968790271215e+00
       100  1.2500000000000008e-01  1.2496873704368983e-01  3.7551692838351358e-01  6.631468e-02  3.382531e+00  6.643562e-01  1.577336e+01  5.473161e+00  8.549809e+01  3.345996e+00  1.536838e+01  1.1314510049857602e+00
       110  1.3750000000000009e-01  1.2496560726908135e-01  3.7563592953548663e-01  7.295273e-02  3.384115e+00  7.311376e-01  1.580458e+01  6.028725e+00  8.586937e+01  3.340061e+00  1.531623e+01  1.1328418633584967e+00
       120  1.5000000000000011e-01  1.2496247645353246e-01  3.7576721568756816e-01  7.959272e-02  3.385850e+00  7.980187e-01  1.583881e+01  6.586657e+00  8.627685e+01  3.333622e+00  1.525980e+01  1.1343699974468291e+00
       130  1.6250000000000012e-01  1.2495934449457462e-01  3.7591080416816441e-01  8.623482e-02  3.387737e+00  8.650084e-01  1.587604e+01  7.147177e+00  8.672079e+01  3.326695e+00  1.519925e+01  1.1360360054932863e+00
       140  1.7500000000000013e-01  1.2495621128958560e-01  3.7606671399887392e-01  9.287919e-02  3.389776e+00  9.321159e-01  1.591630e+01  7.710502e+00  8.720142e+01  3.319296e+00  1.513479e+01  1.1378405409407488e+00
       150  1.8750000000000014e-01  1.2495307673577637e-01  3.7623496588876182e-01  9.952598e-02  3.391967e+00  9.993500e-01  1.595958e+01  8.276852e+00  8.771903e+01  3.311445e+00  1.506661e+01  1.1397843127188036e+00
       160  2.0000000000000015e-01  1.2494994073017653e-01  3.7641558222831228e-01  1.061753e-01  3.394312e+00  1.066720e+00  1.600589e+01  8.846445e+00  8.827390e+01  3.303161e+00  1.499492e+01  1.1418680855576941e+00
       170  2.1250000000000016e-01  1.2494680316962077e-01  3.7660858708306594e-01  1.128274e-01  3.396809e+00  1.134234e+00  1.605525e+01  9.419501e+00  8.886636e+01  3.294465e+00  1.491996e+01  1.1440926803303191e+00
       180  2.2500000000000017e-01  1.2494366395073456e-01  3.7681400618695260e-01  1.194823e-01  3.399459e+00  1.201901e+00  1.610767e+01  9.996240e+00  8.949673e+01  3.285377e+00  1.484194e+01  1.1464589744229037e+00
       190  2.3750000000000018e-01  1.2494052296992068e-01  3.7703186693532742e-01  1.261400e-01  3.402262e+00  1.269731e+00  1.616316e+01  1.057688e+01  9.016536e+01  3.275920e+00  1.476112e+01  1.1489679021349528e+00
       200  2.5000000000000017e-01  1.2493738012334564e-01  3.7726219837771863e-01  1.328009e-01  3.405220e+00  1.337730e+00  1.622173e+01  1.116164e+01  9.087264e+01  3.266118e+00  1.467774e+01  1.1516204551091298e+00
       210  2.6249999999999990e-01  1.2493423530692550e-01  3.7750503121031131e-01  1.394648e-01  3.408331e+00  1.405909e+00  1.628338e+01  1.175075e+01  9.161895e+01  3.255994e+00  1.459206e+01  1.1544176827918240e+00
       220  2.7499999999999963e-01  1.2493108841631277e-01  3.7776039776815784e-01  1.461320e-01  3.411596e+00  1.474275e+00  1.634814e+01  1.234442e+01  9.240470e+01  3.245572e+00  1.450434e+01  1.1573606929250784e+00
       230  2.8749999999999937e-01  1.2492793934688248e-01  3.7802833201714520e-01  1.528024e-01  3.415017e+00  1.542837e+00  1.641602e+01  1.294287e+01  9.323031e+01  3.234879e+00  1.441486e+01  1.1604506520707181e+00
       240  2.9999999999999910e-01  1.2492478799371899e-01  3.7830886954571896e-01  1.594761e-01  3.418592e+00  1.611603e+00  1.648703e+01  1.354633e+01  9.409625e+01  3.223940e+00  1.432387e+01  1.1636887861675482e+00
       250  3.1249999999999883e-01  1.2492163425160202e-01  3.7860204755639265e-01  1.661532e-01  3.422322e+00  1.680581e+00  1.656118e+01  1.415502e+01  9.500297e+01  3.212781e+00  1.423167e+01  1.1670763811224214e+00
       260  3.2499999999999857e-01  1.2491847801499448e-01  3.7890790485702946e-01  1.728337e-01  3.426207e+00  1.749779e+00  1.663849e+01  1.476915e+01  9.595095e+01  3.201429e+00  1.413852e+01  1.1706147834361735e+00
       270  3.3749999999999830e-01  1.2491531917802806e-01  3.7922648185193797e-01  1.795175e-01  3.430248e+00  1.819205e+00  1.671898e+01  1.538896e+01  9.694070e+01  3.189911e+00  1.404472e+01  1.1743054008654124e+00
       280  3.4999999999999803e-01  1.2491215763448986e-01  3.7955782053278359e-01  1.862047e-01  3.434445e+00  1.888867e+00  1.680264e+01  1.601465e+01  9.797273e+01  3.178255e+00  1.395055e+01  1.1781497031210879e+00
       290  3.6249999999999777e-01  1.2490899327781117e-01  3.7990196446931501e-01  1.928953e-01  3.438799e+00  1.958771e+00  1.688951e+01  1.664645e+01  9.904757e+01  3.166489e+00  1.385628e+01  1.1821492226050301e+00
       300  3.7499999999999750e-01  1.2490582600105203e-01  3.8025895879995597e-01  1.995892e-01  3.443308e+00  2.028926e+00  1.697960e+01  1.728458e+01  1.001658e+02  3.154639e+00  1.376222e+01  1.1863055551854871e+00
       310  3.8749999999999724e-01  1.2490265569688991e-01  3.8062885022223458e-01  2.062863e-01  3.447974e+00  2.099339e+00  1.707292e+01  1.792926e+01  1.013279e+02  3.142735e+00  1.366863e+01  1.1906203610128689e+00
       320  3.9999999999999697e-01  1.2489948225760657e-01  3.8101168698309956e-01  2.129866e-01  3.452796e+00  2.170017e+00  1.716948e+01  1.858071e+01  1.025346e+02  3.130804e+00  1.357581e+01  1.1950953653768879e+00
       330  4.1249999999999670e-01  1.2489630557507395e-01  3.8140751886911495e-01  2.196900e-01  3.457776e+00  2.240967e+00  1.726930e+01  1.923915e+01  1.037864e+02  3.118873e+00  1.348404e+01  1.1997323596063745e+00
       340  4.2499999999999644e-01  1.2489312554074349e-01  3.8181639719656801e-01  2.263963e-01  3.462912e+00  2.312194e+00  1.737240e+01  1.990480e+01  1.050838e+02  3.106972e+00  1.339359e+01  1.2045332020130741e+00
       350  4.3749999999999617e-01  1.2488994204563283e-01  3.8223837480147660e-01  2.331056e-01  3.468205e+00  2.383707e+00  1.747878e+01  2.057787e+01  1.064277e+02  3.095127e+00  1.330474e+01  1.2094998188807828e+00
       360  4.4999999999999590e-01  1.2488675498031165e-01  3.8267350602955097e-01  2.398174e-01  3.473654e+00  2.455511e+00  1.758848e+01  2.125859e+01  1.078185e+02  3.083366e+00  1.321777e+01  1.2146342055012536e+00
       370  4.6249999999999564e-01  1.2488356423489151e-01  3.8312184672608279e-01  2.465319e-01  3.479261e+00  2.527611e+00  1.770149e+01  2.194715e+01  1.092569e+02  3.071716e+00  1.313294e+01  1.2199384272583649e+00
       380  4.7499999999999537e-01  1.2488036969901223e-01  3.8358345422581247e-01  2.532486e-01  3.485025e+00  2.600015e+00  1.781783e+01  2.264379e+01  1.107436e+02  3.060205e+00  1.305053e+01  1.2254146207619812e+00
       390  4.8749999999999510e-01  1.2487717126182954e-01  3.8405838734276121e-01  2.599675e-01  3.490945e+00  2.672727e+00  1.793753e+01  2.334871e+01  1.122793e+02  3.048858e+00  1.297078e+01  1.2310649950332311e+00
       400  4.9999999999999484e-01  1.2487396881200365e-01  3.8454670636006044e-01  2.666883e-01  3.497021e+00  2.745753e+00  1.806058e+01  2.406211e+01  1.138646e+02  3.037702e+00  1.289396e+01  1.2368918327427112e+00
       410  5.1249999999999463e-01  1.2487076223768596e-01  3.8504847301979539e-01  2.734107e-01  3.503254e+00  2.819097e+00  1.818701e+01  2.478422e+01  1.155002e+02  3.026763e+00  1.282032e+01  1.2428974915034245e+00
       420  5.2499999999999436e-01  1.2486755142650835e-01  3.8556375051284908e-01  2.801345e-01  3.509643e+00  2.892764e+00  1.831682e+01  2.551523e+01  1.171868e+02  3.016065e+00  1.275010e+01  1.2490844052200867e+00
       430  5.3749999999999409e-01  1.2486433626556948e-01  3.8609260346880531e-01  2.868593e-01  3.516188e+00  2.966759e+00  1.845004e+01  2.625535e+01  1.189251e+02  3.005633e+00  1.268354e+01  1.2554550854967537e+00
       440  5.4999999999999383e-01  1.2486111664142487e-01  3.8663509794589052e-01  2.935849e-01  3.522888e+00  3.041086e+00  1.858666e+01  2.700477e+01  1.207158e+02  2.995492e+00  1.262088e+01  1.2620121231045620e+00
       450  5.6249999999999356e-01  1.2485789244007373e-01  3.8719130142097430e-01  3.003110e-01  3.529743e+00  3.115748e+00  1.872670e+01  2.776370e+01  1.225596e+02  2.985664e+00  1.256233e+01  1.2687581895115625e+00
       460  5.7499999999999329e-01  1.2485466354694717e-01  3.8776128277965638e-01  3.070371e-01  3.536752e+00  3.190750e+00  1.887017e+01  2.853233e+01  1.244573e+02  2.976172e+00  1.250813e+01  1.2756960384766411e+00
       470  5.8749999999999303e-01  1.2485142984689770e-01  3.8834511230644120e-01  3.137628e-01  3.543914e+00  3.266093e+00  1.901708e+01  2.931084e+01  1.264095e+02  2.967039e+00  1.245848e+01  1.2828285077096873e+00
       480  5.9999999999999276e-01  1.2484819122418679e-01  3.8894286167501441e-01  3.204878e-01  3.551230e+00  3.341780e+00  1.916744e+01  3.009943e+01  1.284170e+02  2.958285e+00  1.241360e+01  1.2901585206000341e+00
       490  6.1249999999999249e-01  1.2484494756247254e-01  3.8955460393863611e-01  3.272117e-01  3.558698e+00  3.417814e+00  1.932125e+01  3.089828e+01  1.304804e+02  2.949931e+00  1.237368e+01  1.2976890880155794e+00
       500  6.2499999999999223e-01  1.2484169874480103e-01  3.9018041352066651e-01  3.339339e-01  3.566317e+00  3.494197e+00  1.947851e+01  3.170756e+01  1.326005e+02  2.941997e+00  1.233892e+01  1.3054233101746853e+00
       510  6.3749999999999196e-01  1.2483844465359101e-01  3.9082036620522453e-01  3.406540e-01  3.574087e+00  3.570930e+00  1.963924e+01  3.252744e+01  1.347779e+02  2.934501e+00  1.230950e+01  1.3133643785934563e+00
       520  6.4999999999999170e-01  1.2483518517062653e-01  3.9147453912800895e-01  3.473715e-01  3.582006e+00  3.648014e+00  1.980344e+01  3.335810e+01  1.370135e+02  2.927462e+00  1.228561e+01  1.3215155781106904e+00
       530  6.6249999999999143e-01  1.2483192017704330e-01  3.9214301076727209e-01  3.540859e-01  3.590074e+00  3.725450e+00  1.997110e+01  3.419969e+01  1.393077e+02  2.920897e+00  1.226742e+01  1.3298802889931660e+00
       540  6.7499999999999116e-01  1.2482864955331777e-01  3.9282586093497363e-01  3.607965e-01  3.598289e+00  3.803237e+00  2.014223e+01  3.505237e+01  1.416614e+02  2.914823e+00  1.225510e+01  1.3384619891238958e+00
       550  6.8749999999999090e-01  1.2482537317925765e-01  3.9352317076811733e-01  3.675030e-01  3.606649e+00  3.881375e+00  2.031683e+01  3.591628e+01  1.440752e+02  2.909254e+00  1.224881e+01  1.3472642562759904e+00
       560  6.9999999999999063e-01  1.2482209093398856e-01  3.9423502272027822e-01  3.742045e-01  3.615154e+00  3.959864e+00  2.049488e+01  3.679156e+01  1.465496e+02  2.904206e+00  1.224870e+01  1.3562907704750511e+00
       570  7.1249999999999036e-01  1.2481880269594604e-01  3.9496150055333656e-01  3.809006e-01  3.623803e+00  4.038701e+00  2.067640e+01  3.767835e+01  1.490854e+02  2.899691e+00  1.225492e+01  1.3655453164530387e+00
       580  7.2499999999999010e-01  1.2481550834286087e-01  3.9570268932942182e-01  3.875905e-01  3.632592e+00  4.117886e+00  2.086137e+01  3.857678e+01  1.516832e+02  2.895724e+00  1.226761e+01  1.3750317861965289e+00
       590  7.3749999999998983e-01  1.2481220775175211e-01  3.9645867540307145e-01  3.942736e-01  3.641521e+00  4.197415e+00  2.104977e+01  3.948695e+01  1.543435e+02  2.892316e+00  1.228691e+01  1.3847541815925486e+00
       600  7.4999999999998956e-01  1.2480890079891374e-01  3.9722954641362296e-01  4.009492e-01  3.650588e+00  4.277285e+00  2.124161e+01  4.040897e+01  1.570670e+02  2.889477e+00  1.231294e+01  1.3947166171753216e+00
       610  7.6249999999998930e-01  1.2480558735990603e-01  3.9801539127783514e-01  4.076166e-01  3.659791e+00  4.357492e+00  2.143687e+01  4.134295e+01  1.598540e+02  2.887219e+00  1.234583e+01  1.4049233229770937e+00
       620  7.7499999999998903e-01  1.2480226730954200e-01  3.9881630018274905e-01  4.142750e-01  3.669128e+00  4.438033e+00  2.163552e+01  4.228896e+01  1.627052e+02  2.885550e+00  1.238569e+01  1.4153786474866814e+00
       630  7.8749999999998876e-01  1.2479894052188104e-01  3.9963236457879975e-01  4.209237e-01  3.678597e+00  4.518903e+00  2.183756e+01  4.324709e+01  1.656210e+02  2.884478e+00  1.243262e+01  1.4260870607192178e+00
       640  7.9999999999998850e-01  1.2479560687021408e-01  4.0046367717316989e-01  4.275618e-01  3.688195e+00  4.600095e+00  2.204297e+01  4.421740e+01  1.686019e+02  2.884011e+00  1.248674e+01  1.4370531574009231e+00
       650  8.1249999999998823e-01  1.2479226622705594e-01  4.0131033192340942e-01  4.341886e-01  3.697921e+00  4.681604e+00  2.225171e+01  4.519994e+01  1.716481e+02  2.884155e+00  1.254814e+01  1.4482816602726916e+00
       660  8.2499999999998797e-01  1.2478891846413465e-01  4.0217242403130377e-01  4.408031e-01  3.707771e+00  4.763423e+00  2.246376e+01  4.619475e+01  1.747602e+02  2.884916e+00  1.261690e+01  1.4597774235164476e+00
       670  8.3749999999998770e-01  1.2478556345237894e-01  4.0305004993701055e-01  4.474046e-01  3.717742e+00  4.845544e+00  2.267910e+01  4.720187e+01  1.779383e+02  2.886298e+00  1.269311e+01  1.4715454363085458e+00
       680  8.4999999999998743e-01  1.2478220106191204e-01  4.0394330731347228e-01  4.539921e-01  3.727833e+00  4.927960e+00  2.289770e+01  4.822129e+01  1.811829e+02  2.888305e+00  1.277685e+01  1.4835908265043662e+00
       690  8.6249999999998717e-01  1.2477883116203634e-01  4.0485229506106296e-01  4.605648e-01  3.738041e+00  5.010660e+00  2.311951e+01  4.925303e+01  1.844939e+02  2.890939e+00  1.286819e+01  1.4959188644586516e+00
       700  8.7499999999998690e-01  1.2477545362122799e-01  4.0577711330255289e-01  4.671216e-01  3.748361e+00  5.093636e+00  2.334450e+01  5.029706e+01  1.878717e+02  2.894203e+00  1.296718e+01  1.5085349669860246e+00
       710  8.8749999999998663e-01  1.2477206830712230e-01  4.0671786337829291e-01  4.736617e-01  3.758792e+00  5.176878e+00  2.357262e+01  5.135336e+01  1.913164e+02  2.898098e+00  1.307389e+01  1.5214447014667309e+00
       720  8.9999999999998637e-01  1.2476867508650857e-01  4.0767464784171265e-01  4.801840e-01  3.769330e+00  5.260373e+00  2.380385e+01  5.242188e+01  1.948278e+02  2.902624e+00  1.318837e+01  1.5346537901022528e+00
       730  9.1249999999998610e-01  1.2476527382531519e-01  4.0864757045505878e-01  4.866876e-01  3.779971e+00  5.344111e+00  2.403811e+01  5.350256e+01  1.984061e+02  2.907780e+00  1.331065e+01  1.5481681143261612e+00
       740  9.2499999999998583e-01  1.2476186438860211e-01  4.0963673618541580e-01  4.931713e-01  3.790712e+00  5.428078e+00  2.427537e+01  5.459530e+01  2.020511e+02  2.913564e+00  1.344078e+01  1.5619937193752880e+00
       750  9.3749999999998557e-01  1.2475844664055083e-01  4.1064225120098846e-01  4.996343e-01  3.801549e+00  5.512260e+00  2.451557e+01  5.570003e+01  2.057626e+02  2.919975e+00  1.357878e+01  1.5761368190270086e+00
       760  9.4999999999998530e-01  1.2475502044445312e-01  4.1166422286766868e-01  5.060753e-01  3.812478e+00  5.596645e+00  2.475864e+01  5.681660e+01  2.095404e+02  2.927008e+00  1.372468e+01  1.5906038005080794e+00
       770  9.6249999999998503e-01  1.2475158566270306e-01  4.1270275974583037e-01  5.124933e-01  3.823496e+00  5.681216e+00  2.500453e+01  5.794490e+01  2.133841e+02  2.934660e+00  1.387848e+01  1.6054012295810707e+00
       780  9.7499999999998477e-01  1.2474814215678416e-01  4.1375797158742567e-01  5.188872e-01  3.834598e+00  5.765958e+00  2.525317e+01  5.908475e+01  2.172934e+02  2.942927e+00  1.404019e+01  1.6205358558146092e+00
       790  9.8749999999998450e-01  1.2474468978726266e-01  4.1482996933330379e-01  5.252559e-01  3.845781e+00  5.850854e+00  2.550448e+01  6.023599e+01  2.212678e+02  2.951801e+00  1.420982e+01  1.6360146180435926e+00
       800  9.9999999999998423e-01  1.2474122841377520e-01  4.1591886511080450e-01  5.315982e-01  3.857039e+00  5.935886e+00  2.575840e+01  6.139841e+01  2.253066e+02  2.961278e+00  1.438734e+01  1.6518446500261805e+00
       810  1.0124999999999840e+00  1.2473775789502019e-01  4.1702477223159179e-01  5.379129e-01  3.868368e+00  6.021037e+00  2.601483e+01  6.257180e+01  2.294091e+02  2.971349e+00  1.457273e+01  1.6680332863043179e+00
       820  1.0249999999999837e+00  1.2473427808874707e-01  4.1814780518972539e-01  5.441988e-01  3.879764e+00  6.106286e+00  2.627371e+01  6.375591e+01  2.335746e+02  2.982007e+00  1.476598e+01  1.6845880682748668e+00
       830  1.0374999999999834e+00  1.2473078885174797e-01  4.1928807965998516e-01  5.504548e-01  3.891223e+00  6.191614e+00  2.653493e+01  6.495047e+01  2.378023e+02  2.993243e+00  1.496703e+01  1.7015167504786954e+00
       840  1.0499999999999832e+00  1.2472729003984609e-01  4.2044571249640655e-01  5.566796e-01  3.902738e+00  6.277000e+00  2.679840e+01  6.615521e+01  2.420910e+02  3.005047e+00  1.517584e+01  1.7188273071154887e+00
       850  1.0624999999999829e+00  1.2472378150788649e-01  4.2162082173106291e-01  5.628720e-01  3.914305e+00  6.362422e+00  2.706404e+01  6.736980e+01  2.464397e+02  3.017409e+00  1.539236e+01  1.7365279387919901e+00
       860  1.0749999999999826e+00  1.2472026310972685e-01  4.2281352657304383e-01  5.690307e-01  3.925919e+00  6.447857e+00  2.733173e+01  6.859391e+01  2.508472e+02  3.030319e+00  1.561651e+01  1.7546270795119969e+00
       870  1.0874999999999824e+00  1.2471673469822656e-01  4.2402394740767058e-01  5.751543e-01  3.937574e+00  6.533282e+00  2.760137e+01  6.982719e+01  2.553121e+02  3.043765e+00  1.584821e+01  1.7731334039165927e+00
       880  1.0999999999999821e+00  1.2471319612523900e-01  4.2525220579588169e-01  5.812418e-01  3.949266e+00  6.618672e+00  2.787286e+01  7.106924e+01  2.598331e+02  3.057735e+00  1.608737e+01  1.7920558347834226e+00
       890  1.1124999999999818e+00  1.2470964724159846e-01  4.2649842447384873e-01  5.872917e-01  3.960989e+00  6.704004e+00  2.814606e+01  7.231966e+01  2.644086e+02  3.072215e+00  1.633390e+01  1.8114035507940356e+00
       900  1.1249999999999816e+00  1.2470608789711284e-01  4.2776272735276111e-01  5.933026e-01  3.972737e+00  6.789249e+00  2.842087e+01  7.357801e+01  2.690368e+02  3.087192e+00  1.658768e+01  1.8311859945789615e+00
       910  1.1374999999999813e+00  1.2470251794055462e-01  4.2904523951878965e-01  5.992734e-01  3.984504e+00  6.874382e+00  2.869717e+01  7.484383e+01  2.737159e+02  3.102652e+00  1.684858e+01  1.8514128810501105e+00
       920  1.1499999999999810e+00  1.2469893721964712e-01  4.3034608723322393e-01  6.052026e-01  3.996285e+00  6.959375e+00  2.897481e+01  7.611663e+01  2.784442e+02  3.118580e+00  1.711647e+01  1.8720942060307244e+00
       930  1.1624999999999808e+00  1.2469534558105887e-01  4.3166539793276959e-01  6.110889e-01  4.008074e+00  7.044200e+00  2.925367e+01  7.739590e+01  2.832193e+02  3.134961e+00  1.739119e+01  1.8932402551934102e+00
       940  1.1749999999999805e+00  1.2469174287039196e-01  4.3300330023001066e-01  6.169308e-01  4.019864e+00  7.128827e+00  2.953360e+01  7.868111e+01  2.880392e+02  3.151778e+00  1.767258e+01  1.9148616133170413e+00
       950  1.1874999999999802e+00  1.2468812893217159e-01  4.3435992391398359e-01  6.227271e-01  4.031650e+00  7.213227e+00  2.981448e+01  7.997168e+01  2.929016e+02  3.169016e+00  1.796047e+01  1.9369691738739814e+00
       960  1.1999999999999800e+00  1.2468450360983792e-01  4.3573539995092136e-01  6.284764e-01  4.043425e+00  7.297368e+00  3.009614e+01  8.126703e+01  2.978040e+02  3.186657e+00  1.825467e+01  1.9595741489589023e+00
       970  1.2124999999999797e+00  1.2468086674573545e-01  4.3712986048510039e-01  6.341772e-01  4.055182e+00  7.381220e+00  3.037844e+01  8.256654e+01  3.027437e+02  3.204683e+00  1.855497e+01  1.9826880795717781e+00
       980  1.2249999999999794e+00  1.2467721818110220e-01  4.3854343883980473e-01  6.398281e-01  4.066917e+00  7.464749e+00  3.066122e+01  8.386957e+01  3.077181e+02  3.223077e+00  1.886115e+01  2.0063228462669387e+00
       990  1.2374999999999792e+00  1.2467355775606183e-01  4.3997626951839364e-01  6.454278e-01  4.078621e+00  7.547924e+00  3.094432e+01  8.517545e+01  3.127243e+02  3.241820e+00  1.917299e+01  2.0304906801815270e+00
      1000  1.2499999999999789e+00  1.2466988530961176e-01  4.4142848820547531e-01  6.509747e-01  4.090289e+00  7.630711e+00  3.122758e+01  8.648349e+01  3.177592e+02  3.260892e+00  1.949024e+01  2.0552041744563700e+00
      1010  1.2624999999999786e+00  1.2466620067961540e-01  4.4290023176814625e-01  6.564676e-01  4.101913e+00  7.713075e+00  3.151083e+01  8.779297e+01  3.228199e+02  3.280275e+00  1.981263e+01  2.0804762960631957e+00
      1020  1.2749999999999784e+00  1.2466250370279097e-01  4.4439163825732397e-01  6.619049e-01  4.113488e+00  7.794982e+00  3.179389e+01  8.910315e+01  3.279030e+02  3.299948e+00  2.013990e+01  2.1063203980523033e+00
      1030  1.2874999999999781e+00  1.2465879421470057e-01  4.4590284690914017e-01  6.672852e-01  4.125006e+00  7.876396e+00  3.207660e+01  9.041327e+01  3.330051e+02  3.319891e+00  2.047175e+01  2.1327502322352725e+00
      1040  1.2999999999999778e+00  1.2465507204974410e-01  4.4743399814637924e-01  6.726071e-01  4.136461e+00  7.957282e+00  3.235877e+01  9.172254e+01  3.381228e+02  3.340084e+00  2.080789e+01  2.1597799623180207e+00
      1050  1.3124999999999776e+00  1.2465133704114366e-01  4.4898523357997605e-01  6.778692e-01  4.147845e+00  8.037604e+00  3.264022e+01  9.303015e+01  3.432523e+02  3.360505e+00  2.114800e+01  2.1874241774996230e+00
      1060  1.3249999999999773e+00  1.2464758902094036e-01  4.5055669601055859e-01  6.830700e-01  4.159153e+00  8.117324e+00  3.292076e+01  9.433527e+01  3.483900e+02  3.381134e+00  2.149175e+01  2.2156979065529283e+00
      1070  1.3374999999999770e+00  1.2464382781997893e-01  4.5214852943000194e-01  6.882081e-01  4.170377e+00  8.196405e+00  3.320021e+01  9.563705e+01  3.535320e+02  3.401949e+00  2.183879e+01  2.2446166324036807e+00
      1080  1.3499999999999768e+00  1.2464005326789795e-01  4.5376087902298912e-01  6.932821e-01  4.181510e+00  8.274810e+00  3.347837e+01  9.693462e+01  3.586742e+02  3.422928e+00  2.218876e+01  2.2741963072249987e+00
      1090  1.3624999999999765e+00  1.2463626519312571e-01  4.5539389116863810e-01  6.982905e-01  4.192546e+00  8.352502e+00  3.375506e+01  9.822709e+01  3.638126e+02  3.444049e+00  2.254130e+01  2.3044533680648165e+00
      1100  1.3749999999999762e+00  1.2463246342286279e-01  4.5704771344207501e-01  7.032319e-01  4.203477e+00  8.429441e+00  3.403007e+01  9.951356e+01  3.689430e+02  3.465290e+00  2.289603e+01  2.3354047530241644e+00
      1110  1.3874999999999760e+00  1.2462864778307695e-01  4.5872249461601911e-01  7.081048e-01  4.214297e+00  8.505589e+00  3.430321e+01  1.007931e+02  3.740611e+02  3.486629e+00  2.325254e+01  2.3670679180049707e+00
      1120  1.3999999999999757e+00  1.2462481809849119e-01  4.6041838466237850e-01  7.129080e-01  4.224998e+00  8.580908e+00  3.457428e+01  1.020648e+02  3.791626e+02  3.508043e+00  2.361043e+01  2.3994608540460685e+00
      1130  1.4124999999999754e+00  1.2462097419257502e-01  4.6213553475378555e-01  7.176398e-01  4.235575e+00  8.655359e+00  3.484308e+01  1.033277e+02  3.842429e+02  3.529510e+00  2.396929e+01  2.4326021052670108e+00
      1140  1.4249999999999752e+00  1.2461711588753309e-01  4.6387409726514850e-01  7.222991e-01  4.246020e+00  8.728904e+00  3.510940e+01  1.045808e+02  3.892975e+02  3.551008e+00  2.432869e+01  2.4665107874397791e+00
      1150  1.4374999999999749e+00  1.2461324300429520e-01  4.6563422577512503e-01  7.268843e-01  4.256327e+00  8.801503e+00  3.537305e+01  1.058231e+02  3.943218e+02  3.572513e+00  2.468819e+01  2.5012066072083350e+00
      1160  1.4499999999999746e+00  1.2460935536250753e-01  4.6741607506760263e-01  7.313940e-01  4.266488e+00  8.873117e+00  3.563382e+01  1.070538e+02  3.993111e+02  3.594004e+00  2.504734e+01  2.5367098819771909e+00
      1170  1.4624999999999744e+00  1.2460545278052224e-01  4.6921980113309114e-01  7.358270e-01  4.276498e+00  8.943709e+00  3.589151e+01  1.082718e+02  4.042608e+02  3.615457e+00  2.540570e+01  2.5730415604902150e+00
      1180  1.4749999999999741e+00  1.2460153507538493e-01  4.7104556117010715e-01  7.401818e-01  4.286350e+00  9.013240e+00  3.614591e+01  1.094760e+02  4.091660e+02  3.636852e+00  2.576279e+01  2.6102232441212876e+00
      1190  1.4874999999999738e+00  1.2459760206282822e-01  4.7289351358645942e-01  7.444571e-01  4.296038e+00  9.081671e+00  3.639682e+01  1.106657e+02  4.140220e+02  3.658165e+00  2.611816e+01  2.6482772088987860e+00
      1200  1.4999999999999736e+00  1.2459365355726067e-01  4.7476381800051515e-01  7.486515e-01  4.305555e+00  9.148964e+00  3.664405e+01  1.118396e+02  4.188238e+02  3.679374e+00  2.647134e+01  2.6872264282869374e+00
      1210  1.5124999999999733e+00  1.2458968937175491e-01  4.7665663524238922e-01  7.527638e-01  4.314894e+00  9.215082e+00  3.688739e+01  1.129969e+02  4.235668e+02  3.700459e+00  2.682185e+01  2.7270945967460278e+00
      1220  1.5249999999999730e+00  1.2458570931803896e-01  4.7857212735507149e-01  7.567927e-01  4.324051e+00  9.279988e+00  3.712664e+01  1.141366e+02  4.282461e+02  3.721397e+00  2.716921e+01  2.7679061540952539e+00
      1230  1.5374999999999728e+00  1.2458171320648492e-01  4.8051045759547623e-01  7.607367e-01  4.333019e+00  9.343644e+00  3.736161e+01  1.152576e+02  4.328568e+02  3.742168e+00  2.751296e+01  2.8096863107014851e+00
      1240  1.5499999999999725e+00  1.2457770084610167e-01  4.8247179043544375e-01  7.645948e-01  4.341792e+00  9.406015e+00  3.759211e+01  1.163590e+02  4.373942e+02  3.762750e+00  2.785261e+01  2.8524610735173201e+00
      1250  1.5624999999999722e+00  1.2457367204452202e-01  4.8445629156267284e-01  7.683656e-01  4.350365e+00  9.467065e+00  3.781794e+01  1.174399e+02  4.418534e+02  3.783125e+00  2.818768e+01  2.8962572729927993e+00
      1260  1.5749999999999720e+00  1.2456962660799241e-01  4.8646412788155924e-01  7.720479e-01  4.358732e+00  9.526759e+00  3.803892e+01  1.184994e+02  4.462299e+02  3.803271e+00  2.851772e+01  2.9411025908842983e+00
      1270  1.5874999999999717e+00  1.2456556434136391e-01  4.8849546751399675e-01  7.756404e-01  4.366889e+00  9.585062e+00  3.825487e+01  1.195363e+02  4.505188e+02  3.823170e+00  2.884224e+01  2.9870255889847988e+00
      1280  1.5999999999999714e+00  1.2456148504808338e-01  4.9055047980011118e-01  7.791421e-01  4.374829e+00  9.641942e+00  3.846560e+01  1.205499e+02  4.547156e+02  3.842802e+00  2.916079e+01  3.0340557387998461e+00
      1290  1.6124999999999712e+00  1.2455738853017972e-01  4.9262933529890024e-01  7.825517e-01  4.382548e+00  9.697365e+00  3.867094e+01  1.215393e+02  4.588158e+02  3.862150e+00  2.947292e+01  3.0822234521926388e+00
      1300  1.6249999999999709e+00  1.2455327458825818e-01  4.9473220578885824e-01  7.858681e-01  4.390042e+00  9.751300e+00  3.887073e+01  1.225035e+02  4.628150e+02  3.881196e+00  2.977819e+01  3.1315601130230384e+00
      1310  1.6374999999999706e+00  1.2454914302148476e-01  4.9685926426849603e-01  7.890901e-01  4.397306e+00  9.803716e+00  3.906479e+01  1.234418e+02  4.667088e+02  3.899924e+00  3.007615e+01  3.1820981098027348e+00
      1320  1.6499999999999704e+00  1.2454499362758172e-01  4.9901068495685513e-01  7.922168e-01  4.404336e+00  9.854583e+00  3.925297e+01  1.243532e+02  4.704931e+02  3.918317e+00  3.036639e+01  3.2338708693912626e+00
      1330  1.6624999999999701e+00  1.2454082620281320e-01  5.0118664329394913e-01  7.952469e-01  4.411128e+00  9.903873e+00  3.943512e+01  1.252370e+02  4.741637e+02  3.936359e+00  3.064850e+01  3.2869128917547394e+00
      1340  1.6749999999999698e+00  1.2453664054197634e-01  5.0338731594116992e-01  7.981795e-01  4.417678e+00  9.951558e+00  3.961109e+01  1.260924e+02  4.777168e+02  3.954037e+00  3.092208e+01  3.3412597858098909e+00
      1350  1.6874999999999696e+00  1.2453243643839228e-01  5.0561288078165512e-01  8.010135e-01  4.423982e+00  9.997612e+00  3.978074e+01  1.269187e+02  4.811486e+02  3.971336e+00  3.118677e+01  3.3969483063747976e+00
      1360  1.6999999999999693e+00  1.2452821368389425e-01  5.0786351692066278e-01  8.037480e-01  4.430039e+00  1.004201e+01  3.994393e+01  1.277151e+02  4.844554e+02  3.988244e+00  3.144220e+01  3.4540163922471407e+00
      1370  1.7124999999999690e+00  1.2452397206881891e-01  5.1013940468589436e-01  8.063820e-01  4.435843e+00  1.008472e+01  4.010056e+01  1.284810e+02  4.876338e+02  4.004749e+00  3.168803e+01  3.5125032054297689e+00
      1380  1.7249999999999688e+00  1.2451971138199426e-01  5.1244072562782528e-01  8.089145e-01  4.441394e+00  1.012574e+01  4.025049e+01  1.292158e+02  4.906805e+02  4.020839e+00  3.192395e+01  3.5724491715215354e+00
      1390  1.7374999999999685e+00  1.2451543141073086e-01  5.1476766252005557e-01  8.113446e-01  4.446689e+00  1.016503e+01  4.039361e+01  1.299188e+02  4.935925e+02  4.036505e+00  3.214966e+01  3.6338960212913634e+00
      1400  1.7499999999999682e+00  1.2451113194081061e-01  5.1712039935967602e-01  8.136715e-01  4.451725e+00  1.020257e+01  4.052984e+01  1.305895e+02  4.963670e+02  4.051739e+00  3.236490e+01  3.6968868334503142e+00
      1410  1.7624999999999680e+00  1.2450681275648043e-01  5.1949912136763521e-01  8.158943e-01  4.456502e+00  1.023836e+01  4.065907e+01  1.312274e+02  4.990011e+02  4.066531e+00  3.256940e+01  3.7614660786365466e+00
      1420  1.7749999999999677e+00  1.2450247364043310e-01  5.2190401498921157e-01  8.180122e-01  4.461017e+00  1.027236e+01  4.078122e+01  1.318320e+02  5.014926e+02  4.080875e+00  3.276296e+01  3.8276796646238225e+00
      1430  1.7874999999999674e+00  1.2449811437380730e-01  5.2433526789449414e-01  8.200244e-01  4.465269e+00  1.030457e+01  4.089622e+01  1.324028e+02  5.038392e+02  4.094765e+00  3.294538e+01  3.8955749827644981e+00
      1440  1.7999999999999672e+00  1.2449373473617235e-01  5.2679306897898337e-01  8.219301e-01  4.469259e+00  1.033497e+01  4.100401e+01  1.329396e+02  5.060390e+02  4.108198e+00  3.311650e+01  3.9652009556730716e+00
      1450  1.8124999999999669e+00  1.2448933450551540e-01  5.2927760836426119e-01  8.237286e-01  4.472984e+00  1.036354e+01  4.110452e+01  1.334419e+02  5.080901e+02  4.121169e+00  3.327617e+01  4.0366080861558133e+00
      1460  1.8249999999999666e+00  1.2448491345823759e-01  5.3178907739877279e-01  8.254192e-01  4.476447e+00  1.039029e+01  4.119772e+01  1.339095e+02  5.099911e+02  4.133675e+00  3.342429e+01  4.1098485073867987e+00
      1470  1.8374999999999664e+00  1.2448047136913809e-01  5.3432766865880499e-01  8.270013e-01  4.479646e+00  1.041519e+01  4.128356e+01  1.343422e+02  5.117407e+02  4.145717e+00  3.356079e+01  4.1849760343297824e+00
      1480  1.8499999999999661e+00  1.2447600801140919e-01  5.3689357594953657e-01  8.284741e-01  4.482582e+00  1.043825e+01  4.136203e+01  1.347396e+02  5.133380e+02  4.157295e+00  3.368563e+01  4.2620462163987893e+00
      1490  1.8624999999999658e+00  1.2447152315661994e-01  5.3948699430632385e-01  8.298371e-01  4.485256e+00  1.045945e+01  4.143310e+01  1.351018e+02  5.147821e+02  4.168409e+00  3.379879e+01  4.3411163913497361e+00
      1500  1.8749999999999656e+00  1.2446701657470866e-01  5.4210811999620445e-01  8.310896e-01  4.487670e+00  1.047878e+01  4.149676e+01  1.354286e+02  5.160727e+02  4.179062e+00  3.390029e+01  4.4222457403870905e+00
      1510  1.8874999999999653e+00  1.2446248803397711e-01  5.4475715051958951e-01  8.322312e-01  4.489826e+00  1.049626e+01  4.155303e+01  1.357199e+02  5.172094e+02  4.189259e+00  3.399021e+01  4.5054953444689403e+00
      1520  1.8999999999999651e+00  1.2445793730107121e-01  5.4743428461225452e-01  8.332613e-01  4.491725e+00  1.051187e+01  4.160192e+01  1.359758e+02  5.181923e+02  4.199004e+00  3.406861e+01  4.5909282417853827e+00
      1530  1.9124999999999648e+00  1.2445336414097850e-01  5.5013972224760299e-01  8.341794e-01  4.493370e+00  1.052561e+01  4.164345e+01  1.361963e+02  5.190217e+02  4.208304e+00  3.413563e+01  4.6786094863817596e+00
      1540  1.9249999999999645e+00  1.2444876831701503e-01  5.5287366463926124e-01  8.349850e-01  4.494763e+00  1.053749e+01  4.167766e+01  1.363815e+02  5.196982e+02  4.217166e+00  3.419144e+01  4.7686062078911515e+00
      1550  1.9374999999999643e+00  1.2444414959081235e-01  5.5563631424401005e-01  8.356778e-01  4.495909e+00  1.054751e+01  4.170458e+01  1.365315e+02  5.202224e+02  4.225601e+00  3.423622e+01  4.8609876723346188e+00
      1560  1.9499999999999640e+00  1.2443950772231280e-01  5.5842787476514411e-01  8.362572e-01  4.496810e+00  1.055568e+01  4.172428e+01  1.366467e+02  5.205954e+02  4.233617e+00  3.427021e+01  4.9558253439416307e+00
      1570  1.9624999999999637e+00  1.2443484246975232e-01  5.6124855115624805e-01  8.367229e-01  4.497470e+00  1.056199e+01  4.173682e+01  1.367271e+02  5.208186e+02  4.241228e+00  3.429367e+01  5.0531929479332431e+00
      1580  1.9749999999999635e+00  1.2443015358965601e-01  5.6409854962538064e-01  8.370745e-01  4.497894e+00  1.056646e+01  4.174227e+01  1.367731e+02  5.208934e+02  4.248445e+00  3.430691e+01  5.1531665342072781e+00
      1590  1.9874999999999632e+00  1.2442544083682580e-01  5.6697807763987906e-01  8.373118e-01  4.498086e+00  1.056909e+01  4.174072e+01  1.367850e+02  5.208216e+02  4.255284e+00  3.431027e+01  5.2558245418513208e+00
      1600  1.9999999999999629e+00  1.2442070396432722e-01  5.6988734393164431e-01  8.374343e-01  4.498052e+00  1.056990e+01  4.173226e+01  1.367633e+02  5.206052e+02  4.261759e+00  3.430412e+01  5.3612478644051667e+00
      1610  2.0124999999999647e+00  1.2441594272348068e-01  5.7282655850302922e-01  8.374418e-01  4.497796e+00  1.056890e+01  4.171700e+01  1.367082e+02  5.202464e+02  4.267887e+00  3.428888e+01  5.4695199157821275e+00
      1620  2.0249999999999666e+00  1.2441115686385329e-01  5.7579593263341944e-01  8.373341e-01  4.497325e+00  1.056609e+01  4.169503e+01  1.366203e+02  5.197476e+02  4.273687e+00  3.426498e+01  5.5807266967514684e+00
      1630  2.0374999999999686e+00  1.2440634613324437e-01  5.7879567888649863e-01  8.371109e-01  4.496644e+00  1.056150e+01  4.166650e+01  1.365000e+02  5.191114e+02  4.279178e+00  3.423293e+01  5.6949568618709918e+00
      1640  2.0499999999999705e+00  1.2440151027767710e-01  5.8182601111827736e-01  8.367719e-01  4.495761e+00  1.055513e+01  4.163152e+01  1.363479e+02  5.183408e+02  4.284381e+00  3.419324e+01  5.8123017867518474e+00
      1650  2.0624999999999725e+00  1.2439664904138537e-01  5.8488714448597745e-01  8.363170e-01  4.494681e+00  1.054701e+01  4.159023e+01  1.361646e+02  5.174387e+02  4.289318e+00  3.414646e+01  5.9328556355234348e+00
      1660  2.0749999999999744e+00  1.2439176216680589e-01  5.8797929545772776e-01  8.357461e-01  4.493413e+00  1.053714e+01  4.154278e+01  1.359506e+02  5.164083e+02  4.294011e+00  3.409320e+01  6.0567154283573306e+00
      1670  2.0874999999999764e+00  1.2438684939456648e-01  5.9110268182334513e-01  8.350589e-01  4.491963e+00  1.052555e+01  4.148932e+01  1.357066e+02  5.152529e+02  4.298486e+00  3.403408e+01  6.1839811088950345e+00
      1680  2.0999999999999783e+00  1.2438191046347077e-01  5.9425752270603094e-01  8.342553e-01  4.490340e+00  1.051225e+01  4.143002e+01  1.354332e+02  5.139762e+02  4.302769e+00  3.396977e+01  6.3147556114146655e+00
      1690  2.1124999999999803e+00  1.2437694511049434e-01  5.9744403857522843e-01  8.333353e-01  4.488552e+00  1.049726e+01  4.136505e+01  1.351312e+02  5.125819e+02  4.306885e+00  3.390099e+01  6.4491449275562047e+00
      1700  2.1249999999999822e+00  1.2437195307076596e-01  6.0066245126068640e-01  8.322986e-01  4.486607e+00  1.048061e+01  4.129457e+01  1.348011e+02  5.110736e+02  4.310865e+00  3.382848e+01  6.5872581724150718e+00
      1710  2.1374999999999842e+00  1.2436693407756312e-01  6.0391298396777104e-01  8.311452e-01  4.484515e+00  1.046231e+01  4.121878e+01  1.344438e+02  5.094555e+02  4.314736e+00  3.375302e+01  6.7292076497991644e+00
      1720  2.1499999999999861e+00  1.2436188786229313e-01  6.0719586129419167e-01  8.298751e-01  4.482285e+00  1.044238e+01  4.113787e+01  1.340600e+02  5.077315e+02  4.318529e+00  3.367543e+01  6.8751089164303725e+00
      1730  2.1624999999999881e+00  1.2435681415449179e-01  6.1051130924815300e-01  8.284882e-01  4.479925e+00  1.042084e+01  4.105203e+01  1.336504e+02  5.059059e+02  4.322277e+00  3.359659e+01  7.0250808448607334e+00
      1740  2.1749999999999901e+00  1.2435171268179668e-01  6.1385955526813218e-01  8.269844e-01  4.477448e+00  1.039772e+01  4.096147e+01  1.332158e+02  5.039830e+02  4.326013e+00  3.351739e+01  7.1792456848587971e+00
      1750  2.1874999999999920e+00  1.2434658316995038e-01  6.1724082824432147e-01  8.253638e-01  4.474861e+00  1.037304e+01  4.086639e+01  1.327571e+02  5.019671e+02  4.329770e+00  3.343879e+01  7.3377291230074277e+00
      1760  2.1999999999999940e+00  1.2434142534277980e-01  6.2065535854195109e-01  8.236262e-01  4.472177e+00  1.034681e+01  4.076701e+01  1.322749e+02  4.998626e+02  4.333585e+00  3.336177e+01  7.5006603402429874e+00
      1770  2.2124999999999959e+00  1.2433623892218251e-01  6.2410337802645510e-01  8.217717e-01  4.469406e+00  1.031906e+01  4.066356e+01  1.317702e+02  4.976742e+02  4.337494e+00  3.328738e+01  7.6681720670539786e+00
      1780  2.2249999999999979e+00  1.2433102362812008e-01  6.2758512009080791e-01  8.198003e-01  4.466559e+00  1.028981e+01  4.055624e+01  1.312436e+02  4.954064e+02  4.341534e+00  3.321669e+01  7.8404006360406973e+00
      1790  2.2374999999999998e+00  1.2432577917860281e-01  6.3110081968505527e-01  8.177120e-01  4.463648e+00  1.025908e+01  4.044531e+01  1.306961e+02  4.930637e+02  4.345745e+00  3.315083e+01  8.0174860315314920e+00
      1800  2.2500000000000018e+00  1.2432050528967269e-01  6.3465071334827605e-01  8.155068e-01  4.460684e+00  1.022690e+01  4.033099e+01  1.301284e+02  4.906510e+02  4.350168e+00  3.309098e+01  8.1995719359357686e+00
      1810  2.2625000000000037e+00  1.2431520167539535e-01  6.3823503924301095e-01  8.131847e-01  4.457680e+00  1.019327e+01  4.021351e+01  1.295413e+02  4.881728e+02  4.354843e+00  3.303839e+01  8.3868057725065270e+00
      1820  2.2750000000000057e+00  1.2430986804784522e-01  6.4185403719253364e-01  8.107459e-01  4.454648e+00  1.015823e+01  4.009314e+01  1.289356e+02  4.856340e+02  4.359813e+00  3.299432e+01  8.5793387441745157e+00
      1830  2.2875000000000076e+00  1.2430450411708933e-01  6.4550794872094219e-01  8.081902e-01  4.451601e+00  1.012179e+01  3.997010e+01  1.283120e+02  4.830392e+02  4.365121e+00  3.296014e+01  8.7773258681108608e+00
      1840  2.3000000000000096e+00  1.2429910959117400e-01  6.4919701709644428e-01  8.055178e-01  4.448551e+00  1.008397e+01  3.984467e+01  1.276714e+02  4.803932e+02  4.370814e+00  3.293724e+01  8.9809260056663049e+00
      1850  2.3125000000000115e+00  1.2429368417610982e-01  6.5292148737796551e-01  8.027287e-01  4.445513e+00  1.004479e+01  3.971708e+01  1.270144e+02  4.777009e+02  4.376936e+00  3.292710e+01  9.1903018873318274e+00
      1860  2.3250000000000135e+00  1.2428822757585940e-01  6.5668160646529772e-01  7.998230e-01  4.442499e+00  1.000426e+01  3.958762e+01  1.263419e+02  4.749668e+02  4.383535e+00  3.293125e+01  9.4056201323657724e+00
      1870  2.3375000000000155e+00  1.2428273949231811e-01  6.6047762315306879e-01  7.968007e-01  4.439524e+00  9.962405e+00  3.945653e+01  1.256545e+02  4.721959e+02  4.390659e+00  3.295129e+01  9.6270512627266527e+00
      1880  2.3500000000000174e+00  1.2427721962529774e-01  6.6430978818880693e-01  7.936618e-01  4.436601e+00  9.919233e+00  3.932408e+01  1.249529e+02  4.693928e+02  4.398359e+00  3.298892e+01  9.8547697109606496e+00
      1890  2.3625000000000194e+00  1.2427166767251534e-01  6.6817835433528217e-01  7.904065e-01  4.433745e+00  9.874758e+00  3.919056e+01  1.242377e+02  4.665623e+02  4.406685e+00  3.304589e+01  1.0088953821691478e+01
      1900  2.3750000000000213e+00  1.2426608332956662e-01  6.7208357643753724e-01  7.870348e-01  4.430970e+00  9.828993e+00  3.905623e+01  1.235095e+02  4.637091e+02  4.415689e+00  3.312404e+01  1.0329785846373831e+01
      1910  2.3875000000000233e+00  1.2426046628991948e-01  6.7602571149482360e-01  7.835468e-01  4.428292e+00  9.781947e+00  3.892138e+01  1.227691e+02  4.608380e+02  4.425424e+00  3.322531e+01  1.0577451930980143e+01
      1920  2.4000000000000252e+00  1.2425481624488888e-01  6.8000501873782548e-01  7.799425e-01  4.425725e+00  9.733630e+00  3.878628e+01  1.220168e+02  4.579536e+02  4.435945e+00  3.335173e+01  1.0832142096310672e+01
      1930  2.4125000000000272e+00  1.2424913288361822e-01  6.8402175971147794e-01  7.762220e-01  4.423285e+00  9.684048e+00  3.865124e+01  1.212532e+02  4.550606e+02  4.447307e+00  3.350542e+01  1.1094050210629941e+01
      1940  2.4250000000000291e+00  1.2424341589305896e-01  6.8807619836377332e-01  7.723854e-01  4.420987e+00  9.633206e+00  3.851654e+01  1.204788e+02  4.521637e+02  4.459567e+00  3.368862e+01  1.1363373954366335e+01
      1950  2.4375000000000311e+00  1.2423766495795782e-01  6.9216860114096090e-01  7.684327e-01  4.418847e+00  9.581108e+00  3.838248e+01  1.196940e+02  4.492676e+02  4.472783e+00  3.390366e+01  1.1640314776633737e+01
      1960  2.4500000000000330e+00  1.2423187976082384e-01  6.9629923708950470e-01  7.643640e-01  4.416882e+00  9.527754e+00  3.824936e+01  1.188992e+02  4.463770e+02  4.487015e+00  3.415302e+01  1.1925077843373785e+01
      1970  2.4625000000000350e+00  1.2422605998191638e-01  7.0046837796527917e-01  7.601794e-01  4.415107e+00  9.473143e+00  3.811749e+01  1.180946e+02  4.434966e+02  4.502322e+00  3.443927e+01  1.2217871976956335e+01
      1980  2.4750000000000369e+00  1.2422020529921268e-01  7.0467629835046464e-01  7.558790e-01  4.413540e+00  9.417272e+00  3.798718e+01  1.172806e+02  4.406310e+02  4.518765e+00  3.476514e+01  1.2518909587124078e+01
      1990  2.4875000000000389e+00  1.2421431538839613e-01  7.0892327577855374e-01  7.514627e-01  4.412197e+00  9.360135e+00  3.785876e+01  1.164574e+02  4.377851e+02  4.536409e+00  3.513348e+01  1.2828406593221411e+01
      2000  2.5000000000000409e+00  1.2420838992281598e-01  7.1320959086816449e-01  7.469308e-01  4.411094e+00  9.301723e+00  3.773255e+01  1.156250e+02  4.349637e+02  4.555315e+00  3.554728e+01  1.3146582337706946e+01
      2010  2.5125000000000428e+00  1.2420242857347571e-01  7.1753552746598692e-01  7.422832e-01  4.410250e+00  9.242026e+00  3.760887e+01  1.147835e+02  4.321715e+02  4.575550e+00  3.600972e+01  1.3473659491022616e+01
      2020  2.5250000000000448e+00  1.2419643100899608e-01  7.2190137279957411e-01  7.375201e-01  4.409682e+00  9.181029e+00  3.748809e+01  1.139331e+02  4.294135e+02  4.597179e+00  3.652410e+01  1.3809863947964137e+01
      2030  2.5375000000000467e+00  1.2419039689558638e-01  7.2630741764060547e-01  7.326415e-01  4.409407e+00  9.118716e+00  3.737053e+01  1.130734e+02  4.266948e+02  4.620268e+00  3.709390e+01  1.4155424715785578e+01
      2040  2.5500000000000487e+00  1.2418432589702252e-01  7.3075395647914410e-01  7.276475e-01  4.409443e+00  9.055067e+00  3.725656e+01  1.122045e+02  4.240203e+02  4.644887e+00  3.772281e+01  1.4510573794371794e+01
      2050  2.5625000000000506e+00  1.2417821767460485e-01  7.3524128770966857e-01  7.225382e-01  4.409808e+00  8.990061e+00  3.714654e+01  1.113261e+02  4.213955e+02  4.671104e+00  3.841466e+01  1.4875546048903699e+01
      2060  2.5750000000000526e+00  1.2417207188713120e-01  7.3976971382956025e-01  7.173136e-01  4.410520e+00  8.923671e+00  3.704086e+01  1.104378e+02  4.188256e+02  4.698987e+00  3.917349e+01  1.5250579075570020e+01
      2070  2.5875000000000545e+00  1.2416588819085812e-01  7.4433954165075078e-01  7.119739e-01  4.411598e+00  8.855869e+00  3.693989e+01  1.095392e+02  4.163163e+02  4.728610e+00  4.000355e+01  1.5635913061002018e+01
      2080  2.6000000000000565e+00  1.2415966623947124e-01  7.4895108252542342e-01  7.065192e-01  4.413061e+00  8.786623e+00  3.684405e+01  1.086299e+02  4.138734e+02  4.760041e+00  4.090930e+01  1.6031790636232394e+01
      2090  2.6125000000000584e+00  1.2415340568403592e-01  7.5360465258649101e-01  7.009494e-01  4.414927e+00  8.715896e+00  3.675373e+01  1.077090e+02  4.115031e+02  4.793354e+00  4.189540e+01  1.6438456726148917e+01
      2100  2.6250000000000604e+00  1.2414710617296232e-01  7.5830057300374609e-01  6.952649e-01  4.417215e+00  8.643651e+00  3.666937e+01  1.067760e+02  4.092115e+02  4.828621e+00  4.296675e+01  1.6856158395558850e+01
      2110  2.6375000000000624e+00  1.2414076735196536e-01  7.6303917025666379e-01  6.894656e-01  4.419944e+00  8.569845e+00  3.659140e+01  1.058300e+02  4.070055e+02  4.865915e+00  4.412847e+01  1.7285144693154752e+01
      2120  2.6500000000000643e+00  1.2413438886401156e-01  7.6782077642478264e-01  6.835517e-01  4.423133e+00  8.494433e+00  3.652029e+01  1.048699e+02  4.048922e+02  4.905309e+00  4.538591e+01  1.7725666494874623e+01
      2130  2.6625000000000663e+00  1.2412797034927775e-01  7.7264572949660637e-01  6.775234e-01  4.426802e+00  8.417364e+00  3.645650e+01  1.038947e+02  4.028789e+02  4.946877e+00  4.674469e+01  1.8177976348326414e+01
      2140  2.6750000000000682e+00  1.2412151144509490e-01  7.7751437369816134e-01  6.713807e-01  4.430969e+00  8.338586e+00  3.640053e+01  1.029032e+02  4.009738e+02  4.990694e+00  4.821065e+01  1.8642328320182116e+01
      2150  2.6875000000000702e+00  1.2411501178590248e-01  7.8242705984240057e-01  6.651238e-01  4.435656e+00  8.258042e+00  3.635289e+01  1.018939e+02  3.991852e+02  5.036831e+00  4.978989e+01  1.9118977848671967e+01
      2160  2.7000000000000721e+00  1.2410847100317890e-01  7.8738414570045512e-01  6.587529e-01  4.440881e+00  8.175673e+00  3.631410e+01  1.008653e+02  3.975223e+02  5.085364e+00  5.148875e+01  1.9608181603542661e+01
      2170  2.7125000000000741e+00  1.2410188872540312e-01  7.9238599639607754e-01  6.522682e-01  4.446664e+00  8.091413e+00  3.628472e+01  9.981563e+01  3.959949e+02  5.136365e+00  5.331384e+01  2.0110197356125319e+01
      2180  2.7250000000000760e+00  1.2409526457796402e-01  7.9743298482451619e-01  6.456699e-01  4.453025e+00  8.005197e+00  3.626532e+01  9.874314e+01  3.946134e+02  5.189906e+00  5.527201e+01  2.0625283862416833e+01
      2190  2.7375000000000780e+00  1.2408859818312040e-01  8.0252549209714719e-01  6.389581e-01  4.459984e+00  7.916951e+00  3.625651e+01  9.764574e+01  3.933892e+02  5.246060e+00  5.737038e+01  2.1153700762389583e+01
      2200  2.7500000000000799e+00  1.2408188915991297e-01  8.0766390801344357e-01  6.321332e-01  4.467561e+00  7.826603e+00  3.625890e+01  9.652121e+01  3.923344e+02  5.304897e+00  5.961628e+01  2.1695708499041650e+01
      2210  2.7625000000000819e+00  1.2407513712409636e-01  8.1284863156155718e-01  6.251954e-01  4.475776e+00  7.734074e+00  3.627314e+01  9.536712e+01  3.914623e+02  5.366487e+00  6.201732e+01  2.2251568261043015e+01
      2220  2.7750000000000838e+00  1.2406834168806183e-01  8.1808007144903017e-01  6.181450e-01  4.484648e+00  7.639282e+00  3.629991e+01  9.418086e+01  3.907871e+02  5.430899e+00  6.458130e+01  2.2821541953175775e+01
      2230  2.7875000000000858e+00  1.2406150246074872e-01  8.2335864666567771e-01  6.109823e-01  4.494199e+00  7.542143e+00  3.633993e+01  9.295959e+01  3.903242e+02  5.498199e+00  6.731628e+01  2.3405892199135092e+01
      2240  2.8000000000000878e+00  1.2405461904756451e-01  8.2868478707977489e-01  6.037077e-01  4.504447e+00  7.442570e+00  3.639393e+01  9.170027e+01  3.900903e+02  5.568453e+00  7.023050e+01  2.4004882381653431e+01
      2250  2.8125000000000897e+00  1.2404769105028016e-01  8.3405893406973886e-01  5.963215e-01  4.515413e+00  7.340471e+00  3.646267e+01  9.039961e+01  3.901035e+02  5.641722e+00  7.333239e+01  2.4618776725315794e+01
      2260  2.8250000000000917e+00  1.2404071806694303e-01  8.3948154119309326e-01  5.888241e-01  4.527117e+00  7.235753e+00  3.654697e+01  8.905410e+01  3.903835e+02  5.718068e+00  7.663056e+01  2.5247840427874859e+01
      2270  2.8375000000000936e+00  1.2403369969176131e-01  8.4495307489459981e-01  5.812161e-01  4.539578e+00  7.128320e+00  3.664765e+01  8.765998e+01  3.909514e+02  5.797550e+00  8.013377e+01  2.5892339846325143e+01
      2280  2.8500000000000956e+00  1.2402663551500967e-01  8.5047401525555644e-01  5.734978e-01  4.552816e+00  7.018074e+00  3.676559e+01  8.621321e+01  3.918303e+02  5.880222e+00  8.385087e+01  2.6552542744496016e+01
      2290  2.8625000000000975e+00  1.2401952512289166e-01  8.5604485678670661e-01  5.656699e-01  4.566850e+00  6.904915e+00  3.690170e+01  8.470952e+01  3.930450e+02  5.966137e+00  8.779083e+01  2.7228718609416241e+01
      2300  2.8750000000000995e+00  1.2401236809743353e-01  8.6166610926664533e-01  5.577329e-01  4.581701e+00  6.788741e+00  3.705691e+01  8.314436e+01  3.946224e+02  6.055346e+00  9.196268e+01  2.7921139044272309e+01
      2310  2.8875000000001014e+00  1.2400516401634076e-01  8.6733829862830869e-01  5.496875e-01  4.597388e+00  6.669450e+00  3.723222e+01  8.151290e+01  3.965916e+02  6.147893e+00  9.637544e+01  2.8630078246332005e+01
      2320  2.9000000000001034e+00  1.2399791245287359e-01  8.7306196789596269e-01  5.415344e-01  4.613929e+00  6.546936e+00  3.742863e+01  7.981001e+01  3.989841e+02  6.243824e+00  1.010382e+02  2.9355813578853258e+01
      2330  2.9125000000001053e+00  1.2399061297568301e-01  8.7883767817525604e-01  5.332743e-01  4.631343e+00  6.421096e+00  3.764721e+01  7.803031e+01  4.018336e+02  6.343177e+00  1.059598e+02  3.0098626246615602e+01
      2340  2.9250000000001073e+00  1.2398326514867145e-01  8.8466600969896225e-01  5.249080e-01  4.649649e+00  6.291825e+00  3.788905e+01  7.616810e+01  4.051768e+02  6.445989e+00  1.111492e+02  3.0858802085446037e+01
      2350  2.9375000000001092e+00  1.2397586853082029e-01  8.9054756293144832e-01  5.164365e-01  4.668865e+00  6.159020e+00  3.815528e+01  7.421739e+01  4.090527e+02  6.552294e+00  1.166151e+02  3.1636632476845236e+01
      2360  2.9500000000001112e+00  1.2396842267601801e-01  8.9648295973453451e-01  5.078606e-01  4.689010e+00  6.022578e+00  3.844707e+01  7.217192e+01  4.135038e+02  6.662121e+00  1.223660e+02  3.2432415399626166e+01
      2370  2.9625000000001132e+00  1.2396092713287629e-01  9.0247284459805865e-01  4.991815e-01  4.710100e+00  5.882397e+00  3.876563e+01  7.002512e+01  4.185751e+02  6.775497e+00  1.284102e+02  3.3246456631355635e+01
      2380  2.9750000000001151e+00  1.2395338144454132e-01  9.0851788593822946e-01  4.904003e-01  4.732155e+00  5.738380e+00  3.911221e+01  6.777016e+01  4.243151e+02  6.892448e+00  1.347558e+02  3.4079071113335800e+01
      2390  2.9875000000001171e+00  1.2394578514848292e-01  9.1461877746707931e-01  4.815181e-01  4.755189e+00  5.590430e+00  3.948808e+01  6.539991e+01  4.307756e+02  7.012996e+00  1.414104e+02  3.4930584493873212e+01
      2400  3.0000000000001190e+00  1.2393813777627796e-01  9.2077623963663124e-01  4.725364e-01  4.779222e+00  5.438456e+00  3.989456e+01  6.290701e+01  4.380120e+02  7.137161e+00  1.483814e+02  3.5801334865715937e+01
      2410  3.0125000000001210e+00  1.2393043885338620e-01  9.2699102116136278e-01  4.634564e-01  4.804267e+00  5.282371e+00  4.033299e+01  6.028383e+01  4.460831e+02  7.264965e+00  1.556757e+02  3.6691674714744551e+01
      2420  3.0250000000001229e+00  1.2392268789890240e-01  9.3326390062251319e-01  4.542798e-01  4.830342e+00  5.122094e+00  4.080474e+01  5.752253e+01  4.550513e+02  7.396427e+00  1.632999e+02  3.7601973098350797e+01
      2430  3.0375000000001249e+00  1.2391488442530069e-01  9.3959568815862970e-01  4.450082e-01  4.857462e+00  4.957549e+00  4.131123e+01  5.461506e+01  4.649831e+02  7.531570e+00  1.712602e+02  3.8532618073396250e+01
      2440  3.0500000000001268e+00  1.2390702793817263e-01  9.4598722724553086e-01  4.356433e-01  4.885642e+00  4.788668e+00  4.185388e+01  5.155321e+01  4.759486e+02  7.670418e+00  1.795623e+02  3.9484019395263076e+01
      2450  3.0625000000001288e+00  1.2389911793593116e-01  9.5243939657109800e-01  4.261869e-01  4.914897e+00  4.615392e+00  4.243413e+01  4.832863e+01  4.880218e+02  7.813001e+00  1.882117e+02  4.0456611511289992e+01
      2460  3.0750000000001307e+00  1.2389115390951223e-01  9.5895311200747468e-01  4.166412e-01  4.945240e+00  4.437670e+00  4.305347e+01  4.493287e+01  5.012807e+02  7.959354e+00  1.972135e+02  4.1450856873847997e+01
      2470  3.0875000000001327e+00  1.2388313534206538e-01  9.6552932868697239e-01  4.070081e-01  4.976685e+00  4.255463e+00  4.371336e+01  4.135743e+01  5.158069e+02  8.109524e+00  2.065726e+02  4.2467249600474659e+01
      2480  3.1000000000001346e+00  1.2387506170860019e-01  9.7216904318429376e-01  3.972902e-01  5.009245e+00  4.068742e+00  4.441530e+01  3.759382e+01  5.316860e+02  8.263568e+00  2.162939e+02  4.3506319510908341e+01
      2490  3.1125000000001366e+00  1.2386693247564842e-01  9.7887329581095117e-01  3.874897e-01  5.042933e+00  3.877490e+00  4.516080e+01  3.363364e+01  5.490074e+02  8.421557e+00  2.263823e+02  4.4568636573450753e+01
      2500  3.1250000000001386e+00  1.2385874710087878e-01  9.8564317302553073e-01  3.776093e-01  5.077761e+00  3.681707e+00  4.595136e+01  2.946860e+01  5.678640e+02  8.583585e+00  2.368431e+02  4.5654815796075845e+01
      2510  3.1375000000001405e+00  1.2385050503270587e-01  9.9247980996521301e-01  3.676518e-01  5.113741e+00  3.481404e+00  4.678847e+01  2.509062e+01  5.883519e+02  8.749766e+00  2.476823e+02  4.6765522600853714e+01
      2520  3.1500000000001425e+00  1.2384220570987411e-01  9.9938439310196214e-01  3.576200e-01  5.150885e+00  3.276610e+00  4.767363e+01  2.049195e+01  6.105706e+02  8.920248e+00  2.589068e+02  4.7901478723800331e+01
      2530  3.1625000000001444e+00  1.2383384856101931e-01  1.0063581630289045e+00  3.475172e-01  5.189202e+00  3.067372e+00  4.860832e+01  1.566519e+01  6.346226e+02  9.095211e+00  2.705251e+02  4.9063468686134385e+01
      2540  3.1750000000001464e+00  1.2382543300420440e-01  1.0134024173804388e+00  3.373467e-01  5.228705e+00  2.853754e+00  4.959401e+01  1.060347e+01  6.606128e+02  9.274880e+00  2.825478e+02  5.0252346887106462e+01
      2550  3.1875000000001483e+00  1.2381695844642288e-01  1.0205185138904109e+00  3.271119e-01  5.269402e+00  2.635841e+00  5.063214e+01  5.300507e+00  6.886483e+02  9.459529e+00  2.949883e+02  5.1469045373153776e+01
      2560  3.2000000000001503e+00  1.2380842428310060e-01  1.0277078735920766e+00  3.168165e-01  5.311304e+00  2.413739e+00  5.172412e+01 -2.492537e-01  7.188381e+02  9.649498e+00  3.078638e+02  5.2714582343040604e+01
      2570  3.2125000000001522e+00  1.2379982989754976e-01  1.0349719841632776e+00  3.064645e-01  5.354422e+00  2.187576e+00  5.287135e+01 -6.050511e+00  7.512925e+02  9.845197e+00  3.211965e+02  5.3990071453943330e+01
      2580  3.2250000000001542e+00  1.2379117466039202e-01  1.0423124034198112e+00  2.960600e-01  5.398764e+00  1.957504e+00  5.407518e+01 -1.210697e+01  7.861225e+02  1.004712e+01  3.350148e+02  5.5296731999051055e+01
      2590  3.2375000000001561e+00  1.2378245792895637e-01  1.0497307629586334e+00  2.856073e-01  5.444340e+00  1.723699e+00  5.533693e+01 -1.842121e+01  8.234396e+02  1.025587e+01  3.493553e+02  5.6635900033178480e+01
      2600  3.2500000000001581e+00  1.2377367904667069e-01  1.0572287719531173e+00  2.751110e-01  5.491160e+00  1.486365e+00  5.665789e+01 -2.499449e+01  8.633547e+02  1.047217e+01  3.642649e+02  5.8009040529040547e+01
      2610  3.2625000000001600e+00  1.2376483734237145e-01  1.0648082211009204e+00  2.645758e-01  5.539234e+00  1.245730e+00  5.803929e+01 -3.182663e+01  9.059779e+02  1.069689e+01  3.798036e+02  5.9417760653198329e+01
      2620  3.2750000000001620e+00  1.2375593212963032e-01  1.0724709867232272e+00  2.540068e-01  5.588571e+00  1.002053e+00  5.948235e+01 -3.891582e+01  9.514177e+02  1.093105e+01  3.960477e+02  6.0863824257043795e+01
      2630  3.2875000000001640e+00  1.2374696270600083e-01  1.0802190350141452e+00  2.434093e-01  5.639184e+00  7.556224e-01  6.098823e+01 -4.625841e+01  9.997805e+02  1.117588e+01  4.130948e+02  6.2349167684601170e+01
      2640  3.3000000000001659e+00  1.2373792835227018e-01  1.0880544264367689e+00  2.327886e-01  5.691083e+00  5.067556e-01  6.255807e+01 -5.384880e+01  1.051170e+03  1.143287e+01  4.310687e+02  6.3875917004895634e+01
      2650  3.3125000000001679e+00  1.2372882833164872e-01  1.0959793202610353e+00  2.221506e-01  5.744279e+00  2.558026e-01  6.419298e+01 -6.167916e+01  1.105686e+03  1.170375e+01  4.501274e+02  6.5446406782340844e+01
      2660  3.3250000000001698e+00  1.2371966188893135e-01  1.1039959792357528e+00  2.115012e-01  5.798787e+00  3.145581e-03  6.589404e+01 -6.973927e+01  1.163425e+03  1.199059e+01  4.704718e+02  6.7063200503501022e+01
      2670  3.3375000000001718e+00  1.2371042824959642e-01  1.1121067743864361e+00  2.008466e-01  5.854620e+00 -2.507999e-01  6.766233e+01 -7.801634e+01  1.224480e+03  1.229587e+01  4.923585e+02  6.8729112782366087e+01
      2680  3.3500000000001737e+00  1.2370112661890845e-01  1.1203141899260156e+00  1.901933e-01  5.911794e+00 -5.055843e-01  6.949893e+01 -8.649475e+01  1.288938e+03  1.262251e+01  5.161156e+02  7.0447233468881421e+01
      2690  3.3625000000001757e+00  1.2369175618094225e-01  1.1286208282646826e+00  1.795478e-01  5.970326e+00 -7.607232e-01  7.140493e+01 -9.515587e+01  1.356882e+03  1.297399e+01  5.421638e+02  7.2220953786187465e+01
      2700  3.3750000000001776e+00  1.2368231609757468e-01  1.1370294151001796e+00  1.689172e-01  6.030236e+00 -1.015697e+00  7.338147e+01 -1.039778e+02  1.428391e+03  1.335441e+01  5.710450e+02  7.4053994620603646e+01
      2710  3.3875000000001796e+00  1.2367280550744375e-01  1.1455428045684457e+00  1.583085e-01  6.091545e+00 -1.269949e+00  7.542972e+01 -1.129353e+02  1.503539e+03  1.376866e+01  6.034586e+02  7.5950437084550856e+01
      2720  3.4000000000001815e+00  1.2366322352485673e-01  1.1541639844278966e+00  1.477292e-01  6.154279e+00 -1.522889e+00  7.755098e+01 -1.219993e+02  1.582397e+03  1.422253e+01  6.403119e+02  7.7914755465895752e+01
      2730  3.4125000000001835e+00  1.2365356923863199e-01  1.1628960812498410e+00  1.371867e-01  6.218463e+00 -1.773888e+00  7.974664e+01 -1.311370e+02  1.665034e+03  1.472289e+01  6.827859e+02  7.9951852667308202e+01
      2740  3.4250000000001855e+00  1.2364384171096302e-01  1.1717423655800636e+00  1.266890e-01  6.284130e+00 -2.022281e+00  8.201824e+01 -1.403113e+02  1.751516e+03  1.527787e+01  7.324232e+02  8.2067098226221574e+01
      2750  3.4375000000001874e+00  1.2363403997616593e-01  1.1807062570341889e+00  1.162439e-01  6.351314e+00 -2.267367e+00  8.436754e+01 -1.494809e+02  1.841912e+03  1.589710e+01  7.912451e+02  8.4266368989624624e+01
      2760  3.4500000000001894e+00  1.2362416303941677e-01  1.1897913292833173e+00  1.058596e-01  6.420054e+00 -2.508410e+00  8.679653e+01 -1.585999e+02  1.936293e+03  1.659193e+01  8.619067e+02  8.6556092498011807e+01
      2770  3.4625000000001913e+00  1.2361420987546726e-01  1.1990013148812477e+00  9.554441e-02  6.490395e+00 -2.744636e+00  8.930752e+01 -1.676178e+02  2.034737e+03  1.737580e+01  9.479016e+02  8.8943293109535176e+01
      2780  3.4750000000001933e+00  1.2360417942727996e-01  1.2083401098799407e+00  8.530688e-02  6.562386e+00 -2.975239e+00  9.190319e+01 -1.764788e+02  2.137333e+03  1.826448e+01  1.053830e+03  9.1435640868239773e+01
      2790  3.4875000000001952e+00  1.2359407060468185e-01  1.2178117781734858e+00  7.515560e-02  6.636082e+00 -3.199379e+00  9.458662e+01 -1.851224e+02  2.244185e+03  1.927648e+01  1.185745e+03  9.4041503088177393e+01
      2800  3.5000000000001972e+00  1.2358388228289149e-01  1.2274205555063520e+00  6.509931e-02  6.711548e+00 -3.416183e+00  9.736147e+01 -1.934823e+02  2.355417e+03  2.043344e+01  1.351603e+03  9.6769998587412147e+01
      2810  3.5125000000001991e+00  1.2357361330113478e-01  1.2371708530747798e+00  5.514687e-02  6.788851e+00 -3.624747e+00  1.002320e+02 -2.014870e+02  2.471183e+03  2.176047e+01  1.561825e+03  9.9631054459968112e+01
      2820  3.5250000000002011e+00  1.2356326246112670e-01  1.2470672606470454e+00  4.530720e-02  6.868072e+00 -3.824141e+00  1.032031e+02 -2.090591e+02  2.591673e+03  2.328662e+01  1.830010e+03  1.0263546521756044e+02
      2830  3.5375000000002030e+00  1.2355282852559002e-01  1.2571145491212734e+00  3.558931e-02  6.949296e+00 -4.013407e+00  1.062806e+02 -2.161156e+02  2.717123e+03  2.504520e+01  2.173801e+03  1.0579495406348647e+02
      2840  3.5500000000002050e+00  1.2354231021674109e-01  1.2673176724369195e+00  2.600225e-02  7.032622e+00 -4.191564e+00  1.094712e+02 -2.225671e+02  2.847826e+03  2.707411e+01  2.615929e+03  1.0912223597613776e+02
      2850  3.5625000000002069e+00  1.2353170621474219e-01  1.2776817687521704e+00  1.655511e-02  7.118156e+00 -4.357612e+00  1.127827e+02 -2.283184e+02  2.984145e+03  2.941612e+01  3.185445e+03  1.1263108217735252e+02
      2860  3.5750000000002089e+00  1.2352101515618383e-01  1.2882121607971329e+00  7.256987e-03  7.206017e+00 -4.510534e+00  1.162241e+02 -2.332680e+02  3.126531e+03  3.211892e+01  3.919116e+03  1.1633638544190634e+02
      2870  3.5875000000002109e+00  1.2351023563254215e-01  1.2989143553120894e+00 -1.883008e-03  7.296337e+00 -4.649299e+00  1.198060e+02 -2.373080e+02  3.275535e+03  3.523513e+01  4.862977e+03  1.2025422557096024e+02
      2880  3.6000000000002128e+00  1.2349936618863440e-01  1.3097940414818869e+00 -1.085577e-02  7.389261e+00 -4.772868e+00  1.235402e+02 -2.403241e+02  3.431833e+03  3.882198e+01  6.073968e+03  1.2440193420967262e+02
      2890  3.6125000000002148e+00  1.2348840532115565e-01  1.3208570882790767e+00 -1.965218e-02  7.484945e+00 -4.880198e+00  1.274405e+02 -2.421955e+02  3.596242e+03  4.294081e+01  7.621570e+03  1.2879815804620449e+02
      2900  3.6250000000002167e+00  1.2347735147713323e-01  1.3321095406350829e+00 -2.826316e-02  7.583564e+00 -4.970244e+00  1.315226e+02 -2.427949e+02  3.769750e+03  4.765625e+01  9.589324e+03  1.3346291929609171e+02
      2910  3.6375000000002187e+00  1.2346620305254624e-01  1.3435576143654293e+00 -3.667960e-02  7.685304e+00 -5.041965e+00  1.358043e+02 -2.419882e+02  3.953542e+03  5.303507e+01  1.207606e+04  1.3841767226527742e+02
      2920  3.6500000000002206e+00  1.2345495839085599e-01  1.3552076897844831e+00 -4.489238e-02  7.790369e+00 -5.094328e+00  1.403057e+02 -2.396347e+02  4.149029e+03  5.914468e+01  1.519664e+04  1.4368535470932881e+02
      2930  3.6625000000002226e+00  1.2344361578174959e-01  1.3670663039573305e+00 -5.289236e-02  7.898980e+00 -5.126311e+00  1.450496e+02 -2.355870e+02  4.357884e+03  6.605132e+01  1.908204e+04  1.4929043267569753e+02
      2940  3.6750000000002245e+00  1.2343217345979046e-01  1.3791401415492786e+00 -6.067030e-02  8.011371e+00 -5.136907e+00  1.500616e+02 -2.296904e+02  4.582076e+03  7.381795e+01  2.387843e+04  1.5525893753990687e+02
      2950  3.6875000000002265e+00  1.2342062960329525e-01  1.3914360242459520e+00 -6.821690e-02  8.127794e+00 -5.125123e+00  1.553699e+02 -2.217836e+02  4.823913e+03  8.250186e+01  2.974524e+04  1.6161849402580947e+02
      2960  3.7000000000002284e+00  1.2340898233320974e-01  1.4039608987351515e+00 -7.552266e-02  8.248518e+00 -5.089985e+00  1.610064e+02 -2.116975e+02  5.086082e+03  9.215215e+01  3.685186e+04  1.6839833813481582e+02
      2970  3.7125000000002304e+00  1.2339722971213520e-01  1.4167218232505321e+00 -8.257791e-02  8.373824e+00 -5.030538e+00  1.670060e+02 -1.992557e+02  5.371695e+03  1.028072e+02  4.537308e+04  1.7562932408868761e+02
      2980  3.7250000000002323e+00  1.2338536974343135e-01  1.4297259526954731e+00 -8.937269e-02  8.504010e+00 -4.945839e+00  1.734073e+02 -1.842735e+02  5.684338e+03  1.144921e+02  5.548314e+04  1.8334391960261601e+02
      2990  3.7375000000002343e+00  1.2337340037053127e-01  1.4429805223726053e+00 -9.589666e-02  8.639384e+00 -4.834960e+00  1.802523e+02 -1.665576e+02  6.028114e+03  1.272165e+02  6.734873e+04  1.9157618903066688e+02
      3000  3.7500000000002363e+00  1.2336131947630263e-01  1.4564928303573614e+00 -1.021391e-01  8.780267e+00 -4.696978e+00  1.875869e+02 -1.459054e+02  6.407698e+03  1.409729e+02  8.112116e+04  2.0036176414283369e+02
      3010  3.7625000000002382e+00  1.2334912488262656e-01  1.4702702185586825e+00 -1.080886e-01  8.926985e+00 -4.530967e+00  1.954604e+02 -1.221039e+02  6.828380e+03  1.557348e+02  9.692806e+04  2.0973780247976566e+02
      3020  3.7750000000002402e+00  1.2333681435008818e-01  1.4843200525158127e+00 -1.137334e-01  9.079872e+00 -4.335991e+00  2.039261e+02 -9.492850e+01  7.296109e+03  1.714568e+02  1.148653e+05  2.1974293336601210e+02
      3030  3.7875000000002421e+00  1.2332438557789892e-01  1.4986496999842516e+00 -1.190605e-01  9.239259e+00 -4.111084e+00  2.130402e+02 -6.414187e+01  7.817535e+03  1.880739e+02  1.349898e+05  2.3041719172773875e+02
      3040  3.8000000000002441e+00  1.2331183620396415e-01  1.5132665083616477e+00 -1.240564e-01  9.405476e+00 -3.855236e+00  2.228624e+02 -2.949178e+01  8.400037e+03  2.055028e+02  1.573129e+05  2.4180193984182415e+02
      3050  3.8125000000002460e+00  1.2329916380514884e-01  1.5281777810079404e+00 -1.287064e-01  9.578844e+00 -3.567374e+00  2.334550e+02  9.290738e+00  9.051741e+03  2.236430e+02  1.817967e+05  2.5393977703101319e+02
      3060  3.8250000000002480e+00  1.2328636589773292e-01  1.5433907525127766e+00 -1.329945e-01  9.759668e+00 -3.246333e+00  2.448822e+02  5.249390e+01  9.781524e+03  2.423793e+02  2.083515e+05  2.6687443711397168e+02
      3070  3.8375000000002499e+00  1.2327343993812531e-01  1.5589125629625586e+00 -1.369034e-01  9.948230e+00 -2.890832e+00  2.572098e+02  1.004280e+02  1.059899e+04  2.615844e+02  2.368359e+05  2.8065067312587780e+02
      3080  3.8500000000002519e+00  1.2326038332372660e-01  1.5747502312637782e+00 -1.404142e-01  1.014478e+01 -2.499441e+00  2.705039e+02  1.534284e+02  1.151444e+04  2.811219e+02  2.670597e+05  2.9531412846319540e+02
      3090  3.8625000000002538e+00  1.2324719339408015e-01  1.5909106275838798e+00 -1.435063e-01  1.034954e+01 -2.070542e+00  2.848295e+02  2.118592e+02  1.253877e+04  3.008496e+02  2.987878e+05  3.1091119319455936e+02
      3100  3.8750000000002558e+00  1.2323386743222771e-01  1.6074004449783352e+00 -1.461568e-01  1.056266e+01 -1.602297e+00  3.002495e+02  2.761168e+02  1.368335e+04  3.206227e+02  3.317462e+05  3.2748884384603753e+02
      3110  3.8875000000002577e+00  1.2322040266627619e-01  1.6242261702863829e+00 -1.483408e-01  1.078426e+01 -1.092601e+00  3.168227e+02  3.466337e+02  1.495988e+04  3.402972e+02  3.656285e+05  3.4509446453768976e+02
      3120  3.9000000000002597e+00  1.2320679627130042e-01  1.6413940543927152e+00 -1.500310e-01  1.101436e+01 -5.390398e-01  3.346017e+02  4.238821e+02  1.638015e+04  3.597321e+02  4.001046e+05  3.6377564694515320e+02
      3130  3.9125000000002617e+00  1.2319304537135273e-01  1.6589100819726608e+00 -1.511970e-01  1.125292e+01  6.115309e-02  3.536306e+02  5.083776e+02  1.795571e+04  3.787922e+02  4.348373e+05  3.8357996624342582e+02
      3140  3.9250000000002636e+00  1.2317914704189618e-01  1.6767799408629669e+00 -1.518055e-01  1.149978e+01  7.111407e-01  3.739426e+02  6.006824e+02  1.969756e+04  3.973497e+02  4.695074e+05  4.0455473010194726e+02
      3150  3.9375000000002656e+00  1.2316509831233535e-01  1.6950089912301078e+00 -1.518199e-01  1.175471e+01  1.414523e+00  3.955570e+02  7.014066e+02  2.161571e+04  4.152853e+02  5.038250e+05  4.2674669807892838e+02
      3160  3.9500000000002675e+00  1.2315089616891875e-01  1.7136022347392537e+00 -1.512001e-01  1.201730e+01  2.175371e+00  4.184759e+02  8.112059e+02  2.371872e+04  4.324875e+02  5.374667e+05  4.5020176937664951e+02
      3170  3.9625000000002695e+00  1.2313653755782003e-01  1.7325642839549364e+00 -1.499017e-01  1.228707e+01  2.998249e+00  4.426820e+02  9.307734e+02  2.601318e+04  4.488518e+02  5.699331e+05  4.7496463763900272e+02
      3180  3.9750000000002714e+00  1.2312201938852804e-01  1.7518993322165441e+00 -1.478767e-01  1.256335e+01  3.888202e+00  4.681356e+02  1.060832e+03  2.850311e+04  4.642802e+02  6.005217e+05  5.0107841218222666e+02
      3190  3.9875000000002734e+00  1.2310733853746908e-01  1.7716111242367600e+00 -1.450726e-01  1.284534e+01  4.850719e+00  4.947719e+02  1.202132e+03  3.118908e+04  4.786851e+02  6.286656e+05  5.2858420607662867e+02
      3200  4.0000000000002753e+00  1.2309249185180035e-01  1.7917029276727816e+00 -1.414330e-01  1.313207e+01  5.891672e+00  5.224985e+02  1.355460e+03  3.406757e+04  4.919911e+02  6.544092e+05  5.5752069366464684e+02
      3210  4.0125000000002728e+00  1.2307747615358772e-01  1.8121775059235936e+00 -1.368974e-01  1.342245e+01  7.017229e+00  5.511928e+02  1.521600e+03  3.713069e+04  5.041287e+02  6.783200e+05  5.8792364413895143e+02
      3220  4.0250000000002704e+00  1.2306228824400728e-01  1.8330370923901564e+00 -1.314021e-01  1.371521e+01  8.233716e+00  5.807030e+02  1.701280e+03  4.036629e+04  5.150212e+02  7.007277e+05  6.1982544267392097e+02
      3230  4.0375000000002679e+00  1.2304692490793437e-01  1.8542833663360043e+00 -1.248809e-01  1.400897e+01  9.547355e+00  6.108509e+02  1.895083e+03  4.375811e+04  5.245801e+02  7.211460e+05  6.5325461267635478e+02
      3240  4.0500000000002654e+00  1.2303138291861102e-01  1.8759174302741699e+00 -1.172666e-01  1.430225e+01  1.096387e+01  6.414381e+02  2.103395e+03  4.728587e+04  5.327162e+02  7.384638e+05  6.8823535019505368e+02
      3250  4.0625000000002629e+00  1.2301565904249165e-01  1.8979397886215528e+00 -1.084930e-01  1.459350e+01  1.248800e+01  6.722509e+02  2.326341e+03  5.092557e+04  5.393609e+02  7.515677e+05  7.2478708082462276e+02
      3260  4.0750000000002604e+00  1.2299975004438946e-01  1.9203503273362528e+00 -9.849779e-02  1.488116e+01  1.412298e+01  7.030677e+02  2.563733e+03  5.465004e+04  5.444820e+02  7.598354e+05  7.6292405983542676e+02
      3270  4.0875000000002579e+00  1.2298365269260328e-01  1.9431482943337186e+00 -8.722544e-02  1.516370e+01  1.586990e+01  7.336666e+02  2.815005e+03  5.842974e+04  5.480884e+02  7.632558e+05  8.0265505364331648e+02
      3280  4.1000000000002554e+00  1.2296736376432078e-01  1.9663322803227485e+00 -7.463183e-02  1.543970e+01  1.772705e+01  7.638352e+02  3.079134e+03  6.223402e+04  5.502236e+02  7.622612e+05  8.4398314744392701e+02
      3290  4.1125000000002530e+00  1.2295088005118536e-01  1.9899001992101573e+00 -6.068882e-02  1.570791e+01  1.968930e+01  7.933805e+02  3.354575e+03  6.603240e+04  5.509542e+02  7.574679e+05  8.8690571391496633e+02
      3300  4.1250000000002505e+00  1.2293419836492447e-01  2.0138492667534189e+00 -4.538970e-02  1.596733e+01  2.174748e+01  8.221386e+02  3.639208e+03  6.979577e+04  5.503571e+02  7.494700e+05  9.3141457419092637e+02
      3310  4.1375000000002480e+00  1.2291731554330082e-01  2.0381759760428091e+00 -2.875475e-02  1.621729e+01  2.388805e+01  8.499798e+02  3.930350e+03  7.349707e+04  5.485123e+02  7.387346e+05  9.7749641109423976e+02
      3320  4.1500000000002455e+00  1.2290022845618716e-01  2.0628760679670215e+00 -1.083641e-02  1.645742e+01  2.609313e+01  8.768098e+02  4.224824e+03  7.711133e+04  5.454987e+02  7.255852e+05  1.0251335092000834e+03
      3330  4.1625000000002430e+00  1.2288293401200086e-01  2.0879444924762525e+00  8.276957e-03  1.668773e+01  2.834107e+01  9.025647e+02  4.519098e+03  8.061514e+04  5.413924e+02  7.102367e+05  1.0743047454085997e+03
      3340  4.1750000000002405e+00  1.2286542916443463e-01  2.1133753536250985e+00  2.845950e-02  1.690854e+01  3.060743e+01  9.272002e+02  4.809472e+03  8.398586e+04  5.362643e+02  6.928430e+05  1.1249864375623188e+03
      3350  4.1875000000002380e+00  1.2284771091982968e-01  2.1391618355809037e+00  4.954962e-02  1.712042e+01  3.286654e+01  9.506793e+02  5.092293e+03  8.720072e+04  5.301754e+02  6.735365e+05  1.1771526665227677e+03
      3360  4.2000000000002355e+00  1.2282977634516229e-01  2.1652961207134434e+00  7.135541e-02  1.732407e+01  3.509311e+01  9.729603e+02  5.364145e+03  9.023629e+04  5.231741e+02  6.524514e+05  1.2307754037908658e+03
      3370  4.2125000000002331e+00  1.2281162257672294e-01  2.1917693172713606e+00  9.366426e-02  1.752022e+01  3.726390e+01  9.939895e+02  5.622003e+03  9.306873e+04  5.152959e+02  6.297344e+05  1.2858252605512578e+03
      3380  4.2250000000002306e+00  1.2279324682935386e-01  2.2185713956994597e+00  1.162562e-01  1.770956e+01  3.935895e+01  1.013701e+03  5.863307e+03  9.567464e+04  5.065705e+02  6.055473e+05  1.3422725837308994e+03
      3390  4.2375000000002281e+00  1.2277464640631683e-01  2.2456911120996423e+00  1.389201e-01  1.789262e+01  4.136231e+01  1.032027e+03  6.086002e+03  9.803245e+04  4.970349e+02  5.800705e+05  1.4000870414248207e+03
      3400  4.2500000000002256e+00  1.2275581870979790e-01  2.2731159134156349e+00  1.614697e-01  1.806983e+01  4.326215e+01  1.048906e+03  6.288515e+03  1.001244e+05  4.867468e+02  5.535136e+05  1.4592343337029984e+03
      3410  4.2625000000002231e+00  1.2273676125235883e-01  2.3008318568614556e+00  1.837588e-01  1.824151e+01  4.505031e+01  1.064311e+03  6.469695e+03  1.019389e+05  4.757952e+02  5.261344e+05  1.5196708176819359e+03
      3420  4.2750000000002206e+00  1.2271747166865989e-01  2.3288235857403414e+00  2.056911e-01  1.840798e+01  4.672180e+01  1.078260e+03  6.628719e+03  1.034736e+05  4.643082e+02  4.982573e+05  1.5813378206952921e+03
      3430  4.2875000000002181e+00  1.2269794772728038e-01  2.3570743797190756e+00  2.272248e-01  1.856963e+01  4.827441e+01  1.090827e+03  6.765028e+03  1.047364e+05  4.524541e+02  4.702850e+05  1.6441567119593774e+03
      3440  4.3000000000002156e+00  1.2267818734166516e-01  2.3855662750239555e+00  2.483720e-01  1.872693e+01  4.970883e+01  1.102148e+03  6.878390e+03  1.057466e+05  4.404308e+02  4.426720e+05  1.7080248599079073e+03
      3450  4.3125000000002132e+00  1.2265818857980998e-01  2.4142802495000373e+00  2.691931e-01  1.888041e+01  5.102909e+01  1.112407e+03  6.968979e+03  1.065347e+05  4.284426e+02  4.158657e+05  1.7728123535419759e+03
      3460  4.3250000000002107e+00  1.2263794967216823e-01  2.4431964841882250e+00  2.897864e-01  1.903048e+01  5.224254e+01  1.121811e+03  7.037371e+03  1.071388e+05  4.166853e+02  3.902439e+05  1.8383606686774829e+03
      3470  4.3375000000002082e+00  1.2261746901685847e-01  2.4722947164644440e+00  3.102718e-01  1.917725e+01  5.336014e+01  1.130539e+03  7.084708e+03  1.075954e+05  4.053378e+02  3.661205e+05  1.9044861124379008e+03
      3480  4.3500000000002057e+00  1.2259674518165301e-01  2.5015546530674246e+00  3.307754e-01  1.932036e+01  5.439663e+01  1.138692e+03  7.113062e+03  1.079302e+05  3.945513e+02  3.437683e+05  1.9709888151718615e+03
      3490  4.3625000000002032e+00  1.2257577690259455e-01  2.5309563415001906e+00  3.514205e-01  1.945899e+01  5.537036e+01  1.146289e+03  7.125616e+03  1.081557e+05  3.843865e+02  3.232269e+05  2.0376623912296034e+03
      3500  4.3750000000002007e+00  1.2255456307997684e-01  2.5604804063538085e+00  3.723293e-01  1.959206e+01  5.630288e+01  1.153263e+03  7.126173e+03  1.082708e+05  3.747670e+02  3.045502e+05  2.1042973074118663e+03
      3510  4.3875000000001982e+00  1.2253310277292007e-01  2.5901081836549960e+00  3.936219e-01  1.971843e+01  5.721629e+01  1.159521e+03  7.119301e+03  1.082718e+05  3.655337e+02  2.872609e+05  2.1706779083148222e+03
      3520  4.4000000000001958e+00  1.2251139519269824e-01  2.6198218880688500e+00  4.154013e-01  1.983705e+01  5.812874e+01  1.164939e+03  7.108335e+03  1.081430e+05  3.567266e+02  2.716183e+05  2.2365830093149307e+03
      3530  4.4125000000001933e+00  1.2248943969432269e-01  2.6496048672782284e+00  4.377405e-01  1.994695e+01  5.904742e+01  1.169375e+03  7.095392e+03  1.078727e+05  3.485040e+02  2.573893e+05  2.3017979702902821e+03
      3540  4.4250000000001908e+00  1.2246723576594178e-01  2.6794418525592247e+00  4.606856e-01  2.004726e+01  5.997321e+01  1.172664e+03  7.081093e+03  1.074398e+05  3.408474e+02  2.446823e+05  2.3661305894774891e+03
      3550  4.4375000000001883e+00  1.2244478301651156e-01  2.7093191268766166e+00  4.842498e-01  2.013748e+01  6.090340e+01  1.174673e+03  7.066338e+03  1.068299e+05  3.337273e+02  2.330714e+05  2.4294166727825595e+03
      3560  4.4500000000001858e+00  1.2242208116229911e-01  2.7392246320942082e+00  5.083842e-01  2.021798e+01  6.183378e+01  1.175366e+03  7.050463e+03  1.060275e+05  3.273239e+02  2.225603e+05  2.4915155072832886e+03
      3570  4.4625000000001833e+00  1.2239913001275132e-01  2.7691480250950522e+00  5.329665e-01  2.028997e+01  6.275471e+01  1.174877e+03  7.032801e+03  1.050604e+05  3.215255e+02  2.131793e+05  2.5523086004936586e+03
      3580  4.4750000000001808e+00  1.2237592945635388e-01  2.7990805946298387e+00  5.578366e-01  2.035545e+01  6.366641e+01  1.173571e+03  7.014176e+03  1.039816e+05  3.165658e+02  2.048999e+05  2.6117057574777969e+03
      3590  4.4875000000001783e+00  1.2235247944805376e-01  2.8290150006876043e+00  5.828425e-01  2.041632e+01  6.456772e+01  1.171651e+03  6.995356e+03  1.028254e+05  3.121551e+02  1.979745e+05  2.6696478385618066e+03
      3600  4.5000000000001759e+00  1.2232877999899036e-01  2.8589450272620902e+00  6.078388e-01  2.047394e+01  6.546221e+01  1.169303e+03  6.977815e+03  1.016090e+05  3.077151e+02  1.909505e+05  2.7261011053497805e+03
      3610  4.5125000000001734e+00  1.2230483116752600e-01  2.8888654988132050e+00  6.326362e-01  2.052938e+01  6.635991e+01  1.166630e+03  6.962353e+03  1.003411e+05  3.035816e+02  1.845300e+05  2.7810470458914861e+03
      3620  4.5250000000001709e+00  1.2228063305066582e-01  2.9187722876973172e+00  6.569661e-01  2.058304e+01  6.725188e+01  1.163644e+03  6.948343e+03  9.903607e+04  2.998133e+02  1.793288e+05  2.8344714582772122e+03
      3630  4.5375000000001684e+00  1.2225618577499714e-01  2.9486624026960517e+00  6.805158e-01  2.063480e+01  6.813283e+01  1.160567e+03  6.936769e+03  9.774485e+04  2.967882e+02  1.751623e+05  2.8863644574594964e+03
      3640  4.5500000000001659e+00  1.2223148948676657e-01  2.9785340804776976e+00  7.030043e-01  2.068397e+01  6.898795e+01  1.157297e+03  6.925341e+03  9.646220e+04  2.942177e+02  1.727861e+05  2.9367356873107660e+03
      3650  4.5625000000001634e+00  1.2220654434224837e-01  3.0083866149759340e+00  7.242421e-01  2.073010e+01  6.981651e+01  1.153952e+03  6.916807e+03  9.522186e+04  2.918021e+02  1.704169e+05  2.9856231504105663e+03
      3660  4.5750000000001609e+00  1.2218135050048795e-01  3.0382199775478451e+00  7.441546e-01  2.077309e+01  7.062993e+01  1.150638e+03  6.913603e+03  9.403215e+04  2.892616e+02  1.674665e+05  3.0330853325382259e+03
      3670  4.5875000000001585e+00  1.2215590811896888e-01  3.0680345569819734e+00  7.627640e-01  2.081301e+01  7.142822e+01  1.147215e+03  6.913954e+03  9.285812e+04  2.862262e+02  1.646019e+05  3.0791945080299256e+03
      3680  4.6000000000001560e+00  1.2213021735077706e-01  3.0978310208011783e+00  7.801391e-01  2.085029e+01  7.221295e+01  1.143916e+03  6.919725e+03  9.175468e+04  2.828203e+02  1.612566e+05  3.1240368392901373e+03
      3690  4.6125000000001535e+00  1.2210427834321136e-01  3.1276100796307191e+00  7.963560e-01  2.088574e+01  7.298506e+01  1.141095e+03  6.931493e+03  9.077858e+04  2.794221e+02  1.575253e+05  3.1677061113483978e+03
      3700  4.6250000000001510e+00  1.2207809123866276e-01  3.1573722076632680e+00  8.114901e-01  2.092014e+01  7.373691e+01  1.138858e+03  6.946241e+03  8.992845e+04  2.762527e+02  1.544468e+05  3.2102916538246191e+03
      3710  4.6375000000001485e+00  1.2205165617727681e-01  3.1871175196147528e+00  8.256228e-01  2.095396e+01  7.446476e+01  1.137266e+03  6.963867e+03  8.921673e+04  2.734048e+02  1.521664e+05  3.2518757922712994e+03
      3720  4.6500000000001460e+00  1.2202497330006476e-01  3.2168457574016234e+00  8.388401e-01  2.098739e+01  7.517465e+01  1.136372e+03  6.986749e+03  8.865707e+04  2.708937e+02  1.502422e+05  3.2925444195485461e+03
      3730  4.6625000000001435e+00  1.2199804275240453e-01  3.2465561588282359e+00  8.512259e-01  2.102048e+01  7.587633e+01  1.136126e+03  7.016159e+03  8.823310e+04  2.686579e+02  1.486432e+05  3.3323958268341667e+03
      3740  4.6750000000001410e+00  1.2197086468949228e-01  3.2762471447308892e+00  8.628543e-01  2.105347e+01  7.657968e+01  1.136511e+03  7.053244e+03  8.794168e+04  2.666648e+02  1.475687e+05  3.3715360020024646e+03
      3750  4.6875000000001386e+00  1.2194343928452131e-01  3.3059160023328880e+00  8.737811e-01  2.108688e+01  7.729152e+01  1.137656e+03  7.099544e+03  8.781240e+04  2.649346e+02  1.470454e+05  3.4100671806260971e+03
      3760  4.7000000000001361e+00  1.2191576673881917e-01  3.3355587490079559e+00  8.840366e-01  2.112152e+01  7.801157e+01  1.139753e+03  7.155209e+03  8.787635e+04  2.634542e+02  1.469209e+05  3.4480822894351368e+03
      3770  4.7125000000001336e+00  1.2188784729227381e-01  3.3651701801711749e+00  8.936270e-01  2.115833e+01  7.873377e+01  1.142973e+03  7.219028e+03  8.815265e+04  2.621830e+02  1.470370e+05  3.4856666243554828e+03
      3780  4.7250000000001311e+00  1.2185968123292867e-01  3.3947439892762166e+00  9.025463e-01  2.119807e+01  7.945180e+01  1.147437e+03  7.290183e+03  8.865683e+04  2.611265e+02  1.473841e+05  3.5229005816443587e+03
      3790  4.7375000000001286e+00  1.2183126890564064e-01  3.4242728842226762e+00  9.107886e-01  2.124102e+01  8.016267e+01  1.153185e+03  7.368962e+03  8.939937e+04  2.603332e+02  1.480848e+05  3.5598600222969862e+03
      3800  4.7500000000001261e+00  1.2180261071974324e-01  3.4537487042696267e+00  9.183555e-01  2.128688e+01  8.086720e+01  1.160167e+03  7.456175e+03  9.037862e+04  2.598165e+02  1.492142e+05  3.5966143294749345e+03
      3810  4.7625000000001236e+00  1.2177370715558150e-01  3.4831625732424114e+00  9.252561e-01  2.133489e+01  8.156907e+01  1.168290e+03  7.552759e+03  9.158714e+04  2.595118e+02  1.506848e+05  3.6332237345161320e+03
      3820  4.7750000000001211e+00  1.2174455876966239e-01  3.5125050958786392e+00  9.314993e-01  2.138414e+01  8.227254e+01  1.177479e+03  7.659666e+03  9.302436e+04  2.593105e+02  1.523284e+05  3.6697372660933870e+03
      3830  4.7875000000001187e+00  1.2171516619804310e-01  3.5417665586015028e+00  9.370840e-01  2.143397e+01  8.297892e+01  1.187716e+03  7.777471e+03  9.469880e+04  2.591224e+02  1.540276e+05  3.7061903808591237e+03
      3840  4.8000000000001162e+00  1.2168553015823133e-01  3.5709371008960389e+00  9.419920e-01  2.148422e+01  8.368417e+01  1.199027e+03  7.906009e+03  9.662314e+04  2.589125e+02  1.557686e+05  3.7426007972576008e+03
      3850  4.8125000000001137e+00  1.2165565144969648e-01  3.6000068937004976e+00  9.461852e-01  2.153534e+01  8.437971e+01  1.211478e+03  8.044477e+03  9.881098e+04  2.586932e+02  1.575976e+05  3.7789647392979205e+03
      3860  4.8250000000001112e+00  1.2162553095257218e-01  3.6289663990649865e+00  9.496095e-01  2.158826e+01  8.505564e+01  1.225160e+03  8.191960e+03  1.012763e+05  2.584946e+02  1.595566e+05  3.8152591495791071e+03
      3870  4.8375000000001087e+00  1.2159516962386131e-01  3.6578067102201199e+00  9.522030e-01  2.164407e+01  8.570411e+01  1.240172e+03  8.347891e+03  1.040338e+05  2.583428e+02  1.616658e+05  3.8514523467504650e+03
      3880  4.8500000000001062e+00  1.2156456849084485e-01  3.6865198699497430e+00  9.539056e-01  2.170371e+01  8.632130e+01  1.256597e+03  8.512188e+03  1.070972e+05  2.582488e+02  1.639252e+05  3.8875183684039730e+03
      3890  4.8625000000001037e+00  1.2153372864234746e-01  3.7150990361176266e+00  9.546671e-01  2.176772e+01  8.690733e+01  1.274491e+03  8.685216e+03  1.104797e+05  2.582039e+02  1.663199e+05  3.9234459071035212e+03
      3900  4.8750000000001013e+00  1.2150265121955781e-01  3.7435384354956240e+00  9.544527e-01  2.183623e+01  8.746471e+01  1.293894e+03  8.867593e+03  1.141947e+05  2.581887e+02  1.688341e+05  3.9592363059974987e+03
      3910  4.8875000000000988e+00  1.2147133740780683e-01  3.7718332012250846e+00  9.532471e-01  2.190902e+01  8.799582e+01  1.314837e+03  9.059817e+03  1.182558e+05  2.581773e+02  1.714448e+05  3.9948955319804104e+03
      3920  4.9000000000000963e+00  1.2143978842962316e-01  3.7999792683389630e+00  9.510549e-01  2.198585e+01  8.850086e+01  1.337345e+03  9.262012e+03  1.226762e+05  2.581386e+02  1.741272e+05  4.0304308235219150e+03
      3930  4.9125000000000938e+00  1.2140800553806028e-01  3.8279733853148872e+00  9.479004e-01  2.206659e+01  8.897743e+01  1.361434e+03  9.473720e+03  1.274678e+05  2.580621e+02  1.769281e+05  4.0658550254202842e+03
      3940  4.9250000000000913e+00  1.2137599000982011e-01  3.8558131435818406e+00  9.438271e-01  2.215132e+01  8.942143e+01  1.387108e+03  9.693669e+03  1.326379e+05  2.579647e+02  1.799400e+05  4.1011911625429357e+03
      3950  4.9375000000000888e+00  1.2134374313837426e-01  3.8834969264849279e+00  9.388980e-01  2.224021e+01  8.982824e+01  1.414366e+03  9.920322e+03  1.381883e+05  2.578680e+02  1.830802e+05  4.1364712734596851e+03
      3960  4.9500000000000863e+00  1.2131126622792518e-01  3.9110237734620146e+00  9.331935e-01  2.233339e+01  9.019238e+01  1.443143e+03  1.015206e+04  1.441117e+05  2.577916e+02  1.863427e+05  4.1717321195308923e+03
      3970  4.9625000000000838e+00  1.2127856058863050e-01  3.9383931992011978e+00  9.268031e-01  2.243070e+01  9.050912e+01  1.473290e+03  1.038644e+04  1.503916e+05  2.577669e+02  1.898657e+05  4.2070123373379201e+03
      3980  4.9750000000000814e+00  1.2124562753346121e-01  3.9656050102715583e+00  9.198103e-01  2.253152e+01  9.077229e+01  1.504645e+03  1.062076e+04  1.570030e+05  2.577968e+02  1.934570e+05  4.2423514315667198e+03
      3990  4.9875000000000789e+00  1.2121246837636207e-01  3.9926591727476262e+00  9.122745e-01  2.263473e+01  9.097105e+01  1.536952e+03  1.085186e+04  1.639102e+05  2.578581e+02  1.971612e+05  4.2777898496983089e+03
      4000  5.0000000000000764e+00  1.2117908443115513e-01  4.0195557589384112e+00  9.042184e-01  2.273884e+01  9.109256e+01  1.569942e+03  1.107586e+04  1.710726e+05  2.579388e+02  2.008921e+05  4.3133708655712262e+03
      4010  5.0125000000000739e+00  1.2114547701072809e-01  4.0462949236589028e+00  8.956243e-01  2.284208e+01  9.111924e+01  1.603334e+03  1.128855e+04  1.784415e+05  2.579887e+02  2.045256e+05  4.3491434699118126e+03
      4020  5.0250000000000714e+00  1.2111164742661329e-01  4.0728768213360880e+00  8.864358e-01  2.294268e+01  9.103169e+01  1.636826e+03  1.148532e+04  1.859638e+05  2.579707e+02  2.080313e+05  4.3851628809308713e+03
      4030  5.0375000000000689e+00  1.2107759698964587e-01  4.0993014331674988e+00  8.765636e-01  2.303899e+01  9.080946e+01  1.670140e+03  1.166128e+04  1.935825e+05  2.578377e+02  2.112633e+05  4.4214869243227222e+03
      4040  5.0500000000000664e+00  1.2104332701225029e-01  4.1255683686215141e+00  8.658974e-01  2.312971e+01  9.043206e+01  1.703003e+03  1.181160e+04  2.012371e+05  2.575415e+02  2.141722e+05  4.4581711282167316e+03
      4050  5.0625000000000639e+00  1.2100883881211798e-01  4.1516767375155927e+00  8.543239e-01  2.321386e+01  8.988167e+01  1.735161e+03  1.193153e+04  2.088674e+05  2.570509e+02  2.166695e+05  4.4952669778370928e+03
      4060  5.0750000000000615e+00  1.2097413371651802e-01  4.1776251275521226e+00  8.417474e-01  2.329076e+01  8.914351e+01  1.766391e+03  1.201668e+04  2.164144e+05  2.563272e+02  2.186808e+05  4.5328239892367701e+03
      4070  5.0875000000000590e+00  1.2093921306652217e-01  4.2034116419200540e+00  8.281061e-01  2.335998e+01  8.820718e+01  1.796489e+03  1.206322e+04  2.238230e+05  2.553483e+02  2.201635e+05  4.5708922085615159e+03
      4080  5.1000000000000565e+00  1.2090407822089433e-01  4.2290339255604090e+00  8.133798e-01  2.342124e+01  8.706687e+01  1.825291e+03  1.206794e+04  2.310442e+05  2.541040e+02  2.210648e+05  4.6095216149245489e+03
      4090  5.1125000000000540e+00  1.2086873055994563e-01  4.2544891456851506e+00  7.975926e-01  2.347440e+01  8.572097e+01  1.852663e+03  1.202835e+04  2.380368e+05  2.525838e+02  2.213537e+05  4.6487576344529780e+03
      4100  5.1250000000000515e+00  1.2083317148971999e-01  4.2797739566663200e+00  7.808114e-01  2.351936e+01  8.417242e+01  1.878499e+03  1.194280e+04  2.447679e+05  2.507869e+02  2.210203e+05  4.6886352511869254e+03
      4110  5.1375000000000490e+00  1.2079740244623285e-01  4.3048845025606068e+00  7.631410e-01  2.355603e+01  8.242874e+01  1.902722e+03  1.181047e+04  2.512130e+05  2.487263e+02  2.200637e+05  4.7291747789630244e+03
      4120  5.1500000000000465e+00  1.2076142489952513e-01  4.3298164873897722e+00  7.447155e-01  2.358436e+01  8.050150e+01  1.925274e+03  1.163146e+04  2.573566e+05  2.464234e+02  2.184976e+05  4.7703806376576649e+03
      4130  5.1625000000000441e+00  1.2072524035682364e-01  4.3545653139959537e+00  7.256870e-01  2.360430e+01  7.840581e+01  1.946124e+03  1.140667e+04  2.631924e+05  2.439049e+02  2.163536e+05  4.8122429549043118e+03
      4140  5.1750000000000416e+00  1.2068885036428065e-01  4.3791262509367677e+00  7.062154e-01  2.361587e+01  7.615956e+01  1.965265e+03  1.113787e+04  2.687227e+05  2.412007e+02  2.136759e+05  4.8547399682627556e+03
      4150  5.1875000000000391e+00  1.2065225650754947e-01  4.4034945757668247e+00  6.864588e-01  2.361919e+01  7.378272e+01  1.982721e+03  1.082753e+04  2.739584e+05  2.383410e+02  2.105171e+05  4.8978394439025742e+03
      4160  5.2000000000000366e+00  1.2061546041117714e-01  4.4276656965370824e+00  6.665662e-01  2.361451e+01  7.129653e+01  1.998541e+03  1.047878e+04  2.789179e+05  2.353555e+02  2.069395e+05  4.9415004394727102e+03
      4170  5.2125000000000341e+00  1.2057846373698540e-01  4.4516352745721344e+00  6.466745e-01  2.360222e+01  6.872281e+01  2.012802e+03  1.009524e+04  2.836247e+05  2.322739e+02  2.030135e+05  4.9856765191824634e+03
      4180  5.2250000000000316e+00  1.2054126818153013e-01  4.4753993306005260e+00  6.269055e-01  2.358276e+01  6.608336e+01  2.025592e+03  9.680910e+03  2.881053e+05  2.291240e+02  1.988150e+05  5.0303183543354535e+03
      4190  5.2375000000000291e+00  1.2050387547277847e-01  4.4989543169072039e+00  6.073632e-01  2.355668e+01  6.339919e+01  2.037012e+03  9.240029e+03  2.923870e+05  2.259282e+02  1.944180e+05  5.0753744886690847e+03
      4200  5.2500000000000266e+00  1.2046628736627850e-01  4.5222971797864124e+00  5.881330e-01  2.352462e+01  6.069007e+01  2.047175e+03  8.777066e+03  2.964973e+05  2.227043e+02  1.898908e+05  5.1207919855879845e+03
      4210  5.2625000000000242e+00  1.2042850564070075e-01  4.5454254309352571e+00  5.692815e-01  2.348728e+01  5.797414e+01  2.056199e+03  8.296622e+03  3.004623e+05  2.194662e+02  1.852918e+05  5.1665179156447421e+03
      4220  5.2750000000000217e+00  1.2039053209293875e-01  4.5683372105134339e+00  5.508594e-01  2.344545e+01  5.526762e+01  2.064198e+03  7.803306e+03  3.043030e+05  2.162249e+02  1.806679e+05  5.2125004702788719e+03
      4230  5.2875000000000192e+00  1.2035236853259960e-01  4.5910313223425678e+00  5.329045e-01  2.339989e+01  5.258490e+01  2.071271e+03  7.301701e+03  3.080329e+05  2.129910e+02  1.760577e+05  5.2586888281534739e+03
      4240  5.3000000000000167e+00  1.2031401677652302e-01  4.6135072426492503e+00  5.154455e-01  2.335140e+01  4.993895e+01  2.077499e+03  6.796380e+03  3.116560e+05  2.097755e+02  1.714936e+05  5.3050322349724302e+03
      4250  5.3125000000000142e+00  1.2027547864313140e-01  4.6357651147698808e+00  4.985066e-01  2.330074e+01  4.734197e+01  2.082945e+03  6.292003e+03  3.151674e+05  2.065887e+02  1.670021e+05  5.3514791799278082e+03
      4260  5.3250000000000117e+00  1.2023675594693621e-01  4.6578057429258877e+00  4.821105e-01  2.324867e+01  4.480583e+01  2.087654e+03  5.793340e+03  3.185525e+05  2.034421e+02  1.626068e+05  5.3979776149096133e+03
      4270  5.3375000000000092e+00  1.2019785049300194e-01  4.6796305908404721e+00  4.662814e-01  2.319590e+01  4.234198e+01  2.091636e+03  5.305097e+03  3.217837e+05  2.003476e+02  1.583293e+05  5.4444768029378829e+03
      4280  5.3500000000000068e+00  1.2015876407149756e-01  4.7012417752114608e+00  4.510451e-01  2.314299e+01  3.996156e+01  2.094866e+03  4.831876e+03  3.248202e+05  1.973183e+02  1.541895e+05  5.4909300117004859e+03
      4290  5.3625000000000043e+00  1.2011949845234610e-01  4.7226420375314966e+00  4.364290e-01  2.309038e+01  3.767569e+01  2.097283e+03  4.378225e+03  3.276095e+05  1.943689e+02  1.502062e+05  5.5372963137040497e+03
      4300  5.3750000000000018e+00  1.2008005538016094e-01  4.7438346937707108e+00  4.224612e-01  2.303831e+01  3.549547e+01  2.098797e+03  3.948617e+03  3.300887e+05  1.915137e+02  1.463963e+05  5.5835408806669075e+03
      4310  5.3874999999999993e+00  1.2004043656980350e-01  4.7648235757330575e+00  4.091693e-01  2.298688e+01  3.343188e+01  2.099293e+03  3.547388e+03  3.321875e+05  1.887634e+02  1.427689e+05  5.6296343871667896e+03
      4320  5.3999999999999968e+00  1.2000064370220702e-01  4.7856129698552419e+00  3.965814e-01  2.293598e+01  3.149551e+01  2.098634e+03  3.178686e+03  3.338306e+05  1.861250e+02  1.393312e+05  5.6755516430558419e+03
      4330  5.4124999999999943e+00  1.1996067842094484e-01  4.8062075501574117e+00  3.847277e-01  2.288534e+01  2.969642e+01  2.096667e+03  2.846290e+03  3.349408e+05  1.835990e+02  1.360889e+05  5.7212691478778925e+03
      4340  5.4249999999999918e+00  1.1992054232921456e-01  4.8266123126646514e+00  3.736421e-01  2.283454e+01  2.804399e+01  2.093234e+03  2.553522e+03  3.354448e+05  1.811796e+02  1.330381e+05  5.7667620006159923e+03
      4350  5.4374999999999893e+00  1.1988023698738073e-01  4.8468325358789413e+00  3.633633e-01  2.278306e+01  2.654703e+01  2.088187e+03  2.303363e+03  3.352801e+05  1.788568e+02  1.301635e+05  5.8120014337786342e+03
      4360  5.4499999999999869e+00  1.1983976391061887e-01  4.8668737842846657e+00  3.539350e-01  2.273036e+01  2.521377e+01  2.081411e+03  2.098467e+03  3.344013e+05  1.766160e+02  1.274361e+05  5.8569536400780617e+03
      4370  5.4624999999999844e+00  1.1979912456639377e-01  4.8867419427298255e+00  3.454049e-01  2.267594e+01  2.405180e+01  2.072834e+03  1.941033e+03  3.327827e+05  1.744416e+02  1.248157e+05  5.9015789690694583e+03
      4380  5.4749999999999819e+00  1.1975832037160961e-01  4.9064432610042159e+00  3.378237e-01  2.261939e+01  2.306805e+01  2.062442e+03  1.832641e+03  3.304199e+05  1.723197e+02  1.222578e+05  5.9458303802119881e+03
      4390  5.4874999999999794e+00  1.1971735268934339e-01  4.9259844048817687e+00  3.312444e-01  2.256043e+01  2.226858e+01  2.050292e+03  1.774180e+03  3.273362e+05  1.702336e+02  1.197328e+05  5.9896511434055938e+03
      4400  5.4999999999999769e+00  1.1967622282516217e-01  4.9453725249582909e+00  3.257209e-01  2.249897e+01  2.165839e+01  2.036520e+03  1.765852e+03  3.235911e+05  1.681523e+02  1.172081e+05  6.0329726667695741e+03
      4410  5.5124999999999744e+00  1.1963493202262687e-01  4.9646153573251537e+00  3.213079e-01  2.243506e+01  2.124132e+01  2.021349e+03  1.807206e+03  3.192837e+05  1.660365e+02  1.146220e+05  6.0757135120193534e+03
      4420  5.5249999999999719e+00  1.1959348145793409e-01  4.9837213591390519e+00  3.180593e-01  2.236894e+01  2.102040e+01  2.005082e+03  1.897220e+03  3.145490e+05  1.638716e+02  1.118829e+05  6.1177797479995625e+03
      4430  5.5374999999999694e+00  1.1955187223324801e-01  5.0026998693787164e+00  3.160267e-01  2.230101e+01  2.099742e+01  1.988090e+03  2.034373e+03  3.095515e+05  1.616625e+02  1.089372e+05  6.1590658535245921e+03
      4440  5.5499999999999670e+00  1.1951010536860789e-01  5.0215612807949803e+00  3.152576e-01  2.223171e+01  2.117266e+01  1.970783e+03  2.216644e+03  3.044752e+05  1.593903e+02  1.057481e+05  6.1994552882507605e+03
      4450  5.5624999999999645e+00  1.1946818179251921e-01  5.0403172097131277e+00  3.157928e-01  2.216149e+01  2.154491e+01  1.953567e+03  2.441562e+03  2.995095e+05  1.570186e+02  1.022664e+05  6.2388201547444860e+03
      4460  5.5749999999999620e+00  1.1942610233101486e-01  5.0589806615876682e+00  3.176653e-01  2.209075e+01  2.211185e+01  1.936823e+03  2.706371e+03  2.948361e+05  1.545534e+02  9.847576e+04  6.2770204754602737e+03
      4470  5.5874999999999595e+00  1.1938386769542422e-01  5.0775662043831602e+00  3.208991e-01  2.201984e+01  2.286958e+01  1.920882e+03  3.008233e+03  2.906190e+05  1.520391e+02  9.444528e+04  6.3139046363800981e+03
      4480  5.5999999999999570e+00  1.1934147846857791e-01  5.0960901575527249e+00  3.255091e-01  2.194897e+01  2.381243e+01  1.906009e+03  3.344360e+03  2.869967e+05  1.495077e+02  9.025885e+04  6.3493118427545141e+03
      4490  5.6124999999999545e+00  1.1929893508939252e-01  5.1145707884428955e+00  3.315002e-01  2.187821e+01  2.493366e+01  1.892384e+03  3.711980e+03  2.840723e+05  1.469845e+02  8.597297e+04  6.3830761397429887e+03
      4500  5.6249999999999520e+00  1.1925623783587241e-01  5.1330284990198312e+00  3.388661e-01  2.180750e+01  2.622573e+01  1.880078e+03  4.108115e+03  2.819031e+05  1.445259e+02  8.167487e+04  6.4150313183278449e+03
      4510  5.6374999999999496e+00  1.1921338680664020e-01  5.1514859863950555e+00  3.475885e-01  2.173673e+01  2.767939e+01  1.869045e+03  4.529447e+03  2.804952e+05  1.422101e+02  7.753672e+04  6.4450165764802896e+03
      4520  5.6499999999999471e+00  1.1917038190126956e-01  5.1699683636615941e+00  3.576356e-01  2.166570e+01  2.928304e+01  1.859151e+03  4.972334e+03  2.798088e+05  1.400997e+02  7.373386e+04  6.4728832689053152e+03
      4530  5.6624999999999446e+00  1.1912722279986075e-01  5.1885032260686383e+00  3.689617e-01  2.159420e+01  3.102377e+01  1.850203e+03  5.432744e+03  2.797678e+05  1.382398e+02  7.036749e+04  6.4985028438151630e+03
      4540  5.6749999999999421e+00  1.1908390894228643e-01  5.2071206423409473e+00  3.815075e-01  2.152208e+01  3.288769e+01  1.841946e+03  5.906370e+03  2.802629e+05  1.366789e+02  6.752257e+04  6.5217751146867049e+03
      4550  5.6874999999999396e+00  1.1904043950797388e-01  5.2258530509645560e+00  3.952010e-01  2.144924e+01  3.485915e+01  1.834076e+03  6.388788e+03  2.811510e+05  1.354578e+02  6.526633e+04  6.5426351779202168e+03
      4560  5.6999999999999371e+00  1.1899681339694620e-01  5.2447350574156637e+00  4.099583e-01  2.137566e+01  3.692115e+01  1.826251e+03  6.875403e+03  2.822609e+05  1.345995e+02  6.363149e+04  6.5610577185935372e+03
      4570  5.7124999999999346e+00  1.1895302921280515e-01  5.2638031603228876e+00  4.256832e-01  2.130140e+01  3.905541e+01  1.818106e+03  7.361174e+03  2.834049e+05  1.341166e+02  6.265594e+04  6.5770593455374355e+03
      4580  5.7249999999999321e+00  1.1890908524821664e-01  5.2830954555941982e+00  4.422684e-01  2.122667e+01  4.124224e+01  1.809286e+03  7.840198e+03  2.843861e+05  1.340065e+02  6.236043e+04  6.5907011379158366e+03
      4590  5.7374999999999297e+00  1.1886497947283148e-01  5.3026513471076848e+00  4.595965e-01  2.115178e+01  4.346071e+01  1.799455e+03  8.305648e+03  2.849995e+05  1.342477e+02  6.271403e+04  6.6020924769821559e+03
      4600  5.7499999999999272e+00  1.1882070952353316e-01  5.3225112434338122e+00  4.775420e-01  2.107720e+01  4.568910e+01  1.788315e+03  8.750148e+03  2.850372e+05  1.347982e+02  6.362534e+04  6.6113939053927006e+03
      4610  5.7624999999999247e+00  1.1877627269757174e-01  5.3427161891227959e+00  4.959742e-01  2.100351e+01  4.790552e+01  1.775626e+03  9.166320e+03  2.843036e+05  1.355998e+02  6.498390e+04  6.6188143357121435e+03
      4620  5.7749999999999222e+00  1.1873166594914217e-01  5.3633073963842932e+00  5.147592e-01  2.093146e+01  5.008878e+01  1.761238e+03  9.547284e+03  2.826456e+05  1.365881e+02  6.671175e+04  6.6245991544620128e+03
      4630  5.7874999999999197e+00  1.1868688589016183e-01  5.3843257056722589e+00  5.337619e-01  2.086195e+01  5.221935e+01  1.745135e+03  9.887219e+03  2.799841e+05  1.377007e+02  6.876755e+04  6.6290111801548674e+03
      4640  5.7999999999999172e+00  1.1864192879555463e-01  5.4058110803855737e+00  5.528482e-01  2.079604e+01  5.428061e+01  1.727471e+03  1.018207e+04  2.763325e+05  1.388783e+02  7.108674e+04  6.6323138949622107e+03
      4650  5.8124999999999147e+00  1.1859679061212403e-01  5.4278022630829401e+00  5.718883e-01  2.073500e+01  5.626022e+01  1.708570e+03  1.043024e+04  2.717856e+05  1.400584e+02  7.351655e+04  6.6347700138125520e+03
      4660  5.8249999999999122e+00  1.1855146696946672e-01  5.4503366226760965e+00  5.907633e-01  2.068034e+01  5.815143e+01  1.688900e+03  1.063284e+04  2.664857e+05  1.411707e+02  7.582930e+04  6.6366614112530915e+03
      4670  5.8374999999999098e+00  1.1850595319176602e-01  5.4734500507750301e+00  6.093716e-01  2.063391e+01  5.995421e+01  1.669037e+03  1.079340e+04  2.605988e+05  1.421442e+02  7.783207e+04  6.6383199344250206e+03
      4680  5.8499999999999073e+00  1.1846024431110697e-01  5.4971766894193905e+00  6.276338e-01  2.059788e+01  6.167565e+01  1.649670e+03  1.091757e+04  2.543250e+05  1.429236e+02  7.945939e+04  6.6401458402573589e+03
      4690  5.8624999999999048e+00  1.1841433508408696e-01  5.5215484030047275e+00  6.454926e-01  2.057469e+01  6.332927e+01  1.631628e+03  1.101304e+04  2.479332e+05  1.434860e+02  8.074475e+04  6.6425949727283241e+03
      4700  5.8749999999999023e+00  1.1836822001336508e-01  5.5465941526413687e+00  6.629086e-01  2.056698e+01  6.493326e+01  1.615853e+03  1.108942e+04  2.417601e+05  1.438405e+02  8.172050e+04  6.6461365719222986e+03
      4710  5.8874999999998998e+00  1.1832189337393938e-01  5.5723395797880233e+00  6.798536e-01  2.057734e+01  6.650849e+01  1.603312e+03  1.115687e+04  2.361382e+05  1.440058e+02  8.237642e+04  6.6512055459541962e+03
      4720  5.8999999999998973e+00  1.1827534924096818e-01  5.5988070226274989e+00  6.963059e-01  2.060806e+01  6.807725e+01  1.594859e+03  1.122485e+04  2.313132e+05  1.439807e+02  8.270485e+04  6.6581788711958507e+03
      4730  5.9124999999998948e+00  1.1822858151579212e-01  5.6260159252229949e+00  7.122477e-01  2.066102e+01  6.966311e+01  1.591210e+03  1.130276e+04  2.274577e+05  1.437404e+02  8.269052e+04  6.6673893558795171e+03
      4740  5.9249999999998924e+00  1.1818158394788103e-01  5.6539833562315156e+00  7.276651e-01  2.073764e+01  7.129137e+01  1.593000e+03  1.140154e+04  2.247523e+05  1.432633e+02  8.229079e+04  6.6791621860555551e+03
      4750  5.9374999999998899e+00  1.1813435015303347e-01  5.6827243306490480e+00  7.425473e-01  2.083891e+01  7.298822e+01  1.600834e+03  1.153287e+04  2.233984e+05  1.425541e+02  8.149076e+04  6.6938424728371947e+03
      4760  5.9499999999998874e+00  1.1808687363022213e-01  5.7122518506576743e+00  7.568821e-01  2.096543e+01  7.477945e+01  1.615279e+03  1.170717e+04  2.235755e+05  1.416458e+02  8.038908e+04  6.7117907471868712e+03
      4770  5.9624999999998849e+00  1.1803914777860021e-01  5.7425768534827402e+00  7.706512e-01  2.111740e+01  7.668935e+01  1.636851e+03  1.193476e+04  2.254665e+05  1.406058e+02  7.917089e+04  6.7333510192354552e+03
      4780  5.9749999999998824e+00  1.1799116591445227e-01  5.7737083318673710e+00  7.838252e-01  2.129462e+01  7.873928e+01  1.666017e+03  1.222741e+04  2.293054e+05  1.395219e+02  7.796707e+04  6.7588186652569975e+03
      4790  5.9874999999998799e+00  1.1794292128594283e-01  5.8056537214315425e+00  7.963641e-01  2.149640e+01  8.094523e+01  1.703125e+03  1.259584e+04  2.353088e+05  1.384608e+02  7.684234e+04  6.7884346627317373e+03
      4800  5.9999999999998774e+00  1.1789440708408098e-01  5.8384193965704103e+00  8.082197e-01  2.172164e+01  8.331582e+01  1.748339e+03  1.304687e+04  2.436039e+05  1.374465e+02  7.584840e+04  6.8224115406132714e+03
      4810  6.0124999999998749e+00  1.1784561645003039e-01  5.8720110032442392e+00  8.193405e-01  2.196895e+01  8.585328e+01  1.801696e+03  1.358513e+04  2.542906e+05  1.364768e+02  7.497038e+04  6.8609736970813328e+03
      4820  6.0249999999998725e+00  1.1779654248099872e-01  5.9064334691604170e+00  8.296747e-01  2.223682e+01  8.855550e+01  1.863141e+03  1.421438e+04  2.674694e+05  1.355567e+02  7.415695e+04  6.9043873424173635e+03
      4830  6.0374999999998700e+00  1.1774717823716410e-01  5.9416907573395772e+00  8.391736e-01  2.252381e+01  9.141700e+01  1.932513e+03  1.493561e+04  2.831786e+05  1.347067e+02  7.342712e+04  6.9529650258013444e+03
      4840  6.0499999999998675e+00  1.1769751675101080e-01  5.9777855841568837e+00  8.477937e-01  2.282867e+01  9.443119e+01  2.009614e+03  1.574874e+04  3.014318e+05  1.339471e+02  7.283032e+04  7.0070456438605888e+03
      4850  6.0624999999998650e+00  1.1764755103839525e-01  6.0147193254991009e+00  8.554973e-01  2.315041e+01  9.759305e+01  2.094324e+03  1.665593e+04  3.223057e+05  1.332931e+02  7.235124e+04  7.0669619600091874e+03
      4860  6.0749999999998625e+00  1.1759727410904380e-01  6.0524922242079100e+00  8.622515e-01  2.348832e+01  1.008994e+02  2.186606e+03  1.766093e+04  3.459164e+05  1.327524e+02  7.194506e+04  7.1330097273953943e+03
      4870  6.0874999999998600e+00  1.1754667897418666e-01  6.0911038802124855e+00  8.680236e-01  2.384187e+01  1.043476e+02  2.286459e+03  1.876771e+04  3.723837e+05  1.323195e+02  7.160289e+04  7.2054276574615897e+03
      4880  6.0999999999998575e+00  1.1749575864924161e-01  6.1305539388530157e+00  8.727742e-01  2.421054e+01  1.079316e+02  2.393891e+03  1.998098e+04  4.018687e+05  1.319826e+02  7.129269e+04  7.2843908448312704e+03
      4890  6.1124999999998550e+00  1.1744450615002813e-01  6.1708429262690467e+00  8.764497e-01  2.459364e+01  1.116376e+02  2.508841e+03  2.130370e+04  4.345316e+05  1.317241e+02  7.095427e+04  7.3700158399439915e+03
      4900  6.1249999999998526e+00  1.1739291448141434e-01  6.2119732637439409e+00  8.789801e-01  2.499028e+01  1.154394e+02  2.631099e+03  2.273339e+04  4.704573e+05  1.315180e+02  7.056970e+04  7.4623748000848027e+03
      4910  6.1374999999998501e+00  1.1734097661654561e-01  6.2539504919553170e+00  8.802817e-01  2.539935e+01  1.192992e+02  2.760382e+03  2.426334e+04  5.097085e+05  1.313400e+02  7.010992e+04  7.5615143314014258e+03
      4920  6.1499999999998476e+00  1.1728868546535608e-01  6.2967846025149248e+00  8.802560e-01  2.581966e+01  1.231698e+02  2.896426e+03  2.588442e+04  5.523675e+05  1.311779e+02  6.952309e+04  7.6674652488738429e+03
      4930  6.1624999999998451e+00  1.1723603383190229e-01  6.3404914030562249e+00  8.787860e-01  2.625000e+01  1.269966e+02  3.039032e+03  2.758531e+04  5.985336e+05  1.310267e+02  6.881626e+04  7.7802238961829389e+03
      4940  6.1749999999998426e+00  1.1718301435915156e-01  6.3850942389824770e+00  8.757383e-01  2.668936e+01  1.307238e+02  3.188247e+03  2.935717e+04  6.484452e+05  1.308576e+02  6.799496e+04  7.8997057412379190e+03
      4950  6.1874999999998401e+00  1.1712961945586542e-01  6.4306266335091991e+00  8.709743e-01  2.713737e+01  1.343027e+02  3.344646e+03  3.119958e+04  7.026391e+05  1.306060e+02  6.699529e+04  8.0257108281162818e+03
      4960  6.1999999999998376e+00  1.1707584119649919e-01  6.4771361060505797e+00  8.643543e-01  2.759458e+01  1.376975e+02  3.509575e+03  3.312408e+04  7.620697e+05  1.302123e+02  6.577482e+04  8.1579596968182541e+03
      4970  6.2124999999998352e+00  1.1702167118482415e-01  6.5246889584075420e+00  8.557229e-01  2.806259e+01  1.408854e+02  3.685403e+03  3.515793e+04  8.283130e+05  1.296629e+02  6.435156e+04  8.2962287336852605e+03
      4980  6.2249999999998327e+00  1.1696710037645625e-01  6.5733751115064818e+00  8.448840e-01  2.854397e+01  1.438500e+02  3.875756e+03  3.734519e+04  9.038253e+05  1.290060e+02  6.278454e+04  8.4405576874909730e+03
      4990  6.2374999999998302e+00  1.1691211886666476e-01  6.6233113268596817e+00  8.315808e-01  2.904217e+01  1.465688e+02  4.085627e+03  3.974117e+04  9.921410e+05  1.283280e+02  6.117719e+04  8.5914924320594910e+03
      5000  6.2499999999998277e+00  1.1685671566269847e-01  6.6746416538183526e+00  8.154877e-01  2.956155e+01  1.490002e+02  4.321037e+03  4.239913e+04  1.097782e+06  1.276696e+02  5.955558e+04  8.7503852048051813e+03
      5010  6.2624999999998252e+00  1.1680087846441052e-01  6.7275350903990470e+00  7.962009e-01  3.010783e+01  1.510615e+02  4.587958e+03  4.534499e+04  1.225560e+06  1.269954e+02  5.777521e+04  8.9197658911157196e+03
      5020  6.2749999999998227e+00  1.1674459347772513e-01  6.7821797832258550e+00  7.731979e-01  3.068874e+01  1.525798e+02  4.890836e+03  4.853367e+04  1.379312e+06  1.264255e+02  5.582077e+04  9.1035904779487209e+03
      5030  6.2874999999998202e+00  1.1668784529817020e-01  6.8387717603342519e+00  7.457865e-01  3.131390e+01  1.532085e+02  5.231421e+03  5.178384e+04  1.560377e+06  1.266015e+02  5.437731e+04  9.3069669238382667e+03
      5040  6.2999999999998177e+00  1.1663061691118544e-01  6.8974987793306148e+00  7.131379e-01  3.199465e+01  1.523459e+02  5.608552e+03  5.470234e+04  1.766580e+06  1.286886e+02  5.510791e+04  9.5351651207545619e+03
      5050  6.3124999999998153e+00  1.1657288982467187e-01  6.9585263907149226e+00  6.744673e-01  3.274514e+01  1.491562e+02  6.019774e+03  5.664986e+04  1.993136e+06  1.338868e+02  6.027232e+04  9.7923491977292233e+03
      5060  6.3249999999998128e+00  1.1651464427354609e-01  7.0219957743582029e+00  6.292365e-01  3.358393e+01  1.427814e+02  6.464009e+03  5.686702e+04  2.234954e+06  1.425812e+02  7.153850e+04  1.0080949112031391e+04
      5070  6.3374999999998103e+00  1.1645585938281794e-01  7.0880348664945121e+00  5.771889e-01  3.453298e+01  1.326024e+02  6.942903e+03  5.476343e+04  2.487986e+06  1.536698e+02  8.786571e+04  1.0402467624851563e+04
      5080  6.3499999999998078e+00  1.1639651322018299e-01  7.1567706999644400e+00  5.182661e-01  3.561394e+01  1.182409e+02  7.459218e+03  5.002280e+04  2.749985e+06  1.654930e+02  1.056404e+05  1.0760010458301238e+04
      5090  6.3624999999998053e+00  1.1633658281543581e-01  7.2283209343082824e+00  4.527332e-01  3.685115e+01  9.933200e+01  8.017468e+03  4.233846e+04  3.022432e+06  1.783543e+02  1.238302e+05  1.1162032326016848e+04
      5100  6.3749999999998028e+00  1.1627604442495186e-01  7.3027398372617238e+00  3.817495e-01  3.828972e+01  7.558705e+01  8.637729e+03  3.127146e+04  3.315463e+06  1.966028e+02  1.518608e+05  1.1625314532530951e+04
      5110  6.3874999999998003e+00  1.1621487449020604e-01  7.3799061158811643e+00  3.080542e-01  4.001420e+01  4.754499e+01  9.380385e+03  1.674073e+04  3.662816e+06  2.280873e+02  2.152865e+05  1.2173874160423436e+04
      5120  6.3999999999997979e+00  1.1615305170233360e-01  7.4593784029634875e+00  2.359707e-01  4.213551e+01  1.746391e+01  1.035778e+04 -3.731660e+01  4.143612e+06  2.794956e+02  3.495459e+05  1.2831818082134640e+04
      5130  6.4124999999997954e+00  1.1609056016097510e-01  7.5402916634938197e+00  1.703954e-01  4.473688e+01 -1.070170e+01  1.170334e+04 -1.603452e+04  4.874138e+06  3.501225e+02  5.769772e+05  1.3612543572468972e+04
      5140  6.4249999999997929e+00  1.1602739293574264e-01  7.6213735223908197e+00  1.153435e-01  4.781517e+01 -3.254431e+01  1.351156e+04 -2.718082e+04  5.961061e+06  4.299038e+02  8.804543e+05  1.4510371184899241e+04
      5150  6.4374999999997904e+00  1.1596355489532975e-01  7.7010993429974821e+00  7.264657e-02  5.125757e+01 -4.515336e+01  1.579688e+04 -3.031332e+04  7.477673e+06  5.036317e+02  1.192820e+06  1.5499599466823065e+04
      5160  6.4499999999997879e+00  1.1589906385231813e-01  7.7779272416734599e+00  4.105901e-02  5.485905e+01 -4.916993e+01  1.848850e+04 -2.568445e+04  9.472674e+06  5.591998e+02  1.432133e+06  1.6540913111267135e+04
      5170  6.4624999999997854e+00  1.1583394972044364e-01  7.8505266277902184e+00  1.633228e-02  5.835907e+01 -5.004465e+01  2.142623e+04 -1.975974e+04  1.191982e+07  5.934096e+02  1.551940e+06  1.7590817919065048e+04
      5180  6.4749999999997829e+00  1.1576825202908814e-01  7.9179359471963036e+00 -7.205934e-03  6.148221e+01 -5.618894e+01  2.437990e+04 -2.313442e+04  1.470098e+07  6.119282e+02  1.561200e+06  1.8608818514818580e+04
      5190  6.4874999999997804e+00  1.1570201652859127e-01  7.9796230228510510e+00 -3.375788e-02  6.397931e+01 -7.348198e+01  2.709455e+04 -4.276499e+04  1.764095e+07  6.242523e+02  1.526011e+06  1.9559573826374712e+04
      5200  6.4999999999997780e+00  1.1563529164000072e-01  8.0354703958155884e+00 -6.341988e-02  6.565428e+01 -9.954554e+01  2.917989e+04 -7.099141e+04  2.017065e+07  6.377924e+02  1.547148e+06  2.0412922447682402e+04
      5210  6.5124999999997755e+00  1.1556812518131113e-01  8.0857289122134368e+00 -9.157648e-02  6.635853e+01 -1.230888e+02  3.019011e+04 -9.108738e+04  2.154509e+07  6.496376e+02  1.600803e+06  2.1146356006353348e+04
      5220  6.5249999999997730e+00  1.1550056159893599e-01  8.1309381315941121e+00 -1.103090e-01  6.602143e+01 -1.332145e+02  3.014776e+04 -9.822069e+04  2.184629e+07  6.564103e+02  1.581769e+06  2.1748161433174781e+04
      5230  6.5374999999997705e+00  1.1543264006479612e-01  8.1718005423837816e+00 -1.116817e-01  6.464103e+01 -1.179968e+02  2.873865e+04 -6.674071e+04  2.032618e+07  6.506348e+02  1.536629e+06  2.2217810660969360e+04
      5240  6.5499999999997680e+00  1.1536439366020496e-01  8.2090572730320233e+00 -9.125320e-02  6.237905e+01 -8.009704e+01  2.644053e+04 -1.140328e+04  1.800902e+07  6.282852e+02  1.409213e+06  2.2563961218542761e+04
      5250  6.5624999999997655e+00  1.1529584941724227e-01  8.2434100614890156e+00 -5.032393e-02  5.957755e+01 -2.989871e+01  2.383811e+04  4.555305e+04  1.571094e+07  6.017248e+02  1.290976e+06  2.2800601911405520e+04
      5260  6.5749999999997630e+00  1.1522702878644017e-01  8.2754982586181427e+00  4.203929e-03  5.647100e+01  2.234381e+01  2.115534e+04  9.217504e+04  1.349567e+07  5.610113e+02  1.090057e+06  2.2944898134413135e+04
      5270  6.5874999999997605e+00  1.1515794811358990e-01  8.3059128777907087e+00  6.322769e-02  5.339663e+01  6.866964e+01  1.881589e+04  1.269271e+05  1.171499e+07  5.220949e+02  9.481497e+05  2.3017157361747071e+04
      5280  6.5999999999997581e+00  1.1508861905268442e-01  8.3351861079030929e+00  1.189872e-01  5.051087e+01  1.018696e+02  1.663790e+04  1.377526e+05  9.992651e+06  4.854411e+02  8.358714e+05  2.3038248814794402e+04
      5290  6.6124999999997556e+00  1.1501904918015421e-01  8.3637632585190342e+00  1.668628e-01  4.785882e+01  1.207888e+02  1.487505e+04  1.366275e+05  8.651358e+06  4.487826e+02  7.350168e+05  2.3026466691219262e+04
      5300  6.6249999999997531e+00  1.1494924270113031e-01  8.3920115452872910e+00  2.053856e-01  4.549979e+01  1.305943e+02  1.331668e+04  1.265855e+05  7.386922e+06  4.210301e+02  6.621748e+05  2.2998792121787308e+04
      5310  6.6374999999997506e+00  1.1487920109485963e-01  8.4202129022645860e+00  2.350560e-01  4.336614e+01  1.321148e+02  1.193100e+04  1.122812e+05  6.239451e+06  3.916362e+02  5.812364e+05  2.2970362361942156e+04
      5320  6.6499999999997481e+00  1.1480892397222646e-01  8.4485286543438285e+00  2.572956e-01  4.146969e+01  1.283213e+02  1.069404e+04  9.636676e+04  5.216339e+06  3.686755e+02  5.258660e+05  2.2950034534482813e+04
      5330  6.6624999999997456e+00  1.1473841006244451e-01  8.4770208219210463e+00  2.738468e-01  3.971892e+01  1.220363e+02  9.585952e+03  8.132359e+04  4.327065e+06  3.447456e+02  4.551270e+05  2.2939546795765411e+04
      5340  6.6749999999997431e+00  1.1466765775590444e-01  8.5057170957951342e+00  2.861804e-01  3.807682e+01  1.154201e+02  8.564947e+03  6.837985e+04  3.559739e+06  3.228022e+02  3.913253e+05  2.2937339082253802e+04
      5350  6.6874999999997407e+00  1.1459666525304109e-01  8.5346436402077899e+00  2.954954e-01  3.651074e+01  1.088716e+02  7.633778e+03  5.757658e+04  2.905233e+06  3.035034e+02  3.430862e+05  2.2939972567448240e+04
      5360  6.6999999999997382e+00  1.1452543045805069e-01  8.5638498501438907e+00  3.022584e-01  3.498381e+01  1.022704e+02  6.749185e+03  4.808614e+04  2.322306e+06  2.853495e+02  3.071745e+05  2.2943094882369438e+04
      5370  6.7124999999997357e+00  1.1445395069942535e-01  8.5934299276069197e+00  3.065182e-01  3.349335e+01  9.616706e+01  5.972189e+03  4.117431e+04  1.881805e+06  2.694410e+02  2.756809e+05  2.2943039588010928e+04
      5380  6.7249999999997332e+00  1.1438222235334516e-01  8.6235154691823350e+00  3.081374e-01  3.206168e+01  9.044586e+01  5.294827e+03  3.558723e+04  1.537686e+06  2.566916e+02  2.466530e+05  2.2937943628476973e+04
      5390  6.7374999999997307e+00  1.1431024056302136e-01  8.6542664741271977e+00  3.072101e-01  3.069855e+01  8.410424e+01  4.695505e+03  3.022273e+04  1.255089e+06  2.438756e+02  2.122954e+05  2.2928317866538691e+04
      5400  6.7499999999997282e+00  1.1423799918494065e-01  8.6858208902727050e+00  3.039243e-01  2.942777e+01  7.683595e+01  4.162295e+03  2.475582e+04  1.015965e+06  2.314485e+02  1.808758e+05  2.2914242590024100e+04
      5410  6.7624999999997257e+00  1.1416549101032922e-01  8.7183054758546348e+00  2.983527e-01  2.827922e+01  6.960454e+01  3.709422e+03  2.002556e+04  8.296934e+05  2.214711e+02  1.629283e+05  2.2895747724182995e+04
      5420  6.7749999999997232e+00  1.1409270769300904e-01  8.7518655935557739e+00  2.903587e-01  2.727391e+01  6.363174e+01  3.354376e+03  1.686679e+04  7.015799e+05  2.139380e+02  1.561219e+05  2.2873875930061080e+04
      5430  6.7874999999997208e+00  1.1401963963169615e-01  8.7866565024308034e+00  2.798984e-01  2.641854e+01  5.799418e+01  3.085945e+03  1.428066e+04  6.132973e+05  2.073928e+02  1.465307e+05  2.2851090776537923e+04
      5440  6.7999999999997183e+00  1.1394627598668944e-01  8.8228141172556036e+00  2.665838e-01  2.572686e+01  5.159432e+01  2.878416e+03  1.156411e+04  5.465439e+05  2.020797e+02  1.367579e+05  2.2830030587694815e+04
      5450  6.8124999999997158e+00  1.1387260494861860e-01  8.8604412328840301e+00  2.497983e-01  2.520238e+01  4.386541e+01  2.743716e+03  8.543666e+03  5.090200e+05  1.993348e+02  1.353857e+05  2.2813453709636586e+04
      5460  6.8249999999997133e+00  1.1379861388767495e-01  8.8996315376678830e+00  2.298591e-01  2.486125e+01  3.511577e+01  2.703858e+03  5.074523e+03  5.138123e+05  2.012813e+02  1.447411e+05  2.2805735189088748e+04
      5470  6.8374999999997108e+00  1.1372428955795331e-01  8.9404269342632343e+00  2.077675e-01  2.467642e+01  2.490925e+01  2.748281e+03  3.626811e+02  5.613077e+05  2.066793e+02  1.617734e+05  2.2810335467105288e+04
      5480  6.8499999999997083e+00  1.1364961867072482e-01  8.9828062409941847e+00  1.849551e-01  2.459763e+01  1.337829e+01  2.865749e+03 -5.458059e+03  6.599895e+05  2.146618e+02  1.889189e+05  2.2829325478485502e+04
      5490  6.8624999999997058e+00  1.1357458809880890e-01  9.0267581965319614e+00  1.640419e-01  2.457562e+01  2.568315e+00  3.006403e+03 -1.157047e+04  7.720698e+05  2.231209e+02  2.176721e+05  2.2864278779213037e+04
      5500  6.8749999999997033e+00  1.1349918481918242e-01  9.0722589611109967e+00  1.469153e-01  2.452815e+01 -5.750791e+00  3.126506e+03 -1.602860e+04  8.644748e+05  2.277211e+02  2.351203e+05  2.2913370096985553e+04
      5510  6.8874999999997009e+00  1.1342339604951601e-01  9.1192924442856338e+00  1.344776e-01  2.440246e+01 -1.032513e+01  3.169631e+03 -1.792352e+04  8.944994e+05  2.275330e+02  2.351611e+05  2.2973871427173479e+04
      5520  6.8999999999996984e+00  1.1334720886006193e-01  9.1679049992004273e+00  1.272744e-01  2.415840e+01 -1.069665e+01  3.127825e+03 -1.746402e+04  8.690713e+05  2.196431e+02  2.170707e+05  2.3044521113554962e+04
      5530  6.9124999999996959e+00  1.1327060992056165e-01  9.2181347307729773e+00  1.248955e-01  2.381347e+01 -7.853748e+00  3.026154e+03 -1.542849e+04  8.224194e+05  2.089954e+02  1.925645e+05  2.3122658068268727e+04
      5540  6.9249999999996934e+00  1.1319358560410316e-01  9.2700278616229728e+00  1.264208e-01  2.340235e+01 -2.373826e+00  2.884934e+03 -1.239094e+04  7.643161e+05  1.966328e+02  1.655595e+05  2.3206345822127820e+04
      5550  6.9374999999996909e+00  1.1311612166178558e-01  9.3236822099637280e+00  1.309444e-01  2.296619e+01  4.436487e+00  2.717295e+03 -8.868384e+03  6.941351e+05  1.838198e+02  1.409159e+05  2.3297275188097861e+04
      5560  6.9499999999996884e+00  1.1303820307820700e-01  9.3791667306849043e+00  1.371597e-01  2.255336e+01  1.123107e+01  2.552257e+03 -5.320196e+03  6.208618e+05  1.718054e+02  1.191384e+05  2.3398397389612608e+04
      5570  6.9624999999996859e+00  1.1295981457068768e-01  9.4364833535568255e+00  1.434212e-01  2.219500e+01  1.705879e+01  2.404146e+03 -2.336695e+03  5.515205e+05  1.607040e+02  1.011226e+05  2.3511918559704296e+04
      5580  6.9749999999996835e+00  1.1288094092691664e-01  9.4956209119277482e+00  1.484182e-01  2.190858e+01  2.163071e+01  2.286415e+03 -1.957233e+01  4.965201e+05  1.516717e+02  8.769590e+04  2.3640656349322260e+04
      5590  6.9874999999996810e+00  1.1280156709959321e-01  9.5565454909886434e+00  1.508681e-01  2.167799e+01  2.470573e+01  2.193858e+03  1.597893e+03  4.558497e+05  1.445009e+02  7.740680e+04  2.3786520620735428e+04
      5600  6.9999999999996785e+00  1.1272167850754720e-01  9.6191845094769857e+00  1.501105e-01  2.147541e+01  2.622437e+01  2.110161e+03  2.506760e+03  4.215954e+05  1.381706e+02  6.961280e+04  2.3949469949118589e+04
      5610  7.0124999999996760e+00  1.1264126117423176e-01  9.6834759051545500e+00  1.458144e-01  2.128467e+01  2.641698e+01  2.031087e+03  2.950561e+03  3.911466e+05  1.333490e+02  6.373405e+04  2.4129322139097229e+04
      5620  7.0249999999996735e+00  1.1256030150622164e-01  9.7493862840315888e+00  1.375921e-01  2.108829e+01  2.535655e+01  1.953060e+03  3.111305e+03  3.638034e+05  1.292722e+02  5.895960e+04  2.4325899839711125e+04
      5630  7.0374999999996710e+00  1.1247878614980647e-01  9.8168933196941204e+00  1.259166e-01  2.089710e+01  2.323627e+01  1.877630e+03  2.964053e+03  3.373108e+05  1.259381e+02  5.480213e+04  2.4537185540910701e+04
      5640  7.0499999999996685e+00  1.1239670176029067e-01  9.8860219752143390e+00  1.119983e-01  2.073780e+01  2.049422e+01  1.816421e+03  2.766074e+03  3.176388e+05  1.235771e+02  5.230080e+04  2.4760806861619574e+04
      5650  7.0624999999996660e+00  1.1231403451249743e-01  9.9568618470749932e+00  9.752072e-02  2.063162e+01  1.736832e+01  1.771369e+03  2.383692e+03  3.009330e+05  1.221935e+02  5.076427e+04  2.4995792141036807e+04
      5660  7.0749999999996636e+00  1.1223076953162972e-01  1.0029570545206569e+01  8.403075e-02  2.059392e+01  1.428141e+01  1.748460e+03  1.979536e+03  2.902337e+05  1.226616e+02  5.141788e+04  2.5244517029530889e+04
      5670  7.0874999999996611e+00  1.1214689053184479e-01  1.0104313533517898e+01  7.218856e-02  2.062165e+01  1.110341e+01  1.749146e+03  1.488945e+03  2.870486e+05  1.246787e+02  5.432127e+04  2.5510153233969031e+04
      5680  7.0999999999996586e+00  1.1206238001627734e-01  1.0181214505784622e+01  6.231143e-02  2.070741e+01  7.588422e+00  1.769380e+03  6.633621e+02  2.891288e+05  1.271340e+02  5.718993e+04  2.5795210204446117e+04
      5690  7.1124999999996561e+00  1.1197721966301319e-01  1.0260346035960586e+01  5.395362e-02  2.085666e+01  3.789688e+00  1.819383e+03 -4.106831e+02  3.035496e+05  1.306959e+02  6.286134e+04  2.6101722107818678e+04
      5700  7.1249999999996536e+00  1.1189139081460986e-01  1.0341716323580721e+01  4.625293e-02  2.104966e+01 -7.369854e-01  1.889019e+03 -1.983738e+03  3.278631e+05  1.336693e+02  6.798551e+04  2.6432058995830674e+04
      5710  7.1374999999996511e+00  1.1180487506167779e-01  1.0425259879013762e+01  3.906686e-02  2.127772e+01 -5.694299e+00  1.984306e+03 -3.841344e+03  3.675900e+05  1.368407e+02  7.554665e+04  2.6788827923953544e+04
      5720  7.1499999999996486e+00  1.1171765485337144e-01  1.0510840648637776e+01  3.307497e-02  2.153087e+01 -1.132566e+01  2.098850e+03 -6.314129e+03  4.244453e+05  1.389544e+02  8.111771e+04  2.7175621163190859e+04
      5730  7.1624999999996461e+00  1.1162971406549563e-01  1.0598254755195224e+01  2.964402e-02  2.183170e+01 -1.689586e+01  2.242810e+03 -9.036055e+03  5.002435e+05  1.413691e+02  8.796099e+04  2.7596418187699121e+04
      5740  7.1749999999996437e+00  1.1154103856730153e-01  1.0687225023169150e+01  3.044034e-02  2.217738e+01 -2.178853e+01  2.380808e+03 -1.132417e+04  5.659960e+05  1.430936e+02  9.723232e+04  2.8053837165356737e+04
      5750  7.1874999999996412e+00  1.1145161690664865e-01  1.0777382623613443e+01  3.713905e-02  2.255534e+01 -2.551295e+01  2.534287e+03 -1.384317e+04  6.515658e+05  1.445052e+02  1.047116e+05  2.8546682449076812e+04
      5760  7.1999999999996387e+00  1.1136144099485293e-01  1.0868299507265521e+01  5.142725e-02  2.294773e+01 -2.745719e+01  2.675581e+03 -1.567008e+04  7.187360e+05  1.455293e+02  1.065224e+05  2.9070602210541067e+04
      5770  7.2124999999996362e+00  1.1127050629561283e-01  1.0959556463124068e+01  7.364399e-02  2.334182e+01 -2.641044e+01  2.781548e+03 -1.585355e+04  7.539252e+05  1.460161e+02  1.098109e+05  2.9621640683450205e+04
      5780  7.2249999999996337e+00  1.1117881168191604e-01  1.1050748333404155e+01  1.032081e-01  2.373103e+01 -2.229096e+01  2.866799e+03 -1.485406e+04  7.801896e+05  1.457904e+02  1.092633e+05  3.0195793736358559e+04
      5790  7.2374999999996312e+00  1.1108635939722668e-01  1.1141464451957336e+01  1.393962e-01  2.413790e+01 -1.480778e+01  2.935727e+03 -1.182640e+04  7.761879e+05  1.452698e+02  1.073687e+05  3.0786033088221920e+04
      5800  7.2499999999996287e+00  1.1099315511653096e-01  1.1231294722585943e+01  1.808972e-01  2.460219e+01 -4.390270e+00  3.013962e+03 -7.328201e+03  7.698399e+05  1.453870e+02  1.055697e+05  3.1384869060361776e+04
      5810  7.2624999999996263e+00  1.1089920774171577e-01  1.1319880320490858e+01  2.260641e-01  2.512388e+01  8.520723e+00  3.125032e+03 -1.692979e+03  7.858332e+05  1.458510e+02  1.037230e+05  3.1988060508198600e+04
      5820  7.2749999999996238e+00  1.1080452894474625e-01  1.1406900957586933e+01  2.727636e-01  2.567873e+01  2.275154e+01  3.269612e+03  4.742898e+03  8.234649e+05  1.475283e+02  1.024904e+05  3.2593342101686329e+04
      5830  7.2874999999996213e+00  1.1070913311801711e-01  1.1492023479025679e+01  3.184952e-01  2.622680e+01  3.700408e+01  3.434095e+03  1.121298e+04  8.911637e+05  1.495414e+02  1.001590e+05  3.3199533072048755e+04
      5840  7.2999999999996188e+00  1.1061303740662977e-01  1.1574928633024101e+01  3.609887e-01  2.674461e+01  5.009311e+01  3.589795e+03  1.722411e+04  9.560527e+05  1.526937e+02  1.019594e+05  3.3806585666207044e+04
      5850  7.3124999999996163e+00  1.1051626143978549e-01  1.1655340067262440e+01  3.996654e-01  2.721649e+01  6.136033e+01  3.726842e+03  2.118245e+04  9.971862e+05  1.560439e+02  1.003916e+05  3.4412857869869353e+04
      5860  7.3249999999996138e+00  1.1041882701089206e-01  1.1733015964722771e+01  4.347036e-01  2.766071e+01  7.203662e+01  3.859179e+03  2.489474e+04  1.022729e+06  1.615416e+02  1.067207e+05  3.5010534813618760e+04
      5870  7.3374999999996113e+00  1.1032075753127729e-01  1.1807823823515605e+01  4.662693e-01  2.806253e+01  8.216030e+01  4.012420e+03  2.861095e+04  1.076292e+06  1.674809e+02  1.119481e+05  3.5588992968134335e+04
      5880  7.3499999999996088e+00  1.1022207687892918e-01  1.1879782301757814e+01  4.942607e-01  2.840426e+01  9.153949e+01  4.147474e+03  3.196682e+04  1.121165e+06  1.729496e+02  1.202037e+05  3.6137553603342974e+04
      5890  7.3624999999996064e+00  1.1012280810323481e-01  1.1949075398082513e+01  5.187207e-01  2.866356e+01  1.004147e+02  4.274871e+03  3.552129e+04  1.171284e+06  1.780181e+02  1.300292e+05  3.6649025577044362e+04
      5900  7.3749999999996039e+00  1.1002297209528142e-01  1.2016023916266171e+01  5.396663e-01  2.882353e+01  1.081795e+02  4.381035e+03  3.849327e+04  1.215952e+06  1.811285e+02  1.342654e+05  3.7121852848240043e+04
      5910  7.3874999999996014e+00  1.0992258681186327e-01  1.2081011612238823e+01  5.575439e-01  2.888269e+01  1.137940e+02  4.437923e+03  4.043705e+04  1.239195e+06  1.829317e+02  1.380209e+05  3.7557367533303710e+04
      5920  7.3999999999995989e+00  1.0982166679432999e-01  1.2144466403348551e+01  5.733263e-01  2.883050e+01  1.187345e+02  4.471342e+03  4.220524e+04  1.261708e+06  1.832247e+02  1.391313e+05  3.7960344095462511e+04
      5930  7.4124999999995964e+00  1.0972022316825553e-01  1.2206773067141842e+01  5.880172e-01  2.869862e+01  1.218988e+02  4.467858e+03  4.299445e+04  1.267513e+06  1.827755e+02  1.395942e+05  3.8335929213033676e+04
      5940  7.4249999999995939e+00  1.0961826403788141e-01  1.2268284501919172e+01  6.025948e-01  2.847398e+01  1.239658e+02  4.425930e+03  4.321956e+04  1.259899e+06  1.817142e+02  1.401701e+05  3.8689819670517179e+04
      5950  7.4374999999995914e+00  1.0951579463289986e-01  1.2329324602508715e+01  6.172040e-01  2.816315e+01  1.252132e+02  4.354726e+03  4.304990e+04  1.239983e+06  1.792673e+02  1.375687e+05  3.9027763745781078e+04
      5960  7.4499999999995890e+00  1.0941281788297194e-01  1.2390118155455962e+01  6.321979e-01  2.776474e+01  1.246559e+02  4.215259e+03  4.145356e+04  1.178439e+06  1.744752e+02  1.295687e+05  3.9353558479562838e+04
      5970  7.4624999999995865e+00  1.0930933516766919e-01  1.2450817626375153e+01  6.471011e-01  2.730073e+01  1.229360e+02  4.034214e+03  3.907176e+04  1.097588e+06  1.678949e+02  1.178918e+05  3.9671908959924716e+04
      5980  7.4749999999995840e+00  1.0920534683665889e-01  1.2511511333663673e+01  6.619501e-01  2.682753e+01  1.215057e+02  3.884156e+03  3.737928e+04  1.043742e+06  1.625298e+02  1.093038e+05  3.9986918081179057e+04
      5990  7.4874999999995815e+00  1.0910085272596817e-01  1.2572240649434860e+01  6.772235e-01  2.636551e+01  1.195304e+02  3.726958e+03  3.526343e+04  9.840566e+05  1.571394e+02  1.005743e+05  4.0304609808342284e+04
      6000  7.4999999999995790e+00  1.0899585240657303e-01  1.2633021247997053e+01  6.926688e-01  2.593658e+01  1.173436e+02  3.575711e+03  3.298874e+04  9.251181e+05  1.515632e+02  9.416911e+04  4.0635681687473523e+04
      6010  7.5124999999995765e+00  1.0889034577074169e-01  1.2693743941705579e+01  7.075442e-01  2.556899e+01  1.154897e+02  3.444182e+03  3.112614e+04  8.744723e+05  1.479520e+02  9.104380e+04  4.0982654066822004e+04
      6020  7.5249999999995740e+00  1.0878433398477667e-01  1.2754240731503767e+01  7.225680e-01  2.524973e+01  1.142291e+02  3.324543e+03  2.983868e+04  8.296569e+05  1.439302e+02  8.745339e+04  4.1345316902781939e+04
      6030  7.5374999999995715e+00  1.0867781961337201e-01  1.2814329948360012e+01  7.373494e-01  2.497265e+01  1.138175e+02  3.223658e+03  2.915502e+04  7.943345e+05  1.403031e+02  8.406648e+04  4.1722452529786591e+04
      6040  7.5499999999995691e+00  1.0857080706559066e-01  1.2873762308970907e+01  7.529720e-01  2.474088e+01  1.141872e+02  3.141118e+03  2.884109e+04  7.696028e+05  1.378236e+02  8.046405e+04  4.2106370649350152e+04
      6050  7.5624999999995666e+00  1.0846330270120558e-01  1.2932327865345798e+01  7.696595e-01  2.453394e+01  1.150364e+02  3.082714e+03  2.891396e+04  7.618999e+05  1.351724e+02  7.630803e+04  4.2492643468561029e+04
      6060  7.5749999999995641e+00  1.0835531443418039e-01  1.2989853929865333e+01  7.868614e-01  2.435828e+01  1.162940e+02  3.037343e+03  2.913099e+04  7.596950e+05  1.336879e+02  7.439459e+04  4.2875682459154646e+04
      6070  7.5874999999995616e+00  1.0824685160043720e-01  1.3046170712147767e+01  8.039741e-01  2.421067e+01  1.179332e+02  2.997734e+03  2.954157e+04  7.568698e+05  1.323111e+02  7.404096e+04  4.3248940203699429e+04
      6080  7.5999999999995591e+00  1.0813792473759540e-01  1.3101174201619244e+01  8.198373e-01  2.409439e+01  1.195752e+02  2.956444e+03  2.995334e+04  7.477040e+05  1.308463e+02  7.333768e+04  4.3606867668632629e+04
      6090  7.6124999999995566e+00  1.0802854496304842e-01  1.3154813708125964e+01  8.332248e-01  2.401180e+01  1.210174e+02  2.913786e+03  3.031352e+04  7.330873e+05  1.290279e+02  7.244590e+04  4.3942335307707181e+04
      6100  7.6249999999995541e+00  1.0791872358648651e-01  1.3207112551680718e+01  8.433819e-01  2.396794e+01  1.222446e+02  2.884024e+03  3.071333e+04  7.215624e+05  1.275339e+02  7.106971e+04  4.4249276944532139e+04
      6110  7.6374999999995516e+00  1.0780847119618887e-01  1.3258214914897398e+01  8.499587e-01  2.392296e+01  1.227096e+02  2.850241e+03  3.084796e+04  7.091016e+05  1.247459e+02  6.675728e+04  4.4522447377448574e+04
      6120  7.6499999999995492e+00  1.0769779687528927e-01  1.3308329476699194e+01  8.529849e-01  2.389284e+01  1.231235e+02  2.841196e+03  3.118965e+04  7.094005e+05  1.230914e+02  6.450923e+04  4.4752422997133748e+04
      6130  7.6624999999995467e+00  1.0758670771719868e-01  1.3357746053997161e+01  8.527500e-01  2.383168e+01  1.227275e+02  2.826585e+03  3.125168e+04  7.099453e+05  1.201708e+02  5.978741e+04  4.4932756684851032e+04
      6140  7.6749999999995442e+00  1.0747520791226246e-01  1.3406872080942557e+01  8.495158e-01  2.376420e+01  1.219757e+02  2.821874e+03  3.131126e+04  7.152448e+05  1.184782e+02  5.806413e+04  4.5066316860098043e+04
      6150  7.6874999999995417e+00  1.0736329807480223e-01  1.3456141303846525e+01  8.436773e-01  2.364709e+01  1.203046e+02  2.791213e+03  3.093902e+04  7.083668e+05  1.154540e+02  5.494711e+04  4.5157605775280441e+04
      6160  7.6999999999995392e+00  1.0725097540919215e-01  1.3505940145573147e+01  8.358999e-01  2.351063e+01  1.183702e+02  2.754044e+03  3.051117e+04  6.987896e+05  1.130970e+02  5.327414e+04  4.5212312635769522e+04
      6170  7.7124999999995367e+00  1.0713823405217630e-01  1.3556618699165716e+01  8.270299e-01  2.332804e+01  1.160997e+02  2.695304e+03  2.984505e+04  6.785539e+05  1.092092e+02  4.963333e+04  4.5241209931260091e+04
      6180  7.7249999999995342e+00  1.0702506541990833e-01  1.3608468078313891e+01  8.179209e-01  2.314346e+01  1.140145e+02  2.632357e+03  2.916949e+04  6.553334e+05  1.067732e+02  4.815939e+04  4.5258510118926664e+04
      6190  7.7374999999995318e+00  1.0691145901965375e-01  1.3661636900624561e+01  8.089432e-01  2.292962e+01  1.117451e+02  2.560171e+03  2.837431e+04  6.304656e+05  1.029620e+02  4.477745e+04  4.5278640720745469e+04
      6200  7.7499999999995293e+00  1.0679740372189153e-01  1.3716150812391202e+01  8.009197e-01  2.272606e+01  1.098171e+02  2.487274e+03  2.751431e+04  6.021620e+05  9.998332e+01  4.171713e+04  4.5312729091987494e+04
      6210  7.7624999999995268e+00  1.0668288827797966e-01  1.3771997378782235e+01  7.945045e-01  2.251693e+01  1.081076e+02  2.412047e+03  2.666895e+04  5.747648e+05  9.614974e+01  3.828961e+04  4.5368442562458869e+04
      6220  7.7749999999995243e+00  1.0656790208393493e-01  1.3829039865074229e+01  7.898838e-01  2.231752e+01  1.067951e+02  2.340165e+03  2.592498e+04  5.493046e+05  9.257873e+01  3.553283e+04  4.5444027338519089e+04
      6230  7.7874999999995218e+00  1.0645243559598330e-01  1.3887197299801697e+01  7.865517e-01  2.213680e+01  1.057587e+02  2.273416e+03  2.530633e+04  5.276350e+05  8.945836e+01  3.340745e+04  4.5538692174402815e+04
      6240  7.7999999999995193e+00  1.0633647966020680e-01  1.3946428023358212e+01  7.832668e-01  2.197439e+01  1.048719e+02  2.212278e+03  2.479789e+04  5.096271e+05  8.646127e+01  3.152169e+04  4.5653472547042154e+04
      6250  7.8124999999995168e+00  1.0622002556202789e-01  1.4006695997486176e+01  7.789030e-01  2.183787e+01  1.040176e+02  2.159535e+03  2.441498e+04  4.962921e+05  8.406155e+01  2.993209e+04  4.5788297307278124e+04
      6260  7.8249999999995143e+00  1.0610306457218428e-01  1.4068036079837421e+01  7.724004e-01  2.172229e+01  1.030467e+02  2.114182e+03  2.410819e+04  4.863357e+05  8.215271e+01  2.859723e+04  4.5943498256030194e+04
      6270  7.8374999999995119e+00  1.0598558767105391e-01  1.4130487805667784e+01  7.629963e-01  2.161666e+01  1.018185e+02  2.074021e+03  2.381780e+04  4.788915e+05  8.022860e+01  2.701405e+04  4.6118497184463820e+04
      6280  7.8499999999995094e+00  1.0586758555715561e-01  1.4194084763410913e+01  7.505306e-01  2.151089e+01  1.003974e+02  2.037598e+03  2.353840e+04  4.731906e+05  7.811577e+01  2.521087e+04  4.6310174951069494e+04
      6290  7.8624999999995069e+00  1.0574904865139624e-01  1.4258873044436356e+01  7.352661e-01  2.139386e+01  9.860758e+01  2.000970e+03  2.316664e+04  4.666529e+05  7.568664e+01  2.328617e+04  4.6513461074811530e+04
      6300  7.8749999999995044e+00  1.0562996679215093e-01  1.4324945160945568e+01  7.174627e-01  2.127085e+01  9.652483e+01  1.963876e+03  2.272263e+04  4.589879e+05  7.383227e+01  2.199698e+04  4.6725960812003803e+04
      6310  7.8874999999995019e+00  1.0551032890215581e-01  1.4392418222595360e+01  6.973889e-01  2.114369e+01  9.410156e+01  1.926991e+03  2.223310e+04  4.503466e+05  7.207032e+01  2.106928e+04  4.6949594453444595e+04
      6320  7.8999999999994994e+00  1.0539012301963130e-01  1.4461369630551371e+01  6.757170e-01  2.101930e+01  9.153692e+01  1.892712e+03  2.174933e+04  4.410586e+05  7.028286e+01  2.054984e+04  4.7185850785854425e+04
      6330  7.9124999999994969e+00  1.0526933674395625e-01  1.4531828879739074e+01  6.537365e-01  2.091934e+01  8.904589e+01  1.864236e+03  2.129998e+04  4.317165e+05  6.910647e+01  2.072097e+04  4.7433396175010537e+04
      6340  7.9249999999994944e+00  1.0514795742323259e-01  1.4603817655478938e+01  6.329309e-01  2.085291e+01  8.684927e+01  1.843549e+03  2.091506e+04  4.229548e+05  6.804568e+01  2.115638e+04  4.7692249121357156e+04
      6350  7.9374999999994920e+00  1.0502597231266630e-01  1.4677327842168953e+01  6.145298e-01  2.083200e+01  8.513428e+01  1.832947e+03  2.064816e+04  4.163928e+05  6.714304e+01  2.163704e+04  4.7963578794008725e+04
      6360  7.9499999999994895e+00  1.0490336876651903e-01  1.4752342212421983e+01  5.995053e-01  2.086054e+01  8.394734e+01  1.835086e+03  2.053233e+04  4.134517e+05  6.665401e+01  2.249050e+04  4.8248143404365343e+04
      6370  7.9624999999994870e+00  1.0478013424879890e-01  1.4828848671580065e+01  5.885183e-01  2.092491e+01  8.310693e+01  1.845111e+03  2.050008e+04  4.131017e+05  6.565360e+01  2.256882e+04  4.8546110909358467e+04
      6380  7.9749999999994845e+00  1.0465625629455644e-01  1.4906838633430882e+01  5.819794e-01  2.102341e+01  8.274910e+01  1.864413e+03  2.060501e+04  4.164162e+05  6.532666e+01  2.329945e+04  4.8857655126985577e+04
      6390  7.9874999999994820e+00  1.0453172261238762e-01  1.4986276700235054e+01  5.803282e-01  2.113499e+01  8.276897e+01  1.886531e+03  2.079300e+04  4.218212e+05  6.451836e+01  2.310977e+04  4.9180474406704168e+04
      6400  7.9999999999994795e+00  1.0440652126896216e-01  1.5067126832780360e+01  5.841370e-01  2.125517e+01  8.331099e+01  1.909781e+03  2.107219e+04  4.284901e+05  6.419723e+01  2.331284e+04  4.9510155230147546e+04
      6410  8.0124999999994859e+00  1.0428064051499043e-01  1.5149381959507895e+01  5.934808e-01  2.137345e+01  8.418827e+01  1.929260e+03  2.133012e+04  4.339392e+05  6.333532e+01  2.255072e+04  4.9841766627868441e+04
      6420  8.0249999999994923e+00  1.0415406859381568e-01  1.5233059587243561e+01  6.077885e-01  2.149062e+01  8.546395e+01  1.943667e+03  2.154840e+04  4.368613e+05  6.234360e+01  2.160070e+04  5.0171417395067227e+04
      6430  8.0374999999994987e+00  1.0402679339072077e-01  1.5318234870558527e+01  6.264871e-01  2.160870e+01  8.709137e+01  1.956239e+03  2.174877e+04  4.382916e+05  6.124640e+01  2.015909e+04  5.0497947555689956e+04
      6440  8.0499999999995051e+00  1.0389880196790548e-01  1.5405025710226360e+01  6.490834e-01  2.173258e+01  8.919787e+01  1.969708e+03  2.199920e+04  4.396095e+05  6.009511e+01  1.875271e+04  5.0821071216808879e+04
      6450  8.0624999999995115e+00  1.0377008036883160e-01  1.5493553188140320e+01  6.747956e-01  2.187074e+01  9.174757e+01  1.991041e+03  2.239684e+04  4.439409e+05  5.909145e+01  1.726133e+04  5.1142603507256899e+04
      6460  8.0749999999995179e+00  1.0364061372598372e-01  1.5583910713937023e+01  7.028990e-01  2.202538e+01  9.480000e+01  2.021054e+03  2.298273e+04  4.524885e+05  5.811602e+01  1.574126e+04  5.1469871543978581e+04
      6470  8.0874999999995243e+00  1.0351038664203853e-01  1.5676120106575004e+01  7.324783e-01  2.220992e+01  9.837323e+01  2.066090e+03  2.384759e+04  4.679568e+05  5.774217e+01  1.483928e+04  5.1812645689628553e+04
      6480  8.0999999999995307e+00  1.0337938409701712e-01  1.5770065180700126e+01  7.621972e-01  2.241727e+01  1.022054e+02  2.123135e+03  2.492889e+04  4.896972e+05  5.737998e+01  1.366698e+04  5.2175438502466597e+04
      6490  8.1124999999995371e+00  1.0324759244527736e-01  1.5865560722248699e+01  7.906281e-01  2.264699e+01  1.059699e+02  2.187949e+03  2.605748e+04  5.140009e+05  5.807733e+01  1.329346e+04  5.2560160926218668e+04
      6500  8.1249999999995435e+00  1.0311499938688470e-01  1.5962479110822148e+01  8.160816e-01  2.286831e+01  1.090046e+02  2.242969e+03  2.683485e+04  5.309330e+05  5.897181e+01  1.309495e+04  5.2973035160303669e+04
      6510  8.1374999999995499e+00  1.0298159360952741e-01  1.6060693842734480e+01  8.371861e-01  2.304887e+01  1.106412e+02  2.268785e+03  2.679476e+04  5.286413e+05  6.003635e+01  1.318810e+04  5.3420772836205317e+04
      6520  8.1499999999995563e+00  1.0284736512870647e-01  1.6160013743018599e+01  8.538176e-01  2.315387e+01  1.104234e+02  2.248621e+03  2.564251e+04  4.992910e+05  6.107544e+01  1.345360e+04  5.3906089065276967e+04
      6530  8.1624999999995627e+00  1.0271230572794232e-01  1.6260208867562675e+01  8.670715e-01  2.316793e+01  1.085536e+02  2.181807e+03  2.353492e+04  4.467467e+05  6.233058e+01  1.407829e+04  5.4429522993514358e+04
      6540  8.1749999999995691e+00  1.0257640919183707e-01  1.6361030458860057e+01  8.787827e-01  2.309943e+01  1.057935e+02  2.086214e+03  2.107400e+04  3.865533e+05  6.391228e+01  1.500169e+04  5.4990013556347258e+04
      6550  8.1874999999995755e+00  1.0243967128490489e-01  1.6462257093396897e+01  8.901878e-01  2.298428e+01  1.032693e+02  1.993406e+03  1.903561e+04  3.381022e+05  6.568818e+01  1.628647e+04  5.5582937537073914e+04
      6560  8.1999999999995818e+00  1.0230208918406279e-01  1.6563777112588404e+01  9.012551e-01  2.287179e+01  1.018962e+02  1.936098e+03  1.800165e+04  3.154355e+05  6.800241e+01  1.823114e+04  5.6200146180808930e+04
      6570  8.2124999999995882e+00  1.0216366024985181e-01  1.6665654686611639e+01  9.111872e-01  2.278456e+01  1.017840e+02  1.922589e+03  1.803852e+04  3.199959e+05  7.041093e+01  2.075548e+04  5.6833735641126565e+04
      6580  8.2249999999995946e+00  1.0202438060628147e-01  1.6768115510048773e+01  9.190685e-01  2.270279e+01  1.020267e+02  1.927350e+03  1.851190e+04  3.364458e+05  7.235641e+01  2.304808e+04  5.7476773825105047e+04
      6590  8.2374999999996010e+00  1.0188424389839110e-01  1.6871535700113277e+01  9.242345e-01  2.258346e+01  1.013784e+02  1.913644e+03  1.861120e+04  3.448726e+05  7.333659e+01  2.447891e+04  5.8123183855150150e+04
      6600  8.2499999999996074e+00  1.0174324001293410e-01  1.6976444403446607e+01  9.263991e-01  2.241467e+01  9.934187e+01  1.865417e+03  1.797402e+04  3.349908e+05  7.352140e+01  2.536760e+04  5.8770879318205749e+04
      6610  8.2624999999996138e+00  1.0160135400503749e-01  1.7083466991192466e+01  9.256563e-01  2.222976e+01  9.619638e+01  1.790344e+03  1.669704e+04  3.083693e+05  7.340213e+01  2.591912e+04  5.9424871763677933e+04
      6620  8.2749999999996202e+00  1.0145856560697504e-01  1.7193245457736314e+01  9.226394e-01  2.207082e+01  9.247010e+01  1.704474e+03  1.506727e+04  2.729253e+05  7.258219e+01  2.544114e+04  6.0099112293672333e+04
      6630  8.2874999999996266e+00  1.0131484958119716e-01  1.7306306712124531e+01  9.184145e-01  2.197778e+01  8.911333e+01  1.631004e+03  1.353470e+04  2.393472e+05  7.094718e+01  2.344333e+04  6.0811786256215768e+04
      6640  8.2999999999996330e+00  1.0117017723799213e-01  1.7422947559337537e+01  9.138648e-01  2.198408e+01  8.683876e+01  1.590722e+03  1.252677e+04  2.184888e+05  7.010941e+01  2.366570e+04  6.1577897824378801e+04
      6650  8.3124999999996394e+00  1.0102451816184005e-01  1.7543308019283995e+01  9.091766e-01  2.206495e+01  8.533307e+01  1.576817e+03  1.194159e+04  2.084813e+05  6.981290e+01  2.467588e+04  6.2411001422501278e+04
      6660  8.3249999999996458e+00  1.0087784096704187e-01  1.7667481439316642e+01  9.041345e-01  2.219270e+01  8.407925e+01  1.574521e+03  1.143258e+04  2.004368e+05  6.949028e+01  2.392250e+04  6.3324705690191775e+04
      6670  8.3374999999996522e+00  1.0073011374926172e-01  1.7795490384606403e+01  8.989658e-01  2.236714e+01  8.328308e+01  1.583841e+03  1.111244e+04  1.961318e+05  7.011080e+01  2.454395e+04  6.4324482740785141e+04
      6680  8.3499999999996586e+00  1.0058130455382314e-01  1.7927329632887584e+01  8.947739e-01  2.257442e+01  8.334864e+01  1.612553e+03  1.124914e+04  2.002935e+05  6.991034e+01  2.320710e+04  6.5408408281660311e+04
      6690  8.3624999999996650e+00  1.0043138124006931e-01  1.8063040764289440e+01  8.928122e-01  2.283442e+01  8.414353e+01  1.655218e+03  1.154631e+04  2.078055e+05  6.890583e+01  2.035480e+04  6.6580233789091610e+04
      6700  8.3749999999996714e+00  1.0028031121055089e-01  1.8202663843383462e+01  8.937846e-01  2.316330e+01  8.636270e+01  1.728312e+03  1.247887e+04  2.267350e+05  6.813856e+01  1.816830e+04  6.7855040790678628e+04
      6710  8.3874999999996778e+00  1.0012806205393351e-01  1.8346088603992840e+01  8.980463e-01  2.357248e+01  8.976936e+01  1.836260e+03  1.402253e+04  2.614093e+05  6.843679e+01  1.767144e+04  6.9254520528753390e+04
      6720  8.3999999999996842e+00  9.9974603491753050e-02  1.8492881895690850e+01  9.057393e-01  2.407000e+01  9.432966e+01  1.984905e+03  1.622690e+04  3.145567e+05  7.036523e+01  1.880265e+04  7.0799204794205143e+04
      6730  8.4124999999996906e+00  9.9819910993364791e-02  1.8642077140588952e+01  9.169931e-01  2.465442e+01  1.002336e+02  2.185792e+03  1.941331e+04  3.976965e+05  7.429473e+01  2.255739e+04  7.2494825198206076e+04
      6740  8.4249999999996970e+00  9.9663970489489925e-02  1.8792145971461487e+01  9.318926e-01  2.529313e+01  1.072823e+02  2.430190e+03  2.345190e+04  5.085298e+05  7.941925e+01  2.826998e+04  7.4328192611160994e+04
      6750  8.4374999999997033e+00  9.9506782772622135e-02  1.8941064672900929e+01  9.505098e-01  2.596050e+01  1.148846e+02  2.709693e+03  2.813512e+04  6.475455e+05  8.517674e+01  3.554549e+04  7.6264498423623023e+04
      6760  8.4499999999997097e+00  9.9348366838790586e-02  1.9086535000595216e+01  9.735972e-01  2.663618e+01  1.225612e+02  3.000169e+03  3.276442e+04  8.007694e+05  9.065959e+01  4.250557e+04  7.8249579380909054e+04
      6770  8.4624999999997161e+00  9.9188760958744571e-02  1.9226254196591196e+01  1.002369e+00  2.729475e+01  1.304289e+02  3.288287e+03  3.674548e+04  9.466651e+05  9.564019e+01  4.936944e+04  8.0202788486838544e+04
      6780  8.4749999999997225e+00  9.9028021487811813e-02  1.9358294721651419e+01  1.036848e+00  2.788949e+01  1.386039e+02  3.553643e+03  4.052135e+04  1.092399e+06  1.001873e+02  5.524613e+04  8.2025944832706024e+04
      6790  8.4874999999997289e+00  9.8866216862912581e-02  1.9481758680041757e+01  1.075378e+00  2.835126e+01  1.473676e+02  3.740950e+03  4.397770e+04  1.186285e+06  1.050312e+02  6.052801e+04  8.3664478676034996e+04
      6800  8.4999999999997353e+00  9.8703419135157774e-02  1.9596560037786332e+01  1.113295e+00  2.858714e+01  1.548538e+02  3.814521e+03  4.682689e+04  1.218334e+06  1.082988e+02  6.601101e+04  8.5113135361887224e+04
      6810  8.5124999999997417e+00  9.8539700281081583e-02  1.9702754842409206e+01  1.145337e+00  2.859144e+01  1.583783e+02  3.756398e+03  4.696549e+04  1.173096e+06  1.071519e+02  6.523923e+04  8.6362443072688417e+04
      6820  8.5249999999997481e+00  9.8375131217191658e-02  1.9800628313923870e+01  1.169927e+00  2.850266e+01  1.585865e+02  3.658857e+03  4.506589e+04  1.099961e+06  1.044122e+02  6.439572e+04  8.7392551357189805e+04
      6830  8.5374999999997545e+00  9.8209778340174442e-02  1.9891013362395885e+01  1.188102e+00  2.837570e+01  1.558365e+02  3.546779e+03  4.200380e+04  1.025367e+06  1.017497e+02  6.089991e+04  8.8206617574542819e+04
      6840  8.5499999999997609e+00  9.8043699147569746e-02  1.9975181888530582e+01  1.200241e+00  2.817482e+01  1.513896e+02  3.409640e+03  3.825484e+04  9.339888e+05  9.990051e+01  5.633858e+04  8.8839833810693846e+04
      6850  8.5624999999997673e+00  9.7876939441279967e-02  2.0054633814094053e+01  1.206689e+00  2.786486e+01  1.468437e+02  3.256703e+03  3.509991e+04  8.495109e+05  9.830131e+01  5.380555e+04  8.9324810013516413e+04
      6860  8.5749999999997737e+00  9.7709531253836426e-02  2.0131192473849261e+01  1.208968e+00  2.743925e+01  1.422898e+02  3.082626e+03  3.268744e+04  7.737579e+05  9.580957e+01  5.235924e+04  8.9686528849752591e+04
      6870  8.5874999999997801e+00  9.7541489754932487e-02  2.0207017128731867e+01  1.208409e+00  2.693272e+01  1.383820e+02  2.906568e+03  3.123468e+04  7.143271e+05  9.236002e+01  5.048373e+04  8.9983965280983204e+04
      6880  8.5999999999997865e+00  9.7372813247268222e-02  2.0283846837432549e+01  1.205381e+00  2.640537e+01  1.342534e+02  2.738616e+03  2.982002e+04  6.634511e+05  8.823355e+01  4.553599e+04  9.0281660523714381e+04
      6890  8.6124999999997929e+00  9.7203489674475660e-02  2.0362434728436124e+01  1.201217e+00  2.593853e+01  1.298535e+02  2.594014e+03  2.827759e+04  6.184927e+05  8.418388e+01  3.974568e+04  9.0600501459740990e+04
      6900  8.6249999999997993e+00  9.7033503424538411e-02  2.0443017395972941e+01  1.198035e+00  2.558128e+01  1.263799e+02  2.501944e+03  2.746387e+04  6.018820e+05  8.138832e+01  3.631022e+04  9.0945342061662464e+04
      6910  8.6374999999998057e+00  9.6862837285901338e-02  2.0525774000181343e+01  1.196481e+00  2.532352e+01  1.238669e+02  2.450535e+03  2.721466e+04  6.035182e+05  7.985942e+01  3.519836e+04  9.1330151771809484e+04
      6920  8.6499999999998121e+00  9.6691472934072348e-02  2.0610790673126274e+01  1.196917e+00  2.513144e+01  1.217640e+02  2.404695e+03  2.673265e+04  5.970130e+05  7.841054e+01  3.449364e+04  9.1754797941194527e+04
      6930  8.6624999999998185e+00  9.6519391316728292e-02  2.0698182159202862e+01  1.200116e+00  2.501315e+01  1.203050e+02  2.364609e+03  2.606093e+04  5.819318e+05  7.683510e+01  3.350154e+04  9.2201594960137067e+04
      6940  8.6749999999998249e+00  9.6346571688981697e-02  2.0788233204663271e+01  1.206204e+00  2.499472e+01  1.199193e+02  2.339665e+03  2.549417e+04  5.674752e+05  7.493398e+01  3.221627e+04  9.2653853279641276e+04
      6950  8.6874999999998312e+00  9.6172990165267147e-02  2.0881372424955980e+01  1.214968e+00  2.510908e+01  1.209086e+02  2.347048e+03  2.539483e+04  5.659385e+05  7.304273e+01  3.066782e+04  9.3109614967909860e+04
      6960  8.6999999999998376e+00  9.5998618785828604e-02  2.0978107683486932e+01  1.225931e+00  2.537198e+01  1.235610e+02  2.396466e+03  2.598275e+04  5.833050e+05  7.160074e+01  2.922099e+04  9.3589419628187141e+04
      6970  8.7124999999998440e+00  9.5823425112751201e-02  2.1078951698186597e+01  1.237643e+00  2.577126e+01  1.273740e+02  2.469245e+03  2.676002e+04  6.002847e+05  7.076247e+01  2.831766e+04  9.4130260876858069e+04
      6980  8.7249999999998504e+00  9.5647373048383333e-02  2.1184221731447185e+01  1.248809e+00  2.629341e+01  1.316766e+02  2.551015e+03  2.719455e+04  5.992550e+05  6.999738e+01  2.684015e+04  9.4769426604555701e+04
      6990  8.7374999999998568e+00  9.5470425214426988e-02  2.1293928545497888e+01  1.259249e+00  2.696082e+01  1.373125e+02  2.667610e+03  2.790346e+04  5.945964e+05  6.913253e+01  2.473666e+04  9.5544890154783672e+04
      7000  8.7499999999998632e+00  9.5292545495895414e-02  2.1407761799127428e+01  1.269260e+00  2.779810e+01  1.449480e+02  2.842886e+03  2.954853e+04  6.089752e+05  6.931658e+01  2.357582e+04  9.6517762160025683e+04
      7010  8.7624999999998696e+00  9.5113703478201861e-02  2.1524587476612925e+01  1.277270e+00  2.876916e+01  1.539334e+02  3.080908e+03  3.228534e+04  6.570924e+05  7.103896e+01  2.396554e+04  9.7747899186045368e+04
      7020  8.7749999999998760e+00  9.4933883163285687e-02  2.1642144784274571e+01  1.282771e+00  2.985381e+01  1.641527e+02  3.389561e+03  3.632104e+04  7.458507e+05  7.333486e+01  2.475041e+04  9.9232813325847208e+04
      7030  8.7874999999998824e+00  9.4753089712165450e-02  2.1757772414372415e+01  1.288144e+00  3.111516e+01  1.772304e+02  3.825770e+03  4.268162e+04  9.038659e+05  7.710119e+01  2.667172e+04  1.0090309559447071e+05
      7040  8.7999999999998888e+00  9.4571348916783274e-02  2.1869273617209451e+01  1.295074e+00  3.251377e+01  1.932777e+02  4.405654e+03  5.174061e+04  1.153943e+06  8.241542e+01  3.036852e+04  1.0265899408086948e+05
      7050  8.8124999999998952e+00  9.4388700759661479e-02  2.1975462921205818e+01  1.302518e+00  3.393313e+01  2.115487e+02  5.108825e+03  6.383854e+04  1.516604e+06  8.955228e+01  3.674937e+04  1.0443517029660703e+05
      7060  8.8249999999999016e+00  9.4205191672535660e-02  2.2075823120167264e+01  1.309421e+00  3.521978e+01  2.312921e+02  5.877125e+03  7.937809e+04  1.988304e+06  9.771358e+01  4.545684e+04  1.0622134203680266e+05
      7070  8.8374999999999080e+00  9.4020872480032103e-02  2.2169704604832603e+01  1.315583e+00  3.624215e+01  2.513171e+02  6.639063e+03  9.695215e+04  2.540742e+06  1.060874e+02  5.586307e+04  1.0802186131644012e+05
      7080  8.8499999999999144e+00  9.3835801371854849e-02  2.2255986617527050e+01  1.320567e+00  3.693008e+01  2.701084e+02  7.289158e+03  1.154514e+05  3.100505e+06  1.125115e+02  6.508596e+04  1.0981996748502219e+05
      7090  8.8624999999999208e+00  9.3650047210579762e-02  2.2333305372362005e+01  1.323720e+00  3.728473e+01  2.846620e+02  7.718114e+03  1.297051e+05  3.506860e+06  1.166487e+02  7.027107e+04  1.1157914478516122e+05
      7100  8.8749999999999272e+00  9.3463690327702589e-02  2.2400325984828296e+01  1.323194e+00  3.735483e+01  2.930517e+02  7.986522e+03  1.390046e+05  3.795536e+06  1.190909e+02  7.286541e+04  1.1326231745004049e+05
      7110  8.8874999999999336e+00  9.3276821228425913e-02  2.2456026526821084e+01  1.318196e+00  3.707722e+01  2.934069e+02  7.907102e+03  1.395714e+05  3.782786e+06  1.163240e+02  6.704327e+04  1.1484160923143194e+05
      7120  8.8999999999999400e+00  9.3089536201640913e-02  2.2500101974511828e+01  1.308494e+00  3.658621e+01  2.865640e+02  7.638685e+03  1.333189e+05  3.572559e+06  1.139566e+02  6.248859e+04  1.1630090191455813e+05
      7130  8.9124999999999464e+00  9.2901931174677682e-02  2.2532874804825539e+01  1.292941e+00  3.579160e+01  2.731219e+02  7.158676e+03  1.221940e+05  3.216294e+06  1.081986e+02  5.464399e+04  1.1762492024020934e+05
      7140  8.9249999999999527e+00  9.2714098286031846e-02  2.2554903316134563e+01  1.270874e+00  3.477758e+01  2.538523e+02  6.527834e+03  1.075130e+05  2.777306e+06  1.018225e+02  4.565764e+04  1.1879165512061064e+05
      7150  8.9374999999999591e+00  9.2526124029217005e-02  2.2566990330780243e+01  1.242100e+00  3.359595e+01  2.304334e+02  5.815013e+03  9.020620e+04  2.278782e+06  9.581597e+01  3.825531e+04  1.1980085591342652e+05
      7160  8.9499999999999655e+00  9.2338087210300651e-02  2.2570138977232197e+01  1.205930e+00  3.231165e+01  2.055008e+02  5.100123e+03  7.353061e+04  1.814719e+06  9.063859e+01  3.274503e+04  1.2067020832126914e+05
      7170  8.9624999999999719e+00  9.2150058138798521e-02  2.2565376453918965e+01  1.162687e+00  3.099946e+01  1.801319e+02  4.424866e+03  5.845111e+04  1.412698e+06  8.572327e+01  2.858138e+04  1.2140000325095434e+05
      7180  8.9749999999999783e+00  9.1962097676551807e-02  2.2553994283522965e+01  1.116459e+00  2.974377e+01  1.547375e+02  3.772630e+03  4.387718e+04  1.037250e+06  8.057746e+01  2.425154e+04  1.2199429758251164e+05
      7190  8.9874999999999847e+00  9.1774254965464569e-02  2.2537446149118978e+01  1.073169e+00  2.863511e+01  1.335632e+02  3.267961e+03  3.340747e+04  7.865472e+05  7.707152e+01  2.197691e+04  1.2247250532585905e+05
      7200  8.9999999999999911e+00  9.1586567848689557e-02  2.2516945946890242e+01  1.036679e+00  2.763751e+01  1.154754e+02  2.818033e+03  2.425562e+04  5.641198e+05  7.355224e+01  1.957785e+04  1.2286059908075035e+05
      7210  9.0124999999999975e+00  9.1399065979781591e-02  2.2493164253093589e+01  1.008523e+00  2.679014e+01  1.019666e+02  2.477086e+03  1.801223e+04  4.182476e+05  7.041839e+01  1.782265e+04  1.2318429683951696e+05
      7220  9.0250000000000039e+00  9.1211776602204864e-02  2.2465981558916731e+01  9.887964e-01  2.615086e+01  9.326639e+01  2.264128e+03  1.475161e+04  3.466327e+05  6.840702e+01  1.674397e+04  1.2344656101951325e+05
      7230  9.0375000000000103e+00  9.1024730096693512e-02  2.2434812726281802e+01  9.768146e-01  2.570099e+01  8.847246e+01  2.135457e+03  1.303456e+04  3.073722e+05  6.733354e+01  1.607740e+04  1.2362858347802746e+05
      7240  9.0500000000000167e+00  9.0837961842688192e-02  2.2399118081019616e+01  9.714958e-01  2.532981e+01  8.645705e+01  2.059393e+03  1.245336e+04  2.918103e+05  6.606377e+01  1.529277e+04  1.2371004137942546e+05
      7250  9.0625000000000231e+00  9.0651509959868606e-02  2.2358799481455932e+01  9.700524e-01  2.495811e+01  8.525826e+01  1.970089e+03  1.164242e+04  2.640986e+05  6.475219e+01  1.452702e+04  1.2369897816473465e+05
      7260  9.0750000000000295e+00  9.0465412688337410e-02  2.2313847173042262e+01  9.694292e-01  2.455242e+01  8.473986e+01  1.887754e+03  1.134040e+04  2.448870e+05  6.340847e+01  1.372528e+04  1.2361539931686372e+05
      7270  9.0875000000000359e+00  9.0279709485354742e-02  2.2263991887480710e+01  9.681136e-01  2.413171e+01  8.423485e+01  1.802265e+03  1.100594e+04  2.251184e+05  6.212889e+01  1.280595e+04  1.2346729285067040e+05
      7280  9.1000000000000423e+00  9.0094442720218451e-02  2.2208864203128609e+01  9.674823e-01  2.374585e+01  8.391740e+01  1.742614e+03  1.093666e+04  2.167799e+05  6.114369e+01  1.222618e+04  1.2324318369660820e+05
      7290  9.1125000000000487e+00  8.9909657139842544e-02  2.2148339590416526e+01  9.692527e-01  2.340925e+01  8.435026e+01  1.699402e+03  1.100203e+04  2.112152e+05  6.032719e+01  1.182355e+04  1.2292053376144535e+05
      7300  9.1250000000000551e+00  8.9725397017251685e-02  2.2082630813729669e+01  9.726092e-01  2.310004e+01  8.506402e+01  1.666420e+03  1.118472e+04  2.075826e+05  5.946538e+01  1.146751e+04  1.2248166987821179e+05
      7310  9.1375000000000615e+00  8.9541704259652383e-02  2.2012071386273668e+01  9.747283e-01  2.278812e+01  8.542378e+01  1.627596e+03  1.125031e+04  2.023707e+05  5.850098e+01  1.094713e+04  1.2190671635926001e+05
      7320  9.1500000000000679e+00  8.9358616835046228e-02  2.1937358554489705e+01  9.742649e-01  2.245885e+01  8.498987e+01  1.577847e+03  1.099252e+04  1.913735e+05  5.718582e+01  1.033717e+04  1.2117968341585863e+05
      7330  9.1625000000000743e+00  8.9176163931246999e-02  2.1859895137235902e+01  9.717302e-01  2.213261e+01  8.431906e+01  1.532711e+03  1.078247e+04  1.833914e+05  5.600158e+01  1.007285e+04  1.2030908145633170e+05
      7340  9.1750000000000806e+00  8.8994361027858959e-02  2.1781477588940152e+01  9.682156e-01  2.183694e+01  8.364597e+01  1.496538e+03  1.066567e+04  1.782442e+05  5.481072e+01  9.566093e+03  1.1933436026632563e+05
      7350  9.1875000000000870e+00  8.8813208651454464e-02  2.1703816105033042e+01  9.651746e-01  2.158768e+01  8.336941e+01  1.475072e+03  1.071908e+04  1.776610e+05  5.354112e+01  9.259300e+03  1.1831652937032422e+05
      7360  9.2000000000000934e+00  8.8632695184381771e-02  2.1628062987817515e+01  9.626359e-01  2.138052e+01  8.360953e+01  1.466179e+03  1.098776e+04  1.813671e+05  5.298663e+01  9.404110e+03  1.1730828757752216e+05
      7370  9.2125000000000998e+00  8.8452802423824015e-02  2.1554694754326043e+01  9.605138e-01  2.116571e+01  8.359474e+01  1.455718e+03  1.121902e+04  1.858981e+05  5.254077e+01  9.430679e+03  1.1633590272905593e+05
      7380  9.2250000000001062e+00  8.8273509984502008e-02  2.1483800162605512e+01  9.586965e-01  2.091621e+01  8.306531e+01  1.438196e+03  1.131151e+04  1.892554e+05  5.191218e+01  9.212121e+03  1.1540620325183457e+05
      7390  9.2375000000001126e+00  8.8094797581580842e-02  2.1415286595093608e+01  9.576187e-01  2.063804e+01  8.215637e+01  1.398423e+03  1.106339e+04  1.827793e+05  5.130650e+01  9.291215e+03  1.1451176178581393e+05
      7400  9.2500000000001190e+00  8.7916645819071798e-02  2.1349051020636296e+01  9.567755e-01  2.034018e+01  8.091926e+01  1.358761e+03  1.083610e+04  1.776876e+05  5.065184e+01  8.852995e+03  1.1364068927933567e+05
      7410  9.2625000000001254e+00  8.7739036237168985e-02  2.1284956312262356e+01  9.544905e-01  2.002154e+01  7.936031e+01  1.311337e+03  1.047886e+04  1.690072e+05  4.982718e+01  8.788051e+03  1.1277688763293967e+05
      7420  9.2750000000001318e+00  8.7561952111283203e-02  2.1222747835203140e+01  9.499222e-01  1.969395e+01  7.738397e+01  1.252336e+03  9.807611e+03  1.524574e+05  4.885611e+01  8.294969e+03  1.1190583283392123e+05
      7430  9.2875000000001382e+00  8.7385379008548980e-02  2.1162168422686655e+01  9.426536e-01  1.936602e+01  7.525290e+01  1.205016e+03  9.345846e+03  1.433823e+05  4.835133e+01  8.049497e+03  1.1102699346681223e+05
      7440  9.3000000000001446e+00  8.7209304574620006e-02  2.1102973429667951e+01  9.324487e-01  1.901207e+01  7.273855e+01  1.154009e+03  8.828136e+03  1.338701e+05  4.772104e+01  7.768169e+03  1.1014872892354662e+05
      7450  9.3125000000001510e+00  8.7033718530198756e-02  2.1044912535877621e+01  9.199700e-01  1.863599e+01  6.941749e+01  1.092650e+03  8.032496e+03  1.207905e+05  4.711370e+01  7.534976e+03  1.0928125937130876e+05
      7460  9.3250000000001574e+00  8.6858612551434733e-02  2.0987740191048317e+01  9.067209e-01  1.824786e+01  6.595149e+01  1.032710e+03  7.261318e+03  1.092665e+05  4.631583e+01  7.190296e+03  1.0842969050817133e+05
      7470  9.3375000000001638e+00  8.6683980439654057e-02  2.0931166204073538e+01  8.944794e-01  1.788632e+01  6.272672e+01  9.759939e+02  6.489908e+03  9.765653e+04  4.564536e+01  7.061872e+03  1.0758415640135940e+05
      7480  9.3500000000001702e+00  8.6509818253071788e-02  2.0874965328417868e+01  8.851713e-01  1.758576e+01  6.014648e+01  9.346626e+02  5.934812e+03  9.038064e+04  4.494792e+01  6.746532e+03  1.0672661019313449e+05
      7490  9.3625000000001766e+00  8.6336122765018383e-02  2.0819210107253049e+01  8.805727e-01  1.738173e+01  5.847870e+01  9.099383e+02  5.558634e+03  8.628761e+04  4.419001e+01  6.344261e+03  1.0585230995628951e+05
      7500  9.3750000000001830e+00  8.6162889071325854e-02  2.0764181969294743e+01  8.806668e-01  1.728625e+01  5.794453e+01  9.085046e+02  5.441164e+03  8.686075e+04  4.398594e+01  6.348065e+03  1.0497000273243082e+05
      7510  9.3875000000001894e+00  8.5990109916757498e-02  2.0710145274700626e+01  8.842086e-01  1.726029e+01  5.800185e+01  9.220048e+02  5.485222e+03  9.137438e+04  4.357105e+01  6.248147e+03  1.0408900387531807e+05
      7520  9.4000000000001958e+00  8.5817776099404011e-02  2.0657300919687579e+01  8.898066e-01  1.726922e+01  5.866209e+01  9.470375e+02  5.740618e+03  9.961530e+04  4.322897e+01  6.054391e+03  1.0321721734185613e+05
      7530  9.4125000000002021e+00  8.5645877301986514e-02  2.0605708168205563e+01  8.958881e-01  1.726366e+01  5.975602e+01  9.733832e+02  6.178336e+03  1.096783e+05  4.280378e+01  5.969697e+03  1.0235712116767111e+05
      7540  9.4250000000002085e+00  8.5474403407443625e-02  2.0555279818533844e+01  9.007833e-01  1.721471e+01  6.086680e+01  9.929825e+02  6.712416e+03  1.196697e+05  4.239161e+01  5.959791e+03  1.0150280532978411e+05
      7550  9.4375000000002149e+00  8.5303345123513424e-02  2.0505949261117095e+01  9.029875e-01  1.710130e+01  6.154573e+01  9.981957e+02  7.201005e+03  1.276724e+05  4.160031e+01  5.723029e+03  1.0064390350935006e+05
      7560  9.4500000000002213e+00  8.5132692651834402e-02  2.0457960269849039e+01  9.018096e-01  1.693375e+01  6.164067e+01  9.907346e+02  7.575213e+03  1.334341e+05  4.026787e+01  5.186120e+03  9.9775597485005710e+04
      7570  9.4625000000002277e+00  8.4962432144864652e-02  2.0412042793578212e+01  8.976242e-01  1.674777e+01  6.134096e+01  9.808430e+02  7.879880e+03  1.388358e+05  3.886747e+01  4.689512e+03  9.8909366761126454e+04
      7580  9.4750000000002341e+00  8.4792542276990207e-02  2.0369197548345237e+01  8.916854e-01  1.658320e+01  6.118481e+01  9.810911e+02  8.280439e+03  1.477781e+05  3.770025e+01  4.345890e+03  9.8071536639911501e+04
      7590  9.4875000000002405e+00  8.4622993641849886e-02  2.0330296945920505e+01  8.856861e-01  1.646514e+01  6.163006e+01  9.983290e+02  8.935888e+03  1.637731e+05  3.683591e+01  4.119497e+03  9.7291398539866117e+04
      7600  9.5000000000002469e+00  8.4453750809533615e-02  2.0295908724960260e+01  8.810033e-01  1.640481e+01  6.260413e+01  1.033352e+03  9.903763e+03  1.885896e+05  3.645689e+01  4.111330e+03  9.6595487018798856e+04
      7610  9.5125000000002533e+00  8.4284774628548983e-02  2.0266376481706885e+01  8.779508e-01  1.638456e+01  6.384548e+01  1.079538e+03  1.101371e+04  2.186825e+05  3.617345e+01  4.081501e+03  9.6013086294185996e+04
      7620  9.5250000000002597e+00  8.4116024018770580e-02  2.0241821652474194e+01  8.761994e-01  1.638700e+01  6.464000e+01  1.118593e+03  1.177407e+04  2.422817e+05  3.597469e+01  4.142741e+03  9.5575445797574954e+04
      7630  9.5375000000002661e+00  8.3947458110102874e-02  2.0222050384325364e+01  8.752968e-01  1.641810e+01  6.494905e+01  1.155401e+03  1.211091e+04  2.583536e+05  3.569405e+01  4.098226e+03  9.5322305843220180e+04
      7640  9.5500000000002725e+00  8.3779039703080815e-02  2.0206280684027806e+01  8.753330e-01  1.652377e+01  6.571445e+01  1.224241e+03  1.269353e+04  2.895173e+05  3.558891e+01  4.131774e+03  9.5309846739790504e+04
      7650  9.5625000000002789e+00  8.3610742144045125e-02  2.0192618611071012e+01  8.754984e-01  1.670112e+01  6.663264e+01  1.329212e+03  1.336660e+04  3.376127e+05  3.616712e+01  4.628423e+03  9.5576586120006774e+04
      7660  9.5750000000002853e+00  8.3442560672767729e-02  2.0177733314833056e+01  8.724083e-01  1.680596e+01  6.580692e+01  1.404392e+03  1.305296e+04  3.798671e+05  3.762977e+01  5.895390e+03  9.6043344355289868e+04
      7670  9.5875000000002917e+00  8.3274520079032799e-02  2.0158266681794718e+01  8.653061e-01  1.670389e+01  6.191600e+01  1.331162e+03  1.073200e+04  3.312270e+05  3.922506e+01  7.076652e+03  9.6543306324878853e+04
      7680  9.6000000000002981e+00  8.3106667366089862e-02  2.0132254077026779e+01  8.593535e-01  1.648191e+01  5.701586e+01  1.195143e+03  7.272956e+03  2.524804e+05  4.113243e+01  8.582093e+03  9.6954443483783863e+04
      7690  9.6125000000003045e+00  8.2939060988661495e-02  2.0098855155310694e+01  8.594140e-01  1.635115e+01  5.577542e+01  1.108045e+03  6.378068e+03  2.021948e+05  4.442167e+01  1.171926e+04  9.7179036273159072e+04
      7700  9.6250000000003109e+00  8.2771762576206151e-02  2.0058081660828947e+01  8.656982e-01  1.639506e+01  5.850863e+01  1.110063e+03  7.767721e+03  1.984903e+05  4.956744e+01  1.718902e+04  9.7143835850463554e+04
      7710  9.6375000000003173e+00  8.2604834230158172e-02  2.0009777051766942e+01  8.759973e-01  1.663595e+01  6.385298e+01  1.246753e+03  1.109584e+04  2.885713e+05  5.763136e+01  3.060482e+04  9.6782327232413591e+04
      7720  9.6500000000003237e+00  8.2438338625031082e-02  1.9954330516950282e+01  8.861253e-01  1.683965e+01  6.755902e+01  1.313474e+03  1.254278e+04  3.029986e+05  6.287882e+01  3.871571e+04  9.6070424792493679e+04
      7730  9.6625000000003300e+00  8.2272326057794332e-02  1.9894419419395174e+01  8.953006e-01  1.698310e+01  7.005396e+01  1.373024e+03  1.420039e+04  3.457883e+05  6.818995e+01  5.287027e+04  9.5119057673553340e+04
      7740  9.6750000000003364e+00  8.2106817670168641e-02  1.9833889329088471e+01  9.033461e-01  1.700535e+01  7.171644e+01  1.386222e+03  1.510162e+04  3.633705e+05  7.124828e+01  6.289310e+04  9.4087708871610419e+04
      7750  9.6875000000003428e+00  8.1941806264472755e-02  1.9775422325557440e+01  9.086088e-01  1.685329e+01  7.028348e+01  1.276867e+03  1.305023e+04  2.836159e+05  6.809081e+01  5.224174e+04  9.3058077833241055e+04
      7760  9.7000000000003492e+00  8.1777268540248998e-02  1.9720301309187377e+01  9.121929e-01  1.663712e+01  6.795750e+01  1.155052e+03  1.086028e+04  2.117518e+05  6.213624e+01  3.958494e+04  9.2065876243966617e+04
      7770  9.7125000000003556e+00  8.1613173854020532e-02  1.9669082223732275e+01  9.158087e-01  1.643191e+01  6.640664e+01  1.060048e+03  9.516496e+03  1.651980e+05  5.506403e+01  2.738377e+04  9.1146916620419332e+04
      7780  9.7250000000003620e+00  8.1449489010189641e-02  1.9621852541231533e+01  9.193417e-01  1.628751e+01  6.581958e+01  1.015421e+03  9.092560e+03  1.494868e+05  4.921182e+01  1.915230e+04  9.0327859520511134e+04
      7790  9.7375000000003684e+00  8.1286181526269652e-02  1.9578396663217848e+01  9.220654e-01  1.620117e+01  6.583477e+01  1.005881e+03  9.246453e+03  1.525047e+05  4.518197e+01  1.476166e+04  8.9618499488031914e+04
      7800  9.7500000000003748e+00  8.1123221368394061e-02  1.9538376777830575e+01  9.235688e-01  1.615288e+01  6.628877e+01  1.015065e+03  9.757306e+03  1.648031e+05  4.259036e+01  1.251593e+04  8.9016369569274088e+04
      7810  9.7625000000003812e+00  8.0960581434370682e-02  1.9501435882073540e+01  9.236050e-01  1.613334e+01  6.721233e+01  1.043208e+03  1.073881e+04  1.896741e+05  4.092986e+01  1.085781e+04  8.8516129566498421e+04
      7820  9.7750000000003876e+00  8.0798237615694990e-02  1.9467203612277878e+01  9.217726e-01  1.613531e+01  6.847681e+01  1.091407e+03  1.225563e+04  2.312822e+05  4.004806e+01  9.390017e+03  8.8113365184841881e+04
      7830  9.7875000000003940e+00  8.0636169008789046e-02  1.9435277865494911e+01  9.177812e-01  1.613821e+01  6.948275e+01  1.145848e+03  1.395593e+04  2.817857e+05  3.954586e+01  8.391837e+03  8.7801142381880869e+04
      7840  9.8000000000004004e+00  8.0474358048833530e-02  1.9405271470356830e+01  9.116983e-01  1.612765e+01  6.970989e+01  1.184563e+03  1.515742e+04  3.204456e+05  3.935417e+01  8.155323e+03  8.7567554833333226e+04
      7850  9.8125000000004068e+00  8.0312790110151411e-02  1.9376878363713857e+01  9.041066e-01  1.609904e+01  6.883728e+01  1.194155e+03  1.538678e+04  3.313202e+05  3.924854e+01  8.363796e+03  8.7398367785295050e+04
      7860  9.8250000000004132e+00  8.0151452735085699e-02  1.9349887641632506e+01  8.959879e-01  1.606326e+01  6.733639e+01  1.183605e+03  1.488269e+04  3.199473e+05  3.914211e+01  8.279721e+03  8.7282836039851434e+04
      7870  9.8375000000004196e+00  7.9990335066842125e-02  1.9324110514245291e+01  8.882586e-01  1.603417e+01  6.562830e+01  1.166642e+03  1.405912e+04  2.989227e+05  3.919887e+01  8.066898e+03  8.7214692121289641e+04
      7880  9.8500000000004260e+00  7.9829428144741463e-02  1.9299269002174142e+01  8.815360e-01  1.601772e+01  6.377196e+01  1.145169e+03  1.308492e+04  2.733446e+05  3.941151e+01  7.933106e+03  8.7184564577696990e+04
      7890  9.8625000000004324e+00  7.9668725770569326e-02  1.9274988709514346e+01  8.760333e-01  1.601086e+01  6.217295e+01  1.128493e+03  1.220296e+04  2.516909e+05  3.984789e+01  7.907526e+03  8.7176075774624711e+04
      7900  9.8750000000004388e+00  7.9508225019598880e-02  1.9250871084076635e+01  8.715772e-01  1.600993e+01  6.101613e+01  1.119400e+03  1.162394e+04  2.377186e+05  4.063836e+01  8.359422e+03  8.7169903607224143e+04
      7910  9.8875000000004452e+00  7.9347926185109496e-02  1.9226540675852348e+01  8.675791e-01  1.600041e+01  6.000651e+01  1.113350e+03  1.117492e+04  2.280468e+05  4.161688e+01  9.155881e+03  8.7148953591303245e+04
      7920  9.9000000000004515e+00  7.9187832544064349e-02  1.9201647464518743e+01  8.632997e-01  1.595076e+01  5.873631e+01  1.098434e+03  1.063929e+04  2.176064e+05  4.240053e+01  9.688896e+03  8.7098427648197990e+04
      7930  9.9125000000004579e+00  7.9027950070330893e-02  1.9175896768543389e+01  8.584034e-01  1.584049e+01  5.687044e+01  1.064195e+03  9.813010e+03  2.002748e+05  4.296294e+01  1.050451e+04  8.7004115270292925e+04
      7940  9.9250000000004643e+00  7.8868286623370754e-02  1.9149132751757438e+01  8.526151e-01  1.565938e+01  5.421276e+01  1.008248e+03  8.611374e+03  1.743575e+05  4.299973e+01  1.069523e+04  8.6856466240513328e+04
      7950  9.9375000000004707e+00  7.8708850588798507e-02  1.9121371930004667e+01  8.456906e-01  1.540435e+01  5.099717e+01  9.333071e+02  7.259823e+03  1.448742e+05  4.206931e+01  9.646033e+03  8.6653546037890861e+04
      7960  9.9500000000004771e+00  7.8549649460822171e-02  1.9092793166793658e+01  8.376971e-01  1.511210e+01  4.760968e+01  8.570884e+02  6.047725e+03  1.208389e+05  4.081050e+01  8.860066e+03  8.6401317568571787e+04
      7970  9.9625000000004835e+00  7.8390688714655557e-02  1.9063681483926057e+01  8.290745e-01  1.481648e+01  4.438786e+01  7.881866e+02  4.988288e+03  1.013237e+05  3.952501e+01  7.978557e+03  8.6112087394332135e+04
      7980  9.9750000000004899e+00  7.8231971334467493e-02  1.9034342353849503e+01  8.203421e-01  1.453378e+01  4.145829e+01  7.277372e+02  4.070507e+03  8.532902e+04  3.795838e+01  6.913346e+03  8.5802026863291350e+04
      7990  9.9875000000004963e+00  7.8073498028884941e-02  1.9005014575851266e+01  8.117718e-01  1.427838e+01  3.886710e+01  6.783991e+02  3.316751e+03  7.280278e+04  3.658333e+01  6.076641e+03  8.5486769593286226e+04
      8000  1.0000000000000503e+01  7.7915268126847653e-02  1.8975800968370521e+01  8.034256e-01  1.405187e+01  3.666448e+01  6.378058e+02  2.724737e+03  6.334299e+04  3.523939e+01  5.233551e+03  8.5177293653584420e+04
