         0  0.0000000000000000e+00  1.2500000000000000e-01  3.7500000000000000e-01 -0.000000e+00  3.375000e+00 -0.000000e+00  1.562500e+01 -0.000000e+00  8.374023e+01  3.375000e+00  1.562500e+01  1.1250000000000000e+00
        10  6.2499999999999995e-03  1.2499843750764222e-01  3.7499683836223230e-01  3.314540e-03  3.375019e+00  3.314555e-02  1.562537e+01  2.719000e-01  8.374461e+01  3.374926e+00  1.562434e+01  1.1250027218914931e+00
        20  1.2500000000000002e-02  1.2499687502222778e-01  3.7499672830007152e-01  6.629052e-03  3.375075e+00  6.629172e-02  1.562648e+01  5.438226e-01  8.375773e+01  3.374704e+00  1.562236e+01  1.1250390122128942e+00
        30  1.8750000000000006e-02  1.2499531253104199e-01  3.7499966967087744e-01  9.943560e-03  3.375169e+00  9.943968e-02  1.562833e+01  8.157948e-01  8.377961e+01  3.374334e+00  1.561907e+01  1.1251088729527394e+00
        40  2.5000000000000012e-02  1.2499375002137057e-01  3.7500566244031464e-01  1.325809e-02  3.375301e+00  1.325906e-01  1.563092e+01  1.087844e+00  8.381024e+01  3.373816e+00  1.561447e+01  1.1252123094592954e+00
        50  3.1250000000000014e-02  1.2499218748049919e-01  3.7501470668230136e-01  1.657267e-02  3.375470e+00  1.657456e-01  1.563426e+01  1.359996e+00  8.384962e+01  3.373151e+00  1.560855e+01  1.1253493304405675e+00
        60  3.7500000000000019e-02  1.2499062489571276e-01  3.7502680257895116e-01  1.988733e-02  3.375677e+00  1.989059e-01  1.563833e+01  1.632280e+00  8.389777e+01  3.372339e+00  1.560133e+01  1.1255199479646898e+00
        70  4.3750000000000025e-02  1.2498906225429537e-01  3.7504195042051025e-01  2.320209e-02  3.375922e+00  2.320727e-01  1.564315e+01  1.904721e+00  8.395469e+01  3.371380e+00  1.559281e+01  1.1257241774606983e+00
        80  5.0000000000000031e-02  1.2498749954352953e-01  3.7506015060528747e-01  2.651697e-02  3.376204e+00  2.652470e-01  1.564870e+01  2.177348e+00  8.402038e+01  3.370276e+00  1.558300e+01  1.1259620377196855e+00
        90  5.6250000000000036e-02  1.2498593675069601e-01  3.7508140363957926e-01  2.983201e-02  3.376524e+00  2.984302e-01  1.565500e+01  2.450186e+00  8.409487e+01  3.369026e+00  1.557191e+01  1.1262335508963444e+00
       100  6.2500000000000042e-02  1.2498437386307297e-01  3.7510571013758826e-01  3.314723e-02  3.376881e+00  3.316233e-01  1.566204e+01  2.723264e+00  8.417815e+01  3.367633e+00  1.555954e+01  1.1265387425108824e+00
       110  6.8750000000000047e-02  1.2498281086793590e-01  3.7513307082133596e-01  3.646265e-02  3.377276e+00  3.648275e-01  1.566982e+01  2.996607e+00  8.427024e+01  3.366095e+00  1.554591e+01  1.1268776414513397e+00
       120  7.5000000000000053e-02  1.2498124775255691e-01  3.7516348652057008e-01  3.977830e-02  3.377709e+00  3.980440e-01  1.567835e+01  3.270245e+00  8.437115e+01  3.364416e+00  1.553102e+01  1.1272502799762785e+00
       130  8.1250000000000058e-02  1.2497968450420459e-01  3.7519695817266574e-01  4.309420e-02  3.378180e+00  4.312739e-01  1.568762e+01  3.544202e+00  8.448091e+01  3.362595e+00  1.551489e+01  1.1276566937178658e+00
       140  8.7500000000000064e-02  1.2497812111014323e-01  3.7523348682252011e-01  4.641038e-02  3.378688e+00  4.645183e-01  1.569763e+01  3.818508e+00  8.459951e+01  3.360634e+00  1.549753e+01  1.1280969216853471e+00
       150  9.3750000000000069e-02  1.2497655755763244e-01  3.7527307362244267e-01  4.972686e-02  3.379234e+00  4.977785e-01  1.570838e+01  4.093188e+00  8.472698e+01  3.358533e+00  1.547895e+01  1.1285710062689054e+00
       160  1.0000000000000007e-01  1.2497499383392696e-01  3.7531571983203943e-01  5.304367e-02  3.379818e+00  5.310556e-01  1.571989e+01  4.368270e+00  8.486335e+01  3.356295e+00  1.545917e+01  1.1290789932439178e+00
       170  1.0625000000000008e-01  1.2497342992627597e-01  3.7536142681808959e-01  5.636083e-02  3.380440e+00  5.643508e-01  1.573213e+01  4.643781e+00  8.500862e+01  3.353921e+00  1.543821e+01  1.1296209317756023e+00
       180  1.1250000000000009e-01  1.2497186582192261e-01  3.7541019605441955e-01  5.967836e-02  3.381099e+00  5.976651e-01  1.574513e+01  4.919748e+00  8.516282e+01  3.351412e+00  1.541608e+01  1.1301968744240642e+00
       190  1.1875000000000009e-01  1.2497030150810373e-01  3.7546202912176857e-01  6.299629e-02  3.381796e+00  6.309998e-01  1.575887e+01  5.196199e+00  8.532597e+01  3.348770e+00  1.539280e+01  1.1308068771497384e+00
       200  1.2500000000000008e-01  1.2496873697204923e-01  3.7551692770765094e-01  6.631464e-02  3.382531e+00  6.643560e-01  1.577336e+01  5.473160e+00  8.549809e+01  3.345996e+00  1.536838e+01  1.1314509993192325e+00
       210  1.3124999999999995e-01  1.2496717220098186e-01  3.7557489360621110e-01  6.963344e-02  3.383304e+00  6.977348e-01  1.578859e+01  5.750659e+00  8.567922e+01  3.343093e+00  1.534285e+01  1.1321293037115789e+00
       220  1.3749999999999982e-01  1.2496560718211658e-01  3.7563592871807400e-01  7.295269e-02  3.384115e+00  7.311374e-01  1.580458e+01  6.028723e+00  8.586937e+01  3.340061e+00  1.531623e+01  1.1328418565248870e+00
       230  1.4374999999999968e-01  1.2496404190266019e-01  3.7570003505018990e-01  7.627243e-02  3.384963e+00  7.645648e-01  1.582132e+01  6.307379e+00  8.606857e+01  3.336904e+00  1.528854e+01  1.1335887273834060e+00
       240  1.4999999999999955e-01  1.2496247634981091e-01  3.7576721471567415e-01  7.959268e-02  3.385850e+00  7.980184e-01  1.583881e+01  6.586655e+00  8.627685e+01  3.333622e+00  1.525980e+01  1.1343699893450021e+00
       250  1.5624999999999942e-01  1.2496091051075781e-01  3.7583746993364053e-01  8.291346e-02  3.386774e+00  8.314991e-01  1.585705e+01  6.866578e+00  8.649425e+01  3.330218e+00  1.523003e+01  1.1351857189090511e+00
       260  1.6249999999999928e-01  1.2495934437268053e-01  3.7591080302903102e-01  8.623478e-02  3.387737e+00  8.650081e-01  1.587604e+01  7.147174e+00  8.672079e+01  3.326694e+00  1.519925e+01  1.1360359960247499e+00
       270  1.6874999999999915e-01  1.2495777792274877e-01  3.7598721643243860e-01  8.955667e-02  3.388737e+00  8.985465e-01  1.589579e+01  7.428473e+00  8.695650e+01  3.323053e+00  1.516750e+01  1.1369209040998467e+00
       280  1.7499999999999902e-01  1.2495621114812193e-01  3.7606671267992636e-01  9.287915e-02  3.389776e+00  9.321155e-01  1.591630e+01  7.710500e+00  8.720142e+01  3.319296e+00  1.513479e+01  1.1378405300098053e+00
       290  1.8124999999999888e-01  1.2495464403594843e-01  3.7614929441284056e-01  9.620223e-02  3.390853e+00  9.657162e-01  1.593756e+01  7.993283e+00  8.745558e+01  3.315426e+00  1.510115e+01  1.1387949641073942e+00
       300  1.8749999999999875e-01  1.2495307657336563e-01  3.7623496437762000e-01  9.952593e-02  3.391967e+00  9.993496e-01  1.595958e+01  8.276849e+00  8.771903e+01  3.311445e+00  1.506661e+01  1.1397843002327082e+00
       310  1.9374999999999862e-01  1.2495150874749905e-01  3.7632372542559733e-01  1.028503e-01  3.393120e+00  1.033017e+00  1.598235e+01  8.561227e+00  8.799179e+01  3.307356e+00  1.503119e+01  1.1408086357236367e+00
       320  1.9999999999999848e-01  1.2494994054546225e-01  3.7641558051280111e-01  1.061753e-01  3.394312e+00  1.066719e+00  1.600589e+01  8.846442e+00  8.827390e+01  3.303161e+00  1.499492e+01  1.1418680714267688e+00
       330  2.0624999999999835e-01  1.2494837195435600e-01  3.7651053269974594e-01  1.095010e-01  3.395541e+00  1.100458e+00  1.603019e+01  9.132524e+00  8.856541e+01  3.298863e+00  1.495783e+01  1.1429627117087433e+00
       340  2.1249999999999822e-01  1.2494680296126831e-01  3.7660858515122492e-01  1.128273e-01  3.396809e+00  1.134234e+00  1.605525e+01  9.419498e+00  8.886635e+01  3.294464e+00  1.491995e+01  1.1440926644680633e+00
       350  2.1874999999999808e-01  1.2494523355327368e-01  3.7670974113609229e-01  1.161544e-01  3.398114e+00  1.168047e+00  1.608108e+01  9.707393e+00  8.917678e+01  3.289968e+00  1.488131e+01  1.1452580411473512e+00
       360  2.2499999999999795e-01  1.2494366371743264e-01  3.7681400402704363e-01  1.194822e-01  3.399459e+00  1.201901e+00  1.610767e+01  9.996237e+00  8.949672e+01  3.285377e+00  1.484194e+01  1.1464589567460850e+00
       370  2.3124999999999782e-01  1.2494209344079162e-01  3.7692137730039305e-01  1.228107e-01  3.400841e+00  1.235795e+00  1.613503e+01  1.028606e+01  8.982624e+01  3.280693e+00  1.480186e+01  1.1476955298337845e+00
       380  2.3749999999999769e-01  1.2494052271038222e-01  3.7703186453584198e-01  1.261400e-01  3.402262e+00  1.269730e+00  1.616316e+01  1.057688e+01  9.016536e+01  3.275920e+00  1.476112e+01  1.1489678825636809e+00
       390  2.4374999999999755e-01  1.2493895151322085e-01  3.7714546941624766e-01  1.294700e-01  3.403722e+00  1.303708e+00  1.619206e+01  1.086873e+01  9.051414e+01  3.271060e+00  1.471973e+01  1.1502761406868658e+00
       400  2.4999999999999742e-01  1.2493737983630844e-01  3.7726219572738623e-01  1.328008e-01  3.405220e+00  1.337730e+00  1.622173e+01  1.116164e+01  9.087264e+01  3.266117e+00  1.467774e+01  1.1516204335669189e+00
       410  2.5624999999999731e-01  1.2493580766662994e-01  3.7738204735771019e-01  1.361324e-01  3.406756e+00  1.371796e+00  1.625217e+01  1.145564e+01  9.124089e+01  3.261094e+00  1.463517e+01  1.1530008941950320e+00
       420  2.6249999999999718e-01  1.2493423499115368e-01  3.7750502829810351e-01  1.394648e-01  3.408331e+00  1.405909e+00  1.628338e+01  1.175075e+01  9.161894e+01  3.255993e+00  1.459206e+01  1.1544176592056217e+00
       430  2.6874999999999705e-01  1.2493266179683127e-01  3.7763114264163244e-01  1.427979e-01  3.409944e+00  1.440068e+00  1.631538e+01  1.204700e+01  9.200686e+01  3.250818e+00  1.454844e+01  1.1558708688924559e+00
       440  2.7499999999999691e-01  1.2493108807059708e-01  3.7776039458329325e-01  1.461319e-01  3.411596e+00  1.474275e+00  1.634814e+01  1.234442e+01  9.240469e+01  3.245572e+00  1.450434e+01  1.1573606672252834e+00
       450  2.8124999999999678e-01  1.2492951379936768e-01  3.7789278841975371e-01  1.494667e-01  3.413287e+00  1.508531e+00  1.638169e+01  1.264303e+01  9.281249e+01  3.240258e+00  1.445980e+01  1.1588872018669747e+00
       460  2.8749999999999665e-01  1.2492793897004151e-01  3.7802832854909402e-01  1.528023e-01  3.415017e+00  1.542837e+00  1.641602e+01  1.294287e+01  9.323031e+01  3.234879e+00  1.441485e+01  1.1604506241911960e+00
       470  2.9374999999999651e-01  1.2492636356949853e-01  3.7816701947054271e-01  1.561388e-01  3.416785e+00  1.577194e+00  1.645114e+01  1.324396e+01  9.365821e+01  3.229438e+00  1.436953e+01  1.1620510893006095e+00
       480  2.9999999999999638e-01  1.2492478758459971e-01  3.7830886578420847e-01  1.594761e-01  3.418592e+00  1.611602e+00  1.648703e+01  1.354633e+01  9.409625e+01  3.223939e+00  1.432387e+01  1.1636887560456022e+00
       490  3.0624999999999625e-01  1.2492321100218655e-01  3.7845387219081056e-01  1.628142e-01  3.420437e+00  1.646064e+00  1.652371e+01  1.385001e+01  9.454448e+01  3.218386e+00  1.427790e+01  1.1653637870435738e+00
       500  3.1249999999999611e-01  1.2492163380908078e-01  3.7860204349140408e-01  1.661531e-01  3.422322e+00  1.680580e+00  1.656118e+01  1.415502e+01  9.500296e+01  3.212780e+00  1.423166e+01  1.1670763486987648e+00
       510  3.1874999999999598e-01  1.2492005599208393e-01  3.7875338458710378e-01  1.694929e-01  3.424245e+00  1.715151e+00  1.659944e+01  1.446139e+01  9.547176e+01  3.207127e+00  1.418519e+01  1.1688266112226475e+00
       520  3.2499999999999585e-01  1.2491847753797701e-01  3.7890790047880396e-01  1.728336e-01  3.426207e+00  1.749778e+00  1.663849e+01  1.476915e+01  9.595094e+01  3.201429e+00  1.413852e+01  1.1706147486548910e+00
       530  3.3124999999999571e-01  1.2491689843351970e-01  3.7906559626689468e-01  1.761751e-01  3.428208e+00  1.784462e+00  1.667834e+01  1.507833e+01  9.644056e+01  3.195689e+00  1.409168e+01  1.1724409388848867e+00
       540  3.3749999999999558e-01  1.2491531866545043e-01  3.7922647715097735e-01  1.795174e-01  3.430248e+00  1.819204e+00  1.671898e+01  1.538895e+01  9.694069e+01  3.189911e+00  1.404471e+01  1.1743053636738761e+00
       550  3.4374999999999545e-01  1.2491373822048564e-01  3.7939054842957554e-01  1.828606e-01  3.432327e+00  1.854005e+00  1.676041e+01  1.570105e+01  9.745139e+01  3.184098e+00  1.399766e+01  1.1762082086776562e+00
       560  3.4999999999999531e-01  1.2491215708531951e-01  3.7955781549984530e-01  1.862046e-01  3.434445e+00  1.888866e+00  1.680264e+01  1.601464e+01  9.797272e+01  3.178255e+00  1.395054e+01  1.1781496634698925e+00
       570  3.5624999999999518e-01  1.2491057524662362e-01  3.7972828385728019e-01  1.895495e-01  3.436602e+00  1.923787e+00  1.684568e+01  1.632976e+01  9.850476e+01  3.172384e+00  1.390340e+01  1.1801299215660417e+00
       580  3.6249999999999505e-01  1.2490899269104615e-01  3.7990195909541719e-01  1.928952e-01  3.438799e+00  1.958770e+00  1.688951e+01  1.664644e+01  9.904757e+01  3.166488e+00  1.385628e+01  1.1821491804478901e+00
       590  3.6874999999999492e-01  1.2490740940521208e-01  3.8007884690553817e-01  1.962417e-01  3.441034e+00  1.993816e+00  1.693415e+01  1.696470e+01  9.960122e+01  3.160572e+00  1.380920e+01  1.1842076415887242e+00
       600  3.7499999999999478e-01  1.2490582537572235e-01  3.8025895307637003e-01  1.995891e-01  3.443308e+00  2.028926e+00  1.697960e+01  1.728457e+01  1.001658e+02  3.154639e+00  1.376221e+01  1.1863055104791316e+00
       610  3.8124999999999465e-01  1.2490424058915353e-01  3.8044228349378301e-01  2.029372e-01  3.445621e+00  2.064099e+00  1.702585e+01  1.760608e+01  1.007413e+02  3.148692e+00  1.371534e+01  1.1884429966534582e+00
       620  3.8749999999999452e-01  1.2490265503205754e-01  3.8062884414048631e-01  2.062862e-01  3.447974e+00  2.099339e+00  1.707291e+01  1.792926e+01  1.013279e+02  3.142734e+00  1.366862e+01  1.1906203137169151e+00
       630  3.9374999999999438e-01  1.2490106869096110e-01  3.8081864109572328e-01  2.096360e-01  3.450365e+00  2.134644e+00  1.712079e+01  1.825412e+01  1.019257e+02  3.136770e+00  1.362210e+01  1.1928376793733513e+00
       640  3.9999999999999425e-01  1.2489948155236529e-01  3.8101168053496354e-01  2.129865e-01  3.452796e+00  2.170016e+00  1.716948e+01  1.858071e+01  1.025346e+02  3.130803e+00  1.357580e+01  1.1950953154537092e+00
       650  4.0624999999999412e-01  1.2489789360274559e-01  3.8120796872959489e-01  2.163378e-01  3.455266e+00  2.205457e+00  1.721898e+01  1.890904e+01  1.031548e+02  3.124836e+00  1.352977e+01  1.1973934479451622e+00
       660  4.1249999999999398e-01  1.2489630482855074e-01  3.8140751204661255e-01  2.196899e-01  3.457776e+00  2.240966e+00  1.726930e+01  1.923915e+01  1.037864e+02  3.118872e+00  1.348403e+01  1.1997323070209529e+00
       670  4.1874999999999385e-01  1.2489471521620303e-01  3.8161031694830866e-01  2.230427e-01  3.460324e+00  2.276544e+00  1.732044e+01  1.957106e+01  1.044293e+02  3.112916e+00  1.343862e+01  1.2021121270709347e+00
       680  4.2499999999999372e-01  1.2489312475209757e-01  3.8181638999195849e-01  2.263962e-01  3.462912e+00  2.312194e+00  1.737240e+01  1.990480e+01  1.050838e+02  3.106971e+00  1.339358e+01  1.2045331467328411e+00
       690  4.3124999999999358e-01  1.2489153342260190e-01  3.8202573782950744e-01  2.297505e-01  3.465538e+00  2.347914e+00  1.742518e+01  2.024039e+01  1.057499e+02  3.101040e+00  1.334894e+01  1.2069956089242773e+00
       700  4.3749999999999345e-01  1.2488994121405567e-01  3.8223836720725690e-01  2.331054e-01  3.468205e+00  2.383706e+00  1.747878e+01  2.057787e+01  1.064277e+02  3.095126e+00  1.330473e+01  1.2094997608754587e+00
       710  4.4374999999999332e-01  1.2488834811277011e-01  3.8245428496554779e-01  2.364611e-01  3.470910e+00  2.419571e+00  1.753322e+01  2.091726e+01  1.071172e+02  3.089233e+00  1.326099e+01  1.2120458541627008e+00
       720  4.4999999999999318e-01  1.2488675410502800e-01  3.8267349803844519e-01  2.398173e-01  3.473654e+00  2.455510e+00  1.758848e+01  2.125858e+01  1.078185e+02  3.083365e+00  1.321776e+01  1.2146341447426758e+00
       730  4.5624999999999305e-01  1.2488515917708289e-01  3.8289601345342139e-01  2.431742e-01  3.476438e+00  2.491523e+00  1.764457e+01  2.160187e+01  1.085317e+02  3.077525e+00  1.317506e+01  1.2172648929874448e+00
       740  4.6249999999999292e-01  1.2488356331515874e-01  3.8312183833103908e-01  2.465318e-01  3.479261e+00  2.527610e+00  1.770149e+01  2.194715e+01  1.092569e+02  3.071715e+00  1.313293e+01  1.2199383637202839e+00
       750  4.6874999999999278e-01  1.2488196650544980e-01  3.8335097988463268e-01  2.498899e-01  3.482123e+00  2.563774e+00  1.775924e+01  2.229444e+01  1.099942e+02  3.065941e+00  1.309141e+01  1.2226548262523032e+00
       760  4.7499999999999265e-01  1.2488036873412012e-01  3.8358344541999218e-01  2.532485e-01  3.485025e+00  2.600014e+00  1.781783e+01  2.264378e+01  1.107436e+02  3.060204e+00  1.305052e+01  1.2254145544198904e+00
       770  4.8124999999999252e-01  1.2487876998730293e-01  3.8381924233504394e-01  2.566077e-01  3.487965e+00  2.636331e+00  1.787726e+01  2.299519e+01  1.115053e+02  3.054508e+00  1.301029e+01  1.2282178266229820e+00
       780  4.8749999999999238e-01  1.2487717025110075e-01  3.8405837811953381e-01  2.599674e-01  3.490945e+00  2.672726e+00  1.793753e+01  2.334870e+01  1.122793e+02  3.048857e+00  1.297077e+01  1.2310649258641617e+00
       790  4.9374999999999225e-01  1.2487556951158435e-01  3.8430086035470795e-01  2.633276e-01  3.493963e+00  2.709199e+00  1.799863e+01  2.370433e+01  1.130657e+02  3.043254e+00  1.293198e+01  1.2339561397886332e+00
       800  4.9999999999999212e-01  1.2487396775479290e-01  3.8454669671299663e-01  2.666882e-01  3.497021e+00  2.745752e+00  1.806058e+01  2.406211e+01  1.138645e+02  3.037701e+00  1.289395e+01  1.2368917607250416e+00
       810  5.0624999999999198e-01  1.2487236496673347e-01  3.8479589495769617e-01  2.700492e-01  3.500118e+00  2.782383e+00  1.812337e+01  2.442206e+01  1.146760e+02  3.032203e+00  1.285672e+01  1.2398720857271919e+00
       820  5.1249999999999185e-01  1.2487076113338047e-01  3.8504846294265238e-01  2.734106e-01  3.503254e+00  2.819096e+00  1.818701e+01  2.478421e+01  1.155001e+02  3.026762e+00  1.282031e+01  1.2428974166166535e+00
       830  5.1874999999999172e-01  1.2486915624067560e-01  3.8530440861194482e-01  2.767723e-01  3.506429e+00  2.855889e+00  1.825149e+01  2.514859e+01  1.163370e+02  3.021381e+00  1.278476e+01  1.2459680600262786e+00
       840  5.2499999999999158e-01  1.2486755027452702e-01  3.8556373999956983e-01  2.801343e-01  3.509643e+00  2.892763e+00  1.831682e+01  2.551522e+01  1.171867e+02  3.016064e+00  1.275009e+01  1.2490843274446453e+00
       850  5.3124999999999145e-01  1.2486594322080934e-01  3.8582646522912728e-01  2.834967e-01  3.512896e+00  2.929719e+00  1.838300e+01  2.588413e+01  1.180494e+02  3.010813e+00  1.271634e+01  1.2522465352614378e+00
       860  5.3749999999999132e-01  1.2486433506536326e-01  3.8609259251350542e-01  2.868592e-01  3.516188e+00  2.966758e+00  1.845003e+01  2.625534e+01  1.189251e+02  3.005632e+00  1.268353e+01  1.2554550048137862e+00
       870  5.4374999999999118e-01  1.2486272579399496e-01  3.8636213015456888e-01  2.902219e-01  3.519519e+00  3.003880e+00  1.851792e+01  2.662887e+01  1.198138e+02  3.000524e+00  1.265170e+01  1.2587100624335688e+00
       880  5.4999999999999105e-01  1.2486111539247577e-01  3.8663508654284656e-01  2.935848e-01  3.522888e+00  3.041085e+00  1.858666e+01  2.700476e+01  1.207158e+02  2.995491e+00  1.262087e+01  1.2620120394957086e+00
       890  5.5624999999999092e-01  1.2485950384654219e-01  3.8691147015722044e-01  2.969478e-01  3.526296e+00  3.078374e+00  1.865625e+01  2.738302e+01  1.216310e+02  2.990536e+00  1.259106e+01  1.2653612724674637e+00
       900  5.6249999999999079e-01  1.2485789114189487e-01  3.8719128956461735e-01  3.003108e-01  3.529743e+00  3.115747e+00  1.872670e+01  2.776369e+01  1.225596e+02  2.985663e+00  1.256232e+01  1.2687581029587414e+00
       910  5.6874999999999065e-01  1.2485627726419871e-01  3.8747455341970033e-01  3.036739e-01  3.533228e+00  3.153205e+00  1.879800e+01  2.814678e+01  1.235017e+02  2.980874e+00  1.253466e+01  1.2722028777734387e+00
       920  5.7499999999999052e-01  1.2485466219908251e-01  3.8776127046456221e-01  3.070369e-01  3.536752e+00  3.190748e+00  1.887017e+01  2.853232e+01  1.244573e+02  2.976171e+00  1.250812e+01  1.2756959489618469e+00
       930  5.8124999999999039e-01  1.2485304593213835e-01  3.8805144952842135e-01  3.103999e-01  3.540314e+00  3.228377e+00  1.894319e+01  2.892033e+01  1.254265e+02  2.971558e+00  1.248271e+01  1.2792376738741063e+00
       940  5.8749999999999025e-01  1.2485142844892130e-01  3.8834509952731849e-01  3.137627e-01  3.543914e+00  3.266091e+00  1.901708e+01  2.931083e+01  1.264095e+02  2.967038e+00  1.245847e+01  1.2828284152147602e+00
       950  5.9374999999999012e-01  1.2484980973494918e-01  3.8864222946381527e-01  3.171253e-01  3.547553e+00  3.303892e+00  1.909183e+01  2.970386e+01  1.274063e+02  2.962612e+00  1.243542e+01  1.2864685410984047e+00
       960  5.9999999999998999e-01  1.2484818977570210e-01  3.8894284842669496e-01  3.204877e-01  3.551230e+00  3.341779e+00  1.916744e+01  3.009942e+01  1.284170e+02  2.958284e+00  1.241359e+01  1.2901584251064642e+00
       970  6.0624999999998985e-01  1.2484656855662227e-01  3.8924696559066602e-01  3.238498e-01  3.554945e+00  3.379752e+00  1.924391e+01  3.049755e+01  1.294416e+02  2.954056e+00  1.239299e+01  1.2938984463450969e+00
       980  6.1249999999998972e-01  1.2484494606311324e-01  3.8955459021606603e-01  3.272115e-01  3.558698e+00  3.417813e+00  1.932124e+01  3.089827e+01  1.304804e+02  2.949930e+00  1.237367e+01  1.2976889895042654e+00
       990  6.1874999999998959e-01  1.2484332228054001e-01  3.8986573164856858e-01  3.305729e-01  3.562489e+00  3.455961e+00  1.939944e+01  3.130159e+01  1.315333e+02  2.945909e+00  1.235563e+01  1.3015304449179819e+00
      1000  6.2499999999998945e-01  1.2484169719422845e-01  3.9018039931889359e-01  3.339337e-01  3.566317e+00  3.494196e+00  1.947851e+01  3.170755e+01  1.326005e+02  2.941996e+00  1.233890e+01  1.3054232086257456e+00
      1010  6.3124999999998932e-01  1.2484007078946495e-01  3.9049860274251813e-01  3.372941e-01  3.570183e+00  3.532519e+00  1.955844e+01  3.211615e+01  1.336820e+02  2.938192e+00  1.232351e+01  1.3093676824351950e+00
      1020  6.3749999999998919e-01  1.2483844305149593e-01  3.9082035151939082e-01  3.406539e-01  3.574087e+00  3.570929e+00  1.963924e+01  3.252743e+01  1.347779e+02  2.934500e+00  1.230949e+01  1.3133642739859999e+00
      1030  6.4374999999998905e-01  1.2483681396552797e-01  3.9114565533364887e-01  3.440130e-01  3.578028e+00  3.609427e+00  1.972090e+01  3.294140e+01  1.358884e+02  2.930922e+00  1.229684e+01  1.3174133968149979e+00
      1040  6.4999999999998892e-01  1.2483518351672680e-01  3.9147452395333715e-01  3.473713e-01  3.582006e+00  3.648013e+00  1.980344e+01  3.335809e+01  1.370134e+02  2.927461e+00  1.228560e+01  1.3215154704226184e+00
      1050  6.5624999999998879e-01  1.2483355169021759e-01  3.9180696723013037e-01  3.507290e-01  3.586022e+00  3.686686e+00  1.988683e+01  3.377751e+01  1.381532e+02  2.924118e+00  1.227578e+01  1.3256709203405910e+00
      1060  6.6249999999998865e-01  1.2483191847108406e-01  3.9214299509905748e-01  3.540857e-01  3.590074e+00  3.725448e+00  1.997110e+01  3.419968e+01  1.393077e+02  2.920896e+00  1.226741e+01  1.3298801782009739e+00
      1070  6.6874999999998852e-01  1.2483028384436849e-01  3.9248261757823000e-01  3.574415e-01  3.594163e+00  3.764298e+00  2.005623e+01  3.462462e+01  1.404771e+02  2.917796e+00  1.226050e+01  1.3341436818065278e+00
      1080  6.7499999999998839e-01  1.2482864779507123e-01  3.9282584476857274e-01  3.607964e-01  3.598289e+00  3.803235e+00  2.014223e+01  3.505235e+01  1.416614e+02  2.914821e+00  1.225508e+01  1.3384618752024398e+00
      1090  6.8124999999998825e-01  1.2482701030815037e-01  3.9317268685355705e-01  3.641502e-01  3.602451e+00  3.842261e+00  2.022909e+01  3.548289e+01  1.428607e+02  2.911973e+00  1.225117e+01  1.3428352087494355e+00
      1100  6.8749999999998812e-01  1.2482537136852136e-01  3.9352315409893768e-01  3.675028e-01  3.606649e+00  3.881374e+00  2.031682e+01  3.591626e+01  1.440751e+02  2.909253e+00  1.224879e+01  1.3472641391982982e+00
      1110  6.9374999999998799e-01  1.2482373096105694e-01  3.9387725685249375e-01  3.708542e-01  3.610884e+00  3.920574e+00  2.040542e+01  3.635247e+01  1.453047e+02  2.906662e+00  1.224795e+01  1.3517491297658055e+00
      1120  6.9999999999998785e-01  1.2482208907058634e-01  3.9423500554377039e-01  3.742044e-01  3.615154e+00  3.959862e+00  2.049488e+01  3.679155e+01  1.465496e+02  2.904204e+00  1.224868e+01  1.3562906502121379e+00
      1130  7.0624999999998772e-01  1.2482044568189525e-01  3.9459641068382595e-01  3.775531e-01  3.619461e+00  3.999238e+00  2.058521e+01  3.723350e+01  1.478098e+02  2.901879e+00  1.225099e+01  1.3608891769197360e+00
      1140  7.1249999999998759e-01  1.2481880077972539e-01  3.9496148286498217e-01  3.809004e-01  3.623802e+00  4.038700e+00  2.067640e+01  3.767834e+01  1.490854e+02  2.899690e+00  1.225490e+01  1.3655451929736855e+00
      1150  7.1874999999998745e-01  1.2481715434877426e-01  3.9533023276057777e-01  3.842462e-01  3.628180e+00  4.078249e+00  2.076845e+01  3.812609e+01  1.503765e+02  2.897637e+00  1.226043e+01  1.3702591882436030e+00
      1160  7.2499999999998732e-01  1.2481550637369467e-01  3.9570267112472390e-01  3.875903e-01  3.632592e+00  4.117884e+00  2.086136e+01  3.857676e+01  1.516832e+02  2.895723e+00  1.226759e+01  1.3750316594670851e+00
      1170  7.3124999999998719e-01  1.2481385683909449e-01  3.9607880879206536e-01  3.909328e-01  3.637039e+00  4.157606e+00  2.095514e+01  3.903037e+01  1.530055e+02  2.893948e+00  1.227641e+01  1.3798631103347336e+00
      1180  7.3749999999998705e-01  1.2481220572953627e-01  3.9645865667754515e-01  3.942735e-01  3.641521e+00  4.197413e+00  2.104977e+01  3.948693e+01  1.543435e+02  2.892314e+00  1.228689e+01  1.3847540515767649e+00
      1190  7.4374999999998692e-01  1.2481055302953693e-01  3.9684222577617057e-01  3.976122e-01  3.646037e+00  4.237305e+00  2.114526e+01  3.994646e+01  1.556973e+02  2.890823e+00  1.229906e+01  1.3897050010512748e+00
      1200  7.4999999999998679e-01  1.2480889872356743e-01  3.9722952716278581e-01  4.009491e-01  3.650588e+00  4.277283e+00  2.124161e+01  4.040896e+01  1.570669e+02  2.889476e+00  1.231292e+01  1.3947164838341257e+00
      1210  7.5624999999998666e-01  1.2480724279605249e-01  3.9762057199184647e-01  4.042838e-01  3.655173e+00  4.317345e+00  2.133881e+01  4.087444e+01  1.584525e+02  2.888274e+00  1.232850e+01  1.3997890323105444e+00
      1220  7.6249999999998652e-01  1.2480558523137011e-01  3.9801537149719823e-01  4.076164e-01  3.659791e+00  4.357491e+00  2.143686e+01  4.134293e+01  1.598540e+02  2.887218e+00  1.234581e+01  1.4049231862684115e+00
      1230  7.6874999999998639e-01  1.2480392601385135e-01  3.9841393699185945e-01  4.109468e-01  3.664443e+00  4.397720e+00  2.153577e+01  4.181443e+01  1.612715e+02  2.886309e+00  1.236486e+01  1.4101194929932916e+00
      1240  7.7499999999998626e-01  1.2480226512778010e-01  3.9881627986780832e-01  4.142749e-01  3.669128e+00  4.438031e+00  2.163552e+01  4.228895e+01  1.627052e+02  2.885548e+00  1.238567e+01  1.4153785073652378e+00
      1250  7.8124999999998612e-01  1.2480060255739239e-01  3.9922241159577271e-01  4.176005e-01  3.673846e+00  4.478425e+00  2.173612e+01  4.276649e+01  1.641550e+02  2.884937e+00  1.240825e+01  1.4207007919573802e+00
      1260  7.8749999999998599e-01  1.2479893828687659e-01  3.9963234372502482e-01  4.209235e-01  3.678597e+00  4.518901e+00  2.183756e+01  4.324707e+01  1.656210e+02  2.884476e+00  1.243260e+01  1.4260869171363566e+00
      1270  7.9374999999998586e-01  1.2479727230037253e-01  4.0004608788317997e-01  4.242439e-01  3.683380e+00  4.559457e+00  2.193984e+01  4.373070e+01  1.671032e+02  2.884167e+00  1.245876e+01  1.4315374611645828e+00
      1280  7.9999999999998572e-01  1.2479560458197159e-01  4.0046365577599835e-01  4.275616e-01  3.688195e+00  4.600093e+00  2.204296e+01  4.421738e+01  1.686018e+02  2.884009e+00  1.248672e+01  1.4370530103044148e+00
      1290  8.0624999999998559e-01  1.2479393511571629e-01  4.0088505918719231e-01  4.308765e-01  3.693042e+00  4.640808e+00  2.214692e+01  4.470712e+01  1.701167e+02  2.884005e+00  1.251651e+01  1.4426341589242437e+00
      1300  8.1249999999998546e-01  1.2479226388559972e-01  4.0131030997823552e-01  4.341884e-01  3.697920e+00  4.681602e+00  2.225170e+01  4.519992e+01  1.716481e+02  2.884153e+00  1.254812e+01  1.4482815096065185e+00
      1310  8.1874999999998532e-01  1.2479059087556554e-01  4.0173942008818009e-01  4.374973e-01  3.702830e+00  4.722473e+00  2.235732e+01  4.569579e+01  1.731959e+02  2.884456e+00  1.258157e+01  1.4539956732577684e+00
      1320  8.2499999999998519e-01  1.2478891606950747e-01  4.0217240153347211e-01  4.408029e-01  3.707770e+00  4.763421e+00  2.246376e+01  4.619473e+01  1.747601e+02  2.884914e+00  1.261688e+01  1.4597772692206372e+00
      1330  8.3124999999998506e-01  1.2478723945126909e-01  4.0260926640777861e-01  4.441054e-01  3.712741e+00  4.804444e+00  2.257102e+01  4.669675e+01  1.763409e+02  2.885527e+00  1.265405e+01  1.4656269253879672e+00
      1340  8.3749999999998492e-01  1.2478556100464323e-01  4.0305002688181069e-01  4.474044e-01  3.717742e+00  4.845542e+00  2.267910e+01  4.720184e+01  1.779383e+02  2.886296e+00  1.269309e+01  1.4715452783189662e+00
      1350  8.4374999999998479e-01  1.2478388071337207e-01  4.0349469520315767e-01  4.507000e-01  3.722773e+00  4.886714e+00  2.278799e+01  4.771002e+01  1.795522e+02  2.887221e+00  1.273402e+01  1.4775329733574980e+00
      1360  8.4999999999998466e-01  1.2478219856114657e-01  4.0394328369612065e-01  4.539920e-01  3.727833e+00  4.927958e+00  2.289769e+01  4.822127e+01  1.811828e+02  2.888303e+00  1.277683e+01  1.4835906647525277e+00
      1370  8.5624999999998452e-01  1.2478051453160606e-01  4.0439580476155401e-01  4.572802e-01  3.732923e+00  4.969273e+00  2.300820e+01  4.873560e+01  1.828300e+02  2.889541e+00  1.282154e+01  1.4897190157807549e+00
      1380  8.6249999999998439e-01  1.2477882860833839e-01  4.0485227087670894e-01  4.605646e-01  3.738041e+00  5.010658e+00  2.311950e+01  4.925301e+01  1.844939e+02  2.890937e+00  1.286816e+01  1.4959186988714797e+00
      1390  8.6874999999998426e-01  1.2477714077487874e-01  4.0531269459507946e-01  4.638451e-01  3.743187e+00  5.052112e+00  2.323160e+01  4.977349e+01  1.861744e+02  2.892491e+00  1.291670e+01  1.5021903957337279e+00
      1400  8.7499999999998412e-01  1.2477545101471037e-01  4.0577708854625805e-01  4.671214e-01  3.748361e+00  5.093634e+00  2.334449e+01  5.029704e+01  1.878717e+02  2.894202e+00  1.296716e+01  1.5085347974856957e+00
      1410  8.8124999999998399e-01  1.2477375931126343e-01  4.0624546543579054e-01  4.703936e-01  3.753563e+00  5.135222e+00  2.345816e+01  5.082366e+01  1.895856e+02  2.896070e+00  1.301954e+01  1.5149526047865176e+00
      1420  8.8749999999998386e-01  1.2477206564791514e-01  4.0671783804503570e-01  4.736615e-01  3.758792e+00  5.176876e+00  2.357262e+01  5.135334e+01  1.913163e+02  2.898096e+00  1.307387e+01  1.5214445279704309e+00
      1430  8.9374999999998372e-01  1.2477037000798924e-01  4.0719421923103399e-01  4.769250e-01  3.764048e+00  5.218592e+00  2.368785e+01  5.188607e+01  1.930637e+02  2.900280e+00  1.313013e+01  1.5280112871833609e+00
      1440  8.9999999999998359e-01  1.2476867237475588e-01  4.0767462192637238e-01  4.801838e-01  3.769329e+00  5.260371e+00  2.380384e+01  5.242186e+01  1.948277e+02  2.902622e+00  1.318834e+01  1.5346536125219734e+00
      1450  9.0624999999998346e-01  1.2476697273143103e-01  4.0815905913906131e-01  4.834380e-01  3.774637e+00  5.302210e+00  2.392060e+01  5.296068e+01  1.966085e+02  2.905121e+00  1.324851e+01  1.5413722441752178e+00
      1460  9.1249999999998332e-01  1.2476527106117630e-01  4.0864754395241071e-01  4.866874e-01  3.779970e+00  5.344108e+00  2.403811e+01  5.350253e+01  1.984060e+02  2.907778e+00  1.331063e+01  1.5481679325684461e+00
      1470  9.1874999999998319e-01  1.2476356734709886e-01  4.0914008952491232e-01  4.899318e-01  3.785329e+00  5.386064e+00  2.415636e+01  5.404740e+01  2.002202e+02  2.910592e+00  1.337471e+01  1.5550414385100999e+00
      1480  9.2499999999998306e-01  1.2476186157225069e-01  4.0963670909012528e-01  4.931711e-01  3.790711e+00  5.428075e+00  2.427536e+01  5.459528e+01  2.020510e+02  2.913562e+00  1.344076e+01  1.5619935333410466e+00
      1490  9.3124999999998292e-01  1.2476015371962855e-01  4.1013741595656744e-01  4.964053e-01  3.796118e+00  5.470140e+00  2.439510e+01  5.514615e+01  2.038984e+02  2.916689e+00  1.350877e+01  1.5690249990865959e+00
      1500  9.3749999999998279e-01  1.2475844377217372e-01  4.1064222350760854e-01  4.996341e-01  3.801548e+00  5.512258e+00  2.451556e+01  5.570000e+01  2.057625e+02  2.919973e+00  1.357876e+01  1.5761366286112404e+00
      1510  9.4374999999998266e-01  1.2475673171277137e-01  4.1115114520136925e-01  5.028574e-01  3.807002e+00  5.554426e+00  2.463674e+01  5.625681e+01  2.076431e+02  2.923412e+00  1.365072e+01  1.5833292257761704e+00
      1520  9.4999999999998253e-01  1.2475501752425054e-01  4.1166419457062314e-01  5.060751e-01  3.812478e+00  5.596643e+00  2.475864e+01  5.681657e+01  2.095403e+02  2.927006e+00  1.372465e+01  1.5906036055996204e+00
      1530  9.5624999999998239e-01  1.2475330118938380e-01  4.1218138522270464e-01  5.092870e-01  3.817976e+00  5.638906e+00  2.488123e+01  5.737926e+01  2.114539e+02  2.930755e+00  1.380056e+01  1.5979605944200646e+00
      1540  9.6249999999998226e-01  1.2475158269088685e-01  4.1270273083941827e-01  5.124931e-01  3.823496e+00  5.681214e+00  2.500453e+01  5.794486e+01  2.133840e+02  2.934658e+00  1.387845e+01  1.6054010300623545e+00
      1550  9.6874999999998213e-01  1.2474986201141817e-01  4.1322824517695411e-01  5.156932e-01  3.829037e+00  5.723564e+00  2.512851e+01  5.851336e+01  2.153305e+02  2.938715e+00  1.395832e+01  1.6129257620068151e+00
      1560  9.7499999999998199e-01  1.2474813913357885e-01  4.1375794206580646e-01  5.188870e-01  3.834598e+00  5.765956e+00  2.525316e+01  5.908472e+01  2.172933e+02  2.942924e+00  1.404016e+01  1.6205356515613578e+00
      1570  9.8124999999998186e-01  1.2474641403991231e-01  4.1429183541069575e-01  5.220746e-01  3.840179e+00  5.808385e+00  2.537849e+01  5.965892e+01  2.192724e+02  2.947286e+00  1.412399e+01  1.6282315720366745e+00
      1580  9.8749999999998173e-01  1.2474468671290356e-01  4.1482993919049643e-01  5.252557e-01  3.845780e+00  5.850851e+00  2.550448e+01  6.023595e+01  2.212677e+02  2.951799e+00  1.420979e+01  1.6360144089245512e+00
      1590  9.9374999999998159e-01  1.2474295713497956e-01  4.1537226745816591e-01  5.284302e-01  3.851400e+00  5.893352e+00  2.563111e+01  6.081578e+01  2.232790e+02  2.956462e+00  1.429756e+01  1.6438850600793655e+00
      1600  9.9999999999998146e-01  1.2474122528850827e-01  4.1591883434067917e-01  5.315980e-01  3.857039e+00  5.935884e+00  2.575839e+01  6.139837e+01  2.253065e+02  2.961275e+00  1.438730e+01  1.6518444359028148e+00
      1610  1.0062499999999823e+00  1.2473949115579912e-01  4.1646965403896824e-01  5.347588e-01  3.862695e+00  5.978445e+00  2.588630e+01  6.198371e+01  2.273498e+02  2.966237e+00  1.447902e+01  1.6598934595319403e+00
      1620  1.0124999999999833e+00  1.2473775471910176e-01  4.1702474082786262e-01  5.379127e-01  3.868368e+00  6.021034e+00  2.601482e+01  6.257176e+01  2.294090e+02  2.971346e+00  1.457270e+01  1.6680330670304850e+00
      1630  1.0187499999999843e+00  1.2473601596060635e-01  4.1758410905603399e-01  5.410593e-01  3.874058e+00  6.063648e+00  2.614396e+01  6.316249e+01  2.314839e+02  2.976603e+00  1.466834e+01  1.6762642075836791e+00
      1640  1.0249999999999853e+00  1.2473427486244316e-01  4.1814777314594825e-01  5.441986e-01  3.879764e+00  6.106283e+00  2.627370e+01  6.375587e+01  2.335745e+02  2.982004e+00  1.476594e+01  1.6845878436964656e+00
      1650  1.0312499999999862e+00  1.2473253140668232e-01  4.1871574759381491e-01  5.473304e-01  3.885486e+00  6.148939e+00  2.640402e+01  6.435186e+01  2.356806e+02  2.987550e+00  1.486550e+01  1.6930049513952716e+00
      1660  1.0374999999999872e+00  1.2473078557533324e-01  4.1928804696954686e-01  5.504546e-01  3.891222e+00  6.191611e+00  2.653492e+01  6.495043e+01  2.378021e+02  2.993240e+00  1.496699e+01  1.7015165204333473e+00
      1670  1.0437499999999882e+00  1.2472903735034464e-01  4.1986468591671677e-01  5.535710e-01  3.896973e+00  6.234298e+00  2.666638e+01  6.555155e+01  2.399389e+02  2.999072e+00  1.507043e+01  1.7101235544997679e+00
      1680  1.0499999999999892e+00  1.2472728671360400e-01  4.2044567915252395e-01  5.566794e-01  3.902737e+00  6.276997e+00  2.679839e+01  6.615517e+01  2.420908e+02  3.005044e+00  1.517581e+01  1.7188270714321332e+00
      1690  1.0562499999999901e+00  1.2472553364693709e-01  4.2103104146775777e-01  5.597797e-01  3.908515e+00  6.319704e+00  2.693095e+01  6.676125e+01  2.442577e+02  3.011156e+00  1.528310e+01  1.7276281034330578e+00
      1700  1.0624999999999911e+00  1.2472377813210855e-01  4.2162078772677120e-01  5.628718e-01  3.914304e+00  6.362418e+00  2.706403e+01  6.736976e+01  2.464395e+02  3.017407e+00  1.539232e+01  1.7365276972904906e+00
      1710  1.0687499999999921e+00  1.2472202015082016e-01  4.2221493286745104e-01  5.659554e-01  3.920106e+00  6.405136e+00  2.719762e+01  6.798065e+01  2.486360e+02  3.023794e+00  1.550344e+01  1.7455269146019514e+00
      1720  1.0749999999999931e+00  1.2472025968471195e-01  4.2281349190119705e-01  5.690304e-01  3.925918e+00  6.447853e+00  2.733172e+01  6.859387e+01  2.508470e+02  3.030317e+00  1.561647e+01  1.7546268320027369e+00
      1730  1.0812499999999940e+00  1.2471849671536105e-01  4.2341647991290027e-01  5.720967e-01  3.931741e+00  6.490569e+00  2.746630e+01  6.920938e+01  2.530724e+02  3.036973e+00  1.573138e+01  1.7638285413981827e+00
      1740  1.0874999999999950e+00  1.2471673122428131e-01  4.2402391206092688e-01  5.751541e-01  3.937574e+00  6.533278e+00  2.760136e+01  6.982714e+01  2.553120e+02  3.043762e+00  1.584817e+01  1.7731331502000320e+00
      1750  1.0937499999999960e+00  1.2471496319292372e-01  4.2463580357710373e-01  5.782025e-01  3.943416e+00  6.575980e+00  2.773688e+01  7.044710e+01  2.575656e+02  3.050682e+00  1.596682e+01  1.7825417815670024e+00
      1760  1.0999999999999970e+00  1.2471319260267529e-01  4.2525216976670782e-01  5.812416e-01  3.949266e+00  6.618669e+00  2.787284e+01  7.106919e+01  2.598329e+02  3.057732e+00  1.608733e+01  1.7920555746496072e+00
      1770  1.1062499999999980e+00  1.2471141943485944e-01  4.2587302600845761e-01  5.842713e-01  3.955124e+00  6.661344e+00  2.800924e+01  7.169338e+01  2.621140e+02  3.064909e+00  1.620968e+01  1.8016756848393192e+00
      1780  1.1124999999999989e+00  1.2470964367073523e-01  4.2649838775450832e-01  5.872914e-01  3.960989e+00  6.704000e+00  2.814605e+01  7.231961e+01  2.644084e+02  3.072212e+00  1.633386e+01  1.8114032840221415e+00
      1790  1.1187499999999999e+00  1.2470786529149711e-01  4.2712827053045027e-01  5.903019e-01  3.966860e+00  6.746635e+00  2.828326e+01  7.294782e+01  2.667160e+02  3.079639e+00  1.645985e+01  1.8212395608366767e+00
      1800  1.1250000000000009e+00  1.2470608427827477e-01  4.2776268993530780e-01  5.933024e-01  3.972737e+00  6.789246e+00  2.842086e+01  7.357796e+01  2.690366e+02  3.087189e+00  1.658764e+01  1.8311857209367506e+00
      1810  1.1312500000000019e+00  1.2470430061213277e-01  4.2840166164154275e-01  5.962929e-01  3.978618e+00  6.831828e+00  2.855883e+01  7.420996e+01  2.713699e+02  3.094859e+00  1.671721e+01  1.8412429872586988e+00
      1820  1.1375000000000028e+00  1.2470251427407028e-01  4.2904520139506092e-01  5.992732e-01  3.984504e+00  6.874379e+00  2.869715e+01  7.484377e+01  2.737158e+02  3.102649e+00  1.684854e+01  1.8514126002933693e+00
      1830  1.1437500000000038e+00  1.2470072524502050e-01  4.2969332501521867e-01  6.022430e-01  3.990393e+00  6.916894e+00  2.883581e+01  7.547933e+01  2.760738e+02  3.110555e+00  1.698162e+01  1.8616958183629517e+00
      1840  1.1500000000000048e+00  1.2469893350585087e-01  4.3034604839483620e-01  6.052024e-01  3.996285e+00  6.959372e+00  2.897480e+01  7.611658e+01  2.784439e+02  3.118577e+00  1.711642e+01  1.8720939179026861e+00
      1850  1.1562500000000058e+00  1.2469713903736229e-01  4.3100338750020678e-01  6.081509e-01  4.002178e+00  7.001807e+00  2.911408e+01  7.675544e+01  2.808258e+02  3.126712e+00  1.725294e+01  1.8826081937475705e+00
      1860  1.1625000000000068e+00  1.2469534182028898e-01  4.3166535837111525e-01  6.110886e-01  4.008073e+00  7.044196e+00  2.925365e+01  7.739585e+01  2.832191e+02  3.134958e+00  1.739114e+01  1.8932399594241263e+00
      1870  1.1687500000000077e+00  1.2469354183529818e-01  4.3233197712085397e-01  6.140152e-01  4.013969e+00  7.086537e+00  2.939350e+01  7.803774e+01  2.856236e+02  3.143313e+00  1.753102e+01  1.9039905474473235e+00
      1880  1.1750000000000087e+00  1.2469173906299003e-01  4.3300325993624222e-01  6.169306e-01  4.019863e+00  7.128824e+00  2.953359e+01  7.868105e+01  2.880390e+02  3.151775e+00  1.767254e+01  1.9148613096227609e+00
      1890  1.1812500000000097e+00  1.2468993348389684e-01  4.3367922307764972e-01  6.198345e-01  4.025757e+00  7.171054e+00  2.967392e+01  7.932570e+01  2.904651e+02  3.160342e+00  1.781568e+01  1.9258536173541749e+00
      1900  1.1875000000000107e+00  1.2468812507848316e-01  4.3435988287901878e-01  6.227269e-01  4.031649e+00  7.213223e+00  2.981446e+01  7.997162e+01  2.929014e+02  3.169013e+00  1.796042e+01  1.9369688619563976e+00
      1910  1.1937500000000116e+00  1.2468631382714532e-01  4.3504525574789010e-01  6.256075e-01  4.037538e+00  7.255328e+00  2.995521e+01  8.061874e+01  2.953477e+02  3.177784e+00  1.810675e+01  1.9482084549738170e+00
      1920  1.2000000000000126e+00  1.2468449971021103e-01  4.3573535816543080e-01  6.284761e-01  4.043424e+00  7.297364e+00  3.009613e+01  8.126697e+01  2.978037e+02  3.186654e+00  1.825462e+01  1.9595738285044983e+00
      1930  1.2062500000000136e+00  1.2468268270793939e-01  4.3643020668646393e-01  6.313327e-01  4.049305e+00  7.339328e+00  3.023721e+01  8.191624e+01  3.002691e+02  3.195620e+00  1.840402e+01  1.9710664355299887e+00
      1940  1.2125000000000146e+00  1.2468086280052035e-01  4.3712981793949968e-01  6.341769e-01  4.055182e+00  7.381216e+00  3.037842e+01  8.256648e+01  3.027434e+02  3.204680e+00  1.855492e+01  1.9826877502509774e+00
      1950  1.2187500000000155e+00  1.2467903996807414e-01  4.3783420862676709e-01  6.370087e-01  4.061052e+00  7.423023e+00  3.051976e+01  8.321759e+01  3.052265e+02  3.213832e+00  1.870728e+01  1.9944392684288585e+00
      1960  1.2250000000000165e+00  1.2467721419065168e-01  4.3854339552424920e-01  6.398279e-01  4.066916e+00  7.464745e+00  3.066120e+01  8.386950e+01  3.077178e+02  3.223073e+00  1.886110e+01  2.0063225077333313e+00
      1970  1.2312500000000175e+00  1.2467538544823331e-01  4.3925739548171810e-01  6.426342e-01  4.072772e+00  7.506379e+00  3.080272e+01  8.452213e+01  3.102171e+02  3.232402e+00  1.901632e+01  2.0183390080961230e+00
      1980  1.2375000000000185e+00  1.2467355372072958e-01  4.3997622542277293e-01  6.454275e-01  4.078620e+00  7.547920e+00  3.094431e+01  8.517538e+01  3.127240e+02  3.241816e+00  1.917293e+01  2.0304903320709711e+00
      1990  1.2437500000000195e+00  1.2467171898798007e-01  4.4069990234487799e-01  6.482077e-01  4.084459e+00  7.589364e+00  3.108593e+01  8.582918e+01  3.152381e+02  3.251312e+00  1.933089e+01  2.0427780651999217e+00
      2000  1.2500000000000204e+00  1.2466988122975355e-01  4.4142844331940240e-01  6.509745e-01  4.090288e+00  7.630706e+00  3.122756e+01  8.648342e+01  3.177590e+02  3.260888e+00  1.949018e+01  2.0552038163861099e+00
      2010  1.2562500000000214e+00  1.2466804042574721e-01  4.4216186549166014e-01  6.537277e-01  4.096106e+00  7.671943e+00  3.136920e+01  8.713802e+01  3.202863e+02  3.270542e+00  1.965075e+01  2.0677692182730936e+00
      2020  1.2625000000000224e+00  1.2466619655558703e-01  4.4290018608095449e-01  6.564673e-01  4.101912e+00  7.713070e+00  3.151081e+01  8.779290e+01  3.228196e+02  3.280271e+00  1.981257e+01  2.0804759276308769e+00
      2030  1.2687500000000234e+00  1.2466434959882684e-01  4.4364342238061771e-01  6.591930e-01  4.107706e+00  7.754083e+00  3.165238e+01  8.844795e+01  3.253586e+02  3.290072e+00  1.997561e+01  2.0933256257487320e+00
      2040  1.2750000000000243e+00  1.2466249953494844e-01  4.4439159175805820e-01  6.619046e-01  4.113487e+00  7.794977e+00  3.179387e+01  8.910308e+01  3.279027e+02  3.299944e+00  2.013984e+01  2.1063200188349325e+00
      2050  1.2812500000000253e+00  1.2466064634336101e-01  4.4514471165480379e-01  6.646020e-01  4.119254e+00  7.835748e+00  3.193528e+01  8.975819e+01  3.304516e+02  3.309883e+00  2.030521e+01  2.1194608384235085e+00
      2060  1.2875000000000263e+00  1.2465879000340088e-01  4.4590279958654644e-01  6.672849e-01  4.125005e+00  7.876392e+00  3.207658e+01  9.041320e+01  3.330048e+02  3.319887e+00  2.047169e+01  2.1327498417881783e+00
      2070  1.2937500000000273e+00  1.2465693049433137e-01  4.4666587314319189e-01  6.699533e-01  4.130741e+00  7.916903e+00  3.221774e+01  9.106799e+01  3.355619e+02  3.329953e+00  2.063924e+01  2.1461888123635458e+00
      2080  1.3000000000000282e+00  1.2465506779534230e-01  4.4743394998890212e-01  6.726069e-01  4.136460e+00  7.957278e+00  3.235875e+01  9.172246e+01  3.381225e+02  3.340080e+00  2.080783e+01  2.1597795601736909e+00
      2090  1.3062500000000292e+00  1.2465320188554978e-01  4.4820704786214771e-01  6.752455e-01  4.142162e+00  7.997511e+00  3.249957e+01  9.237653e+01  3.406860e+02  3.350263e+00  2.097740e+01  2.1735239222683109e+00
      2100  1.3125000000000302e+00  1.2465133274399580e-01  4.4898518457575276e-01  6.778690e-01  4.147845e+00  8.037599e+00  3.264020e+01  9.303007e+01  3.432520e+02  3.360501e+00  2.114793e+01  2.1874237631664846e+00
      2110  1.3187500000000312e+00  1.2464946034964791e-01  4.4976837801694436e-01  6.804771e-01  4.153509e+00  8.077536e+00  3.278059e+01  9.368299e+01  3.458201e+02  3.370791e+00  2.131937e+01  2.2014809753082538e+00
      2120  1.3250000000000322e+00  1.2464758468139930e-01  4.5055664614740260e-01  6.830698e-01  4.159152e+00  8.117319e+00  3.292074e+01  9.433519e+01  3.483897e+02  3.381130e+00  2.149168e+01  2.2156974795141005e+00
      2130  1.3312500000000331e+00  1.2464570571806775e-01  4.5135000700330880e-01  6.856467e-01  4.164775e+00  8.156942e+00  3.306061e+01  9.498655e+01  3.509604e+02  3.391516e+00  2.166480e+01  2.2300752254524974e+00
      2140  1.3375000000000341e+00  1.2464382343839610e-01  4.5214847869539443e-01  6.882079e-01  4.170376e+00  8.196400e+00  3.320019e+01  9.563697e+01  3.535316e+02  3.401945e+00  2.183871e+01  2.2446161921156258e+00
      2150  1.3437500000000351e+00  1.2464193782105122e-01  4.5295207940899279e-01  6.907529e-01  4.175955e+00  8.235690e+00  3.333945e+01  9.628633e+01  3.561029e+02  3.412415e+00  2.201336e+01  2.2593223883034188e+00
      2160  1.3500000000000361e+00  1.2464004884462460e-01  4.5376082740408752e-01  6.932818e-01  4.181509e+00  8.274805e+00  3.347835e+01  9.693453e+01  3.586738e+02  3.422924e+00  2.218869e+01  2.2741958531161033e+00
      2170  1.3562500000000370e+00  1.2463815648763087e-01  4.5457474101536172e-01  6.957943e-01  4.187040e+00  8.313743e+00  3.361690e+01  9.758146e+01  3.612438e+02  3.433468e+00  2.236466e+01  2.2892386564552973e+00
      2180  1.3625000000000380e+00  1.2463626072850856e-01  4.5539383865225030e-01  6.982902e-01  4.192545e+00  8.352497e+00  3.375504e+01  9.822700e+01  3.638123e+02  3.444045e+00  2.254123e+01  2.3044528995338904e+00
      2190  1.3687500000000390e+00  1.2463436154561917e-01  4.5621813879898698e-01  7.007694e-01  4.198024e+00  8.391062e+00  3.389277e+01  9.887104e+01  3.663787e+02  3.454652e+00  2.271834e+01  2.3198407153948248e+00
      2200  1.3750000000000400e+00  1.2463245891724710e-01  4.5704766001465585e-01  7.032316e-01  4.203476e+00  8.429435e+00  3.403005e+01  9.951347e+01  3.689427e+02  3.465286e+00  2.289595e+01  2.3354042694388863e+00
      2210  1.3812500000000409e+00  1.2463055282159920e-01  4.5788242093323950e-01  7.056767e-01  4.208900e+00  8.467611e+00  3.416687e+01  1.001542e+02  3.715035e+02  3.475944e+00  2.307401e+01  2.3511457599617209e+00
      2220  1.3875000000000419e+00  1.2462864323680467e-01  4.5872244026366910e-01  7.081045e-01  4.214296e+00  8.505584e+00  3.430319e+01  1.007930e+02  3.740608e+02  3.486625e+00  2.325246e+01  2.3670674187001728e+00
      2230  1.3937500000000429e+00  1.2462673014091440e-01  4.5956773678987306e-01  7.105149e-01  4.219662e+00  8.543349e+00  3.443900e+01  1.014299e+02  3.766139e+02  3.497324e+00  2.343126e+01  2.3831715113881269e+00
      2240  1.4000000000000439e+00  1.2462481351190101e-01  4.6041832937082483e-01  7.129077e-01  4.224997e+00  8.580903e+00  3.457426e+01  1.020647e+02  3.791622e+02  3.508039e+00  2.361035e+01  2.3994603383219966e+00
      2250  1.4062500000000449e+00  1.2462289332765822e-01  4.6127423694059183e-01  7.152826e-01  4.230302e+00  8.618239e+00  3.470896e+01  1.026973e+02  3.817053e+02  3.518767e+00  2.378969e+01  2.4159362349360212e+00
      2260  1.4125000000000458e+00  1.2462096956600111e-01  4.6213547850838294e-01  7.176395e-01  4.235574e+00  8.655354e+00  3.484306e+01  1.033276e+02  3.842425e+02  3.529506e+00  2.396921e+01  2.4326015723875254e+00
      2270  1.4187500000000468e+00  1.2461904220466480e-01  4.6300207315859515e-01  7.199783e-01  4.240814e+00  8.692242e+00  3.497654e+01  1.039554e+02  3.867733e+02  3.540252e+00  2.414887e+01  2.4494587581523097e+00
      2280  1.4250000000000478e+00  1.2461711122130548e-01  4.6387404005086080e-01  7.222988e-01  4.246019e+00  8.728898e+00  3.510938e+01  1.045807e+02  3.892971e+02  3.551003e+00  2.432861e+01  2.4665102366303220e+00
      2290  1.4312500000000488e+00  1.2461517659349865e-01  4.6475139842009183e-01  7.246007e-01  4.251190e+00  8.765318e+00  3.524155e+01  1.052033e+02  3.918133e+02  3.561756e+00  2.450837e+01  2.4837584897617724e+00
      2300  1.4375000000000497e+00  1.2461323829873991e-01  4.6563416757652737e-01  7.268840e-01  4.256326e+00  8.801497e+00  3.537303e+01  1.058230e+02  3.943214e+02  3.572508e+00  2.468810e+01  2.5012060376538878e+00
      2310  1.4437500000000507e+00  1.2461129631444422e-01  4.6652236690577625e-01  7.291484e-01  4.261425e+00  8.837430e+00  3.550379e+01  1.064399e+02  3.968207e+02  3.583257e+00  2.486775e+01  2.5188554392184144e+00
      2320  1.4500000000000517e+00  1.2460935061794556e-01  4.6741601586886256e-01  7.313937e-01  4.266488e+00  8.873112e+00  3.563380e+01  1.070537e+02  3.993107e+02  3.593999e+00  2.504725e+01  2.5367092928201052e+00
      2330  1.4562500000000527e+00  1.2460740118649667e-01  4.6831513400226621e-01  7.336199e-01  4.271512e+00  8.908538e+00  3.576304e+01  1.076643e+02  4.017908e+02  3.604732e+00  2.522656e+01  2.5547702369363203e+00
      2340  1.4625000000000536e+00  1.2460544799726858e-01  4.6921974091796775e-01  7.358267e-01  4.276498e+00  8.943704e+00  3.589148e+01  1.082717e+02  4.042604e+02  3.615452e+00  2.540560e+01  2.5730409508278966e+00
      2350  1.4687500000000546e+00  1.2460349102735081e-01  4.7012985630348925e-01  7.380139e-01  4.281444e+00  8.978604e+00  3.601911e+01  1.088756e+02  4.067188e+02  3.626158e+00  2.558434e+01  2.5915241552215247e+00
      2360  1.4750000000000556e+00  1.2460153025375038e-01  4.7104549992193212e-01  7.401815e-01  4.286349e+00  9.013234e+00  3.614589e+01  1.094759e+02  4.091656e+02  3.636846e+00  2.576270e+01  2.6102226130037338e+00
      2370  1.4812500000000566e+00  1.2459956565339206e-01  4.7196669161202087e-01  7.423292e-01  4.291214e+00  9.047589e+00  3.627179e+01  1.100726e+02  4.116000e+02  3.647514e+00  2.594063e+01  2.6291391299267208e+00
      2380  1.4875000000000576e+00  1.2459759720311765e-01  4.7289345128813842e-01  7.444568e-01  4.296037e+00  9.081665e+00  3.639680e+01  1.106656e+02  4.140215e+02  3.658159e+00  2.611807e+01  2.6482765553261531e+00
      2390  1.4937500000000585e+00  1.2459562487968574e-01  4.7382579894036564e-01  7.465642e-01  4.300817e+00  9.115456e+00  3.652089e+01  1.112545e+02  4.164295e+02  3.668778e+00  2.629496e+01  2.6676377828511604e+00
      2400  1.5000000000000595e+00  1.2459364865977168e-01  4.7476375463451653e-01  7.486512e-01  4.305554e+00  9.148958e+00  3.664403e+01  1.118395e+02  4.188234e+02  3.679369e+00  2.647124e+01  2.6872257512066899e+00
      2410  1.5062500000000605e+00  1.2459166851996695e-01  4.7570733851217600e-01  7.507177e-01  4.310246e+00  9.182167e+00  3.676619e+01  1.124203e+02  4.212026e+02  3.689928e+00  2.664686e+01  2.7070434449083800e+00
      2420  1.5125000000000615e+00  1.2458968443677906e-01  4.7665657079073243e-01  7.527635e-01  4.314893e+00  9.215076e+00  3.688736e+01  1.129968e+02  4.235664e+02  3.700453e+00  2.682175e+01  2.7270938950501575e+00
      2430  1.5187500000000624e+00  1.2458769638663092e-01  4.7761147176341268e-01  7.547884e-01  4.319495e+00  9.247683e+00  3.700751e+01  1.135689e+02  4.259143e+02  3.710942e+00  2.699586e+01  2.7473801800847517e+00
      2440  1.5250000000000634e+00  1.2458570434586083e-01  4.7857206179931422e-01  7.567923e-01  4.324050e+00  9.279982e+00  3.712662e+01  1.141364e+02  4.282457e+02  3.721392e+00  2.716911e+01  2.7679054266172796e+00
      2450  1.5312500000000644e+00  1.2458370829072224e-01  4.7953836134343636e-01  7.587751e-01  4.328558e+00  9.311969e+00  3.724465e+01  1.146994e+02  4.305599e+02  3.731799e+00  2.734147e+01  2.7886728102121143e+00
      2460  1.5375000000000654e+00  1.2458170819738307e-01  4.8051039091671272e-01  7.607364e-01  4.333018e+00  9.343638e+00  3.736159e+01  1.152575e+02  4.328564e+02  3.742162e+00  2.751286e+01  2.8096855562132155e+00
      2470  1.5437500000000663e+00  1.2457970404192570e-01  4.8148817111603770e-01  7.626763e-01  4.337429e+00  9.374987e+00  3.747741e+01  1.158107e+02  4.351345e+02  3.752478e+00  2.768322e+01  2.8309469405780932e+00
      2480  1.5500000000000673e+00  1.2457769580034618e-01  4.8247172261429566e-01  7.645945e-01  4.341791e+00  9.406009e+00  3.759209e+01  1.163589e+02  4.373937e+02  3.762745e+00  2.785250e+01  2.8524602907256060e+00
      2490  1.5562500000000683e+00  1.2457568344855501e-01  4.8346106616039097e-01  7.664909e-01  4.346103e+00  9.436702e+00  3.770560e+01  1.169020e+02  4.396334e+02  3.772959e+00  2.802064e+01  2.8742289863978021e+00
      2500  1.5625000000000693e+00  1.2457366696237522e-01  4.8445622257926974e-01  7.683653e-01  4.350364e+00  9.467059e+00  3.781792e+01  1.174398e+02  4.418530e+02  3.783119e+00  2.818758e+01  2.8962564605359371e+00
      2510  1.5687500000000703e+00  1.2457164631754362e-01  4.8545721277194981e-01  7.702175e-01  4.354574e+00  9.497078e+00  3.792903e+01  1.179723e+02  4.440518e+02  3.793222e+00  2.835326e+01  2.9185462001709159e+00
      2520  1.5750000000000712e+00  1.2456962148970926e-01  4.8646405771554091e-01  7.720475e-01  4.358731e+00  9.526753e+00  3.803890e+01  1.184992e+02  4.462294e+02  3.803265e+00  2.851761e+01  2.9411017473282972e+00
      2530  1.5812500000000722e+00  1.2456759245443397e-01  4.8747677846327031e-01  7.738551e-01  4.362836e+00  9.556081e+00  3.814751e+01  1.190206e+02  4.483851e+02  3.813247e+00  2.868059e+01  2.9639266999480882e+00
      2540  1.5875000000000732e+00  1.2456555918719173e-01  4.8849539614450338e-01  7.756401e-01  4.366888e+00  9.585056e+00  3.825484e+01  1.195362e+02  4.505183e+02  3.823164e+00  2.884213e+01  2.9870247128194958e+00
      2550  1.5937500000000742e+00  1.2456352166336790e-01  4.8951993196476629e-01  7.774024e-01  4.370885e+00  9.613676e+00  3.836087e+01  1.200460e+02  4.526285e+02  3.833015e+00  2.900219e+01  3.0103994985308207e+00
      2560  1.6000000000000751e+00  1.2456147985825981e-01  4.9055040720576459e-01  7.791418e-01  4.374828e+00  9.641936e+00  3.846557e+01  1.205498e+02  4.547151e+02  3.842796e+00  2.916069e+01  3.0340548284346971e+00
      2570  1.6062500000000761e+00  1.2455943374707582e-01  4.9158684322540341e-01  7.808582e-01  4.378716e+00  9.669832e+00  3.856893e+01  1.210476e+02  4.567776e+02  3.852507e+00  2.931758e+01  3.0579945336288326e+00
      2580  1.6125000000000771e+00  1.2455738330493503e-01  4.9262926145780644e-01  7.825514e-01  4.382547e+00  9.697359e+00  3.867092e+01  1.215392e+02  4.588153e+02  3.862145e+00  2.947282e+01  3.0822225059524890e+00
      2590  1.6187500000000781e+00  1.2455532850686712e-01  4.9367768341333002e-01  7.842213e-01  4.386323e+00  9.724515e+00  3.877151e+01  1.220245e+02  4.608278e+02  3.871706e+00  2.962633e+01  3.1067426989988172e+00
      2600  1.6250000000000790e+00  1.2455326932781206e-01  4.9473213067858574e-01  7.858678e-01  4.390041e+00  9.751294e+00  3.887070e+01  1.225034e+02  4.628145e+02  3.881191e+00  2.977808e+01  3.1315591291432927e+00
      2610  1.6312500000000800e+00  1.2455120574261973e-01  4.9579262491644943e-01  7.874907e-01  4.393702e+00  9.777694e+00  3.896846e+01  1.229758e+02  4.647748e+02  3.890595e+00  2.992800e+01  3.1566758765883853e+00
      2620  1.6375000000000810e+00  1.2454913772604945e-01  4.9685918786608191e-01  7.890898e-01  4.397305e+00  9.803710e+00  3.906476e+01  1.234416e+02  4.667083e+02  3.899918e+00  3.007604e+01  3.1820970864246840e+00
      2630  1.6437500000000820e+00  1.2454706525276986e-01  4.9793184134293839e-01  7.906651e-01  4.400850e+00  9.829339e+00  3.915960e+01  1.239008e+02  4.686144e+02  3.909157e+00  3.022215e+01  3.2078269697086004e+00
      2640  1.6500000000000830e+00  1.2454498829735869e-01  4.9901060723878704e-01  7.922165e-01  4.404335e+00  9.854577e+00  3.925295e+01  1.243531e+02  4.704926e+02  3.918311e+00  3.036628e+01  3.2338698045568948e+00
      2650  1.6562500000000839e+00  1.2454290683430218e-01  5.0009550752171728e-01  7.937437e-01  4.407761e+00  9.879421e+00  3.934478e+01  1.247985e+02  4.723424e+02  3.927377e+00  3.050837e+01  3.2602299372581500e+00
      2660  1.6625000000000849e+00  1.2454082083799495e-01  5.0118656423615637e-01  7.952466e-01  4.411127e+00  9.903867e+00  3.943509e+01  1.252369e+02  4.741632e+02  3.936353e+00  3.064838e+01  3.2869117834013402e+00
      2670  1.6687500000000859e+00  1.2453873028273942e-01  5.0228379950287760e-01  7.967251e-01  4.414432e+00  9.927912e+00  3.952386e+01  1.256682e+02  4.759547e+02  3.945239e+00  3.078627e+01  3.3139198290217480e+00
      2680  1.6750000000000869e+00  1.2453663514274593e-01  5.0338723551901565e-01  7.981792e-01  4.417677e+00  9.951552e+00  3.961106e+01  1.260923e+02  4.777163e+02  3.954031e+00  3.092197e+01  3.3412586317643114e+00
      2690  1.6812500000000878e+00  1.2453453539213202e-01  5.0449689455807278e-01  7.996086e-01  4.420860e+00  9.974784e+00  3.969669e+01  1.265091e+02  4.794476e+02  3.962729e+00  3.105545e+01  3.3689328220645907e+00
      2700  1.6875000000000888e+00  1.2453243100492242e-01  5.0561279896993649e-01  8.010132e-01  4.423981e+00  9.997606e+00  3.978071e+01  1.269185e+02  4.811481e+02  3.971330e+00  3.118666e+01  3.3969471043475026e+00
      2710  1.6937500000000898e+00  1.2453032195504837e-01  5.0673497118088207e-01  8.023930e-01  4.427041e+00  1.002001e+01  3.986313e+01  1.273205e+02  4.828173e+02  3.979834e+00  3.131555e+01  3.4253062582440288e+00
      2720  1.7000000000000908e+00  1.2452820821634761e-01  5.0786343369359099e-01  8.037477e-01  4.430038e+00  1.004200e+01  3.994391e+01  1.277150e+02  4.844549e+02  3.988238e+00  3.144208e+01  3.4540151398259247e+00
      2730  1.7062500000000917e+00  1.2452608976256407e-01  5.0899820908715454e-01  8.050773e-01  4.432972e+00  1.006357e+01  4.002305e+01  1.281018e+02  4.860603e+02  3.996542e+00  3.156622e+01  3.4830786828587113e+00
      2740  1.7125000000000927e+00  1.2452396656734739e-01  5.1013932001708906e-01  8.063816e-01  4.435842e+00  1.008472e+01  4.010053e+01  1.284809e+02  4.876333e+02  4.004743e+00  3.168792e+01  3.5125019000729774e+00
      2750  1.7187500000000937e+00  1.2452183860425262e-01  5.1128678921534310e-01  8.076606e-01  4.438650e+00  1.010544e+01  4.017634e+01  1.288522e+02  4.891733e+02  4.012841e+00  3.180714e+01  3.5422898844541963e+00
      2760  1.7250000000000947e+00  1.2451970584673973e-01  5.1244063949031105e-01  8.089141e-01  4.441393e+00  1.012573e+01  4.025046e+01  1.292156e+02  4.906800e+02  4.020833e+00  3.192384e+01  3.5724478105511359e+00
      2770  1.7312500000000957e+00  1.2451756826817387e-01  5.1360089372684381e-01  8.101421e-01  4.444073e+00  1.014559e+01  4.032288e+01  1.295712e+02  4.921531e+02  4.028720e+00  3.203799e+01  3.6029809358030125e+00
      2780  1.7375000000000966e+00  1.2451542584182447e-01  5.1476757488625402e-01  8.113443e-01  4.446688e+00  1.016502e+01  4.039359e+01  1.299187e+02  4.935921e+02  4.036500e+00  3.214955e+01  3.6338946018854683e+00
      2790  1.7437500000000976e+00  1.2451327854086522e-01  5.1594070600633946e-01  8.125207e-01  4.449239e+00  1.018401e+01  4.046257e+01  1.302581e+02  4.949966e+02  4.044171e+00  3.225850e+01  3.6651942360755188e+00
      2800  1.7500000000000986e+00  1.2451112633837347e-01  5.1712031020138660e-01  8.136712e-01  4.451724e+00  1.020257e+01  4.052982e+01  1.305894e+02  4.963665e+02  4.051733e+00  3.236479e+01  3.6968853526355376e+00
      2810  1.7562500000000996e+00  1.2450896920733046e-01  5.1830641066218353e-01  8.147956e-01  4.454145e+00  1.022068e+01  4.059531e+01  1.309124e+02  4.977013e+02  4.059184e+00  3.246839e+01  3.7289735542163642e+00
      2820  1.7625000000001005e+00  1.2450680712062033e-01  5.1949903065604441e-01  8.158940e-01  4.456501e+00  1.023835e+01  4.065905e+01  1.312273e+02  4.990007e+02  4.066525e+00  3.256929e+01  3.7614645332796428e+00
      2830  1.7687500000001015e+00  1.2450464005103024e-01  5.2069819352680968e-01  8.169661e-01  4.458791e+00  1.025557e+01  4.072101e+01  1.315337e+02  5.002644e+02  4.073753e+00  3.266745e+01  3.7943640735394415e+00
      2840  1.7750000000001025e+00  1.2450246797124993e-01  5.2190392269487573e-01  8.180119e-01  4.461016e+00  1.027235e+01  4.078120e+01  1.318318e+02  5.014922e+02  4.080869e+00  3.276285e+01  3.8276780514232107e+00
      2850  1.7812500000001035e+00  1.2450029085387126e-01  5.2311624165720161e-01  8.190312e-01  4.463175e+00  1.028868e+01  4.083960e+01  1.321215e+02  5.026837e+02  4.087871e+00  3.285547e+01  3.8614124375521524e+00
      2860  1.7875000000001044e+00  1.2449810867138829e-01  5.2433517398733709e-01  8.200241e-01  4.465268e+00  1.030456e+01  4.089620e+01  1.324027e+02  5.038388e+02  4.094760e+00  3.294527e+01  3.8955732982410414e+00
      2870  1.7937500000001054e+00  1.2449592139619650e-01  5.2556074333543634e-01  8.209903e-01  4.467296e+00  1.031999e+01  4.095100e+01  1.326754e+02  5.049571e+02  4.101533e+00  3.303225e+01  3.9301667970174763e+00
      2880  1.8000000000001064e+00  1.2449372900059269e-01  5.2679297342828280e-01  8.219298e-01  4.469258e+00  1.033496e+01  4.100399e+01  1.329395e+02  5.060385e+02  4.108192e+00  3.311639e+01  3.9651991961606643e+00
      2890  1.8062500000001074e+00  1.2449153145677469e-01  5.2803188806931367e-01  8.228425e-01  4.471154e+00  1.034948e+01  4.105516e+01  1.331950e+02  5.070828e+02  4.114735e+00  3.319766e+01  4.0006768582596832e+00
      2900  1.8125000000001084e+00  1.2448932873684103e-01  5.2927751113864263e-01  8.237283e-01  4.472984e+00  1.036354e+01  4.110450e+01  1.334418e+02  5.080896e+02  4.121163e+00  3.327606e+01  4.0366062477912044e+00
      2910  1.8187500000001093e+00  1.2448712081279055e-01  5.3052986659309409e-01  8.245871e-01  4.474748e+00  1.037714e+01  4.115202e+01  1.336800e+02  5.090590e+02  4.127474e+00  3.335157e+01  4.0729939327167335e+00
      2920  1.8250000000001103e+00  1.2448490765652180e-01  5.3178897846622220e-01  8.254189e-01  4.476446e+00  1.039028e+01  4.119770e+01  1.339094e+02  5.099906e+02  4.133670e+00  3.342418e+01  4.1098465860992279e+00
      2930  1.8312500000001113e+00  1.2448268923983363e-01  5.3305487086835823e-01  8.262235e-01  4.478078e+00  1.040297e+01  4.124154e+01  1.341301e+02  5.108844e+02  4.139749e+00  3.349389e+01  4.1471709877391243e+00
      2940  1.8375000000001123e+00  1.2448046553442396e-01  5.3432756798663239e-01  8.270009e-01  4.479645e+00  1.041519e+01  4.128354e+01  1.343421e+02  5.117403e+02  4.145712e+00  3.356069e+01  4.1849740258296961e+00
      2950  1.8437500000001132e+00  1.2447823651188955e-01  5.3560709408502294e-01  8.277510e-01  4.481146e+00  1.042695e+01  4.132370e+01  1.345452e+02  5.125580e+02  4.151559e+00  3.362456e+01  4.2232626986315642e+00
      2960  1.8500000000001142e+00  1.2447600214372628e-01  5.3689347350438721e-01  8.284737e-01  4.482581e+00  1.043824e+01  4.136201e+01  1.347395e+02  5.133375e+02  4.157289e+00  3.368552e+01  4.2620441161664440e+00
      2970  1.8562500000001152e+00  1.2447376240132826e-01  5.3818673066251843e-01  8.291690e-01  4.483951e+00  1.044907e+01  4.139847e+01  1.349250e+02  5.140788e+02  4.162904e+00  3.374356e+01  4.3013255019298580e+00
      2980  1.8625000000001162e+00  1.2447151725598772e-01  5.3948689005417927e-01  8.298367e-01  4.485255e+00  1.045944e+01  4.143308e+01  1.351017e+02  5.147817e+02  4.168403e+00  3.379868e+01  4.3411141946226746e+00
      2990  1.8687500000001172e+00  1.2446926667889462e-01  5.4079397625116732e-01  8.304769e-01  4.486495e+00  1.046934e+01  4.146584e+01  1.352695e+02  5.154462e+02  4.173787e+00  3.385089e+01  4.3814176499015165e+00
      3000  1.8750000000001181e+00  1.2446701064113655e-01  5.4210801390236163e-01  8.310893e-01  4.487670e+00  1.047878e+01  4.149674e+01  1.354285e+02  5.160723e+02  4.179057e+00  3.390019e+01  4.4222434421475363e+00
      3010  1.8812500000001191e+00  1.2446474911369802e-01  5.4342902773378388e-01  8.316740e-01  4.488780e+00  1.048775e+01  4.152580e+01  1.355786e+02  5.166599e+02  4.184212e+00  3.394659e+01  4.4635992662537474e+00
      3020  1.8875000000001201e+00  1.2446248206746051e-01  5.4475704254866464e-01  8.322309e-01  4.489825e+00  1.049625e+01  4.155302e+01  1.357198e+02  5.172090e+02  4.189253e+00  3.399010e+01  4.5054929394302734e+00
      3030  1.8937500000001211e+00  1.2446020947320194e-01  5.4609208322751090e-01  8.327599e-01  4.490807e+00  1.050429e+01  4.157838e+01  1.358522e+02  5.177197e+02  4.194182e+00  3.403074e+01  4.5479324030277262e+00
      3040  1.9000000000001220e+00  1.2445793130159626e-01  5.4743417472817524e-01  8.332610e-01  4.491724e+00  1.051186e+01  4.160190e+01  1.359757e+02  5.181920e+02  4.198998e+00  3.406851e+01  4.5909257243780610e+00
      3050  1.9062500000001230e+00  1.2445564752321367e-01  5.4878334208594304e-01  8.337341e-01  4.492578e+00  1.051897e+01  4.162359e+01  1.360904e+02  5.186258e+02  4.203703e+00  3.410344e+01  4.6344810986528309e+00
      3060  1.9125000000001240e+00  1.2445335810851936e-01  5.5013961041360515e-01  8.341791e-01  4.493369e+00  1.052561e+01  4.164343e+01  1.361962e+02  5.190214e+02  4.208298e+00  3.413554e+01  4.6786068507385172e+00
      3070  1.9187500000001250e+00  1.2445106302787415e-01  5.5150300490155513e-01  8.345960e-01  4.494097e+00  1.053178e+01  4.166145e+01  1.362932e+02  5.193787e+02  4.212784e+00  3.416483e+01  4.7233114371285136e+00
      3080  1.9250000000001259e+00  1.2444876225153345e-01  5.5287355081788081e-01  8.349847e-01  4.494763e+00  1.053749e+01  4.167764e+01  1.363814e+02  5.196978e+02  4.217161e+00  3.419134e+01  4.7686034478314987e+00
      3090  1.9312500000001269e+00  1.2444645574964749e-01  5.5425127350846415e-01  8.353452e-01  4.495366e+00  1.054273e+01  4.169201e+01  1.364608e+02  5.199789e+02  4.221431e+00  3.421510e+01  4.8144916082957243e+00
      3100  1.9375000000001279e+00  1.2444414349226050e-01  5.5563619839709200e-01  8.356775e-01  4.495908e+00  1.054751e+01  4.170456e+01  1.365315e+02  5.202220e+02  4.225596e+00  3.423612e+01  4.8609847813488383e+00
      3110  1.9437500000001289e+00  1.2444182544931068e-01  5.5702835098556835e-01  8.359814e-01  4.496389e+00  1.055182e+01  4.171531e+01  1.365934e+02  5.204274e+02  4.229656e+00  3.425445e+01  4.9080919691528235e+00
      3120  1.9500000000001299e+00  1.2443950159062983e-01  5.5842775685383228e-01  8.362569e-01  4.496809e+00  1.055567e+01  4.172426e+01  1.366466e+02  5.205951e+02  4.233612e+00  3.427011e+01  4.9558223151735197e+00
      3130  1.9562500000001308e+00  1.2443717188594307e-01  5.5983444166009411e-01  8.365040e-01  4.497169e+00  1.055906e+01  4.173143e+01  1.366911e+02  5.207253e+02  4.237468e+00  3.428314e+01  5.0041851061642104e+00
      3140  1.9625000000001318e+00  1.2443483630486832e-01  5.6124843114096412e-01  8.367226e-01  4.497469e+00  1.056199e+01  4.173680e+01  1.367270e+02  5.208183e+02  4.241223e+00  3.429358e+01  5.0531897741628358e+00
      3150  1.9687500000001328e+00  1.2443249481691609e-01  5.6266975111159845e-01  8.369127e-01  4.497711e+00  1.056445e+01  4.174041e+01  1.367543e+02  5.208741e+02  4.244880e+00  3.430146e+01  5.1028458985020926e+00
      3160  1.9750000000001338e+00  1.2443014739148936e-01  5.6409842746585459e-01  8.370742e-01  4.497893e+00  1.056646e+01  4.174226e+01  1.367730e+02  5.208931e+02  4.248440e+00  3.430682e+01  5.1531632078320238e+00
      3170  1.9812500000001347e+00  1.2442779399788277e-01  5.6553448617644919e-01  8.372072e-01  4.498018e+00  1.056800e+01  4.174235e+01  1.367832e+02  5.208754e+02  4.251906e+00  3.430971e+01  5.2041515821541662e+00
      3180  1.9875000000001357e+00  1.2442543460528280e-01  5.6697795329512790e-01  8.373115e-01  4.498086e+00  1.056909e+01  4.174071e+01  1.367850e+02  5.208213e+02  4.255279e+00  3.431018e+01  5.2558210548669502e+00
      3190  1.9937500000001367e+00  1.2442306918276708e-01  5.6842885495284790e-01  8.373871e-01  4.498096e+00  1.056972e+01  4.173734e+01  1.367783e+02  5.207310e+02  4.258561e+00  3.430827e+01  5.3081818148212259e+00
      3200  2.0000000000001377e+00  1.2442069769930428e-01  5.6988721735996350e-01  8.374340e-01  4.498051e+00  1.056990e+01  4.173225e+01  1.367632e+02  5.206049e+02  4.261754e+00  3.430403e+01  5.3612442083855214e+00
      3210  2.0062500000001364e+00  1.2441832012375378e-01  5.7135306680642906e-01  8.374521e-01  4.497951e+00  1.056962e+01  4.172546e+01  1.367398e+02  5.204432e+02  4.264860e+00  3.429752e+01  5.4150187415200177e+00
      3220  2.0125000000001352e+00  1.2441593642486487e-01  5.7282642966200692e-01  8.374415e-01  4.497795e+00  1.056890e+01  4.171698e+01  1.367081e+02  5.202461e+02  4.267882e+00  3.428879e+01  5.4695160818584556e+00
      3230  2.0187500000001339e+00  1.2441354657127715e-01  5.7430733237648879e-01  8.374021e-01  4.497586e+00  1.056772e+01  4.170683e+01  1.366682e+02  5.200141e+02  4.270822e+00  3.427790e+01  5.5247470607971909e+00
      3240  2.0250000000001327e+00  1.2441115053151981e-01  5.7579580147992915e-01  8.373338e-01  4.497324e+00  1.056609e+01  4.169502e+01  1.366202e+02  5.197473e+02  4.273682e+00  3.426490e+01  5.5807226755903443e+00
      3250  2.0312500000001315e+00  1.2440874827401134e-01  5.7729186358289075e-01  8.372366e-01  4.497010e+00  1.056402e+01  4.168157e+01  1.365641e+02  5.194463e+02  4.276465e+00  3.424987e+01  5.6374540914502083e+00
      3260  2.0375000000001302e+00  1.2440633976705898e-01  5.7879554537669820e-01  8.371106e-01  4.496644e+00  1.056150e+01  4.166649e+01  1.364999e+02  5.191112e+02  4.279174e+00  3.423285e+01  5.6949526436518578e+00
      3270  2.0437500000001290e+00  1.2440392497885858e-01  5.8030687363371203e-01  8.369556e-01  4.496227e+00  1.055853e+01  4.164979e+01  1.364278e+02  5.187425e+02  4.281810e+00  3.421393e+01  5.7532298396409178e+00
      3280  2.0500000000001277e+00  1.2440150387749450e-01  5.8182587520761364e-01  8.367716e-01  4.495760e+00  1.055513e+01  4.163151e+01  1.363479e+02  5.183406e+02  4.284377e+00  3.419316e+01  5.8122973611433970e+00
      3290  2.0562500000001265e+00  1.2439907643093893e-01  5.8335257703369137e-01  8.365587e-01  4.495244e+00  1.055128e+01  4.161164e+01  1.362601e+02  5.179058e+02  4.286877e+00  3.417062e+01  5.8721670662765177e+00
      3300  2.0625000000001252e+00  1.2439664260705167e-01  5.8488700612916589e-01  8.363168e-01  4.494681e+00  1.054700e+01  4.159022e+01  1.361645e+02  5.174385e+02  4.289313e+00  3.414638e+01  5.9328509916593113e+00
      3310  2.0687500000001240e+00  1.2439420237357975e-01  5.8642918959350976e-01  8.360458e-01  4.494070e+00  1.054229e+01  4.156725e+01  1.360613e+02  5.169391e+02  4.291689e+00  3.412053e+01  5.9943613545216570e+00
      3320  2.0750000000001227e+00  1.2439175569815709e-01  5.8797915460879335e-01  8.357458e-01  4.493412e+00  1.053714e+01  4.154277e+01  1.359506e+02  5.164081e+02  4.294007e+00  3.409312e+01  6.0567105548107492e+00
      3330  2.0812500000001215e+00  1.2438930254830424e-01  5.8953692844003358e-01  8.354168e-01  4.492710e+00  1.053155e+01  4.151678e+01  1.358323e+02  5.158458e+02  4.296270e+00  3.406426e+01  6.1199111772933472e+00
      3340  2.0875000000001203e+00  1.2438684289142789e-01  5.9110253843558491e-01  8.350586e-01  4.491963e+00  1.052554e+01  4.148931e+01  1.357066e+02  5.152528e+02  4.298482e+00  3.403401e+01  6.1839759936527594e+00
      3350  2.0937500000001190e+00  1.2438437669482059e-01  5.9267601202751574e-01  8.346714e-01  4.491172e+00  1.051911e+01  4.146038e+01  1.355735e+02  5.146294e+02  4.300646e+00  3.400246e+01  6.2489179645788493e+00
      3360  2.1000000000001178e+00  1.2438190392566029e-01  5.9425737673202894e-01  8.342551e-01  4.490340e+00  1.051225e+01  4.143001e+01  1.354332e+02  5.139761e+02  4.302765e+00  3.396970e+01  6.3147502418497741e+00
      3370  2.1062500000001165e+00  1.2437942455101070e-01  5.9584666014989096e-01  8.338096e-01  4.489466e+00  1.050496e+01  4.139822e+01  1.352857e+02  5.132934e+02  4.304842e+00  3.393583e+01  6.3814861704039236e+00
      3380  2.1125000000001153e+00  1.2437693853781956e-01  5.9744388996687103e-01  8.333350e-01  4.488552e+00  1.049726e+01  4.136504e+01  1.351311e+02  5.125817e+02  4.306881e+00  3.390092e+01  6.4491392904003675e+00
      3390  2.1187500000001140e+00  1.2437444585291951e-01  5.9904909395421879e-01  8.328312e-01  4.487598e+00  1.048914e+01  4.133048e+01  1.349695e+02  5.118416e+02  4.308886e+00  3.386509e+01  6.5177233392663121e+00
      3400  2.1250000000001128e+00  1.2437194646302738e-01  6.0066229996914866e-01  8.322983e-01  4.486607e+00  1.048061e+01  4.129456e+01  1.348011e+02  5.110735e+02  4.310860e+00  3.382841e+01  6.5872522537298872e+00
      3410  2.1312500000001116e+00  1.2436944033474329e-01  6.0228353595535455e-01  8.317362e-01  4.485579e+00  1.047166e+01  4.125732e+01  1.346258e+02  5.102779e+02  4.312807e+00  3.379100e+01  6.6577401718363740e+00
      3420  2.1375000000001103e+00  1.2436692743455119e-01  6.0391282994353412e-01  8.311450e-01  4.484515e+00  1.046230e+01  4.121878e+01  1.344438e+02  5.094554e+02  4.314731e+00  3.375295e+01  6.7292014349463418e+00
      3430  2.1437500000001091e+00  1.2436440772881788e-01  6.0555021005195409e-01  8.305245e-01  4.483416e+00  1.045254e+01  4.117895e+01  1.342551e+02  5.086064e+02  4.316636e+00  3.371437e+01  6.8016505897136312e+00
      3440  2.1500000000001078e+00  1.2436188118379261e-01  6.0719570448702620e-01  8.298749e-01  4.482284e+00  1.044238e+01  4.113787e+01  1.340599e+02  5.077314e+02  4.318525e+00  3.367537e+01  6.8751023900415147e+00
      3450  2.1562500000001066e+00  1.2435934776560731e-01  6.0884934154390769e-01  8.291960e-01  4.481120e+00  1.043181e+01  4.109555e+01  1.338583e+02  5.068311e+02  4.320403e+00  3.363605e+01  6.9495717990148105e+00
      3460  2.1625000000001053e+00  1.2435680744027554e-01  6.1051114960713893e-01  8.284880e-01  4.479925e+00  1.042084e+01  4.105203e+01  1.336503e+02  5.059059e+02  4.322273e+00  3.359653e+01  7.0250739908063906e+00
      3470  2.1687500000001041e+00  1.2435426017369254e-01  6.1218115715129229e-01  8.277507e-01  4.478701e+00  1.040948e+01  4.100732e+01  1.334361e+02  5.049563e+02  4.324140e+00  3.355692e+01  7.1016243525555280e+00
      3480  2.1750000000001029e+00  1.2435170593163455e-01  6.1385939274166235e-01  8.269842e-01  4.477447e+00  1.039772e+01  4.096146e+01  1.332158e+02  5.039829e+02  4.326009e+00  3.351733e+01  7.1792384862164349e+00
      3490  2.1812500000001016e+00  1.2434914467975865e-01  6.1554588503497198e-01  8.261885e-01  4.476167e+00  1.038557e+01  4.091448e+01  1.329894e+02  5.029863e+02  4.327882e+00  3.347790e+01  7.2579322103746167e+00
      3500  2.1875000000001004e+00  1.2434657638360262e-01  6.1724066278012035e-01  8.253635e-01  4.474861e+00  1.037303e+01  4.086639e+01  1.327570e+02  5.019670e+02  4.329766e+00  3.343873e+01  7.3377215620289187e+00
      3510  2.1937500000000991e+00  1.2434400100858374e-01  6.1894375481894770e-01  8.245093e-01  4.473531e+00  1.036011e+01  4.081722e+01  1.325188e+02  5.009256e+02  4.331664e+00  3.339996e+01  7.4186227983369921e+00
      3520  2.2000000000000979e+00  1.2434141851999911e-01  6.2065519008704595e-01  8.236259e-01  4.472177e+00  1.034681e+01  4.076701e+01  1.322749e+02  4.998626e+02  4.333581e+00  3.336172e+01  7.5006523983219786e+00
      3530  2.2062500000000966e+00  1.2433882888302536e-01  6.2237499761458992e-01  8.227133e-01  4.470802e+00  1.033312e+01  4.071578e+01  1.320253e+02  4.987786e+02  4.335521e+00  3.332412e+01  7.5838270645379726e+00
      3540  2.2125000000000954e+00  1.2433623206271753e-01  6.2410320652721052e-01  8.217714e-01  4.469406e+00  1.031906e+01  4.066355e+01  1.317702e+02  4.976742e+02  4.337489e+00  3.328732e+01  7.6681637246919072e+00
      3550  2.2187500000000941e+00  1.2433362802400934e-01  6.2583984604689469e-01  8.208004e-01  4.467991e+00  1.030462e+01  4.061037e+01  1.315096e+02  4.965499e+02  4.339491e+00  3.325144e+01  7.7536795332195831e+00
      3560  2.2250000000000929e+00  1.2433101673171246e-01  6.2758494549293053e-01  8.198000e-01  4.466559e+00  1.028981e+01  4.055624e+01  1.312436e+02  4.954064e+02  4.341530e+00  3.321663e+01  7.8403918728131101e+00
      3570  2.2312500000000917e+00  1.2432839815051609e-01  6.2933853428288233e-01  8.187705e-01  4.465111e+00  1.027463e+01  4.050122e+01  1.309724e+02  4.942441e+02  4.343612e+00  3.318302e+01  7.9283183558974910e+00
      3580  2.2375000000000904e+00  1.2432577224498687e-01  6.3110064193360871e-01  8.177117e-01  4.463648e+00  1.025908e+01  4.044531e+01  1.306961e+02  4.930638e+02  4.345741e+00  3.315077e+01  8.0174768260536915e+00
      3590  2.2437500000000892e+00  1.2432313897956807e-01  6.3287129806231557e-01  8.166238e-01  4.462172e+00  1.024317e+01  4.038856e+01  1.304147e+02  4.918659e+02  4.347923e+00  3.312002e+01  8.1078853593856106e+00
      3600  2.2500000000000879e+00  1.2432049831857955e-01  6.3465053238766145e-01  8.155066e-01  4.460684e+00  1.022689e+01  4.033099e+01  1.301284e+02  4.906510e+02  4.350164e+00  3.309092e+01  8.1995622658284280e+00
      3610  2.2562500000000867e+00  1.2431785022621678e-01  6.3643837473088627e-01  8.143601e-01  4.459186e+00  1.021026e+01  4.027263e+01  1.298372e+02  4.894198e+02  4.352467e+00  3.306364e+01  8.2925260903954250e+00
      3620  2.2625000000000854e+00  1.2431519466655094e-01  6.3823485501700683e-01  8.131845e-01  4.457680e+00  1.019327e+01  4.021352e+01  1.295413e+02  4.881729e+02  4.354838e+00  3.303833e+01  8.3867956143610609e+00
      3630  2.2687500000000842e+00  1.2431253160352820e-01  6.4004000327604005e-01  8.119797e-01  4.456167e+00  1.017593e+01  4.015368e+01  1.292407e+02  4.869108e+02  4.357284e+00  3.301514e+01  8.4823898563770346e+00
      3640  2.2750000000000830e+00  1.2430986100096977e-01  6.4185384964428338e-01  8.107457e-01  4.454648e+00  1.015823e+01  4.009314e+01  1.289356e+02  4.856340e+02  4.359808e+00  3.299426e+01  8.5793280735190258e+00
      3650  2.2812500000000817e+00  1.2430718282257038e-01  6.4367642436563577e-01  8.094824e-01  4.453126e+00  1.014018e+01  4.003194e+01  1.286260e+02  4.843434e+02  4.362417e+00  3.297585e+01  8.6776297622612812e+00
      3660  2.2875000000000805e+00  1.2430449703189898e-01  6.4550775779298109e-01  8.081900e-01  4.451601e+00  1.012179e+01  3.997011e+01  1.283120e+02  4.830393e+02  4.365117e+00  3.296008e+01  8.7773146593759268e+00
      3670  2.2937500000000792e+00  1.2430180359239792e-01  6.4734788038961344e-01  8.068684e-01  4.450076e+00  1.010305e+01  3.990767e+01  1.279938e+02  4.817224e+02  4.367912e+00  3.294713e+01  8.8784027427549770e+00
      3680  2.3000000000000780e+00  1.2429910246738193e-01  6.4919682273071522e-01  8.055176e-01  4.448552e+00  1.008397e+01  3.984467e+01  1.276714e+02  4.803933e+02  4.370809e+00  3.293718e+01  8.9809142321512816e+00
      3690  2.3062500000000767e+00  1.2429639362003823e-01  6.5105461550490218e-01  8.041376e-01  4.447030e+00  1.006455e+01  3.978113e+01  1.273449e+02  4.790527e+02  4.373813e+00  3.293041e+01  9.0848695898364387e+00
      3700  2.3125000000000755e+00  1.2429367701342631e-01  6.5292128951581663e-01  8.027285e-01  4.445513e+00  1.004479e+01  3.971709e+01  1.270145e+02  4.777010e+02  4.376931e+00  3.292703e+01  9.1902895211724971e+00
      3710  2.3187500000000743e+00  1.2429095261047667e-01  6.5479687568377543e-01  8.012902e-01  4.444003e+00  1.002469e+01  3.965257e+01  1.266801e+02  4.763389e+02  4.380168e+00  3.292722e+01  9.2971949750946532e+00
      3720  2.3250000000000730e+00  1.2428822037399095e-01  6.5668140504749850e-01  7.998228e-01  4.442500e+00  1.000426e+01  3.958762e+01  1.263419e+02  4.749670e+02  4.383530e+00  3.293117e+01  9.4056071445022109e+00
      3730  2.3312500000000718e+00  1.2428548026664085e-01  6.5857490876587865e-01  7.983262e-01  4.441006e+00  9.983499e+00  3.952226e+01  1.260000e+02  4.735858e+02  4.387023e+00  3.293911e+01  9.5155474665550912e+00
      3740  2.3375000000000705e+00  1.2428273225096828e-01  6.6047741811983451e-01  7.968005e-01  4.439524e+00  9.962405e+00  3.945653e+01  1.256545e+02  4.721960e+02  4.390654e+00  3.295122e+01  9.6270376228731731e+00
      3750  2.3437500000000693e+00  1.2427997628938452e-01  6.6238896451421680e-01  7.952456e-01  4.438055e+00  9.940982e+00  3.939046e+01  1.253054e+02  4.707982e+02  4.394429e+00  3.296772e+01  9.7400995396354624e+00
      3760  2.3500000000000680e+00  1.2427721234416976e-01  6.6430957947979419e-01  7.936617e-01  4.436601e+00  9.919232e+00  3.932409e+01  1.249529e+02  4.693930e+02  4.398354e+00  3.298884e+01  9.8547553875768159e+00
      3770  2.3562500000000668e+00  1.2427444037747221e-01  6.6623929467531218e-01  7.920486e-01  4.435164e+00  9.897157e+00  3.925745e+01  1.245969e+02  4.679809e+02  4.402435e+00  3.301479e+01  9.9710275818793317e+00
      3780  2.3625000000000655e+00  1.2427166035130835e-01  6.6817814188961844e-01  7.904064e-01  4.433745e+00  9.874758e+00  3.919057e+01  1.242377e+02  4.665625e+02  4.406680e+00  3.304580e+01  1.0088938781955665e+01
      3790  2.3687500000000643e+00  1.2426887222756160e-01  6.7012615304387291e-01  7.887351e-01  4.432347e+00  9.852036e+00  3.912348e+01  1.238752e+02  4.651384e+02  4.411093e+00  3.308210e+01  1.0208511891122145e+01
      3800  2.3750000000000631e+00  1.2426607596798239e-01  6.7208336019383197e-01  7.870347e-01  4.430971e+00  9.828993e+00  3.905624e+01  1.235096e+02  4.637093e+02  4.415683e+00  3.312394e+01  1.0329770056158861e+01
      3810  2.3812500000000618e+00  1.2426327153418673e-01  6.7404979553222288e-01  7.853052e-01  4.429618e+00  9.805629e+00  3.898886e+01  1.231408e+02  4.622757e+02  4.420456e+00  3.317156e+01  1.0452736666754356e+01
      3820  2.3875000000000606e+00  1.2426045888765673e-01  6.7602549139119017e-01  7.835467e-01  4.428292e+00  9.781947e+00  3.892139e+01  1.227691e+02  4.608382e+02  4.425418e+00  3.322521e+01  1.0577435354832788e+01
      3830  2.3937500000000593e+00  1.2425763798973935e-01  6.7801048024484378e-01  7.817590e-01  4.426994e+00  9.757947e+00  3.885385e+01  1.223944e+02  4.593973e+02  4.430577e+00  3.328514e+01  1.0703889993760997e+01
      3840  2.4000000000000581e+00  1.2425480880164608e-01  6.8000479471188791e-01  7.799424e-01  4.425725e+00  9.733630e+00  3.878629e+01  1.220168e+02  4.579538e+02  4.435939e+00  3.335161e+01  1.0832124697433589e+01
      3850  2.4062500000000568e+00  1.2425197128445160e-01  6.8200846755834832e-01  7.780966e-01  4.424488e+00  9.708997e+00  3.871875e+01  1.216364e+02  4.565080e+02  4.441511e+00  3.342491e+01  1.0962163819233940e+01
      3860  2.4125000000000556e+00  1.2424912539909432e-01  6.8402153170039703e-01  7.762219e-01  4.423285e+00  9.684048e+00  3.865125e+01  1.212533e+02  4.550608e+02  4.447300e+00  3.350530e+01  1.1094031950869081e+01
      3870  2.4187500000000544e+00  1.2424627110637479e-01  6.8604402020726107e-01  7.743181e-01  4.422117e+00  9.658785e+00  3.858384e+01  1.208674e+02  4.536125e+02  4.453314e+00  3.359306e+01  1.1227753921076717e+01
      3880  2.4250000000000531e+00  1.2424340836695606e-01  6.8807596630426693e-01  7.723853e-01  4.420987e+00  9.633207e+00  3.851655e+01  1.204789e+02  4.521639e+02  4.459560e+00  3.368848e+01  1.1363354794202788e+01
      3890  2.4312500000000519e+00  1.2424053714136164e-01  6.9011740337595451e-01  7.704234e-01  4.419897e+00  9.607314e+00  3.844942e+01  1.200877e+02  4.507155e+02  4.466045e+00  3.379187e+01  1.1500859868647948e+01
      3900  2.4375000000000506e+00  1.2423765738997590e-01  6.9216836496931988e-01  7.684326e-01  4.418848e+00  9.581108e+00  3.838249e+01  1.196941e+02  4.492678e+02  4.472776e+00  3.390351e+01  1.1640294675181741e+01
      3910  2.4437500000000494e+00  1.2423476907304327e-01  6.9422888479717748e-01  7.664127e-01  4.417842e+00  9.554589e+00  3.831579e+01  1.192979e+02  4.478215e+02  4.479760e+00  3.402374e+01  1.1781684975122889e+01
      3920  2.4500000000000481e+00  1.2423187215066708e-01  6.9629899674161422e-01  7.643639e-01  4.416883e+00  9.527755e+00  3.824937e+01  1.188992e+02  4.463772e+02  4.487006e+00  3.415286e+01  1.1925056758385544e+01
      3930  2.4562500000000469e+00  1.2422896658280921e-01  6.9837873485758695e-01  7.622861e-01  4.415971e+00  9.500607e+00  3.818326e+01  1.184982e+02  4.449354e+02  4.494521e+00  3.429120e+01  1.2070436241389515e+01
      3940  2.4625000000000457e+00  1.2422605232928936e-01  7.0046813337663372e-01  7.601793e-01  4.415108e+00  9.473144e+00  3.811750e+01  1.180947e+02  4.434968e+02  4.502313e+00  3.443909e+01  1.2217849864835015e+01
      3950  2.4687500000000444e+00  1.2422312934978397e-01  7.0256722671071536e-01  7.580436e-01  4.414298e+00  9.445366e+00  3.805213e+01  1.176888e+02  4.420619e+02  4.510388e+00  3.459689e+01  1.2367324291340879e+01
      3960  2.4750000000000432e+00  1.2422019760382610e-01  7.0467604945618190e-01  7.558789e-01  4.413541e+00  9.417273e+00  3.798720e+01  1.172807e+02  4.406313e+02  4.518756e+00  3.476494e+01  1.2518886402946185e+01
      3970  2.4812500000000419e+00  1.2421725705080365e-01  7.0679463639788598e-01  7.536852e-01  4.412840e+00  9.388863e+00  3.792273e+01  1.168702e+02  4.392056e+02  4.527423e+00  3.494361e+01  1.2672563298475753e+01
      3980  2.4875000000000407e+00  1.2421430764995979e-01  7.0892302251342543e-01  7.514627e-01  4.412197e+00  9.360136e+00  3.785877e+01  1.164574e+02  4.377854e+02  4.536399e+00  3.513326e+01  1.2828382290769513e+01
      3990  2.4937500000000394e+00  1.2421134936039126e-01  7.1106124297753803e-01  7.492112e-01  4.411615e+00  9.331090e+00  3.779537e+01  1.160423e+02  4.363713e+02  4.545690e+00  3.533427e+01  1.2986370903776642e+01
      4000  2.5000000000000382e+00  1.2420838214104762e-01  7.1320933316664492e-01  7.469307e-01  4.411095e+00  9.301724e+00  3.773256e+01  1.156250e+02  4.349640e+02  4.555304e+00  3.554704e+01  1.3146556869515535e+01
      4010  2.5062500000000369e+00  1.2420540595073112e-01  7.1536732866353503e-01  7.446214e-01  4.410640e+00  9.272037e+00  3.767039e+01  1.152054e+02  4.335639e+02  4.565251e+00  3.577197e+01  1.3308968124900487e+01
      4020  2.5125000000000357e+00  1.2420242074809482e-01  7.1753526526222655e-01  7.422832e-01  4.410251e+00  9.242027e+00  3.760889e+01  1.147836e+02  4.321718e+02  4.575538e+00  3.600945e+01  1.3473632808437340e+01
      4030  2.5187500000000345e+00  1.2419942649164234e-01  7.1971317897297526e-01  7.399161e-01  4.409931e+00  9.211692e+00  3.754811e+01  1.143595e+02  4.307882e+02  4.586174e+00  3.625992e+01  1.3640579256789575e+01
      4040  2.5250000000000332e+00  1.2419642313972666e-01  7.2190110602745894e-01  7.375201e-01  4.409683e+00  9.181030e+00  3.748810e+01  1.139331e+02  4.294138e+02  4.597166e+00  3.652381e+01  1.3809836001217350e+01
      4050  2.5312500000000320e+00  1.2419341065054967e-01  7.2409908288413172e-01  7.350952e-01  4.409507e+00  9.150039e+00  3.742890e+01  1.135044e+02  4.280492e+02  4.608524e+00  3.680154e+01  1.3981431763892390e+01
      4060  2.5375000000000307e+00  1.2419038898216031e-01  7.2630714623375647e-01  7.326415e-01  4.409408e+00  9.118717e+00  3.737054e+01  1.130735e+02  4.266951e+02  4.620255e+00  3.709359e+01  1.4155395454091776e+01
      4070  2.5437500000000295e+00  1.2418735809245490e-01  7.2852533300512323e-01  7.301589e-01  4.409385e+00  9.087062e+00  3.731309e+01  1.126402e+02  4.253520e+02  4.632369e+00  3.740040e+01  1.4331756164274013e+01
      4080  2.5500000000000282e+00  1.2418431793917441e-01  7.3075368037094934e-01  7.276475e-01  4.409443e+00  9.055069e+00  3.725658e+01  1.122046e+02  4.240206e+02  4.644873e+00  3.772246e+01  1.4510543166041833e+01
      4090  2.5562500000000270e+00  1.2418126847990531e-01  7.3299222575398582e-01  7.251072e-01  4.409584e+00  9.022737e+00  3.720105e+01  1.117666e+02  4.227017e+02  4.657777e+00  3.806025e+01  1.4691785905995912e+01
      4100  2.5625000000000258e+00  1.2417820967207716e-01  7.3524100683330862e-01  7.225382e-01  4.409809e+00  8.990063e+00  3.714656e+01  1.113262e+02  4.213958e+02  4.671088e+00  3.841427e+01  1.4875514001484579e+01
      4110  2.5687500000000245e+00  1.2417514147296162e-01  7.3750006155083025e-01  7.199403e-01  4.410120e+00  8.957043e+00  3.709315e+01  1.108833e+02  4.201036e+02  4.684817e+00  3.878504e+01  1.5061757236255115e+01
      4120  2.5750000000000233e+00  1.2417206383967261e-01  7.3976942811801893e-01  7.173136e-01  4.410521e+00  8.923673e+00  3.704088e+01  1.104379e+02  4.188259e+02  4.698971e+00  3.917307e+01  1.5250545556012547e+01
      4130  2.5812500000000220e+00  1.2416897672916333e-01  7.4204914502282926e-01  7.146582e-01  4.411013e+00  8.889951e+00  3.698978e+01  1.099899e+02  4.175633e+02  4.713560e+00  3.957890e+01  1.5441909063892545e+01
      4140  2.5875000000000208e+00  1.2416588009822664e-01  7.4433925103686482e-01  7.119740e-01  4.411599e+00  8.855871e+00  3.693991e+01  1.095393e+02  4.163166e+02  4.728592e+00  4.000309e+01  1.5635878015855921e+01
      4150  2.5937500000000195e+00  1.2416277390349292e-01  7.4663978522277774e-01  7.092610e-01  4.412282e+00  8.821431e+00  3.689132e+01  1.090860e+02  4.150865e+02  4.744077e+00  4.044619e+01  1.5832482816011895e+01
      4160  2.6000000000000183e+00  1.2415965810142926e-01  7.4895078694188943e-01  7.065192e-01  4.413062e+00  8.786625e+00  3.684406e+01  1.086299e+02  4.138738e+02  4.760022e+00  4.090879e+01  1.6031754011879180e+01
      4170  2.6062500000000171e+00  1.2415653264833797e-01  7.5127229586207411e-01  7.037487e-01  4.413943e+00  8.751449e+00  3.679819e+01  1.081710e+02  4.126791e+02  4.776439e+00  4.139147e+01  1.6233722289593551e+01
      4180  2.6125000000000158e+00  1.2415339750035570e-01  7.5360435196588138e-01  7.009495e-01  4.414928e+00  8.715899e+00  3.675375e+01  1.077091e+02  4.115034e+02  4.793334e+00  4.189484e+01  1.6438418469071792e+01
      4190  2.6187500000000146e+00  1.2415025261345153e-01  7.5594699555892897e-01  6.981216e-01  4.416018e+00  8.679969e+00  3.671080e+01  1.072442e+02  4.103474e+02  4.810718e+00  4.241952e+01  1.6645873499142464e+01
      4200  2.6250000000000133e+00  1.2414709794342599e-01  7.5830026727855016e-01  6.952650e-01  4.417216e+00  8.643654e+00  3.666939e+01  1.067761e+02  4.092119e+02  4.828599e+00  4.296613e+01  1.6856118452654687e+01
      4210  2.6312500000000121e+00  1.2414393344590968e-01  7.6066420810273072e-01  6.923797e-01  4.418524e+00  8.606949e+00  3.662958e+01  1.063048e+02  4.080978e+02  4.846988e+00  4.353534e+01  1.7069184521576652e+01
      4220  2.6375000000000108e+00  1.2414075907636171e-01  7.6303885935930926e-01  6.894657e-01  4.419944e+00  8.569848e+00  3.659142e+01  1.058301e+02  4.070059e+02  4.865892e+00  4.412779e+01  1.7285103012097110e+01
      4230  2.6437500000000096e+00  1.2413757479006801e-01  7.6542426273548947e-01  6.865231e-01  4.421480e+00  8.532346e+00  3.655498e+01  1.053519e+02  4.059372e+02  4.885321e+00  4.474417e+01  1.7503905339742790e+01
      4240  2.6500000000000083e+00  1.2413438054214045e-01  7.6782046028762974e-01  6.835519e-01  4.423134e+00  8.494436e+00  3.652031e+01  1.048700e+02  4.048926e+02  4.905285e+00  4.538517e+01  1.7725623024526453e+01
      4250  2.6562500000000071e+00  1.2413117628751447e-01  7.7022749445135541e-01  6.805520e-01  4.424907e+00  8.456112e+00  3.648747e+01  1.043844e+02  4.038729e+02  4.925792e+00  4.605150e+01  1.7950287686140648e+01
      4260  2.6625000000000059e+00  1.2412796198094808e-01  7.7264540805197790e-01  6.775235e-01  4.426802e+00  8.417367e+00  3.645652e+01  1.038948e+02  4.028793e+02  4.946851e+00  4.674388e+01  1.8177931039213778e+01
      4270  2.6687500000000046e+00  1.2412473757701968e-01  7.7507424431524008e-01  6.744665e-01  4.428823e+00  8.378196e+00  3.642753e+01  1.034012e+02  4.019127e+02  4.968473e+00  4.746305e+01  1.8408584888644555e+01
      4280  2.6750000000000034e+00  1.2412150303012751e-01  7.7751404687839787e-01  6.713809e-01  4.430970e+00  8.338590e+00  3.640055e+01  1.029033e+02  4.009741e+02  4.990666e+00  4.820976e+01  1.8642281125034010e+01
      4290  2.6812500000000021e+00  1.2411825829448613e-01  7.7996485980163666e-01  6.682667e-01  4.433248e+00  8.298543e+00  3.637566e+01  1.024009e+02  4.000647e+02  5.013439e+00  4.898479e+01  1.8879051720233470e+01
      4300  2.6875000000000009e+00  1.2411500332412630e-01  7.8242672757985554e-01  6.651240e-01  4.435657e+00  8.258046e+00  3.635291e+01  1.018940e+02  3.991856e+02  5.036801e+00  4.978891e+01  1.9118928723028450e+01
      4310  2.6937499999999996e+00  1.2411173807289207e-01  7.8489969515478664e-01  6.619528e-01  4.438201e+00  8.217094e+00  3.633238e+01  1.013822e+02  3.983378e+02  5.060763e+00  5.062294e+01  1.9361944254979729e+01
      4320  2.6999999999999984e+00  1.2410846249443956e-01  7.8738380792751606e-01  6.587531e-01  4.440882e+00  8.175677e+00  3.631412e+01  1.008653e+02  3.975227e+02  5.085332e+00  5.148769e+01  1.9608130506444180e+01
      4330  2.7062499999999972e+00  1.2410517654223453e-01  7.8987911177136272e-01  6.555250e-01  4.443703e+00  8.133788e+00  3.629822e+01  1.003433e+02  3.967414e+02  5.110518e+00  5.238398e+01  1.9857519732797613e+01
      4340  2.7124999999999959e+00  1.2410188016955041e-01  7.9238565304517172e-01  6.522684e-01  4.446665e+00  8.091418e+00  3.628474e+01  9.981572e+01  3.959953e+02  5.136330e+00  5.331268e+01  2.0110144250885252e+01
      4350  2.7187499999999947e+00  1.2409857332946686e-01  7.9490347860697641e-01  6.489835e-01  4.449772e+00  8.048559e+00  3.627376e+01  9.928246e+01  3.952856e+02  5.162778e+00  5.427464e+01  2.0366036435724610e+01
      4360  2.7249999999999934e+00  1.2409525597486711e-01  7.9743263582812396e-01  6.456701e-01  4.453026e+00  8.005202e+00  3.626535e+01  9.874324e+01  3.946138e+02  5.189869e+00  5.527075e+01  2.0625228717488046e+01
      4370  2.7312499999999922e+00  1.2409192805843546e-01  7.9997317260777034e-01  6.423284e-01  4.456430e+00  7.961337e+00  3.625958e+01  9.819779e+01  3.939813e+02  5.217614e+00  5.630190e+01  2.0887753578793021e+01
      4380  2.7374999999999909e+00  1.2408858953265632e-01  8.0252513738786435e-01  6.389584e-01  4.459985e+00  7.916957e+00  3.625653e+01  9.764584e+01  3.933896e+02  5.246021e+00  5.736900e+01  2.1153643552329111e+01
      4390  2.7437499999999897e+00  1.2408524034981000e-01  8.0508857916853116e-01  6.355601e-01  4.463695e+00  7.872050e+00  3.625628e+01  9.708712e+01  3.928402e+02  5.275098e+00  5.847298e+01  2.1422931218853204e+01
      4400  2.7499999999999885e+00  1.2408188046197273e-01  8.0766354752395564e-01  6.321335e-01  4.467562e+00  7.826609e+00  3.625892e+01  9.652131e+01  3.923348e+02  5.304855e+00  5.961478e+01  2.1695649205584068e+01
      4410  2.7562499999999872e+00  1.2407850982101189e-01  8.1025009261871583e-01  6.286788e-01  4.471588e+00  7.780622e+00  3.626451e+01  9.594812e+01  3.918751e+02  5.335301e+00  6.079535e+01  2.1971830185030711e+01
      4420  2.7624999999999860e+00  1.2407512837858505e-01  8.1284826522461373e-01  6.251958e-01  4.475777e+00  7.734080e+00  3.627316e+01  9.536723e+01  3.914627e+02  5.366443e+00  6.201568e+01  2.2251506874288488e+01
      4430  2.7687499999999847e+00  1.2407173608613685e-01  8.1545811673798474e-01  6.216846e-01  4.480129e+00  7.686972e+00  3.628494e+01  9.477829e+01  3.910995e+02  5.398290e+00  6.327673e+01  2.2534712034840286e+01
      4440  2.7749999999999835e+00  1.2406833289489641e-01  8.1807969919754409e-01  6.181454e-01  4.484649e+00  7.639289e+00  3.629993e+01  9.418097e+01  3.907875e+02  5.430852e+00  6.457952e+01  2.2821478472899930e+01
      4450  2.7812499999999822e+00  1.2406491875587485e-01  8.2071306530274002e-01  6.145781e-01  4.489338e+00  7.591018e+00  3.631824e+01  9.357490e+01  3.905285e+02  5.464135e+00  6.592505e+01  2.3111839040337909e+01
      4460  2.7874999999999810e+00  1.2406149361986182e-01  8.2335826843265203e-01  6.109827e-01  4.494200e+00  7.542150e+00  3.633995e+01  9.295971e+01  3.903246e+02  5.498149e+00  6.731434e+01  2.3405826636229946e+01
      4470  2.7937499999999797e+00  1.2405805743742379e-01  8.2601536266543341e-01  6.073594e-01  4.499235e+00  7.492674e+00  3.636515e+01  9.233501e+01  3.901779e+02  5.532901e+00  6.874844e+01  2.3703474209071896e+01
      4480  2.7999999999999785e+00  1.2405461015889963e-01  8.2868440279833555e-01  6.037081e-01  4.504448e+00  7.442577e+00  3.639395e+01  9.170040e+01  3.900907e+02  5.568399e+00  7.022840e+01  2.4004814759704459e+01
      4490  2.8062499999999773e+00  1.2405115173439893e-01  8.3136544436830073e-01  6.000290e-01  4.509840e+00  7.391849e+00  3.642642e+01  9.105545e+01  3.900652e+02  5.604651e+00  7.175526e+01  2.4309881344994963e+01
      4500  2.8124999999999760e+00  1.2404768211379821e-01  8.3405854367315901e-01  5.963219e-01  4.515414e+00  7.340479e+00  3.646269e+01  9.039975e+01  3.901039e+02  5.641665e+00  7.333011e+01  2.4618707082323208e+01
      4510  2.8187499999999748e+00  1.2404420124673736e-01  8.3676375779342960e-01  5.925872e-01  4.521172e+00  7.288453e+00  3.650284e+01  8.973283e+01  3.902093e+02  5.679448e+00  7.495402e+01  2.4931325154921925e+01
      4520  2.8249999999999735e+00  1.2404070908261745e-01  8.3948114461476264e-01  5.888246e-01  4.527117e+00  7.235761e+00  3.654698e+01  8.905425e+01  3.903839e+02  5.718007e+00  7.662809e+01  2.5247768818123031e+01
      4530  2.8312499999999723e+00  1.2403720557059600e-01  8.4221076285101582e-01  5.850344e-01  4.533252e+00  7.182390e+00  3.659522e+01  8.836351e+01  3.906304e+02  5.757351e+00  7.835341e+01  2.5568071406564020e+01
      4540  2.8374999999999710e+00  1.2403369065958438e-01  8.4495267206799418e-01  5.812166e-01  4.539578e+00  7.128329e+00  3.664767e+01  8.766013e+01  3.909518e+02  5.797485e+00  8.013109e+01  2.5892266342409187e+01
      4550  2.8437499999999698e+00  1.2403016429824421e-01  8.4770693270786646e-01  5.773712e-01  4.546099e+00  7.073564e+00  3.670442e+01  8.694359e+01  3.913508e+02  5.838417e+00  8.196224e+01  2.6220387144644423e+01
      4560  2.8499999999999686e+00  1.2402662643498270e-01  8.5047360611428635e-01  5.734984e-01  4.552816e+00  7.018084e+00  3.676560e+01  8.621337e+01  3.918306e+02  5.880153e+00  8.384798e+01  2.6552467439504710e+01
      4570  2.8562499999999673e+00  1.2402307701795062e-01  8.5325275455820793e-01  5.695981e-01  4.559733e+00  6.961875e+00  3.683133e+01  8.546893e+01  3.923943e+02  5.922700e+00  8.578942e+01  2.6888540972096656e+01
      4580  2.8624999999999661e+00  1.2401951599503586e-01  8.5604444126445856e-01  5.656705e-01  4.566851e+00  6.904926e+00  3.690171e+01  8.470970e+01  3.930452e+02  5.966064e+00  8.778771e+01  2.7228641619280513e+01
      4590  2.8687499999999648e+00  1.2401594331386220e-01  8.5884873043903087e-01  5.617157e-01  4.574173e+00  6.847223e+00  3.697687e+01  8.393510e+01  3.937868e+02  6.010251e+00  8.984396e+01  2.7572803403877892e+01
      4600  2.8749999999999636e+00  1.2401235892178301e-01  8.6166568729717408e-01  5.577336e-01  4.581702e+00  6.788753e+00  3.705692e+01  8.314455e+01  3.946226e+02  6.055268e+00  9.195930e+01  2.7921060510274572e+01
      4610  2.8812499999999623e+00  1.2400876276587795e-01  8.6449537809225441e-01  5.537244e-01  4.589439e+00  6.729504e+00  3.714200e+01  8.233743e+01  3.955563e+02  6.101119e+00  9.413488e+01  2.8273447301489544e+01
      4620  2.8874999999999611e+00  1.2400515479294849e-01  8.6733787014542629e-01  5.496882e-01  4.597388e+00  6.669462e+00  3.723223e+01  8.151310e+01  3.965918e+02  6.147811e+00  9.637181e+01  2.8629998337784794e+01
      4630  2.8937499999999599e+00  1.2400153494951326e-01  8.7019323187614339e-01  5.456251e-01  4.605550e+00  6.608615e+00  3.732773e+01  8.067092e+01  3.977331e+02  6.195349e+00  9.867122e+01  2.8990748396892080e+01
      4640  2.8999999999999586e+00  1.2399790318180356e-01  8.7306153283350263e-01  5.415351e-01  4.613928e+00  6.546949e+00  3.742864e+01  7.981023e+01  3.989842e+02  6.243737e+00  1.010342e+02  2.9355732495936067e+01
      4650  2.9062499999999574e+00  1.2399425943575833e-01  8.7594284372847464e-01  5.374184e-01  4.622525e+00  6.484452e+00  3.753509e+01  7.893034e+01  4.003496e+02  6.292981e+00  1.034620e+02  2.9724985915137044e+01
      4660  2.9124999999999561e+00  1.2399060365701919e-01  8.7883723646701728e-01  5.332750e-01  4.631342e+00  6.421110e+00  3.764721e+01  7.803055e+01  4.018337e+02  6.343085e+00  1.059556e+02  3.0098544223376354e+01
      4670  2.9187499999999549e+00  1.2398693579092651e-01  8.8174478418410729e-01  5.291051e-01  4.640383e+00  6.356911e+00  3.776515e+01  7.711013e+01  4.034412e+02  6.394054e+00  1.085161e+02  3.0476443305715410e+01
      4680  2.9249999999999536e+00  1.2398325578251213e-01  8.8466556127871310e-01  5.249088e-01  4.649648e+00  6.291840e+00  3.788905e+01  7.616835e+01  4.051768e+02  6.445892e+00  1.111446e+02  3.0858719392957113e+01
      4690  2.9312499999999524e+00  1.2397956357649569e-01  8.8759964344971798e-01  5.206861e-01  4.659141e+00  6.225887e+00  3.801904e+01  7.520445e+01  4.070456e+02  6.498603e+00  1.138423e+02  3.1245409093346190e+01
      4700  2.9374999999999512e+00  1.2397585911727932e-01  8.9054710773284407e-01  5.164373e-01  4.668864e+00  6.159036e+00  3.815527e+01  7.421767e+01  4.090527e+02  6.552191e+00  1.166102e+02  3.1636549426505283e+01
      4710  2.9437499999999499e+00  1.2397214234894015e-01  8.9350803253856526e-01  5.121624e-01  4.678819e+00  6.091277e+00  3.829790e+01  7.320719e+01  4.112035e+02  6.606659e+00  1.194494e+02  3.2032177859708952e+01
      4720  2.9499999999999487e+00  1.2396841321522654e-01  8.9648249769108057e-01  5.078615e-01  4.689009e+00  6.022595e+00  3.844706e+01  7.217222e+01  4.135036e+02  6.662012e+00  1.223608e+02  3.2432332346600560e+01
      4730  2.9562499999999474e+00  1.2396467165955058e-01  8.9947058446831929e-01  5.035348e-01  4.699435e+00  5.952979e+00  3.860292e+01  7.111192e+01  4.159587e+02  6.718252e+00  1.253456e+02  3.2837051368461609e+01
      4740  2.9624999999999462e+00  1.2396091762498314e-01  9.0247237564304317e-01  4.991824e-01  4.710099e+00  5.882416e+00  3.876562e+01  7.002545e+01  4.185748e+02  6.775383e+00  1.284047e+02  3.3246373978144646e+01
      4750  2.9687499999999449e+00  1.2395715105424673e-01  9.0548795552507433e-01  4.948045e-01  4.721005e+00  5.810893e+00  3.893532e+01  6.891194e+01  4.213580e+02  6.833407e+00  1.315391e+02  3.3660339846790833e+01
      4760  2.9749999999999437e+00  1.2395337188970944e-01  9.0851741000462549e-01  4.904013e-01  4.732154e+00  5.738399e+00  3.911219e+01  6.777051e+01  4.243147e+02  6.892328e+00  1.347499e+02  3.4078989313449192e+01
      4770  2.9812499999999424e+00  1.2394958007337810e-01  9.1156082659684146e-01  4.859727e-01  4.743547e+00  5.664923e+00  3.929638e+01  6.660027e+01  4.274515e+02  6.952147e+00  1.380379e+02  3.4502363437726956e+01
      4780  2.9874999999999412e+00  1.2394577554689130e-01  9.1461829448749488e-01  4.815192e-01  4.755188e+00  5.590451e+00  3.948805e+01  6.540030e+01  4.307751e+02  7.012869e+00  1.414041e+02  3.4930504055600153e+01
      4790  2.9937499999999400e+00  1.2394195825151240e-01  9.1768990457992627e-01  4.770407e-01  4.767079e+00  5.514973e+00  3.968738e+01  6.416967e+01  4.342927e+02  7.074495e+00  1.448494e+02  3.5363453838521103e+01
      4800  2.9999999999999387e+00  1.2393812812812265e-01  9.2077574954323138e-01  4.725375e-01  4.779220e+00  5.438479e+00  3.989453e+01  6.290743e+01  4.380114e+02  7.137028e+00  1.483746e+02  3.5801256355963787e+01
      4810  3.0062499999999375e+00  1.2393428511721309e-01  9.2387592386172890e-01  4.680097e-01  4.791615e+00  5.360956e+00  4.010966e+01  6.161263e+01  4.419386e+02  7.200470e+00  1.519807e+02  3.6243956141552424e+01
      4820  3.0124999999999362e+00  1.2393042915887753e-01  9.2699052388572989e-01  4.634576e-01  4.804266e+00  5.282395e+00  4.033295e+01  6.028430e+01  4.460822e+02  7.264825e+00  1.556685e+02  3.6691598762927669e+01
      4830  3.0187499999999350e+00  1.2392656019280399e-01  9.3011964788367685e-01  4.588813e-01  4.817173e+00  5.202786e+00  4.056457e+01  5.892143e+01  4.504501e+02  7.330094e+00  1.594388e+02  3.7144230895505814e+01
      4840  3.0249999999999337e+00  1.2392267815826731e-01  9.3326339609561693e-01  4.542810e-01  4.830341e+00  5.122120e+00  4.080470e+01  5.752304e+01  4.550503e+02  7.396280e+00  1.632923e+02  3.7601900400298597e+01
      4850  3.0312499999999325e+00  1.2391878299412022e-01  9.3642187078811456e-01  4.496570e-01  4.843769e+00  5.040386e+00  4.105351e+01  5.608811e+01  4.598913e+02  7.463386e+00  1.672298e+02  3.8064656405962126e+01
      4860  3.0374999999999313e+00  1.2391487463878489e-01  9.3959517631058154e-01  4.450094e-01  4.857460e+00  4.957576e+00  4.131118e+01  5.461562e+01  4.649819e+02  7.531416e+00  1.712521e+02  3.8532549395253781e+01
      4870  3.0437499999999300e+00  1.2391095303024470e-01  9.4278341915308084e-01  4.403385e-01  4.871417e+00  4.873683e+00  4.157789e+01  5.310454e+01  4.703308e+02  7.600371e+00  1.753598e+02  3.9005631296084033e+01
      4880  3.0499999999999288e+00  1.2390701810603454e-01  9.4598670800564100e-01  4.356445e-01  4.885640e+00  4.788697e+00  4.185382e+01  5.155382e+01  4.759471e+02  7.670256e+00  1.795538e+02  3.9483955577351836e+01
      4890  3.0562499999999275e+00  1.2390306980323161e-01  9.4920515381909598e-01  4.309277e-01  4.900132e+00  4.702613e+00  4.213915e+01  4.996243e+01  4.818403e+02  7.741075e+00  1.838345e+02  3.9967577349771489e+01
      4900  3.0624999999999263e+00  1.2389910805844592e-01  9.5243886986749760e-01  4.261882e-01  4.914894e+00  4.615423e+00  4.243407e+01  4.832929e+01  4.880200e+02  7.812832e+00  1.882027e+02  4.0456553471892150e+01
      4910  3.0687499999999250e+00  1.2389513280781118e-01  9.5568797181213994e-01  4.214264e-01  4.929929e+00  4.527122e+00  4.273875e+01  4.665337e+01  4.944961e+02  7.885531e+00  1.926589e+02  4.0950942661535876e+01
      4920  3.0749999999999238e+00  1.2389114398697330e-01  9.5895257776721421e-01  4.166425e-01  4.945237e+00  4.437703e+00  4.305339e+01  4.493359e+01  5.012786e+02  7.959178e+00  1.972039e+02  4.1450805612877176e+01
      4930  3.0812499999999226e+00  1.2388714153108135e-01  9.6223280836714409e-01  4.118368e-01  4.960821e+00  4.347164e+00  4.337817e+01  4.316889e+01  5.083778e+02  8.033779e+00  2.018383e+02  4.1956205119402568e+01
      4940  3.0874999999999213e+00  1.2388312537477639e-01  9.6552878683562560e-01  4.070096e-01  4.976682e+00  4.255498e+00  4.371327e+01  4.135822e+01  5.158044e+02  8.109340e+00  2.065625e+02  4.2467206203000082e+01
      4950  3.0937499999999201e+00  1.2387909545218004e-01  9.6884063905641538e-01  4.021611e-01  4.992821e+00  4.162704e+00  4.405889e+01  3.950050e+01  5.235692e+02  8.185869e+00  2.113773e+02  4.2983876249433621e+01
      4960  3.0999999999999188e+00  1.2387505169688437e-01  9.7216849364589109e-01  3.972917e-01  5.009242e+00  4.068779e+00  4.441520e+01  3.759469e+01  5.316832e+02  8.263375e+00  2.162833e+02  4.3506285150475641e+01
      4970  3.1062499999999176e+00  1.2387099404193905e-01  9.7551248202744567e-01  3.924016e-01  5.025944e+00  3.973721e+00  4.478241e+01  3.563973e+01  5.401577e+02  8.341867e+00  2.212810e+02  4.4034505452978706e+01
      4980  3.1124999999999163e+00  1.2386692241984103e-01  9.7887273850771139e-01  3.874912e-01  5.042929e+00  3.877530e+00  4.516069e+01  3.363458e+01  5.490042e+02  8.421356e+00  2.263711e+02  4.4568612515178714e+01
      4990  3.1187499999999151e+00  1.2386283676252070e-01  9.8224940035468489e-01  3.825609e-01  5.060200e+00  3.780206e+00  4.555024e+01  3.157822e+01  5.582344e+02  8.501854e+00  2.315543e+02  4.5108684670541216e+01
      5000  3.1249999999999138e+00  1.2385873700133097e-01  9.8564260787777092e-01  3.776109e-01  5.077757e+00  3.681749e+00  4.595123e+01  2.946962e+01  5.678603e+02  8.583375e+00  2.368314e+02  4.5654803399468221e+01
      5010  3.1312499999999126e+00  1.2385462306703290e-01  9.8905250450978177e-01  3.726416e-01  5.095603e+00  3.582162e+00  4.636387e+01  2.730778e+01  5.778939e+02  8.665935e+00  2.422030e+02  4.6207053509203170e+01
      5020  3.1374999999999114e+00  1.2385049488978377e-01  9.9247923689093320e-01  3.676534e-01  5.113737e+00  3.481448e+00  4.678833e+01  2.509173e+01  5.883477e+02  8.749549e+00  2.476700e+02  4.6765523322285830e+01
      5030  3.1437499999999101e+00  1.2384635239912253e-01  9.9592295495486560e-01  3.626467e-01  5.132163e+00  3.379611e+00  4.722481e+01  2.282050e+01  5.992342e+02  8.834238e+00  2.532333e+02  4.7330304873920177e+01
      5040  3.1499999999999089e+00  1.2384219552395725e-01  9.9938381201672022e-01  3.576217e-01  5.150880e+00  3.276657e+00  4.767348e+01  2.049315e+01  6.105660e+02  8.920022e+00  2.588939e+02  4.7901494118642326e+01
      5050  3.1562499999999076e+00  1.2383802419254930e-01  1.0028619648633217e+00  3.525790e-01  5.169892e+00  3.172591e+00  4.813454e+01  1.810877e+01  6.223560e+02  9.006926e+00  2.646529e+02  4.8479191146685181e+01
      5060  3.1624999999999064e+00  1.2383383833249949e-01  1.0063575738454698e+00  3.475190e-01  5.189198e+00  3.067421e+00  4.860816e+01  1.566649e+01  6.346174e+02  9.094976e+00  2.705116e+02  4.9063500410460314e+01
      5070  3.1687499999999051e+00  1.2382963787073301e-01  1.0098708029724155e+00  3.424420e-01  5.208800e+00  2.961156e+00  4.909453e+01  1.316546e+01  6.473632e+02  9.184202e+00  2.764713e+02  4.9654530961591348e+01
      5080  3.1749999999999039e+00  1.2382542273348400e-01  1.0134018200084864e+00  3.373485e-01  5.228700e+00  2.853806e+00  4.959383e+01  1.060488e+01  6.606069e+02  9.274636e+00  2.825336e+02  5.0252396698955778e+01
      5090  3.1812499999999027e+00  1.2382119284627960e-01  1.0169507965719708e+00  3.322389e-01  5.248898e+00  2.745382e+00  5.010624e+01  7.983970e+00  6.743619e+02  9.366314e+00  2.887003e+02  5.0857216628210764e+01
      5100  3.1874999999999014e+00  1.2381694813392331e-01  1.0205179082362046e+00  3.271137e-01  5.269397e+00  2.635896e+00  5.063194e+01  5.302023e+00  6.886418e+02  9.459276e+00  2.949735e+02  5.1469115133299319e+01
      5110  3.1937499999999002e+00  1.2381268852047915e-01  1.0241033346329693e+00  3.219734e-01  5.290197e+00  2.525363e+00  5.117111e+01  2.558365e+00  7.034602e+02  9.553568e+00  3.013552e+02  5.2088222260453186e+01
      5120  3.1999999999998989e+00  1.2380841392925379e-01  1.0277072595581469e+00  3.168184e-01  5.311299e+00  2.413797e+00  5.172391e+01 -2.476209e-01  7.188309e+02  9.649236e+00  3.078483e+02  5.2714674015234912e+01
      5130  3.2062499999998977e+00  1.2380412428277920e-01  1.0313298710797114e+00  3.116493e-01  5.332705e+00  2.301215e+00  5.229053e+01 -3.116496e+00  7.347677e+02  9.746335e+00  3.144555e+02  5.3348612673177975e+01
      5140  3.2124999999998964e+00  1.2379981950279480e-01  1.0349713616480527e+00  3.064665e-01  5.354416e+00  2.187637e+00  5.287112e+01 -6.048757e+00  7.512845e+02  9.844925e+00  3.211802e+02  5.3990187104612588e+01
      5150  3.2187499999998952e+00  1.2379549951022896e-01  1.0386319282086327e+00  3.012706e-01  5.376433e+00  2.073080e+00  5.346587e+01 -9.044835e+00  7.683952e+02  9.945069e+00  3.280262e+02  5.4639553114286414e+01
      5160  3.2249999999998940e+00  1.2379116422517930e-01  1.0423117723170325e+00  2.960621e-01  5.398757e+00  1.957567e+00  5.407494e+01 -1.210509e+01  7.861138e+02  1.004684e+01  3.349977e+02  5.5296873796411091e+01
      5170  3.2312499999998927e+00  1.2378681356689453e-01  1.0460111002563592e+00  2.908415e-01  5.421390e+00  1.841121e+00  5.469848e+01 -1.522981e+01  8.044541e+02  1.015032e+01  3.420996e+02  5.5962319905795745e+01
      5180  3.2374999999998915e+00  1.2378244745375344e-01  1.0497301231570244e+00  2.856094e-01  5.444333e+00  1.723766e+00  5.533667e+01 -1.841919e+01  8.234300e+02  1.025558e+01  3.493374e+02  5.6636070245746694e+01
      5190  3.2437499999998902e+00  1.2377806580324477e-01  1.0534690571189205e+00  2.803664e-01  5.467587e+00  1.605527e+00  5.598966e+01 -2.167336e+01  8.430555e+02  1.036273e+01  3.567173e+02  5.7318312073444190e+01
      5200  3.2499999999998890e+00  1.2377366853194656e-01  1.0572281233359895e+00  2.751131e-01  5.491153e+00  1.486434e+00  5.665761e+01 -2.499234e+01  8.633442e+02  1.047187e+01  3.642462e+02  5.8009241523525695e+01
      5210  3.2562499999998877e+00  1.2376925555550419e-01  1.0610075482231265e+00  2.698501e-01  5.515032e+00  1.366515e+00  5.734067e+01 -2.837606e+01  8.843100e+02  1.058311e+01  3.719320e+02  5.8709064050636073e+01
      5220  3.2624999999998865e+00  1.2376482678860856e-01  1.0648075635454941e+00  2.645780e-01  5.539226e+00  1.245802e+00  5.803900e+01 -3.182434e+01  9.059665e+02  1.069657e+01  3.797839e+02  5.9417994891726117e+01
      5230  3.2687499999998852e+00  1.2376038214497367e-01  1.0686284065501572e+00  2.592975e-01  5.563737e+00  1.124328e+00  5.875274e+01 -3.533691e+01  9.283272e+02  1.081240e+01  3.878117e+02  6.0136259548906303e+01
      5240  3.2749999999998840e+00  1.2375592153731318e-01  1.0724703201000552e+00  2.540091e-01  5.588564e+00  1.002128e+00  5.948204e+01 -3.891338e+01  9.514054e+02  1.093072e+01  3.960270e+02  6.0864094293687494e+01
      5250  3.2812499999998828e+00  1.2375144487731697e-01  1.0763335528102631e+00  2.487136e-01  5.613710e+00  8.792394e-01  6.022705e+01 -4.255323e+01  9.752144e+02  1.105172e+01  4.044426e+02  6.1601746693462864e+01
      5260  3.2874999999998815e+00  1.2374695207562696e-01  1.0802183591865198e+00  2.434116e-01  5.639176e+00  7.557004e-01  6.098790e+01 -4.625583e+01  9.997673e+02  1.117555e+01  4.130729e+02  6.2349476161106381e+01
      5270  3.2937499999998803e+00  1.2374244304181210e-01  1.0841249997659661e+00  2.381039e-01  5.664964e+00  6.315518e-01  6.176475e+01 -5.002042e+01  1.025077e+03  1.130242e+01  4.219345e+02  6.3107554528587869e+01
      5280  3.2999999999998790e+00  1.2373791768434260e-01  1.0880537412600666e+00  2.327910e-01  5.691075e+00  5.068365e-01  6.255773e+01 -5.384607e+01  1.051156e+03  1.143252e+01  4.310457e+02  6.3876266645519060e+01
      5290  3.3062499999998778e+00  1.2373337591056474e-01  1.0920048566996352e+00  2.274739e-01  5.717510e+00  3.815991e-01  6.336697e+01 -5.773176e+01  1.078016e+03  1.156610e+01  4.404273e+02  6.4655911003570253e+01
      5300  3.3124999999998765e+00  1.2372881762667380e-01  1.0959786255818802e+00  2.221531e-01  5.744271e+00  2.558864e-01  6.419262e+01 -6.167628e+01  1.105671e+03  1.170339e+01  4.501030e+02  6.5446800387703732e+01
      5310  3.3187499999998753e+00  1.2372424273768649e-01  1.0999753340194467e+00  2.168295e-01  5.771360e+00  1.297471e-01  6.503480e+01 -6.567828e+01  1.134131e+03  1.184467e+01  4.600992e+02  6.6249262555195386e+01
      5320  3.3249999999998741e+00  1.2371965114741326e-01  1.1039952748913142e+00  2.115038e-01  5.798778e+00  3.232221e-03  6.589366e+01 -6.973625e+01  1.163409e+03  1.199022e+01  4.704459e+02  6.7063640943417255e+01
      5330  3.3312499999998728e+00  1.2371504275843054e-01  1.1080387479954992e+00  2.061767e-01  5.826528e+00 -1.236054e-01  6.676933e+01 -7.384849e+01  1.193516e+03  1.214038e+01  4.811770e+02  6.7890295407370004e+01
      5340  3.3374999999998716e+00  1.2371041747205015e-01  1.1121060602033834e+00  2.008492e-01  5.854611e+00 -2.507105e-01  6.766194e+01 -7.801317e+01  1.224463e+03  1.229549e+01  4.923309e+02  6.8729602987952632e+01
      5350  3.3437499999998703e+00  1.2370577518829108e-01  1.1161975256156511e+00  1.955220e-01  5.883029e+00 -3.780259e-01  6.857162e+01 -8.222822e+01  1.256261e+03  1.245593e+01  5.039509e+02  6.9581958711968639e+01
      5360  3.3499999999998691e+00  1.2370111580584744e-01  1.1203134657196017e+00  1.901959e-01  5.911785e+00 -5.054921e-01  6.949852e+01 -8.649143e+01  1.288920e+03  1.262212e+01  5.160860e+02  7.0447776424855107e+01
      5370  3.3562499999998678e+00  1.2369643922205924e-01  1.1244542095477674e+00  1.848718e-01  5.940880e+00 -6.330475e-01  7.044277e+01 -9.080036e+01  1.322450e+03  1.279450e+01  5.287921e+02  7.1327489657125838e+01
      5380  3.3624999999998666e+00  1.2369174533287819e-01  1.1286200938376221e+00  1.795505e-01  5.970317e+00 -7.606283e-01  7.140450e+01 -9.515240e+01  1.356863e+03  1.297358e+01  5.421321e+02  7.2221552525503455e+01
      5390  3.3687499999998654e+00  1.2368703403283808e-01  1.1328114631922475e+00  1.742329e-01  6.000098e+00 -8.881683e-01  7.238387e+01 -9.954470e+01  1.392166e+03  1.315987e+01  5.561779e+02  7.3130440669703177e+01
      5400  3.3749999999998641e+00  1.2368230521501915e-01  1.1370286702417447e+00  1.689199e-01  6.030226e+00 -1.015599e+00  7.338102e+01 -1.039742e+02  1.428371e+03  1.335398e+01  5.710108e+02  7.4054652225814053e+01
      5410  3.3812499999998629e+00  1.2367755877101588e-01  1.1412720758052122e+00  1.636124e-01  6.060705e+00 -1.142850e+00  7.439610e+01 -1.084377e+02  1.465485e+03  1.355653e+01  5.867236e+02  7.4994708837192036e+01
      5420  3.3874999999998616e+00  1.2367279459090179e-01  1.1455420490530479e+00  1.583113e-01  6.091536e+00 -1.269849e+00  7.542927e+01 -1.129316e+02  1.503518e+03  1.376821e+01  6.034218e+02  7.5951156703762379e+01
      5430  3.3937499999998604e+00  1.2366801256319492e-01  1.1498389676693408e+00  1.530175e-01  6.122723e+00 -1.396520e+00  7.648068e+01 -1.174521e+02  1.542478e+03  1.398979e+01  6.212257e+02  7.6924567670579080e+01
      5440  3.3999999999998591e+00  1.2366321257482134e-01  1.1541632180141213e+00  1.477320e-01  6.154269e+00 -1.522787e+00  7.755051e+01 -1.219954e+02  1.582375e+03  1.422207e+01  6.402726e+02  7.7915540356454329e+01
      5450  3.4062499999998579e+00  1.2365839451107906e-01  1.1585151952851720e+00  1.424557e-01  6.186178e+00 -1.648568e+00  7.863894e+01 -1.265572e+02  1.623217e+03  1.446595e+01  6.607192e+02  7.8924701323428948e+01
      5460  3.4124999999998566e+00  1.2365355825560086e-01  1.1628953036791438e+00  1.371896e-01  6.218453e+00 -1.773783e+00  7.974616e+01 -1.311330e+02  1.665011e+03  1.472241e+01  6.827448e+02  7.9952706287787748e+01
      5470  3.4187499999998554e+00  1.2364870369031614e-01  1.1673039565516214e+00  1.319347e-01  6.251099e+00 -1.898347e+00  8.087235e+01 -1.357179e+02  1.707767e+03  1.499250e+01  7.065543e+02  8.1000241373270796e+01
      5480  3.4249999999998542e+00  1.2364383069541335e-01  1.1717415765758561e+00  1.266919e-01  6.284120e+00 -2.022174e+00  8.201775e+01 -1.403071e+02  1.751492e+03  1.527738e+01  7.323824e+02  8.2068024407061401e+01
      5490  3.4312499999998529e+00  1.2363893914929922e-01  1.1762085958997950e+00  1.214623e-01  6.317520e+00 -2.145174e+00  8.318256e+01 -1.448952e+02  1.796197e+03  1.557829e+01  7.604982e+02  8.3156806259051535e+01
      5500  3.4374999999998517e+00  1.2363402892856049e-01  1.1807054563010566e+00  1.162469e-01  6.351304e+00 -2.267258e+00  8.436704e+01 -1.494766e+02  1.841888e+03  1.589659e+01  7.912098e+02  8.4267372224801917e+01
      5510  3.4437499999998504e+00  1.2362909990792295e-01  1.1852326093394279e+00  1.110466e-01  6.385476e+00 -2.388331e+00  8.557144e+01 -1.540455e+02  1.888575e+03  1.623378e+01  8.248712e+02  8.5400543452513816e+01
      5520  3.4499999999998492e+00  1.2362415196021009e-01  1.1897905165065032e+00  1.058626e-01  6.420044e+00 -2.508298e+00  8.679603e+01 -1.585956e+02  1.936268e+03  1.659146e+01  8.618883e+02  8.6557178414232453e+01
      5530  3.4562499999998479e+00  1.2361918495630164e-01  1.1943796493720640e+00  1.006959e-01  6.455011e+00 -2.627062e+00  8.804111e+01 -1.631204e+02  1.984977e+03  1.697137e+01  9.027273e+02  8.7738174421373969e+01
      5540  3.4624999999998467e+00  1.2361419876509151e-01  1.1990004897266542e+00  9.554750e-02  6.490384e+00 -2.744523e+00  8.930702e+01 -1.676133e+02  2.034712e+03  1.737541e+01  9.479238e+02  8.8944469184542271e+01
      5550  3.4687499999998455e+00  1.2360919325344440e-01  1.2036535297199717e+00  9.041851e-02  6.526170e+00 -2.860578e+00  9.059408e+01 -1.720671e+02  2.085485e+03  1.780565e+01  9.980926e+02  9.0177042417462346e+01
      5560  3.4749999999998442e+00  1.2360416828615266e-01  1.2083392719945281e+00  8.531001e-02  6.562375e+00 -2.975124e+00  9.190267e+01 -1.764743e+02  2.137308e+03  1.826432e+01  1.053940e+03  9.1436917484685722e+01
      5570  3.4812499999998430e+00  1.2359912372589282e-01  1.2130582298140735e+00  8.022307e-02  6.599006e+00 -3.088055e+00  9.323320e+01 -1.808272e+02  2.190195e+03  1.875382e+01  1.116279e+03  9.2725163092556087e+01
      5580  3.4874999999998417e+00  1.2359405943317962e-01  1.2178109271862432e+00  7.515877e-02  6.636071e+00 -3.199262e+00  9.458611e+01 -1.851178e+02  2.244160e+03  1.927680e+01  1.186040e+03  9.4042895022721936e+01
      5590  3.4937499999998405e+00  1.2358897526632266e-01  1.2225978989788731e+00  7.011823e-02  6.673578e+00 -3.308636e+00  9.596186e+01 -1.893375e+02  2.299220e+03  1.983606e+01  1.264292e+03  9.5391277907266584e+01
      5600  3.4999999999998392e+00  1.2358387108137994e-01  1.2274196910293851e+00  6.510253e-02  6.711536e+00 -3.416063e+00  9.736095e+01 -1.934777e+02  2.355392e+03  2.043468e+01  1.352265e+03  9.6771527044280020e+01
      5610  3.5062499999998380e+00  1.2357874673211222e-01  1.2322768602466585e+00  6.011279e-02  6.749953e+00 -3.521432e+00  9.878395e+01 -1.975291e+02  2.412698e+03  2.107595e+01  1.451364e+03  9.8184910252438769e+01
      5620  3.5124999999998368e+00  1.2357360206993676e-01  1.2371699747047740e+00  5.515013e-02  6.788839e+00 -3.624625e+00  1.002314e+02 -2.014823e+02  2.471159e+03  2.176343e+01  1.563203e+03  9.9632749762861152e+01
      5630  3.5187499999998355e+00  1.2356843694388024e-01  1.2420996137279456e+00  5.021566e-02  6.828205e+00 -3.725525e+00  1.017041e+02 -2.053275e+02  2.530801e+03  2.250095e+01  1.689626e+03  1.0111642414617617e+02
      5640  3.5249999999998343e+00  1.2356325120053234e-01  1.2470663679660579e+00  4.531051e-02  6.868059e+00 -3.824014e+00  1.032025e+02 -2.090544e+02  2.591650e+03  2.329261e+01  1.832742e+03  1.0263737027240904e+02
      5650  3.5312499999998330e+00  1.2355804468399782e-01  1.2520708394600790e+00  4.043580e-02  6.908415e+00 -3.919971e+00  1.047276e+02 -2.126524e+02  2.653739e+03  2.414283e+01  1.994962e+03  1.0419708530087851e+02
      5660  3.5374999999998318e+00  1.2355281723584947e-01  1.2571136416966966e+00  3.559267e-02  6.949283e+00 -4.013274e+00  1.062800e+02 -2.161107e+02  2.717101e+03  2.505633e+01  2.179030e+03  1.0579712869690414e+02
      5670  3.5437499999998305e+00  1.2354756869507975e-01  1.2621953996514648e+00  3.078224e-02  6.990676e+00 -4.103799e+00  1.078607e+02 -2.194178e+02  2.781775e+03  2.603815e+01  2.388074e+03  1.0743912427166507e+02
      5680  3.5499999999998293e+00  1.2354229889805381e-01  1.2673167498197653e+00  2.600565e-02  7.032607e+00 -4.191422e+00  1.094705e+02 -2.225620e+02  2.847804e+03  2.709369e+01  2.625646e+03  1.0912476224107216e+02
      5690  3.5562499999998280e+00  1.2353700767845957e-01  1.2724783402349147e+00  2.126404e-02  7.075090e+00 -4.276017e+00  1.111106e+02 -2.255312e+02  2.915236e+03  2.822866e+01  2.895774e+03  1.1085580129901182e+02
      5700  3.5624999999998268e+00  1.2353169486726252e-01  1.2776808304726193e+00  1.655855e-02  7.118139e+00 -4.357457e+00  1.127820e+02 -2.283129e+02  2.984124e+03  2.944915e+01  3.203021e+03  1.1263407069979517e+02
      5710  3.5687499999998256e+00  1.2352636029265439e-01  1.2829248916411737e+00  1.189030e-02  7.161769e+00 -4.435613e+00  1.144858e+02 -2.308942e+02  3.054527e+03  3.076160e+01  3.552534e+03  1.1446147234407935e+02
      5720  3.5749999999998243e+00  1.2352100378000809e-01  1.2882112063565994e+00  7.260440e-03  7.205998e+00 -4.510358e+00  1.162233e+02 -2.332618e+02  3.126509e+03  3.217282e+01  3.950115e+03  1.1633998286197908e+02
      5730  3.5812499999998231e+00  1.2351562515182769e-01  1.2935404687020977e+00  2.670106e-03  7.250840e+00 -4.581561e+00  1.179958e+02 -2.354020e+02  3.200144e+03  3.368995e+01  4.402282e+03  1.1827165568650018e+02
      5740  3.5874999999998218e+00  1.2351022422770180e-01  1.2989133841710985e+00 -1.879566e-03  7.296314e+00 -4.649093e+00  1.198049e+02 -2.373006e+02  3.275510e+03  3.532052e+01  4.916337e+03  1.2025862310986427e+02
      5750  3.5937499999998206e+00  1.2350480082425615e-01  1.3043306695932222e+00 -6.387440e-03  7.342438e+00 -4.712823e+00  1.216520e+02 -2.389431e+02  3.352697e+03  3.707240e+01  5.500440e+03  1.2230309831472016e+02
      5760  3.5999999999998193e+00  1.2349935475510603e-01  1.3097930530425446e+00 -1.085238e-02  7.389232e+00 -4.772620e+00  1.235387e+02 -2.403147e+02  3.431800e+03  3.895379e+01  6.163675e+03  1.2440737737170760e+02
      5770  3.6062499999998181e+00  1.2349388583081046e-01  1.3153012737275216e+00 -1.527326e-02  7.436715e+00 -4.828352e+00  1.254670e+02 -2.413999e+02  3.512927e+03  4.097320e+01  6.916127e+03  1.2657384119432020e+02
      5780  3.6124999999998169e+00  1.2348839385882489e-01  1.3208560818619473e+00 -1.964893e-02  7.484909e+00 -4.879890e+00  1.274385e+02 -2.421829e+02  3.596195e+03  4.313945e+01  7.768952e+03  1.2880495744154928e+02
      5790  3.6187499999998156e+00  1.2348287864345710e-01  1.3264582385164252e+00 -2.397827e-02  7.533836e+00 -4.927101e+00  1.294555e+02 -2.426476e+02  3.681732e+03  4.546162e+01  8.734444e+03  1.3110328235838162e+02
      5800  3.6249999999998144e+00  1.2347733998582122e-01  1.3321085154498389e+00 -2.826015e-02  7.583518e+00 -4.969855e+00  1.315199e+02 -2.427774e+02  3.769678e+03  4.794901e+01  9.826097e+03  1.3347146254387883e+02
      5810  3.6312499999998131e+00  1.2347177768379357e-01  1.3378076949202435e+00 -3.249344e-02  7.633980e+00 -5.008020e+00  1.336341e+02 -2.425551e+02  3.860188e+03  5.061112e+01  1.105867e+04  1.3591223663630245e+02
      5820  3.6374999999998119e+00  1.2346619153197040e-01  1.3435565694748901e+00 -3.667700e-02  7.685246e+00 -5.041467e+00  1.358005e+02 -2.419634e+02  3.953430e+03  5.345758e+01  1.244822e+04  1.3842843690457480e+02
      5830  3.6437499999998106e+00  1.2346058132162464e-01  1.3493559417188394e+00 -4.080970e-02  7.737343e+00 -5.070066e+00  1.380218e+02 -2.409843e+02  4.049585e+03  5.649810e+01  1.401215e+04  1.4102299073528800e+02
      5840  3.6499999999998094e+00  1.2345494684066437e-01  1.3552066240619340e+00 -4.489041e-02  7.790297e+00 -5.093688e+00  1.403005e+02 -2.395994e+02  4.148853e+03  5.974243e+01  1.576926e+04  1.4369892200451395e+02
      5850  3.6562499999998082e+00  1.2344928787359270e-01  1.3611094384438098e+00 -4.891799e-02  7.844136e+00 -5.112205e+00  1.426398e+02 -2.377900e+02  4.251451e+03  6.320025e+01  1.773968e+04  1.4645935232379736e+02
      5860  3.6624999999998069e+00  1.2344360420146977e-01  1.3670652160366625e+00 -5.289131e-02  7.898890e+00 -5.125489e+00  1.450425e+02 -2.355368e+02  4.357614e+03  6.688113e+01  1.994493e+04  1.4930750215000111e+02
      5870  3.6687499999998057e+00  1.2343789560187303e-01  1.3730747969256911e+00 -5.680922e-02  7.954587e+00 -5.133414e+00  1.475121e+02 -2.328201e+02  4.467595e+03  7.079443e+01  2.240788e+04  1.5224669174901987e+02
      5880  3.6749999999998044e+00  1.2343216184886260e-01  1.3791390297670243e+00 -6.067058e-02  8.011259e+00 -5.135854e+00  1.500519e+02 -2.296198e+02  4.581669e+03  7.494922e+01  2.515263e+04  1.5528034200390655e+02
      5890  3.6812499999998032e+00  1.2342640271294460e-01  1.3852587714231130e+00 -6.447423e-02  8.068939e+00 -5.132686e+00  1.526656e+02 -2.259152e+02  4.700136e+03  7.935419e+01  2.820451e+04  1.5841197505852699e+02
      5900  3.6874999999998019e+00  1.2342061796103904e-01  1.3914348865755326e+00 -6.821901e-02  8.127658e+00 -5.123786e+00  1.553571e+02 -2.216852e+02  4.823314e+03  8.401754e+01  3.158989e+04  1.6164521478859191e+02
      5910  3.6937499999998007e+00  1.2341480735644812e-01  1.3976682473153019e+00 -7.190375e-02  8.187451e+00 -5.109031e+00  1.581303e+02 -2.169083e+02  4.951552e+03  8.894692e+01  3.533610e+04  1.6498378709269534e+02
      5920  3.6999999999997994e+00  1.2340897065882547e-01  1.4039597327108042e+00 -7.552726e-02  8.248353e+00 -5.088301e+00  1.609895e+02 -2.115623e+02  5.085221e+03  9.414927e+01  3.947121e+04  1.6843151999686293e+02
      5930  3.7062499999997982e+00  1.2340310762414851e-01  1.4103102283533997e+00 -7.908835e-02  8.310400e+00 -5.061477e+00  1.639392e+02 -2.056247e+02  5.224721e+03  9.963077e+01  4.402385e+04  1.7199234356705753e+02
      5940  3.7124999999997970e+00  1.2339721800469215e-01  1.4167206258810416e+00 -8.258580e-02  8.373628e+00 -5.028438e+00  1.669840e+02 -1.990724e+02  5.370482e+03  1.053967e+02  4.902296e+04  1.7567028962504270e+02
      5950  3.7187499999997957e+00  1.2339130154900446e-01  1.4231918224800173e+00 -8.601838e-02  8.438074e+00 -4.989068e+00  1.701290e+02 -1.918817e+02  5.522965e+03  1.114515e+02  5.449750e+04  1.7946949126402228e+02
      5960  3.7249999999997945e+00  1.2338535800188505e-01  1.4297247203651842e+00 -8.938484e-02  8.503778e+00 -4.943250e+00  1.733791e+02 -1.840284e+02  5.682663e+03  1.177983e+02  6.047621e+04  1.8339418216143144e+02
      5970  3.7312499999997932e+00  1.2337938710436515e-01  1.4363202262389427e+00 -9.268390e-02  8.570779e+00 -4.890866e+00  1.767398e+02 -1.754877e+02  5.850103e+03  1.244392e+02  6.698722e+04  1.8744869568725017e+02
      5980  3.7374999999997920e+00  1.2337338859368920e-01  1.4429792507293302e+00 -9.591426e-02  8.639115e+00 -4.831801e+00  1.802167e+02 -1.662342e+02  6.025848e+03  1.313752e+02  7.405776e+04  1.9163746380708659e+02
      5990  3.7437499999997907e+00  1.2336736220330165e-01  1.4497027078076099e+00 -9.907458e-02  8.708828e+00 -4.765941e+00  1.838156e+02 -1.562419e+02  6.210496e+03  1.386057e+02  8.171375e+04  1.9596501578013650e+02
      6000  3.7499999999997895e+00  1.2336130766283183e-01  1.4564915141856780e+00 -1.021635e-01  8.779959e+00 -4.693168e+00  1.875426e+02 -1.454841e+02  6.404687e+03  1.461291e+02  8.997946e+04  2.0043597665283721e+02
      6010  3.7562499999997883e+00  1.2335522469808589e-01  1.4633465886937718e+00 -1.051796e-01  8.852548e+00 -4.613367e+00  1.914039e+02 -1.339334e+02  6.609099e+03  1.539420e+02  9.887710e+04  2.0505506554966789e+02
      6020  3.7624999999997870e+00  1.2334911303103835e-01  1.4702688516388207e+00 -1.081215e-01  8.926638e+00 -4.526421e+00  1.954061e+02 -1.215616e+02  6.824451e+03  1.620399e+02  1.084265e+05  2.0982709376298897e+02
      6030  3.7687499999997858e+00  1.2334297237982739e-01  1.4772592241439237e+00 -1.109876e-01  9.002270e+00 -4.432214e+00  1.995560e+02 -1.083399e+02  7.051506e+03  1.704164e+02  1.186446e+05  2.1475696264414825e+02
      6040  3.7749999999997845e+00  1.2333680245875280e-01  1.4843186274693188e+00 -1.137765e-01  9.079487e+00 -4.330624e+00  2.038604e+02 -9.423859e+01  7.291071e+03  1.790641e+02  1.295452e+05  2.1984966129819378e+02
      6050  3.7812499999997833e+00  1.2333060297827721e-01  1.4914479823153080e+00 -1.164865e-01  9.158329e+00 -4.221532e+00  2.083266e+02 -7.922694e+01  7.543998e+03  1.879737e+02  1.411387e+05  2.2511026408448271e+02
      6060  3.7874999999997820e+00  1.2332437364502952e-01  1.4986482081075543e+00 -1.191160e-01  9.238839e+00 -4.104813e+00  2.129619e+02 -6.327345e+01  7.811185e+03  1.971347e+02  1.534316e+05  2.3054392792522265e+02
      6070  3.7937499999997808e+00  1.2331811416181243e-01  1.5059202222651678e+00 -1.216632e-01  9.321059e+00 -3.980339e+00  2.177739e+02 -4.634552e+01  8.093578e+03  2.065350e+02  1.664264e+05  2.3615588942352446e+02
      6080  3.7999999999997796e+00  1.2331182422761128e-01  1.5132649394520195e+00 -1.241265e-01  9.405029e+00 -3.847979e+00  2.227704e+02 -2.840954e+01  8.392171e+03  2.161613e+02  1.801212e+05  2.4195146179188936e+02
      6090  3.8062499999997783e+00  1.2330550353760787e-01  1.5206832708116818e+00 -1.265040e-01  9.490789e+00 -3.707596e+00  2.279593e+02 -9.430673e+00  8.708004e+03  2.259988e+02  1.945096e+05  2.4793603159119945e+02
      6100  3.8124999999997771e+00  1.2329915178319656e-01  1.5281761231864563e+00 -1.287936e-01  9.578378e+00 -3.559050e+00  2.333486e+02  1.062711e+01  9.042167e+03  2.360316e+02  2.095807e+05  2.5411505527923512e+02
      6110  3.8187499999997758e+00  1.2329276865200435e-01  1.5357443983208550e+00 -1.309935e-01  9.667834e+00 -3.402190e+00  2.389464e+02  3.180120e+01  9.395799e+03  2.462426e+02  2.253189e+05  2.6049405556654403e+02
      6120  3.8249999999997746e+00  1.2328635382791282e-01  1.5433889920500383e+00 -1.331016e-01  9.759195e+00 -3.236861e+00  2.447611e+02  5.413042e+01  9.770085e+03  2.566137e+02  2.417037e+05  2.6707861757607594e+02
      6130  3.8312499999997733e+00  1.2327990699108500e-01  1.5511107934736177e+00 -1.351155e-01  9.852495e+00 -3.062898e+00  2.508010e+02  7.765513e+01  1.016626e+04  2.671258e+02  2.587103e+05  2.7387438480153168e+02
      6140  3.8374999999997721e+00  1.2327342781799534e-01  1.5589106841152705e+00 -1.370332e-01  9.947768e+00 -2.880127e+00  2.570745e+02  1.024174e+02  1.058559e+04  2.777589e+02  2.763089e+05  2.8088705485772755e+02
      6150  3.8437499999997708e+00  1.2326691598146336e-01  1.5667895370686840e+00 -1.388520e-01  1.004504e+01 -2.688362e+00  2.635900e+02  1.284609e+02  1.102942e+04  2.884927e+02  2.944657e+05  2.8812237501460766e+02
      6160  3.8499999999997696e+00  1.2326037115068926e-01  1.5747482161303632e+00 -1.405696e-01  1.014435e+01 -2.487406e+00  2.703557e+02  1.558316e+02  1.149909e+04  2.993059e+02  3.131424e+05  2.9558613750478389e+02
      6170  3.8562499999997684e+00  1.2325379299129617e-01  1.5827875749197866e+00 -1.421832e-01  1.024572e+01 -2.277047e+00  2.773800e+02  1.845771e+02  1.199602e+04  3.101771e+02  3.322969e+05  3.0328417459277341e+02
      6180  3.8624999999997671e+00  1.2324718116537284e-01  1.5909084559875910e+00 -1.436901e-01  1.034917e+01 -2.057059e+00  2.846710e+02  2.147476e+02  1.252163e+04  3.210844e+02  3.518836e+05  3.1122235339240552e+02
      6190  3.8687499999997659e+00  1.2324053533152320e-01  1.5991116899124165e+00 -1.450875e-01  1.045472e+01 -1.827199e+00  2.922367e+02  2.463954e+02  1.307740e+04  3.320058e+02  3.718533e+05  3.1940657041724978e+02
      6200  3.8749999999997646e+00  1.2323385514491689e-01  1.6073980943871033e+00 -1.463721e-01  1.056239e+01 -1.587206e+00  3.000849e+02  2.795755e+02  1.366482e+04  3.429193e+02  3.921542e+05  3.2784274584748636e+02
      6210  3.8812499999997634e+00  1.2322714025734501e-01  1.6157684732950903e+00 -1.475409e-01  1.067219e+01 -1.336799e+00  3.082231e+02  3.143456e+02  1.428540e+04  3.538031e+02  4.127318e+05  3.3653681749534707e+02
      6220  3.8874999999997621e+00  1.2322039031728085e-01  1.6242236157778391e+00 -1.485904e-01  1.078413e+01 -1.075678e+00  3.166584e+02  3.507662e+02  1.494067e+04  3.646354e+02  4.335296e+05  3.4549473445021539e+02
      6230  3.8937499999997609e+00  1.2321360496994163e-01  1.6327642952943191e+00 -1.495171e-01  1.089821e+01 -8.035148e-01  3.253975e+02  3.889011e+02  1.563216e+04  3.753950e+02  4.544894e+05  3.5472245038377991e+02
      6240  3.8999999999997597e+00  1.2320678385735692e-01  1.6413912686735341e+00 -1.503172e-01  1.101443e+01 -5.199609e-01  3.344468e+02  4.288172e+02  1.636141e+04  3.860609e+02  4.755518e+05  3.6422591649520115e+02
      6250  3.9062499999997584e+00  1.2319992661843916e-01  1.6501052751613023e+00 -1.509868e-01  1.113278e+01 -2.246388e-01  3.438118e+02  4.705850e+02  1.712992e+04  3.966127e+02  4.966565e+05  3.7401107407637409e+02
      6260  3.9124999999997572e+00  1.2319303288905954e-01  1.6589070354625819e+00 -1.515218e-01  1.125325e+01  8.285736e-02  3.534978e+02  5.142785e+02  1.793921e+04  4.070307e+02  5.177431e+05  3.8408384667779626e+02
      6270  3.9187499999997559e+00  1.2318610230212723e-01  1.6677972507806502e+00 -1.519179e-01  1.137582e+01  4.029638e-01  3.635091e+02  5.599757e+02  1.879074e+04  4.172959e+02  5.387510e+05  3.9445013185666949e+02
      6280  3.9249999999997547e+00  1.2317913448767191e-01  1.6767766018547203e+00 -1.521704e-01  1.150047e+01  7.361490e-01  3.738494e+02  6.077585e+02  1.968592e+04  4.273898e+02  5.596201e+05  4.0511579249043683e+02
      6290  3.9312499999997534e+00  1.2317212907293161e-01  1.6858457479975029e+00 -1.522746e-01  1.162715e+01  1.082915e+00  3.845213e+02  6.577133e+02  2.062611e+04  4.372951e+02  5.802911e+05  4.1608664764125587e+02
      6300  3.9374999999997522e+00  1.2316508568244448e-01  1.6950053261344924e+00 -1.522254e-01  1.175584e+01  1.443801e+00  3.955266e+02  7.099303e+02  2.161262e+04  4.469951e+02  6.007057e+05  4.2736846295984395e+02
      6310  3.9437499999997510e+00  1.2315800393814252e-01  1.7042559498467289e+00 -1.520176e-01  1.188648e+01  1.819382e+00  4.068661e+02  7.645047e+02  2.264665e+04  4.564741e+02  6.208073e+05  4.3896694062085299e+02
      6320  3.9499999999997497e+00  1.2315088345945267e-01  1.7135982084189747e+00 -1.516455e-01  1.201902e+01  2.210271e+00  4.185394e+02  8.215357e+02  2.372929e+04  4.657172e+02  6.405408e+05  4.5088770878631220e+02
      6330  3.9562499999997485e+00  1.2314372386339857e-01  1.7230326658951893e+00 -1.511034e-01  1.215339e+01  2.617121e+00  4.305449e+02  8.811275e+02  2.486155e+04  4.747106e+02  6.598532e+05  4.6313631059906896e+02
      6340  3.9624999999997472e+00  1.2313652476470832e-01  1.7325598601433974e+00 -1.503851e-01  1.228953e+01  3.040625e+00  4.428797e+02  9.433884e+02  2.604427e+04  4.834413e+02  6.786936e+05  4.7571819271410612e+02
      6350  3.9687499999997460e+00  1.2312928577592526e-01  1.7421803019319726e+00 -1.494844e-01  1.242734e+01  3.481518e+00  4.555396e+02  1.008431e+03  2.727816e+04  4.918973e+02  6.970135e+05  4.8863869338267472e+02
      6360  3.9749999999997447e+00  1.2312200650752290e-01  1.7518944740192959e+00 -1.483944e-01  1.256675e+01  3.940571e+00  4.685189e+02  1.076373e+03  2.856377e+04  5.000677e+02  7.147669e+05  5.0190303011184517e+02
      6370  3.9812499999997435e+00  1.2311468656802327e-01  1.7617028302589646e+00 -1.471083e-01  1.270765e+01  4.418599e+00  4.818105e+02  1.147335e+03  2.990146e+04  5.079422e+02  7.319106e+05  5.1551628693078942e+02
      6380  3.9874999999997423e+00  1.2310732556411944e-01  1.7716057947223578e+00 -1.456189e-01  1.284993e+01  4.916450e+00  4.954056e+02  1.221442e+03  3.129141e+04  5.155117e+02  7.484038e+05  5.2948340130442841e+02
      6390  3.9937499999997410e+00  1.2309992310080073e-01  1.7816037608404731e+00 -1.439186e-01  1.299347e+01  5.435012e+00  5.092940e+02  1.298820e+03  3.273358e+04  5.227678e+02  7.642090e+05  5.4380915074528218e+02
      6400  3.9999999999997398e+00  1.2309247878148322e-01  1.7916970905666625e+00 -1.419996e-01  1.313815e+01  5.975200e+00  5.234637e+02  1.379600e+03  3.422773e+04  5.297033e+02  7.792913e+05  5.5849813918520340e+02
      6410  4.0062499999997430e+00  1.2308499220814142e-01  1.8018861135617874e+00 -1.398539e-01  1.328384e+01  6.537959e+00  5.379014e+02  1.463911e+03  3.577336e+04  5.363113e+02  7.936188e+05  5.7355478318015798e+02
      6420  4.0124999999997462e+00  1.2307746298144445e-01  1.8121711264029217e+00 -1.374732e-01  1.343039e+01  7.124255e+00  5.525918e+02  1.551885e+03  3.736977e+04  5.425864e+02  8.071626e+05  5.8898329803309866e+02
      6430  4.0187499999997494e+00  1.2306989070089686e-01  1.8225523918165036e+00 -1.348490e-01  1.357764e+01  7.735066e+00  5.675185e+02  1.643650e+03  3.901601e+04  5.485236e+02  8.198969e+05  6.0478768393235657e+02
      6440  4.0249999999997526e+00  1.2306227496497933e-01  1.8330301379363674e+00 -1.319727e-01  1.372544e+01  8.371377e+00  5.826634e+02  1.739334e+03  4.071089e+04  5.541188e+02  8.317987e+05  6.2097171221543499e+02
      6450  4.0312499999997558e+00  1.2305461537129515e-01  1.8436045575866038e+00 -1.288353e-01  1.387363e+01  9.034168e+00  5.980068e+02  1.839057e+03  4.245297e+04  5.593687e+02  8.428483e+05  6.3753891188058947e+02
      6460  4.0374999999997589e+00  1.2304691151671826e-01  1.8542758075887003e+00 -1.254279e-01  1.402202e+01  9.724397e+00  6.135281e+02  1.942935e+03  4.424062e+04  5.642708e+02  8.530288e+05  6.5449255648080543e+02
      6470  4.0437499999997621e+00  1.2303916299754615e-01  1.8650440080917672e+00 -1.217416e-01  1.417044e+01  1.044299e+01  6.292055e+02  2.051072e+03  4.607195e+04  5.688235e+02  8.623264e+05  6.7183565154658038e+02
      6480  4.0499999999997653e+00  1.2303136940965088e-01  1.8759092419237871e+00 -1.177675e-01  1.431872e+01  1.119084e+01  6.450161e+02  2.163561e+03  4.794488e+04  5.730256e+02  8.707303e+05  6.8957092269482223e+02
      6490  4.0562499999997685e+00  1.2302353034863833e-01  1.8868715539613694e+00 -1.134966e-01  1.446666e+01  1.196874e+01  6.609364e+02  2.280480e+03  4.985717e+04  5.768771e+02  8.782329e+05  7.0770080459094413e+02
      6500  4.0624999999997717e+00  1.2301564541000724e-01  1.8979309505142550e+00 -1.089203e-01  1.461408e+01  1.277744e+01  6.769423e+02  2.401889e+03  5.180638e+04  5.803784e+02  8.848292e+05  7.2622743093946133e+02
      6510  4.0687499999997749e+00  1.2300771418930878e-01  1.9090873987201067e+00 -1.040304e-01  1.476080e+01  1.361753e+01  6.930097e+02  2.527826e+03  5.378996e+04  5.835310e+02  8.905174e+05  7.4515262568457911e+02
      6520  4.0749999999997781e+00  1.2299973628231425e-01  1.9203408259440431e+00 -9.881878e-02  1.490664e+01  1.448951e+01  7.091143e+02  2.658304e+03  5.580525e+04  5.863369e+02  8.952988e+05  7.6447789560585579e+02
      6530  4.0812499999997813e+00  1.2299171128517909e-01  1.9316911191762558e+00 -9.327819e-02  1.505142e+01  1.539372e+01  7.252322e+02  2.793308e+03  5.784950e+04  5.887989e+02  8.991771e+05  7.8420442449461632e+02
      6540  4.0874999999997845e+00  1.2298363879461365e-01  1.9431381244201187e+00 -8.740191e-02  1.519498e+01  1.633028e+01  7.413403e+02  2.932793e+03  5.991994e+04  5.909206e+02  9.021590e+05  8.0433306909347164e+02
      6550  4.0937499999997877e+00  1.2297551840805446e-01  1.9546816460617797e+00 -8.118412e-02  1.533714e+01  1.729917e+01  7.574162e+02  3.076678e+03  6.201374e+04  5.927064e+02  9.042539e+05  8.2486435697343336e+02
      6560  4.0999999999997909e+00  1.2296734972383921e-01  1.9663214462113914e+00 -7.462000e-02  1.547776e+01  1.830007e+01  7.734389e+02  3.224845e+03  6.412810e+04  5.941612e+02  9.054735e+05  8.4579848651006319e+02
      6570  4.1062499999997941e+00  1.2295913234138323e-01  1.9780572440048325e+00 -6.770592e-02  1.561671e+01  1.933247e+01  7.893887e+02  3.377137e+03  6.626025e+04  5.952909e+02  9.058318e+05  8.6713532910039589e+02
      6580  4.1124999999997973e+00  1.2295086586136188e-01  1.9898887148538427e+00 -6.043961e-02  1.575385e+01  2.039555e+01  8.052477e+02  3.533357e+03  6.840744e+04  5.961016e+02  9.053448e+05  8.8887443373562678e+02
      6590  4.1187499999998005e+00  1.2294254988589180e-01  2.0018154896315052e+00 -5.282038e-02  1.588909e+01  2.148823e+01  8.209996e+02  3.693267e+03  7.056699e+04  5.966003e+02  9.040301e+05  9.1101503400907040e+02
      6600  4.1249999999998037e+00  1.2293418401871919e-01  2.0138371537793160e+00 -4.484923e-02  1.602234e+01  2.260911e+01  8.366303e+02  3.856589e+03  7.273625e+04  5.967943e+02  9.019068e+05  9.3355605759367188e+02
      6610  4.1312499999998069e+00  1.2292576786541123e-01  2.0259532463214915e+00 -3.652911e-02  1.615353e+01  2.375651e+01  8.521274e+02  4.023002e+03  7.491261e+04  5.966912e+02  8.989948e+05  9.5649613816712974e+02
      6620  4.1374999999998101e+00  1.2291730103355086e-01  2.0381632587719190e+00 -2.786498e-02  1.628262e+01  2.492845e+01  8.674803e+02  4.192152e+03  7.709348e+04  5.962987e+02  8.953145e+05  9.7983362969388315e+02
      6630  4.1437499999998133e+00  1.2290878313293747e-01  2.0504666339195161e+00 -1.886406e-02  1.640957e+01  2.612265e+01  8.826800e+02  4.363649e+03  7.927628e+04  5.956247e+02  8.908865e+05  1.0035666228906027e+03
      6640  4.1499999999998165e+00  1.2290021377579217e-01  2.0628627644780506e+00 -9.535846e-03  1.653440e+01  2.733658e+01  8.977193e+02  4.537073e+03  8.145836e+04  5.946767e+02  8.857308e+05  1.0276929636045163e+03
      6650  4.1562499999998197e+00  1.2289159257696930e-01  2.0753509915880879e+00  1.077606e-04  1.665710e+01  2.856745e+01  9.125916e+02  4.711980e+03  8.363703e+04  5.934619e+02  8.798670e+05  1.0522102727203037e+03
      6660  4.1624999999998229e+00  1.2288291915417514e-01  2.0879306031603195e+00  1.005243e-02  1.677772e+01  2.981227e+01  9.272912e+02  4.887907e+03  8.580946e+04  5.919870e+02  8.733131e+05  1.0771159670817358e+03
      6670  4.1687499999998261e+00  1.2287419312819169e-01  2.1006008320528351e+00  2.028144e-02  1.689631e+01  3.106789e+01  9.418129e+02  5.064377e+03  8.797268e+04  5.902579e+02  8.660861e+05  1.1024072807686646e+03
      6680  4.1749999999998293e+00  1.2286541412311251e-01  2.1133608540778930e+00  3.077572e-02  1.701292e+01  3.233105e+01  9.561509e+02  5.240908e+03  9.012355e+04  5.882794e+02  8.582014e+05  1.1280812859096372e+03
      6690  4.1812499999998325e+00  1.2285658176658314e-01  2.1262097858392939e+00  4.151402e-02  1.712764e+01  3.359840e+01  9.702991e+02  5.417016e+03  9.225869e+04  5.860555e+02  8.496729e+05  1.1541349120386974e+03
      6700  4.1874999999998357e+00  1.2284769569005205e-01  2.1391466824069196e+00  5.247310e-02  1.724056e+01  3.486662e+01  9.842502e+02  5.592223e+03  9.437452e+04  5.835889e+02  8.405132e+05  1.1805649628259296e+03
      6710  4.1937499999998389e+00  1.2283875552903417e-01  2.1521705348425382e+00  6.362802e-02  1.735174e+01  3.613239e+01  9.979959e+02  5.766060e+03  9.646721e+04  5.808813e+02  8.307340e+05  1.2073681288329199e+03
      6720  4.1999999999998421e+00  1.2282976092338151e-01  2.1652802675993534e+00  7.495244e-02  1.746129e+01  3.739253e+01  1.011526e+03  5.938072e+03  9.853273e+04  5.779335e+02  8.203467e+05  1.2345409947757180e+03
      6730  4.2062499999998453e+00  1.2282071151756715e-01  2.1784747358276237e+00  8.641907e-02  1.756928e+01  3.864398e+01  1.024829e+03  6.107824e+03  1.005668e+05  5.747454e+02  8.093629e+05  1.2620800396329378e+03
      6740  4.2124999999998485e+00  1.2281160696097940e-01  2.1917527226294835e+00  9.800011e-02  1.767580e+01  3.988386e+01  1.037891e+03  6.274899e+03  1.025650e+05  5.713167e+02  7.977953e+05  1.2899816278310407e+03
      6750  4.2187499999998517e+00  1.2280244690822897e-01  2.2051129363182298e+00  1.096677e-01  1.778091e+01  4.110950e+01  1.050698e+03  6.438903e+03  1.045228e+05  5.676470e+02  7.856588e+05  1.3182419896931783e+03
      6760  4.2249999999998549e+00  1.2279323101946557e-01  2.2185540077495300e+00  1.213946e-01  1.788466e+01  4.231846e+01  1.063235e+03  6.599464e+03  1.064356e+05  5.637366e+02  7.729711e+05  1.3468571893732017e+03
      6770  4.2312499999998581e+00  1.2278395896070785e-01  2.2320744878050034e+00  1.331543e-01  1.798710e+01  4.350852e+01  1.075485e+03  6.756232e+03  1.082987e+05  5.595869e+02  7.597535e+05  1.3758230786371512e+03
      6780  4.2374999999998613e+00  1.2277463040418030e-01  2.2456728451205952e+00  1.449222e-01  1.808828e+01  4.467773e+01  1.087433e+03  6.908882e+03  1.101078e+05  5.552011e+02  7.460321e+05  1.4051352351233775e+03
      6790  4.2437499999998645e+00  1.2276524502866192e-01  2.2593474641634002e+00  1.566754e-01  1.818822e+01  4.582431e+01  1.099063e+03  7.057108e+03  1.118584e+05  5.505848e+02  7.318382e+05  1.4347888841289166e+03
      6800  4.2499999999998677e+00  1.2275580251984090e-01  2.2730966437697595e+00  1.683937e-01  1.828693e+01  4.694673e+01  1.110363e+03  7.200625e+03  1.135466e+05  5.457465e+02  7.172084e+05  1.4647788035486280e+03
      6810  4.2562499999998709e+00  1.2274630257067329e-01  2.2869185962632912e+00  1.800594e-01  1.838444e+01  4.804365e+01  1.121320e+03  7.339167e+03  1.151689e+05  5.406977e+02  7.021855e+05  1.4950992123369253e+03
      6820  4.2624999999998741e+00  1.2273674488174570e-01  2.3008114472739067e+00  1.916582e-01  1.848076e+01  4.911388e+01  1.131926e+03  7.472484e+03  1.167222e+05  5.354537e+02  6.868180e+05  1.5257436437608153e+03
      6830  4.2687499999998773e+00  1.2272712916163619e-01  2.3147732363761708e+00  2.031790e-01  1.857590e+01  5.015644e+01  1.142176e+03  7.600345e+03  1.182041e+05  5.300331e+02  6.711598e+05  1.5567048057388847e+03
      6840  4.2749999999998805e+00  1.2271745512727018e-01  2.3288019186569628e+00  2.146138e-01  1.866989e+01  5.117047e+01  1.152068e+03  7.722533e+03  1.196130e+05  5.244578e+02  6.552699e+05  1.5879744316672836e+03
      6850  4.2812499999998836e+00  1.2270772250426835e-01  2.3428953673078654e+00  2.259584e-01  1.876275e+01  5.215530e+01  1.161606e+03  7.838851e+03  1.209480e+05  5.187526e+02  6.392119e+05  1.6195431262544387e+03
      6860  4.2874999999998868e+00  1.2269793102728253e-01  2.3570513773170254e+00  2.372115e-01  1.885451e+01  5.311041e+01  1.170797e+03  7.949117e+03  1.222090e+05  5.129447e+02  6.230522e+05  1.6514002119365468e+03
      6870  4.2937499999998900e+00  1.2268808044030986e-01  2.3712676703078945e+00  2.483751e-01  1.894520e+01  5.403548e+01  1.179650e+03  8.053176e+03  1.233968e+05  5.070626e+02  6.068596e+05  1.6835335823308376e+03
      6880  4.2999999999998932e+00  1.2267817049698949e-01  2.3855419005401535e+00  2.594541e-01  1.903486e+01  5.493039e+01  1.188180e+03  8.150896e+03  1.245130e+05  5.011356e+02  5.907037e+05  1.7159295698025437e+03
      6890  4.3062499999998964e+00  1.2266820096086828e-01  2.3998716620511340e+00  2.704559e-01  1.912353e+01  5.579527e+01  1.196404e+03  8.242182e+03  1.255597e+05  4.951928e+02  5.746533e+05  1.7485728344821273e+03
      6900  4.3124999999998996e+00  1.2265817160563418e-01  2.4142544968774384e+00  2.813902e-01  1.921123e+01  5.663050e+01  1.204338e+03  8.326980e+03  1.265396e+05  4.892619e+02  5.587750e+05  1.7814462818974910e+03
      6910  4.3187499999999028e+00  1.2264808221531662e-01  2.4286879042565590e+00  2.922684e-01  1.929800e+01  5.743673e+01  1.212002e+03  8.405281e+03  1.274558e+05  4.833690e+02  5.431319e+05  1.8145310157378849e+03
      6920  4.3249999999999060e+00  1.2263793258444199e-01  2.4431693506712739e+00  3.031036e-01  1.938383e+01  5.821492e+01  1.219412e+03  8.477138e+03  1.283114e+05  4.775371e+02  5.277818e+05  1.8478063311392668e+03
      6930  4.3312499999999092e+00  1.2262772251814956e-01  2.4576962805664029e+00  3.139102e-01  1.946872e+01  5.896632e+01  1.226584e+03  8.542661e+03  1.291093e+05  4.717863e+02  5.127764e+05  1.8812497523165514e+03
      6940  4.3374999999999124e+00  1.2261745183225894e-01  2.4722661275409843e+00  3.247031e-01  1.955262e+01  5.969248e+01  1.233530e+03  8.602026e+03  1.298523e+05  4.661328e+02  4.981599e+05  1.9148371164542552e+03
      6950  4.3437499999999156e+00  1.2260712035329190e-01  2.4868763258008744e+00  3.354980e-01  1.963547e+01  6.039520e+01  1.240257e+03  8.655476e+03  1.305424e+05  4.605891e+02  4.839686e+05  1.9485427036306805e+03
      6960  4.3499999999999188e+00  1.2259672791844474e-01  2.5015243216482079e+00  3.463104e-01  1.971718e+01  6.107652e+01  1.246767e+03  8.703313e+03  1.311813e+05  4.551639e+02  4.702302e+05  1.9823394103461192e+03
      6970  4.3562499999999220e+00  1.2258627437551520e-01  2.5162075847859349e+00  3.571560e-01  1.979763e+01  6.173861e+01  1.253059e+03  8.745892e+03  1.317696e+05  4.498620e+02  4.569638e+05  2.0161989621186760e+03
      6980  4.3624999999999252e+00  1.2257575958277990e-01  2.5309236192268343e+00  3.680501e-01  1.987667e+01  6.238375e+01  1.259123e+03  8.783613e+03  1.323073e+05  4.446853e+02  4.441802e+05  2.0500921587625617e+03
      6990  4.3687499999999284e+00  1.2256518340883044e-01  2.5456699736173420e+00  3.790073e-01  1.995414e+01  6.301423e+01  1.264946e+03  8.816897e+03  1.327936e+05  4.396327e+02  4.318825e+05  2.0839891445084199e+03
      7000  4.3749999999999316e+00  1.2255454573236597e-01  2.5604442508137817e+00  3.900415e-01  2.002985e+01  6.363225e+01  1.270511e+03  8.846178e+03  1.332270e+05  4.347009e+02  4.200669e+05  2.1178596941624710e+03
      7010  4.3812499999999348e+00  1.2254384644194796e-01  2.5752441165825508e+00  4.011656e-01  2.010362e+01  6.423986e+01  1.275796e+03  8.871881e+03  1.336057e+05  4.298855e+02  4.087238e+05  2.1516735060814399e+03
      7020  4.3874999999999380e+00  1.2253308543572095e-01  2.5900673073311804e+00  4.123914e-01  2.017524e+01  6.483889e+01  1.280778e+03  8.894406e+03  1.339272e+05  4.251814e+02  3.978392e+05  2.1854004928666077e+03
      7030  4.3937499999999412e+00  1.2252226262110527e-01  2.6049116368149745e+00  4.237293e-01  2.024455e+01  6.543084e+01  1.285434e+03  8.914112e+03  1.341893e+05  4.205838e+02  3.873958e+05  2.2190110613055576e+03
      7040  4.3999999999999444e+00  1.2251137791445871e-01  2.6197750017988484e+00  4.351883e-01  2.031137e+01  6.601692e+01  1.289740e+03  8.931306e+03  1.343895e+05  4.160891e+02  3.773747e+05  2.2524763741338761e+03
      7050  4.4062499999999476e+00  1.2250043124072225e-01  2.6346553866865730e+00  4.467759e-01  2.037557e+01  6.659796e+01  1.293675e+03  8.946238e+03  1.345256e+05  4.116948e+02  3.677562e+05  2.2857685875398938e+03
      7060  4.4124999999999508e+00  1.2248942253304597e-01  2.6495508671569663e+00  4.584974e-01  2.043703e+01  6.717444e+01  1.297221e+03  8.959096e+03  1.345959e+05  4.074007e+02  3.585212e+05  2.3188610598719788e+03
      7070  4.4187499999999540e+00  1.2247835173240237e-01  2.6644596128687144e+00  4.703566e-01  2.049569e+01  6.774650e+01  1.300364e+03  8.970006e+03  1.345991e+05  4.032087e+02  3.496518e+05  2.3517285286092060e+03
      7080  4.4249999999999572e+00  1.2246721878718918e-01  2.6793798893108116e+00  4.823548e-01  2.055153e+01  6.831402e+01  1.303096e+03  8.979045e+03  1.345346e+05  3.991224e+02  3.411320e+05  2.3843472542098643e+03
      7090  4.4312499999999604e+00  1.2245602365282895e-01  2.6943100588861402e+00  4.944910e-01  2.060454e+01  6.887660e+01  1.305413e+03  8.986243e+03  1.344021e+05  3.951475e+02  3.329477e+05  2.4166951308699486e+03
      7100  4.4374999999999636e+00  1.2244476629136218e-01  2.7092485813192790e+00  5.067616e-01  2.065479e+01  6.943371e+01  1.307317e+03  8.991598e+03  1.342024e+05  3.912905e+02  3.250870e+05  2.4487517654366825e+03
      7110  4.4437499999999668e+00  1.2243344667104199e-01  2.7241940134792459e+00  5.191603e-01  2.070237e+01  6.998468e+01  1.308816e+03  8.995091e+03  1.339368e+05  3.875584e+02  3.175401e+05  2.4804985266914236e+03
      7120  4.4499999999999700e+00  1.2242206476593108e-01  2.7391450087028644e+00  5.316779e-01  2.074742e+01  7.052880e+01  1.309923e+03  8.996694e+03  1.336069e+05  3.839577e+02  3.102986e+05  2.5119185679243610e+03
      7130  4.4562499999999732e+00  1.2241062055550089e-01  2.7541003156968031e+00  5.443020e-01  2.079007e+01  7.106538e+01  1.310653e+03  8.996385e+03  1.332154e+05  3.804940e+02  3.033559e+05  2.5429968261755976e+03
      7140  4.4624999999999764e+00  1.2239911402423723e-01  2.7690587770860988e+00  5.570175e-01  2.083052e+01  7.159379e+01  1.311028e+03  8.994156e+03  1.327649e+05  3.771709e+02  2.967061e+05  2.5737200017346581e+03
      7150  4.4687499999999796e+00  1.2238754516125327e-01  2.7840193276658116e+00  5.698058e-01  2.086894e+01  7.211348e+01  1.311071e+03  8.990020e+03  1.322589e+05  3.739900e+02  2.903438e+05  2.6040765215057131e+03
      7160  4.4749999999999828e+00  1.2237591395990691e-01  2.7989809924009239e+00  5.826455e-01  2.090554e+01  7.262401e+01  1.310806e+03  8.984016e+03  1.317008e+05  3.709499e+02  2.842638e+05  2.6340564896976907e+03
      7170  4.4812499999999860e+00  1.2236422041743267e-01  2.8139428842080472e+00  5.955125e-01  2.094049e+01  7.312508e+01  1.310259e+03  8.976208e+03  1.310945e+05  3.680471e+02  2.784608e+05  2.6636516290286741e+03
      7180  4.4874999999999892e+00  1.2235246453457888e-01  2.8289042015419019e+00  6.083801e-01  2.097399e+01  7.361650e+01  1.309455e+03  8.966684e+03  1.304438e+05  3.652753e+02  2.729285e+05  2.6928552152815860e+03
      7190  4.4937499999999924e+00  1.2234064631525558e-01  2.8438642257998379e+00  6.212196e-01  2.100618e+01  7.409820e+01  1.308417e+03  8.955557e+03  1.297528e+05  3.626261e+02  2.676599e+05  2.7216620076499803e+03
      7200  4.4999999999999956e+00  1.2232876576619679e-01  2.8588223185499535e+00  6.340003e-01  2.103722e+01  7.457020e+01  1.307169e+03  8.942954e+03  1.290254e+05  3.600895e+02  2.626464e+05  2.7500681768990626e+03
      7210  4.5062499999999988e+00  1.2231682289663172e-01  2.8737779185810335e+00  6.466907e-01  2.106723e+01  7.503258e+01  1.305730e+03  8.929013e+03  1.282653e+05  3.576542e+02  2.578784e+05  2.7780712329613671e+03
      7220  4.5125000000000020e+00  1.2230481771796892e-01  2.8887305387679261e+00  6.592588e-01  2.109628e+01  7.548548e+01  1.304118e+03  8.913879e+03  1.274763e+05  3.553084e+02  2.533446e+05  2.8056699532089297e+03
      7230  4.5187500000000052e+00  1.2229275024349617e-01  2.9036797627420277e+00  6.716724e-01  2.112445e+01  7.592906e+01  1.302349e+03  8.897696e+03  1.266619e+05  3.530398e+02  2.490324e+05  2.8328643123038919e+03
      7240  4.5250000000000083e+00  1.2228062048809242e-01  2.9186252413545919e+00  6.839007e-01  2.115178e+01  7.636347e+01  1.300436e+03  8.880605e+03  1.258254e+05  3.508368e+02  2.449280e+05  2.8596554142363298e+03
      7250  4.5312500000000115e+00  1.2226842846795527e-01  2.9335666889191834e+00  6.959137e-01  2.117828e+01  7.678884e+01  1.298391e+03  8.862737e+03  1.249697e+05  3.486880e+02  2.410170e+05  2.8860454269132583e+03
      7260  4.5375000000000147e+00  1.2225617420034575e-01  2.9485038792206506e+00  7.076840e-01  2.120394e+01  7.720527e+01  1.296223e+03  8.844217e+03  1.240980e+05  3.465829e+02  2.372842e+05  2.9120375194656749e+03
      7270  4.5437500000000179e+00  1.2224385770334993e-01  2.9634366412785509e+00  7.191868e-01  2.122876e+01  7.761281e+01  1.293943e+03  8.825156e+03  1.232129e+05  3.445122e+02  2.337147e+05  2.9376358022881359e+03
      7280  4.5500000000000211e+00  1.2223147899565776e-01  2.9783648548559980e+00  7.304004e-01  2.125270e+01  7.801144e+01  1.291558e+03  8.805658e+03  1.223170e+05  3.424675e+02  2.302938e+05  2.9628452697129828e+03
      7290  4.5562500000000243e+00  1.2221903809636191e-01  2.9932884457075128e+00  7.413066e-01  2.127571e+01  7.840110e+01  1.289077e+03  8.785816e+03  1.214128e+05  3.404418e+02  2.270078e+05  2.9876717451431564e+03
      7300  4.5625000000000275e+00  1.2220653502477660e-01  3.0082073805638565e+00  7.518912e-01  2.129778e+01  7.878169e+01  1.286509e+03  8.765718e+03  1.205030e+05  3.384292e+02  2.238444e+05  3.0121218284178835e+03
      7310  4.5687500000000307e+00  1.2219396980027961e-01  3.0231216618560981e+00  7.621439e-01  2.131886e+01  7.915309e+01  1.283865e+03  8.745445e+03  1.195899e+05  3.364252e+02  2.207928e+05  3.0362028451580391e+03
      7320  4.5750000000000339e+00  1.2218134244217314e-01  3.0380313221864887e+00  7.720585e-01  2.133893e+01  7.951515e+01  1.281156e+03  8.725077e+03  1.186761e+05  3.344265e+02  2.178439e+05  3.0599227978280023e+03
      7330  4.5812500000000371e+00  1.2216865296957297e-01  3.0529364185593266e+00  7.816325e-01  2.135798e+01  7.986775e+01  1.278394e+03  8.704695e+03  1.177643e+05  3.324313e+02  2.149907e+05  3.0832903182533901e+03
      7340  4.5875000000000403e+00  1.2215590140131725e-01  3.0678370263909631e+00  7.908673e-01  2.137601e+01  8.021081e+01  1.275593e+03  8.684380e+03  1.168570e+05  3.304390e+02  2.122282e+05  3.1063146213438699e+03
      7350  4.5937500000000435e+00  1.2214308775590539e-01  3.0827332333246260e+00  7.997674e-01  2.139304e+01  8.054433e+01  1.272768e+03  8.664218e+03  1.159571e+05  3.284502e+02  2.095533e+05  3.1290054597864755e+03
      7360  4.6000000000000467e+00  1.2213021205145796e-01  3.0976251328818507e+00  8.083403e-01  2.140911e+01  8.086836e+01  1.269937e+03  8.644300e+03  1.150675e+05  3.264671e+02  2.069649e+05  3.1513730794919661e+03
      7370  4.6062500000000499e+00  1.2211727430570894e-01  3.1125128179895625e+00  8.165957e-01  2.142427e+01  8.118311e+01  1.267115e+03  8.624726e+03  1.141912e+05  3.244927e+02  2.044632e+05  3.1734281755946049e+03
      7380  4.6125000000000531e+00  1.2210427453602059e-01  3.1273963744276183e+00  8.245453e-01  2.143858e+01  8.148888e+01  1.264324e+03  8.605601e+03  1.133314e+05  3.225312e+02  2.020502e+05  3.1951818488220306e+03
      7390  4.6187500000000563e+00  1.2209121275942672e-01  3.1422758742482424e+00  8.322021e-01  2.145213e+01  8.178610e+01  1.261581e+03  8.587041e+03  1.124913e+05  3.205878e+02  1.997288e+05  3.2166455620654224e+03
      7400  4.6250000000000595e+00  1.2207808899270622e-01  3.1571513692247328e+00  8.395796e-01  2.146502e+01  8.207532e+01  1.258908e+03  8.569168e+03  1.116739e+05  3.186681e+02  1.975028e+05  3.2378310969901468e+03
      7410  4.6312500000000627e+00  1.2206490325247867e-01  3.1720228843916898e+00  8.466917e-01  2.147735e+01  8.235722e+01  1.256324e+03  8.552114e+03  1.108827e+05  3.167783e+02  1.953768e+05  3.2587505105335536e+03
      7420  4.6375000000000659e+00  1.2205165555533107e-01  3.1868904117439403e+00  8.535522e-01  2.148923e+01  8.263256e+01  1.253852e+03  8.536018e+03  1.101208e+05  3.149248e+02  1.933555e+05  3.2794160911378385e+03
      7430  4.6437500000000691e+00  1.2203834591796717e-01  3.2017539041642689e+00  8.601739e-01  2.150078e+01  8.290219e+01  1.251510e+03  8.521025e+03  1.093913e+05  3.131140e+02  1.914436e+05  3.2998403145637722e+03
      7440  4.6500000000000723e+00  1.2202497435738417e-01  3.2166132696529952e+00  8.665692e-01  2.151211e+01  8.316700e+01  1.249320e+03  8.507286e+03  1.086974e+05  3.113519e+02  1.896456e+05  3.3200357991241849e+03
      7450  4.6562500000000755e+00  1.2201154089106954e-01  3.2314683659331922e+00  8.727490e-01  2.152334e+01  8.342790e+01  1.247300e+03  8.494954e+03  1.080419e+05  3.096442e+02  1.879657e+05  3.3400152601657524e+03
      7460  4.6625000000000787e+00  1.2199804553722199e-01  3.2463189955050904e+00  8.787232e-01  2.153458e+01  8.368581e+01  1.245469e+03  8.484182e+03  1.074278e+05  3.079959e+02  1.864074e+05  3.3597914636146893e+03
      7470  4.6687500000000819e+00  1.2198448831499008e-01  3.2611649012215334e+00  8.845003e-01  2.154593e+01  8.394159e+01  1.243844e+03  8.475122e+03  1.068575e+05  3.064110e+02  1.849734e+05  3.3793771783889474e+03
      7480  4.6750000000000851e+00  1.2197086924473055e-01  3.2760057624530745e+00  8.900876e-01  2.155751e+01  8.419609e+01  1.242441e+03  8.467921e+03  1.063337e+05  3.048931e+02  1.836654e+05  3.3987851274675163e+03
      7490  4.6812500000000883e+00  1.2195718834827676e-01  3.2908411919065741e+00  8.954911e-01  2.156938e+01  8.445004e+01  1.241276e+03  8.462719e+03  1.058586e+05  3.034443e+02  1.824844e+05  3.4180279374025913e+03
      7500  4.6875000000000915e+00  1.2194344564922399e-01  3.3056707331550585e+00  9.007159e-01  2.158164e+01  8.470412e+01  1.240360e+03  8.459646e+03  1.054342e+05  3.020661e+02  1.814303e+05  3.4371180860661079e+03
      7510  4.6937500000000947e+00  1.2192964117321928e-01  3.3204938589290593e+00  9.057660e-01  2.159436e+01  8.495887e+01  1.239706e+03  8.458822e+03  1.050626e+05  3.007591e+02  1.805019e+05  3.4560678484465489e+03
      7520  4.7000000000000979e+00  1.2191577494825996e-01  3.3353099702112576e+00  9.106446e-01  2.160757e+01  8.521476e+01  1.239322e+03  8.460352e+03  1.047454e+05  2.995225e+02  1.796973e+05  3.4748892403625309e+03
      7530  4.7062500000001011e+00  1.2190184700499060e-01  3.3501183961664127e+00  9.153542e-01  2.162133e+01  8.547211e+01  1.239218e+03  8.464326e+03  1.044841e+05  2.983552e+02  1.790134e+05  3.4935939600466613e+03
      7540  4.7125000000001043e+00  1.2188785737700226e-01  3.3649183949279315e+00  9.198965e-01  2.163565e+01  8.573113e+01  1.239400e+03  8.470822e+03  1.042801e+05  2.972548e+02  1.784465e+05  3.5121933276844006e+03
      7550  4.7187500000001075e+00  1.2187380610112303e-01  3.3797091552515721e+00  9.242731e-01  2.165056e+01  8.599190e+01  1.239872e+03  8.479899e+03  1.041347e+05  2.962185e+02  1.779919e+05  3.5306982231779475e+03
      7560  4.7250000000001107e+00  1.2185969321770396e-01  3.3944897990339213e+00  9.284846e-01  2.166603e+01  8.625439e+01  1.240638e+03  8.491601e+03  1.040488e+05  2.952426e+02  1.776446e+05  3.5491190226481044e+03
      7570  4.7312500000001139e+00  1.2184551877088770e-01  3.4092593846815165e+00  9.325315e-01  2.168207e+01  8.651846e+01  1.241700e+03  8.505960e+03  1.040235e+05  2.943230e+02  1.773988e+05  3.5674655344863017e+03
      7580  4.7375000000001171e+00  1.2183128280886546e-01  3.4240169113026218e+00  9.364138e-01  2.169863e+01  8.678387e+01  1.243058e+03  8.522994e+03  1.040594e+05  2.934552e+02  1.772483e+05  3.5857469361161861e+03
      7590  4.7437500000001203e+00  1.2181698538411316e-01  3.4387613236802062e+00  9.401309e-01  2.171568e+01  8.705029e+01  1.244713e+03  8.542708e+03  1.041574e+05  2.926344e+02  1.771868e+05  3.6039717129980336e+03
      7600  4.7500000000001235e+00  1.2180262655360644e-01  3.4534915179704324e+00  9.436821e-01  2.173318e+01  8.731730e+01  1.246664e+03  8.565100e+03  1.043182e+05  2.918557e+02  1.772078e+05  3.6221476017797208e+03
      7610  4.7562500000001267e+00  1.2178820637900732e-01  3.4682063480566483e+00  9.470661e-01  2.175108e+01  8.758445e+01  1.248910e+03  8.590159e+03  1.045422e+05  2.911139e+02  1.773048e+05  3.6402815398227144e+03
      7620  4.7625000000001299e+00  1.2177372492682886e-01  3.4829046324745403e+00  9.502811e-01  2.176934e+01  8.785124e+01  1.251450e+03  8.617869e+03  1.048303e+05  2.904042e+02  1.774716e+05  3.6583796235629734e+03
      7630  4.7687500000001330e+00  1.2175918226856415e-01  3.4975851618103460e+00  9.533251e-01  2.178791e+01  8.811715e+01  1.254282e+03  8.648213e+03  1.051830e+05  2.897220e+02  1.777022e+05  3.6764470782556755e+03
      7640  4.7750000000001362e+00  1.2174457848078792e-01  3.5122467064617324e+00  9.561957e-01  2.180677e+01  8.838167e+01  1.257406e+03  8.681172e+03  1.056010e+05  2.890630e+02  1.779910e+05  3.6944882415570769e+03
      7650  4.7812500000001394e+00  1.2172991364522294e-01  3.5268880246397099e+00  9.588899e-01  2.182589e+01  8.864428e+01  1.260822e+03  8.716728e+03  1.060852e+05  2.884236e+02  1.783333e+05  3.7125065630903719e+03
      7660  4.7875000000001426e+00  1.2171518784877386e-01  3.5415078704827185e+00  9.614045e-01  2.184527e+01  8.890452e+01  1.264531e+03  8.754867e+03  1.066363e+05  2.878003e+02  1.787246e+05  3.7305046216195287e+03
      7670  4.7937500000001458e+00  1.2170040118352769e-01  3.5561050021488185e+00  9.637361e-01  2.186492e+01  8.916195e+01  1.268535e+03  8.795580e+03  1.072555e+05  2.871908e+02  1.791615e+05  3.7484841607387339e+03
      7680  4.8000000000001490e+00  1.2168555374671931e-01  3.5706781897515283e+00  9.658808e-01  2.188485e+01  8.941618e+01  1.272838e+03  8.838861e+03  1.079437e+05  2.865931e+02  1.796412e+05  3.7664461431223413e+03
      7690  4.8062500000001522e+00  1.2167064564066642e-01  3.5852262230089234e+00  9.678344e-01  2.190511e+01  8.966687e+01  1.277445e+03  8.884712e+03  1.087022e+05  2.860059e+02  1.801617e+05  3.7843908224400302e+03
      7700  4.8125000000001554e+00  1.2165567697267257e-01  3.5997479184834447e+00  9.695923e-01  2.192575e+01  8.991371e+01  1.282361e+03  8.933140e+03  1.095325e+05  2.854287e+02  1.807218e+05  3.8023178311084412e+03
      7710  4.8187500000001586e+00  1.2164064785490081e-01  3.6142421263027158e+00  9.711499e-01  2.194684e+01  9.015643e+01  1.287594e+03  8.984157e+03  1.104360e+05  2.848613e+02  1.813209e+05  3.8202262812059739e+03
      7720  4.8250000000001618e+00  1.2162555840422094e-01  3.6287077362676365e+00  9.725020e-01  2.196846e+01  9.039480e+01  1.293153e+03  9.037781e+03  1.114145e+05  2.843039e+02  1.819590e+05  3.8381148751986875e+03
      7730  4.8312500000001650e+00  1.2161040874203366e-01  3.6431436832724953e+00  9.736433e-01  2.199068e+01  9.062859e+01  1.299046e+03  9.094029e+03  1.124697e+05  2.837571e+02  1.826364e+05  3.8559820226683655e+03
      7740  4.8375000000001682e+00  1.2159519899407210e-01  3.6575489519831059e+00  9.745681e-01  2.201361e+01  9.085757e+01  1.305284e+03  9.152923e+03  1.136035e+05  2.832215e+02  1.833537e+05  3.8738259590308221e+03
      7750  4.8437500000001714e+00  1.2157992929018656e-01  3.6719225807391034e+00  9.752709e-01  2.203731e+01  9.108150e+01  1.311877e+03  9.214483e+03  1.148179e+05  2.826979e+02  1.841117e+05  3.8916448622885168e+03
      7760  4.8500000000001746e+00  1.2156459976411456e-01  3.6862636646678140e+00  9.757458e-01  2.206187e+01  9.130013e+01  1.318836e+03  9.278727e+03  1.161149e+05  2.821864e+02  1.849108e+05  3.9094369641562039e+03
      7770  4.8562500000001778e+00  1.2154921055323971e-01  3.7005713580154880e+00  9.759874e-01  2.208737e+01  9.151319e+01  1.326172e+03  9.345667e+03  1.174964e+05  2.816875e+02  1.857516e+05  3.9272006523915652e+03
      7780  4.8625000000001810e+00  1.2153376179834109e-01  3.7148448757187427e+00  9.759904e-01  2.211388e+01  9.172037e+01  1.333894e+03  9.415311e+03  1.189647e+05  2.812007e+02  1.866340e+05  3.9449345618004063e+03
      7790  4.8687500000001842e+00  1.2151825364334025e-01  3.7290834942525639e+00  9.757502e-01  2.214144e+01  9.192137e+01  1.342012e+03  9.487659e+03  1.205216e+05  2.807255e+02  1.875579e+05  3.9626376521083280e+03
      7800  4.8750000000001874e+00  1.2150268623504337e-01  3.7432865518019733e+00  9.752629e-01  2.217012e+01  9.211587e+01  1.350535e+03  9.562703e+03  1.221691e+05  2.802610e+02  1.885226e+05  3.9803092716383371e+03
      7810  4.8812500000001906e+00  1.2148705972288572e-01  3.7574534478115038e+00  9.745260e-01  2.219995e+01  9.230359e+01  1.359469e+03  9.640428e+03  1.239092e+05  2.798059e+02  1.895273e+05  3.9979492064537726e+03
      7820  4.8875000000001938e+00  1.2147137425867842e-01  3.7715836419715743e+00  9.735381e-01  2.223095e+01  9.248426e+01  1.368821e+03  9.720808e+03  1.257435e+05  2.793589e+02  1.905711e+05  4.0155577152756819e+03
      7830  4.8937500000001970e+00  1.2145562999636181e-01  3.7856766527017052e+00  9.722995e-01  2.226315e+01  9.265768e+01  1.378597e+03  9.803807e+03  1.276736e+05  2.789186e+02  1.916528e+05  4.0331355510313228e+03
      7840  4.9000000000002002e+00  1.2143982709176321e-01  3.7997320551902050e+00  9.708122e-01  2.229656e+01  9.282367e+01  1.388800e+03  9.889380e+03  1.297009e+05  2.784836e+02  1.927717e+05  4.0506839703176015e+03
      7850  4.9062500000002034e+00  1.2142396570236706e-01  3.8137494790473552e+00  9.690802e-01  2.233118e+01  9.298216e+01  1.399432e+03  9.977465e+03  1.318266e+05  2.780530e+02  1.939272e+05  4.0682047323623769e+03
      7860  4.9125000000002066e+00  1.2140804598709208e-01  3.8277286056251203e+00  9.671095e-01  2.236703e+01  9.313310e+01  1.410494e+03  1.006799e+04  1.340516e+05  2.776262e+02  1.951190e+05  4.0857000892393894e+03
      7870  4.9187500000002098e+00  1.2139206810608485e-01  3.8416691650520032e+00  9.649076e-01  2.240410e+01  9.327648e+01  1.421984e+03  1.016086e+04  1.363765e+05  2.772029e+02  1.963473e+05  4.1031727691486267e+03
      7880  4.9250000000002130e+00  1.2137603222051922e-01  3.8555709330265948e+00  9.624839e-01  2.244238e+01  9.341229e+01  1.433898e+03  1.025595e+04  1.388014e+05  2.767835e+02  1.976125e+05  4.1206259545285593e+03
      7890  4.9312500000002162e+00  1.2135993849241819e-01  3.8694337274082766e+00  9.598492e-01  2.248185e+01  9.354048e+01  1.446232e+03  1.035313e+04  1.413260e+05  2.763685e+02  1.989151e+05  4.1380632566370687e+03
      7900  4.9375000000002194e+00  1.2134378708448226e-01  3.8832574046395161e+00  9.570150e-01  2.252251e+01  9.366092e+01  1.458974e+03  1.045222e+04  1.439497e+05  2.759588e+02  2.002555e+05  4.1554886880458007e+03
      7910  4.9437500000002226e+00  1.2132757815993772e-01  3.8970418560293583e+00  9.539937e-01  2.256429e+01  9.377333e+01  1.472114e+03  1.055301e+04  1.466712e+05  2.755556e+02  2.016336e+05  4.1729066342541601e+03
      7920  4.9500000000002258e+00  1.2131131188239928e-01  3.9107870039254946e+00  9.507975e-01  2.260717e+01  9.387727e+01  1.485636e+03  1.065523e+04  1.494888e+05  2.751597e+02  2.030489e+05  4.1903218253680006e+03
      7930  4.9562500000002290e+00  1.2129498841574940e-01  3.9244927977988300e+00  9.474381e-01  2.265107e+01  9.397204e+01  1.499521e+03  1.075861e+04  1.524000e+05  2.747722e+02  2.044998e+05  4.2077393085172544e+03
      7940  4.9625000000002322e+00  1.2127860792403139e-01  3.9381592102636316e+00  9.439265e-01  2.269590e+01  9.405672e+01  1.513747e+03  1.086280e+04  1.554020e+05  2.743933e+02  2.059835e+05  4.2251644214232583e+03
      7950  4.9687500000002354e+00  1.2126217057136454e-01  3.9517862330549502e+00  9.402717e-01  2.274156e+01  9.413011e+01  1.528290e+03  1.096742e+04  1.584913e+05  2.740232e+02  2.074962e+05  4.2426027672823311e+03
      7960  4.9750000000002386e+00  1.2124567652186997e-01  3.9653738729850971e+00  9.364813e-01  2.278792e+01  9.419071e+01  1.543121e+03  1.107206e+04  1.616640e+05  2.736612e+02  2.090328e+05  4.2600601909176867e+03
      7970  4.9812500000002418e+00  1.2122912593961696e-01  3.9789221479011072e+00  9.325604e-01  2.283483e+01  9.423681e+01  1.558209e+03  1.117625e+04  1.649155e+05  2.733061e+02  2.105868e+05  4.2775427559719919e+03
      7980  4.9875000000002450e+00  1.2121251898858668e-01  3.9924310826662417e+00  9.285116e-01  2.288214e+01  9.426643e+01  1.573522e+03  1.127951e+04  1.682408e+05  2.729559e+02  2.121507e+05  4.2950567227755319e+03
      7990  4.9937500000002482e+00  1.2119585583264814e-01  4.0059007051890951e+00  9.243349e-01  2.292967e+01  9.427739e+01  1.589027e+03  1.138132e+04  1.716345e+05  2.726083e+02  2.137161e+05  4.3126085264289559e+03
      8000  5.0000000000002514e+00  1.2117913663555620e-01  4.0193310425257422e+00  9.200278e-01  2.297722e+01  9.426737e+01  1.604688e+03  1.148112e+04  1.750907e+05  2.722601e+02  2.152735e+05  4.3302047545876712e+03
      8010  5.0062500000002546e+00  1.2116236156096166e-01  4.0327221170808940e+00  9.155852e-01  2.302460e+01  9.423394e+01  1.620468e+03  1.157836e+04  1.786033e+05  2.719077e+02  2.168131e+05  4.3478521244223148e+03
      8020  5.0125000000002577e+00  1.2114553077243863e-01  4.0460739429354318e+00  9.109996e-01  2.307161e+01  9.417459e+01  1.636332e+03  1.167244e+04  1.821656e+05  2.715473e+02  2.183247e+05  4.3655574582557465e+03
      8030  5.0187500000002609e+00  1.2112864443352651e-01  4.0593865223282188e+00  9.062617e-01  2.311805e+01  9.408681e+01  1.652243e+03  1.176277e+04  1.857707e+05  2.711744e+02  2.197977e+05  4.3833276574345018e+03
      8040  5.0250000000002641e+00  1.2111170270778569e-01  4.0726598423205917e+00  9.013602e-01  2.316373e+01  9.396810e+01  1.668165e+03  1.184875e+04  1.894117e+05  2.707846e+02  2.212213e+05  4.4011696740768512e+03
      8050  5.0312500000002673e+00  1.2109470575886766e-01  4.0858938716716615e+00  8.962831e-01  2.320846e+01  9.381604e+01  1.684063e+03  1.192978e+04  1.930811e+05  2.703732e+02  2.225852e+05  4.4190904804443062e+03
      8060  5.0375000000002705e+00  1.2107765375059695e-01  4.0990885579522560e+00  8.910173e-01  2.325208e+01  9.362827e+01  1.699903e+03  1.200525e+04  1.967715e+05  2.699356e+02  2.238787e+05  4.4370970358013692e+03
      8070  5.0437500000002737e+00  1.2106054684706574e-01  4.1122438249238007e+00  8.855496e-01  2.329442e+01  9.340258e+01  1.715650e+03  1.207458e+04  2.004754e+05  2.694669e+02  2.250915e+05  4.4551962507538337e+03
      8080  5.0500000000002769e+00  1.2104338521273697e-01  4.1253595702073058e+00  8.798671e-01  2.333536e+01  9.313687e+01  1.731273e+03  1.213717e+04  2.041852e+05  2.689625e+02  2.262138e+05  4.4733949491823341e+03
      8090  5.0562500000002801e+00  1.2102616901255803e-01  4.1384356632651933e+00  8.739575e-01  2.337476e+01  9.282921e+01  1.746740e+03  1.219248e+04  2.078934e+05  2.684180e+02  2.272358e+05  4.4916998280088437e+03
      8100  5.0625000000002833e+00  1.2100889841208140e-01  4.1514719437160092e+00  8.678099e-01  2.341253e+01  9.247783e+01  1.762023e+03  1.223994e+04  2.115926e+05  2.678289e+02  2.281483e+05  4.5101174151472633e+03
      8110  5.0687500000002865e+00  1.2099157357759255e-01  4.1644682199992920e+00  8.614149e-01  2.344857e+01  9.208116e+01  1.777093e+03  1.227905e+04  2.152756e+05  2.671914e+02  2.289425e+05  4.5286540260865695e+03
      8120  5.0750000000002897e+00  1.2097419467624053e-01  4.1774242684040770e+00  8.547648e-01  2.348281e+01  9.163781e+01  1.791924e+03  1.230929e+04  2.189352e+05  2.665016e+02  2.296101e+05  4.5473157196385628e+03
      8130  5.0812500000002929e+00  1.2095676187617467e-01  4.1903398324713041e+00  8.478542e-01  2.351519e+01  9.114662e+01  1.806492e+03  1.233023e+04  2.225648e+05  2.657562e+02  2.301435e+05  4.5661082534448915e+03
      8140  5.0875000000002961e+00  1.2093927534668125e-01  4.2032146227758522e+00  8.406802e-01  2.354566e+01  9.060665e+01  1.820775e+03  1.234143e+04  2.261580e+05  2.649524e+02  2.305357e+05  4.5850370398828281e+03
      8150  5.0937500000002993e+00  1.2092173525832009e-01  4.2160483170902117e+00  8.332421e-01  2.357420e+01  9.001720e+01  1.834753e+03  1.234250e+04  2.297087e+05  2.640879e+02  2.307807e+05  4.6041071030324783e+03
      8160  5.1000000000003025e+00  1.2090414178306150e-01  4.2288405609275239e+00  8.255420e-01  2.360076e+01  8.937782e+01  1.848406e+03  1.233311e+04  2.332114e+05  2.631608e+02  2.308733e+05  4.6233230373725028e+03
      8170  5.1062500000003057e+00  1.2088649509441679e-01  4.2415909684576505e+00  8.175843e-01  2.362533e+01  8.868833e+01  1.861718e+03  1.231295e+04  2.366609e+05  2.621701e+02  2.308093e+05  4.6426889688569754e+03
      8180  5.1125000000003089e+00  1.2086879536756881e-01  4.2542991237852430e+00  8.093761e-01  2.364790e+01  8.794882e+01  1.874675e+03  1.228179e+04  2.400528e+05  2.611152e+02  2.305857e+05  4.6622085189950840e+03
      8190  5.1187500000003121e+00  1.2085104277949243e-01  4.2669645825762244e+00  8.009267e-01  2.366844e+01  8.715968e+01  1.887264e+03  1.223941e+04  2.433829e+05  2.599965e+02  2.302007e+05  4.6818847725076394e+03
      8200  5.1250000000003153e+00  1.2083323750906856e-01  4.2795868740134786e+00  7.922476e-01  2.368694e+01  8.632156e+01  1.899473e+03  1.218568e+04  2.466477e+05  2.588148e+02  2.296537e+05  4.7017202490770669e+03
      8210  5.1312500000003185e+00  1.2081537973719235e-01  4.2921655030608878e+00  7.833522e-01  2.370341e+01  8.543540e+01  1.911292e+03  1.212051e+04  2.498443e+05  2.575718e+02  2.289456e+05  4.7217168796359256e+03
      8220  5.1375000000003217e+00  1.2079746964686613e-01  4.3046999530102097e+00  7.742556e-01  2.371783e+01  8.450244e+01  1.922714e+03  1.204385e+04  2.529702e+05  2.562699e+02  2.280783e+05  4.7418759875634723e+03
      8230  5.1437500000003249e+00  1.2077950742328566e-01  4.3171896882837970e+00  7.649745e-01  2.373020e+01  8.352414e+01  1.933733e+03  1.195574e+04  2.560237e+05  2.549118e+02  2.270553e+05  4.7621982750748621e+03
      8240  5.1500000000003281e+00  1.2076149325391239e-01  4.3296341574625652e+00  7.555266e-01  2.374052e+01  8.250225e+01  1.944342e+03  1.185624e+04  2.590034e+05  2.535010e+02  2.258812e+05  4.7826838150028116e+03
      8250  5.1562500000003313e+00  1.2074342732853158e-01  4.3420327965075796e+00  7.459304e-01  2.374879e+01  8.143874e+01  1.954539e+03  1.174548e+04  2.619085e+05  2.520413e+02  2.245618e+05  4.8033320480830935e+03
      8260  5.1625000000003345e+00  1.2072530983929997e-01  4.3543850321414634e+00  7.362052e-01  2.375501e+01  8.033576e+01  1.964321e+03  1.162365e+04  2.647390e+05  2.505369e+02  2.231039e+05  4.8241417857693159e+03
      8270  5.1687500000003377e+00  1.2070714098077515e-01  4.3666902853551051e+00  7.263704e-01  2.375919e+01  7.919566e+01  1.973689e+03  1.149098e+04  2.674951e+05  2.489922e+02  2.215154e+05  4.8451112185182337e+03
      8280  5.1750000000003409e+00  1.2068892094993333e-01  4.3789479750042313e+00  7.164455e-01  2.376135e+01  7.802093e+01  1.982643e+03  1.134773e+04  2.701775e+05  2.474116e+02  2.198048e+05  4.8662379294070397e+03
      8290  5.1812500000003441e+00  1.2067064994616986e-01  4.3911575214600420e+00  7.064500e-01  2.376150e+01  7.681417e+01  1.991186e+03  1.119423e+04  2.727875e+05  2.457996e+02  2.179813e+05  4.8875189128700740e+03
      8300  5.1875000000003473e+00  1.2065232817128592e-01  4.4033183502791182e+00  6.964026e-01  2.375966e+01  7.557805e+01  1.999322e+03  1.103084e+04  2.753269e+05  2.441606e+02  2.160543e+05  4.9089505982738710e+03
      8310  5.1937500000003505e+00  1.2063395582945825e-01  4.4154298958572289e+00  6.863218e-01  2.375587e+01  7.431531e+01  2.007057e+03  1.085795e+04  2.777978e+05  2.424988e+02  2.140337e+05  4.9305288779896591e+03
      8320  5.2000000000003537e+00  1.2061553312719665e-01  4.4274916050339712e+00  6.762250e-01  2.375017e+01  7.302868e+01  2.014398e+03  1.067598e+04  2.802025e+05  2.408179e+02  2.119294e+05  4.9522491395692950e+03
      8330  5.2062500000003569e+00  1.2059706027328290e-01  4.4395029406152204e+00  6.661289e-01  2.374259e+01  7.172091e+01  2.021353e+03  1.048539e+04  2.825439e+05  2.391217e+02  2.097511e+05  4.9741063015867603e+03
      8340  5.2125000000003601e+00  1.2057853747869801e-01  4.4514633847836595e+00  6.560492e-01  2.373319e+01  7.039469e+01  2.027934e+03  1.028665e+04  2.848250e+05  2.374134e+02  2.075084e+05  4.9960948526716393e+03
      8350  5.2187500000003633e+00  1.2055996495653529e-01  4.4633724423680308e+00  6.460005e-01  2.372203e+01  6.905268e+01  2.034152e+03  1.008025e+04  2.870491e+05  2.356958e+02  2.052104e+05  5.0182088932341130e+03
      8360  5.2250000000003665e+00  1.2054134292189789e-01  4.4752296439454788e+00  6.359962e-01  2.370918e+01  6.769746e+01  2.040019e+03  9.866700e+03  2.892197e+05  2.339714e+02  2.028661e+05  5.0404421793627471e+03
      8370  5.2312500000003697e+00  1.2052267159178667e-01  4.4870345487529102e+00  6.260488e-01  2.369471e+01  6.633153e+01  2.045549e+03  9.646533e+03  2.913402e+05  2.322425e+02  2.004837e+05  5.0627881683653577e+03
      8380  5.2375000000003729e+00  1.2050395118497564e-01  4.4987867473865482e+00  6.161696e-01  2.367870e+01  6.495728e+01  2.050756e+03  9.420281e+03  2.934142e+05  2.305110e+02  1.980710e+05  5.0852400654214725e+03
      8390  5.2437500000003761e+00  1.2048518192187357e-01  4.5104858642709242e+00  6.063687e-01  2.366125e+01  6.357704e+01  2.055656e+03  9.188489e+03  2.954452e+05  2.287784e+02  1.956352e+05  5.1077908708178429e+03
      8400  5.2500000000003793e+00  1.2046636402438181e-01  4.5221315598828777e+00  5.966554e-01  2.364243e+01  6.219301e+01  2.060263e+03  8.951713e+03  2.974366e+05  2.270462e+02  1.931829e+05  5.1304334272494534e+03
      8410  5.2562500000003824e+00  1.2044749771573671e-01  4.5337235327173602e+00  5.870377e-01  2.362236e+01  6.080732e+01  2.064594e+03  8.710513e+03  2.993915e+05  2.253155e+02  1.907202e+05  5.1531604666831290e+03
      8420  5.2625000000003856e+00  1.2042858322034972e-01  4.5452615209861627e+00  5.775231e-01  2.360113e+01  5.942199e+01  2.068664e+03  8.465458e+03  3.013128e+05  2.235876e+02  1.882529e+05  5.1759646563004180e+03
      8430  5.2687500000003888e+00  1.2040962076363795e-01  4.5567453040431074e+00  5.681179e-01  2.357885e+01  5.803897e+01  2.072487e+03  8.217121e+03  3.032030e+05  2.218634e+02  1.857859e+05  5.1988386430583632e+03
      8440  5.2750000000003920e+00  1.2039061057185081e-01  4.5681747035322635e+00  5.588279e-01  2.355562e+01  5.666011e+01  2.076077e+03  7.966080e+03  3.050643e+05  2.201439e+02  1.833239e+05  5.2217750964315101e+03
      8450  5.2812500000003952e+00  1.2037155287189161e-01  4.5795495842587002e+00  5.496581e-01  2.353155e+01  5.528722e+01  2.079448e+03  7.712918e+03  3.068983e+05  2.184301e+02  1.808712e+05  5.2447667489237756e+03
      8460  5.2875000000003984e+00  1.2035244789113619e-01  4.5908698547841524e+00  5.406129e-01  2.350674e+01  5.392202e+01  2.082612e+03  7.458222e+03  3.087062e+05  2.167229e+02  1.784317e+05  5.2678064339647945e+03
      8470  5.2937500000004016e+00  1.2033329585724935e-01  4.6021354677526842e+00  5.316965e-01  2.348130e+01  5.256618e+01  2.085579e+03  7.202582e+03  3.104884e+05  2.150233e+02  1.760088e+05  5.2908871208311857e+03
      8480  5.3000000000004048e+00  1.2031409699800308e-01  4.6133464199539365e+00  5.229122e-01  2.345533e+01  5.122133e+01  2.088357e+03  6.946592e+03  3.122447e+05  2.133324e+02  1.736060e+05  5.3140019462584178e+03
      8490  5.3062500000004080e+00  1.2029485154109047e-01  4.6245027521344895e+00  5.142634e-01  2.342892e+01  4.988905e+01  2.090955e+03  6.690847e+03  3.139744e+05  2.116514e+02  1.712260e+05  5.3371442424340830e+03
      8500  5.3125000000004112e+00  1.2027555971394475e-01  4.6356045485700115e+00  5.057529e-01  2.340217e+01  4.857088e+01  2.093377e+03  6.435944e+03  3.156759e+05  2.099813e+02  1.688717e+05  5.3603075610875667e+03
      8510  5.3187500000004144e+00  1.2025622174355852e-01  4.6466519364131376e+00  4.973835e-01  2.337515e+01  4.726835e+01  2.095626e+03  6.182478e+03  3.173469e+05  2.083234e+02  1.665454e+05  5.3834856934160998e+03
      8520  5.3250000000004176e+00  1.2023683785630743e-01  4.6576450848347530e+00  4.891578e-01  2.334795e+01  4.598293e+01  2.097705e+03  5.931046e+03  3.189844e+05  2.066789e+02  1.642495e+05  5.4066726856130635e+03
      8530  5.3312500000004208e+00  1.2021740827777665e-01  4.6685842039779315e+00  4.810782e-01  2.332064e+01  4.471610e+01  2.099610e+03  5.682242e+03  3.205845e+05  2.050492e+02  1.619859e+05  5.4298628497907694e+03
      8540  5.3375000000004240e+00  1.2019793323259276e-01  4.6794695437460261e+00  4.731472e-01  2.329327e+01  4.346929e+01  2.101340e+03  5.436656e+03  3.221429e+05  2.034356e+02  1.597565e+05  5.4530507701214874e+03
      8550  5.3437500000004272e+00  1.2017841294426093e-01  4.6903013924486805e+00  4.653673e-01  2.326590e+01  4.224392e+01  2.102889e+03  5.194874e+03  3.236542e+05  2.018392e+02  1.575630e+05  5.4762313040526296e+03
      8560  5.3500000000004304e+00  1.2015884763500775e-01  4.7010800753301183e+00  4.577410e-01  2.323857e+01  4.104139e+01  2.104249e+03  4.957476e+03  3.251124e+05  2.002615e+02  1.554067e+05  5.4993995784917488e+03
      8570  5.3562500000004336e+00  1.2013923752563112e-01  4.7118059530069676e+00  4.502710e-01  2.321132e+01  3.986309e+01  2.105412e+03  4.725032e+03  3.265109e+05  1.987036e+02  1.532888e+05  5.5225509808998704e+03
      8580  5.3625000000004368e+00  1.2011958283535457e-01  4.7224794198433218e+00  4.429599e-01  2.318416e+01  3.871038e+01  2.106366e+03  4.498105e+03  3.278425e+05  1.971666e+02  1.512103e+05  5.5456811452818902e+03
      8590  5.3687500000004400e+00  1.2009988378169195e-01  4.7331009022921702e+00  4.358107e-01  2.315712e+01  3.758460e+01  2.107098e+03  4.277248e+03  3.290995e+05  1.956517e+02  1.491721e+05  5.5687859331182708e+03
      8600  5.3750000000004432e+00  1.2008014058031620e-01  4.7436708572329875e+00  4.288264e-01  2.313020e+01  3.648707e+01  2.107594e+03  4.062999e+03  3.302737e+05  1.941597e+02  1.471748e+05  5.5918614093436063e+03
      8610  5.3812500000004464e+00  1.2006035344493564e-01  4.7541897703359366e+00  4.220104e-01  2.310339e+01  3.541910e+01  2.107838e+03  3.855884e+03  3.313563e+05  1.926916e+02  1.452187e+05  5.6149038135445599e+03
      8620  5.3875000000004496e+00  1.2004052258717847e-01  4.7646581544836879e+00  4.153662e-01  2.307669e+01  3.438196e+01  2.107814e+03  3.656412e+03  3.323386e+05  1.912478e+02  1.433040e+05  5.6379095266180666e+03
      8630  5.3937500000004528e+00  1.2002064821648094e-01  4.7750765482809765e+00  4.088976e-01  2.305007e+01  3.337691e+01  2.107504e+03  3.465076e+03  3.332115e+05  1.898290e+02  1.414307e+05  5.6608750332032578e+03
      8640  5.4000000000004560e+00  1.2000073053998382e-01  4.7854455146823813e+00  4.026085e-01  2.302351e+01  3.240518e+01  2.106891e+03  3.282350e+03  3.339661e+05  1.884354e+02  1.395986e+05  5.6837968802697023e+03
      8650  5.4062500000004592e+00  1.1998076976243384e-01  4.7957656397674961e+00  3.965033e-01  2.299698e+01  3.146796e+01  2.105957e+03  3.108687e+03  3.345932e+05  1.870672e+02  1.378071e+05  5.7066716323113887e+03
      8660  5.4125000000004624e+00  1.1996076608608866e-01  4.8060375316915769e+00  3.905865e-01  2.297043e+01  3.056643e+01  2.104684e+03  2.944517e+03  3.350843e+05  1.857243e+02  1.360557e+05  5.7294958236549464e+03
      8670  5.4187500000004656e+00  1.1994071971062786e-01  4.8162618198383100e+00  3.848631e-01  2.294383e+01  2.970174e+01  2.103056e+03  2.790249e+03  3.354310e+05  1.844064e+02  1.343434e+05  5.7522659084406041e+03
      8680  5.4250000000004688e+00  1.1992063083306415e-01  4.8264391541996217e+00  3.793380e-01  2.291712e+01  2.887500e+01  2.101057e+03  2.646265e+03  3.356256e+05  1.831129e+02  1.326690e+05  5.7749782088710517e+03
      8690  5.4312500000004720e+00  1.1990049964766021e-01  4.8365702050049908e+00  3.740168e-01  2.289026e+01  2.808729e+01  2.098672e+03  2.512921e+03  3.356612e+05  1.818432e+02  1.310310e+05  5.7976288623462160e+03
      8700  5.4375000000004752e+00  1.1988032634584281e-01  4.8466556626208943e+00  3.689050e-01  2.286321e+01  2.733965e+01  2.095889e+03  2.390545e+03  3.355317e+05  1.805962e+02  1.294278e+05  5.8202137681070526e+03
      8710  5.4437500000004784e+00  1.1986011111612023e-01  4.8566962377386922e+00  3.640086e-01  2.283590e+01  2.663310e+01  2.092698e+03  2.279435e+03  3.352321e+05  1.793708e+02  1.278574e+05  5.8427285340026056e+03
      8720  5.4500000000004816e+00  1.1983985414399552e-01  4.8666926618658444e+00  3.593336e-01  2.280829e+01  2.596861e+01  2.089091e+03  2.179859e+03  3.347587e+05  1.781655e+02  1.263175e+05  5.8651684239670203e+03
      8730  5.4562500000004848e+00  1.1981955561187912e-01  4.8766456881344240e+00  3.548864e-01  2.278034e+01  2.534712e+01  2.085062e+03  2.092055e+03  3.341091e+05  1.769786e+02  1.248054e+05  5.8875283067547616e+03
      8740  5.4625000000004880e+00  1.1979921569899452e-01  4.8865560924371012e+00  3.506734e-01  2.275199e+01  2.476954e+01  2.080612e+03  2.016228e+03  3.332826e+05  1.758084e+02  1.233181e+05  5.9098026064311598e+03
      8750  5.4687500000004912e+00  1.1977883458128302e-01  4.8964246748993485e+00  3.467013e-01  2.272323e+01  2.423671e+01  2.075742e+03  1.952550e+03  3.322801e+05  1.746528e+02  1.218524e+05  5.9319852550597916e+03
      8760  5.4750000000004944e+00  1.1975841243129769e-01  4.9062522616938642e+00  3.429769e-01  2.269400e+01  2.374947e+01  2.070459e+03  1.901159e+03  3.311043e+05  1.735097e+02  1.204046e+05  5.9540696479701710e+03
      8770  5.4812500000004976e+00  1.1973794941809060e-01  4.9160397072020103e+00  3.395070e-01  2.266428e+01  2.330857e+01  2.064773e+03  1.862164e+03  3.297599e+05  1.723767e+02  1.189706e+05  5.9760486019357522e+03
      8780  5.4875000000005008e+00  1.1971744570709063e-01  4.9257878965240511e+00  3.362985e-01  2.263405e+01  2.291475e+01  2.058698e+03  1.835636e+03  3.282534e+05  1.712514e+02  1.175463e+05  5.9979143165490686e+03
      8790  5.4937500000005040e+00  1.1969690145996915e-01  4.9354977483392926e+00  3.333584e-01  2.260330e+01  2.256868e+01  2.052255e+03  1.821616e+03  3.265935e+05  1.701313e+02  1.161269e+05  6.0196583390505366e+03
      8800  5.5000000000005071e+00  1.1967631683449305e-01  4.9451702181147414e+00  3.306936e-01  2.257203e+01  2.227098e+01  2.045465e+03  1.820113e+03  3.247908e+05  1.690142e+02  1.147078e+05  6.0412715328570648e+03
      8810  5.5062500000005103e+00  1.1965569198436700e-01  4.9548063016593726e+00  3.283108e-01  2.254022e+01  2.202223e+01  2.038357e+03  1.831103e+03  3.228578e+05  1.678976e+02  1.132839e+05  6.0627440500466146e+03
      8820  5.5125000000005135e+00  1.1963502705905311e-01  4.9644070390188135e+00  3.262170e-01  2.250791e+01  2.182294e+01  2.030963e+03  1.854531e+03  3.208091e+05  1.667792e+02  1.118503e+05  6.0840653080878719e+03
      8830  5.5187500000005167e+00  1.1961432220358199e-01  4.9739735187034002e+00  3.244185e-01  2.247509e+01  2.167356e+01  2.023318e+03  1.890313e+03  3.186610e+05  1.656571e+02  1.104021e+05  6.1052239711580905e+03
      8840  5.5250000000005199e+00  1.1959357755833867e-01  4.9835068822396460e+00  3.229218e-01  2.244181e+01  2.157446e+01  2.015462e+03  1.938337e+03  3.164313e+05  1.645295e+02  1.089345e+05  6.1262079364658703e+03
      8850  5.5312500000005231e+00  1.1957279325883355e-01  4.9930083290316132e+00  3.217330e-01  2.240809e+01  2.152595e+01  2.007437e+03  1.998460e+03  3.141396e+05  1.633949e+02  1.074430e+05  6.1470043260849534e+03
      8860  5.5375000000005263e+00  1.1955196943545016e-01  5.0024791215162807e+00  3.208580e-01  2.237397e+01  2.152826e+01  1.999288e+03  2.070515e+03  3.118064e+05  1.622523e+02  1.059238e+05  6.1675994849020863e+03
      8870  5.5437500000005295e+00  1.1953110621317066e-01  5.0119205905907345e+00  3.203022e-01  2.233949e+01  2.158154e+01  1.991062e+03  2.154310e+03  3.094536e+05  1.611010e+02  1.043733e+05  6.1879789853831326e+03
      8880  5.5500000000005327e+00  1.1951020371128032e-01  5.0213341412860881e+00  3.200708e-01  2.230471e+01  2.168585e+01  1.982808e+03  2.249626e+03  3.071035e+05  1.599411e+02  1.027892e+05  6.2081276399547078e+03
      8890  5.5562500000005359e+00  1.1948926204304515e-01  5.0307212586559604e+00  3.201685e-01  2.226967e+01  2.184115e+01  1.974573e+03  2.356224e+03  3.047789e+05  1.587731e+02  1.011696e+05  6.2280295218791744e+03
      8900  5.5625000000005391e+00  1.1946828131536771e-01  5.0400835138419566e+00  3.205994e-01  2.223444e+01  2.204732e+01  1.966408e+03  2.473842e+03  3.025028e+05  1.575979e+02  9.951401e+04  6.2476679955563241e+03
      8910  5.5687500000005423e+00  1.1944726162841320e-01  5.0494225702717301e+00  3.213674e-01  2.219905e+01  2.230411e+01  1.958360e+03  2.602198e+03  3.002979e+05  1.564174e+02  9.782301e+04  6.2670257572105847e+03
      8920  5.5750000000005455e+00  1.1942620307521457e-01  5.0587401899383240e+00  3.224754e-01  2.216358e+01  2.261121e+01  1.950474e+03  2.740993e+03  2.981861e+05  1.552340e+02  9.609842e+04  6.2860848869096326e+03
      8930  5.5812500000005487e+00  1.1940510574124734e-01  5.0680382397024610e+00  3.239262e-01  2.212806e+01  2.296814e+01  1.942795e+03  2.889906e+03  2.961887e+05  1.540507e+02  9.434345e+04  6.3048269128013017e+03
      8940  5.5875000000005519e+00  1.1938396970397974e-01  5.0773186975524096e+00  3.257215e-01  2.209255e+01  2.337436e+01  1.935362e+03  3.048602e+03  2.943254e+05  1.528711e+02  9.256272e+04  6.3232328883503988e+03
      8950  5.5937500000005551e+00  1.1936279503239744e-01  5.0865836587492463e+00  3.278627e-01  2.205709e+01  2.382918e+01  1.928212e+03  3.216730e+03  2.926144e+05  1.516997e+02  9.076224e+04  6.3412834831994141e+03
      8960  5.6000000000005583e+00  1.1934158178650250e-01  5.0958353417796598e+00  3.303504e-01  2.202172e+01  2.433181e+01  1.921374e+03  3.393920e+03  2.910718e+05  1.505414e+02  8.894945e+04  6.3589590880701680e+03
      8970  5.6062500000005615e+00  1.1932033001678742e-01  5.1050760940328637e+00  3.331842e-01  2.198648e+01  2.488134e+01  1.914876e+03  3.579791e+03  2.897115e+05  1.494017e+02  8.713316e+04  6.3762399338681989e+03
      8980  5.6125000000005647e+00  1.1929903976368782e-01  5.1143083971141179e+00  3.363634e-01  2.195138e+01  2.547671e+01  1.908735e+03  3.773944e+03  2.885449e+05  1.482867e+02  8.532346e+04  6.3931062248546596e+03
      8990  5.6187500000005679e+00  1.1927771105701190e-01  5.1235348717049041e+00  3.398862e-01  2.191644e+01  2.611679e+01  1.902965e+03  3.975964e+03  2.875804e+05  1.472029e+02  8.353167e+04  6.4095382854186646e+03
      9000  5.6250000000005711e+00  1.1925634391535335e-01  5.1327582818784983e+00  3.437501e-01  2.188167e+01  2.680030e+01  1.897572e+03  4.185422e+03  2.868235e+05  1.461571e+02  8.177017e+04  6.4255167196244292e+03
      9010  5.6312500000005743e+00  1.1923493834548518e-01  5.1419815387805548e+00  3.479519e-01  2.184708e+01  2.752583e+01  1.892553e+03  4.401870e+03  2.862766e+05  1.451567e+02  8.005231e+04  6.4410225823385044e+03
      9020  5.6375000000005775e+00  1.1921349434173974e-01  5.1512077035864401e+00  3.524874e-01  2.181265e+01  2.829187e+01  1.887901e+03  4.624841e+03  2.859387e+05  1.442089e+02  7.839221e+04  6.4560375603689281e+03
      9030  5.6437500000005807e+00  1.1919201188537992e-01  5.1604399896523683e+00  3.573518e-01  2.177836e+01  2.909679e+01  1.883600e+03  4.853848e+03  2.858055e+05  1.433214e+02  7.680467e+04  6.4705441616902817e+03
      9040  5.6500000000005839e+00  1.1917049094396262e-01  5.1696817637832835e+00  3.625391e-01  2.174419e+01  2.993884e+01  1.879625e+03  5.088384e+03  2.858694e+05  1.425020e+02  7.530490e+04  6.4845259104970155e+03
      9050  5.6562500000005871e+00  1.1914893147069677e-01  5.1789365465495383e+00  3.680429e-01  2.171012e+01  3.081616e+01  1.875948e+03  5.327914e+03  2.861194e+05  1.417580e+02  7.390846e+04  6.4979675455352935e+03
      9060  5.6625000000005903e+00  1.1912733340380512e-01  5.1882080115939884e+00  3.738557e-01  2.167610e+01  3.172677e+01  1.872532e+03  5.571879e+03  2.865413e+05  1.410972e+02  7.263100e+04  6.5108552189269303e+03
      9070  5.6687500000005935e+00  1.1910569666588867e-01  5.1974999838840068e+00  3.799693e-01  2.164210e+01  3.266861e+01  1.869335e+03  5.819692e+03  2.871178e+05  1.405266e+02  7.148815e+04  6.5231766925244392e+03
      9080  5.6750000000005967e+00  1.1908402116330316e-01  5.2068164368753269e+00  3.863747e-01  2.160807e+01  3.363948e+01  1.866310e+03  6.070733e+03  2.878290e+05  1.400533e+02  7.049532e+04  6.5349215287369570e+03
      9090  5.6812500000005999e+00  1.1906230678554519e-01  5.2161614885696643e+00  3.930620e-01  2.157397e+01  3.463711e+01  1.863405e+03  6.324353e+03  2.886521e+05  1.396838e+02  6.966759e+04  6.5460812727471257e+03
      9100  5.6875000000006031e+00  1.1904055340466410e-01  5.2255393964628629e+00  4.000207e-01  2.153975e+01  3.565914e+01  1.860565e+03  6.579869e+03  2.895623e+05  1.394242e+02  6.901953e+04  6.5566496231039337e+03
      9110  5.6937500000006063e+00  1.1901876087469063e-01  5.2349545513956599e+00  4.072395e-01  2.150537e+01  3.670312e+01  1.857733e+03  6.836566e+03  2.905327e+05  1.392799e+02  6.856508e+04  6.5666225878266378e+03
      9120  5.7000000000006095e+00  1.1899692903109478e-01  5.2444114703348470e+00  4.147064e-01  2.147080e+01  3.776652e+01  1.854850e+03  7.093696e+03  2.915350e+05  1.392556e+02  6.831739e+04  6.5759986233888494e+03
      9130  5.7062500000006127e+00  1.1897505769028045e-01  5.2539147881277417e+00  4.224088e-01  2.143600e+01  3.884675e+01  1.851856e+03  7.350480e+03  2.925398e+05  1.393556e+02  6.828873e+04  6.5847787542646829e+03
      9140  5.7125000000006159e+00  1.1895314664911008e-01  5.2634692482864711e+00  4.303335e-01  2.140095e+01  3.994119e+01  1.848694e+03  7.606110e+03  2.935171e+05  1.395829e+02  6.849034e+04  6.5929666711011068e+03
      9150  5.7187500000006191e+00  1.1893119568447350e-01  5.2730796928722494e+00  4.384666e-01  2.136564e+01  4.104715e+01  1.845306e+03  7.859756e+03  2.944369e+05  1.399400e+02  6.893229e+04  6.6005688060241755e+03
      9160  5.7250000000006223e+00  1.1890920455290124e-01  5.2827510515614060e+00  4.467941e-01  2.133006e+01  4.216195e+01  1.841638e+03  8.110567e+03  2.952693e+05  1.404283e+02  6.962337e+04  6.6075943840762493e+03
      9170  5.7312500000006255e+00  1.1888717299022024e-01  5.2924883299840237e+00  4.553011e-01  2.129423e+01  4.328288e+01  1.837642e+03  8.357679e+03  2.959856e+05  1.410481e+02  7.057093e+04  6.6140554503014455e+03
      9180  5.7375000000006287e+00  1.1886510071126599e-01  5.3022965974354790e+00  4.639726e-01  2.125817e+01  4.440726e+01  1.833272e+03  8.600224e+03  2.965583e+05  1.417987e+02  7.178072e+04  6.6199668725314577e+03
      9190  5.7437500000006319e+00  1.1884298740964148e-01  5.3121809740651660e+00  4.727934e-01  2.122192e+01  4.553245e+01  1.828489e+03  8.837334e+03  2.969616e+05  1.426785e+02  7.325678e+04  6.6253463204524032e+03
      9200  5.7500000000006350e+00  1.1882083275753336e-01  5.3221466176522805e+00  4.817478e-01  2.118555e+01  4.665585e+01  1.823263e+03  9.068159e+03  2.971725e+05  1.436844e+02  7.500119e+04  6.6302142220387586e+03
      9210  5.7562500000006382e+00  1.1879863640558340e-01  5.3321987100788482e+00  4.908203e-01  2.114912e+01  4.777496e+01  1.817568e+03  9.291870e+03  2.971702e+05  1.448124e+02  7.701398e+04  6.6345936989004176e+03
      9220  5.7625000000006414e+00  1.1877639798281577e-01  5.3423424436105460e+00  4.999950e-01  2.111274e+01  4.888738e+01  1.811390e+03  9.507672e+03  2.969374e+05  1.460573e+02  7.929290e+04  6.6385104824871305e+03
      9230  5.7687500000006446e+00  1.1875411709662349e-01  5.3525830070936244e+00  5.092563e-01  2.107651e+01  4.999081e+01  1.804721e+03  9.714820e+03  2.964599e+05  1.474126e+02  8.183324e+04  6.6419928134124657e+03
      9240  5.7750000000006478e+00  1.1873179333281013e-01  5.3629255721725029e+00  5.185887e-01  2.104058e+01  5.108313e+01  1.797563e+03  9.912626e+03  2.957276e+05  1.488708e+02  8.462768e+04  6.6450713263817906e+03
      9250  5.7812500000006510e+00  1.1870942625569095e-01  5.3733752796272150e+00  5.279766e-01  2.100509e+01  5.216238e+01  1.789928e+03  1.010047e+04  2.947339e+05  1.504231e+02  8.766616e+04  6.6477789233271797e+03
      9260  5.7875000000006542e+00  1.1868701540824805e-01  5.3839372259249991e+00  5.374050e-01  2.097022e+01  5.322680e+01  1.781837e+03  1.027783e+04  2.934764e+05  1.520599e+02  9.093569e+04  6.6501506373569719e+03
      9270  5.7937500000006574e+00  1.1866456031234433e-01  5.3946164500732232e+00  5.468591e-01  2.093614e+01  5.427483e+01  1.773320e+03  1.044425e+04  2.919567e+05  1.537702e+02  9.442034e+04  6.6522234900196399e+03
      9280  5.8000000000006606e+00  1.1864206046898818e-01  5.4054179208543234e+00  5.563244e-01  2.090306e+01  5.530516e+01  1.764417e+03  1.059940e+04  2.901805e+05  1.555425e+02  9.810115e+04  6.6540363441666286e+03
      9290  5.8062500000006638e+00  1.1861951535865277e-01  5.4163465245179179e+00  5.657872e-01  2.087120e+01  5.631672e+01  1.755177e+03  1.074306e+04  2.881573e+05  1.573642e+02  1.019562e+05  6.6556297543871960e+03
      9300  5.8125000000006670e+00  1.1859692444164237e-01  5.4274070529991016e+00  5.752339e-01  2.084079e+01  5.730869e+01  1.745657e+03  1.087511e+04  2.859004e+05  1.592222e+02  1.059607e+05  6.6570458165994341e+03
      9310  5.8187500000006702e+00  1.1857428715851291e-01  5.4386041927270830e+00  5.846520e-01  2.081208e+01  5.828054e+01  1.735921e+03  1.099557e+04  2.834267e+05  1.611026e+02  1.100870e+05  6.6583280179434259e+03
      9320  5.8250000000006734e+00  1.1855160293052917e-01  5.4499425140852260e+00  5.940291e-01  2.078530e+01  5.923200e+01  1.726041e+03  1.110458e+04  2.807563e+05  1.629913e+02  1.143052e+05  6.6595210876628307e+03
      9330  5.8312500000006766e+00  1.1852887116017123e-01  5.4614264615797641e+00  6.033539e-01  2.076073e+01  6.016310e+01  1.716096e+03  1.120242e+04  2.779122e+05  1.648740e+02  1.185832e+05  6.6606708492197258e+03
      9340  5.8375000000006798e+00  1.1850609123167907e-01  5.4730603447735220e+00  6.126155e-01  2.073863e+01  6.107412e+01  1.706168e+03  1.128948e+04  2.749200e+05  1.667363e+02  1.228870e+05  6.6618240735027284e+03
      9350  5.8437500000006830e+00  1.1848326251162927e-01  5.4848483300392159e+00  6.218041e-01  2.071926e+01  6.196566e+01  1.696346e+03  1.136630e+04  2.718075e+05  1.685639e+02  1.271816e+05  6.6630283326969793e+03
      9360  5.8500000000006862e+00  1.1846038434955039e-01  5.4967944331857090e+00  6.309102e-01  2.070290e+01  6.283857e+01  1.686722e+03  1.143351e+04  2.686041e+05  1.703429e+02  1.314313e+05  6.6643318542259331e+03
      9370  5.8562500000006894e+00  1.1843745607856108e-01  5.5089025130099252e+00  6.399253e-01  2.068981e+01  6.369396e+01  1.677391e+03  1.149188e+04  2.653409e+05  1.720600e+02  1.356003e+05  6.6657833741758932e+03
      9380  5.8625000000006926e+00  1.1841447701603888e-01  5.5211762658239190e+00  6.488417e-01  2.068025e+01  6.453321e+01  1.668448e+03  1.154228e+04  2.620497e+05  1.737023e+02  1.396534e+05  6.6674319897923269e+03
      9390  5.8687500000006958e+00  1.1839144646430404e-01  5.5336192210034110e+00  6.576521e-01  2.067448e+01  6.535793e+01  1.659993e+03  1.158568e+04  2.587631e+05  1.752583e+02  1.435567e+05  6.6693270109991063e+03
      9400  5.8750000000006990e+00  1.1836836371132382e-01  5.5462347375974117e+00  6.663503e-01  2.067276e+01  6.616995e+01  1.652122e+03  1.162315e+04  2.555141e+05  1.767171e+02  1.472780e+05  6.6715178114191485e+03
      9410  5.8812500000007022e+00  1.1834522803142868e-01  5.5590260020293600e+00  6.749305e-01  2.067532e+01  6.697133e+01  1.644934e+03  1.165581e+04  2.523356e+05  1.780693e+02  1.507880e+05  6.6740536800371037e+03
      9420  5.8875000000007054e+00  1.1832203868603143e-01  5.5719960269082431e+00  6.833876e-01  2.068240e+01  6.776429e+01  1.638527e+03  1.168490e+04  2.492603e+05  1.793065e+02  1.540601e+05  6.6769836753871859e+03
      9430  5.8937500000007086e+00  1.1829879492435320e-01  5.5851476509516154e+00  6.917171e-01  2.069422e+01  6.855124e+01  1.632995e+03  1.171167e+04  2.463206e+05  1.804220e+02  1.570714e+05  6.6803564848971719e+03
      9440  5.9000000000007118e+00  1.1827549598414810e-01  5.5984835400039490e+00  6.999150e-01  2.071098e+01  6.933475e+01  1.628433e+03  1.173745e+04  2.435481e+05  1.814104e+02  1.598032e+05  6.6842202926923101e+03
      9450  5.9062500000007150e+00  1.1825214109241645e-01  5.6120061891111828e+00  7.079778e-01  2.073287e+01  7.011749e+01  1.624933e+03  1.176359e+04  2.409741e+05  1.822676e+02  1.622406e+05  6.6886226596647912e+03
      9460  5.9125000000007182e+00  1.1822872946611211e-01  5.6257179255890071e+00  7.159024e-01  2.076008e+01  7.090228e+01  1.622585e+03  1.179149e+04  2.386288e+05  1.829913e+02  1.643734e+05  6.6936104198602216e+03
      9470  5.9187500000007214e+00  1.1820526031283446e-01  5.6396209129979775e+00  7.236860e-01  2.079275e+01  7.169201e+01  1.621476e+03  1.182257e+04  2.365418e+05  1.835804e+02  1.661958e+05  6.6992295971486055e+03
      9480  5.9250000000007246e+00  1.1818173283149730e-01  5.6537171559149524e+00  7.313263e-01  2.083105e+01  7.248967e+01  1.621690e+03  1.185824e+04  2.347420e+05  1.840354e+02  1.677064e+05  6.7055253456878900e+03
      9490  5.9312500000007278e+00  1.1815814621298530e-01  5.6680085053696168e+00  7.388210e-01  2.087510e+01  7.329828e+01  1.623310e+03  1.189996e+04  2.332575e+05  1.843578e+02  1.689078e+05  6.7125419168415356e+03
      9500  5.9375000000007310e+00  1.1813449964077703e-01  5.6824966647987756e+00  7.461681e-01  2.092500e+01  7.412093e+01  1.626415e+03  1.194915e+04  2.321161e+05  1.845505e+02  1.698066e+05  6.7203226540159931e+03
      9510  5.9437500000007342e+00  1.1811079229155018e-01  5.6971831963596076e+00  7.533655e-01  2.098086e+01  7.496072e+01  1.631083e+03  1.200727e+04  2.313447e+05  1.846175e+02  1.704128e+05  6.7289100154129555e+03
      9520  5.9500000000007374e+00  1.1808702333575527e-01  5.7120695274407725e+00  7.604116e-01  2.104275e+01  7.582076e+01  1.637387e+03  1.207575e+04  2.309699e+05  1.845636e+02  1.707395e+05  6.7383456230689280e+03
      9530  5.9562500000007406e+00  1.1806319193816445e-01  5.7271569572131966e+00  7.673041e-01  2.111075e+01  7.670413e+01  1.645400e+03  1.215602e+04  2.310183e+05  1.843945e+02  1.708021e+05  6.7486703349283462e+03
      9540  5.9625000000007438e+00  1.1803929725839166e-01  5.7424466630746558e+00  7.740413e-01  2.118488e+01  7.761392e+01  1.655191e+03  1.224951e+04  2.315158e+05  1.841164e+02  1.706181e+05  6.7599243352210751e+03
      9550  5.9687500000007470e+00  1.1801533845138915e-01  5.7579397068616842e+00  7.806210e-01  2.126519e+01  7.855314e+01  1.666826e+03  1.235762e+04  2.324886e+05  1.837361e+02  1.702063e+05  6.7721472372382996e+03
      9560  5.9750000000007502e+00  1.1799131466791352e-01  5.7736370407270297e+00  7.870409e-01  2.135168e+01  7.952474e+01  1.680368e+03  1.248175e+04  2.339625e+05  1.832608e+02  1.695865e+05  6.7853781918195564e+03
      9570  5.9812500000007534e+00  1.1796722505497532e-01  5.7895395126113716e+00  7.932985e-01  2.144435e+01  8.053158e+01  1.695878e+03  1.262329e+04  2.359637e+05  1.826977e+02  1.687785e+05  6.7996559945190720e+03
      9580  5.9875000000007566e+00  1.1794306875626066e-01  5.8056478712715283e+00  7.993912e-01  2.154318e+01  8.157639e+01  1.713413e+03  1.278358e+04  2.385178e+05  1.820542e+02  1.678025e+05  6.8150191844697683e+03
      9590  5.9937500000007597e+00  1.1791884491253550e-01  5.8219627708637356e+00  8.053159e-01  2.164814e+01  8.266179e+01  1.733024e+03  1.296396e+04  2.416508e+05  1.813377e+02  1.666776e+05  6.8315061282901861e+03
      9600  6.0000000000007629e+00  1.1789455266203147e-01  5.8384847751185642e+00  8.110695e-01  2.175915e+01  8.379019e+01  1.754761e+03  1.316574e+04  2.453882e+05  1.805555e+02  1.654225e+05  6.8491550828133986e+03
      9610  6.0062500000007661e+00  1.1787019114081612e-01  5.8552143611837364e+00  8.166483e-01  2.187617e+01  8.496384e+01  1.778665e+03  1.339017e+04  2.497553e+05  1.797147e+02  1.640545e+05  6.8680042307810390e+03
      9620  6.0125000000007693e+00  1.1784575948314491e-01  5.8721519232545623e+00  8.220485e-01  2.199909e+01  8.618473e+01  1.804775e+03  1.363847e+04  2.547767e+05  1.788223e+02  1.625896e+05  6.8880916838257226e+03
      9630  6.0187500000007725e+00  1.1782125682179971e-01  5.8892977761566083e+00  8.272660e-01  2.212782e+01  8.745459e+01  1.833120e+03  1.391178e+04  2.604763e+05  1.778849e+02  1.610423e+05  6.9094554470837720e+03
      9640  6.0250000000007757e+00  1.1779668228841439e-01  5.9066521590953300e+00  8.322963e-01  2.226224e+01  8.877485e+01  1.863724e+03  1.421121e+04  2.668766e+05  1.769091e+02  1.594256e+05  6.9321333398571605e+03
      9650  6.0312500000007789e+00  1.1777203501377904e-01  5.9242152398376282e+00  8.371345e-01  2.240221e+01  9.014661e+01  1.896600e+03  1.453773e+04  2.739987e+05  1.759013e+02  1.577509e+05  6.9561628672955794e+03
      9660  6.0375000000007821e+00  1.1774731412813046e-01  5.9419871196389122e+00  8.417755e-01  2.254758e+01  9.157060e+01  1.931755e+03  1.489224e+04  2.818617e+05  1.748680e+02  1.560281e+05  6.9815810396599954e+03
      9670  6.0437500000007853e+00  1.1772251876141628e-01  5.9599678392702637e+00  8.462138e-01  2.269819e+01  9.304713e+01  1.969184e+03  1.527551e+04  2.904822e+05  1.738155e+02  1.542656e+05  7.0084241389018143e+03
      9680  6.0500000000007885e+00  1.1769764804353267e-01  5.9781573865228594e+00  8.504436e-01  2.285388e+01  9.457608e+01  2.008874e+03  1.568819e+04  2.998742e+05  1.727503e+02  1.524706e+05  7.0367274373616883e+03
      9690  6.0562500000007917e+00  1.1767270110452642e-01  5.9965557055650969e+00  8.544587e-01  2.301444e+01  9.615687e+01  2.050798e+03  1.613075e+04  3.100483e+05  1.716790e+02  1.506493e+05  7.0665248802267151e+03
      9700  6.0625000000007949e+00  1.1764767707475503e-01  6.0151627084923556e+00  8.582526e-01  2.317971e+01  9.778843e+01  2.094922e+03  1.660352e+04  3.210115e+05  1.706082e+02  1.488068e+05  7.0978487512434012e+03
      9710  6.0687500000007981e+00  1.1762257508499073e-01  6.0339782893382150e+00  8.618187e-01  2.334947e+01  9.946918e+01  2.141199e+03  1.710661e+04  3.327672e+05  1.695448e+02  1.469477e+05  7.1307293487450370e+03
      9720  6.0750000000008013e+00  1.1759739426646341e-01  6.0530023407132214e+00  8.651497e-01  2.352353e+01  1.011971e+02  2.189575e+03  1.763998e+04  3.453149e+05  1.684957e+02  1.450759e+05  7.1651947046066934e+03
      9730  6.0812500000008045e+00  1.1757213375082758e-01  6.0722347731132897e+00  8.682382e-01  2.370170e+01  1.029694e+02  2.239984e+03  1.820337e+04  3.586503e+05  1.674677e+02  1.431950e+05  7.2012703805904030e+03
      9740  6.0875000000008077e+00  1.1754679267004302e-01  6.0916755368140709e+00  8.710765e-01  2.388378e+01  1.047832e+02  2.292357e+03  1.879632e+04  3.727655e+05  1.664675e+02  1.413085e+05  7.2389793734593022e+03
      9750  6.0937500000008109e+00  1.1752137015616014e-01  6.1113246461594555e+00  8.736566e-01  2.406960e+01  1.066349e+02  2.346618e+03  1.941818e+04  3.876500e+05  1.655010e+02  1.394196e+05  7.2783421518659970e+03
      9760  6.1000000000008141e+00  1.1749586534099875e-01  6.1311822059864287e+00  8.759702e-01  2.425897e+01  1.085204e+02  2.402689e+03  2.006814e+04  4.032909e+05  1.645739e+02  1.375314e+05  7.3193768350756973e+03
      9770  6.1062500000008173e+00  1.1747027735571285e-01  6.1512484399172811e+00  8.780087e-01  2.445174e+01  1.104352e+02  2.460493e+03  2.074521e+04  4.196745e+05  1.636906e+02  1.356471e+05  7.3620995077909201e+03
      9780  6.1125000000008205e+00  1.1744460533023449e-01  6.1715237203057551e+00  8.797633e-01  2.464777e+01  1.123747e+02  2.519960e+03  2.144829e+04  4.367872e+05  1.628545e+02  1.337694e+05  7.4065246490697546e+03
      9790  6.1187500000008237e+00  1.1741884839258952e-01  6.1920085997399950e+00  8.812248e-01  2.484694e+01  1.143337e+02  2.581025e+03  2.217619e+04  4.546178e+05  1.620677e+02  1.319008e+05  7.4526656390989183e+03
      9800  6.1250000000008269e+00  1.1739300566807806e-01  6.2127038441741584e+00  8.823837e-01  2.504917e+01  1.163069e+02  2.643636e+03  2.292766e+04  4.731588e+05  1.613306e+02  1.300431e+05  7.5005352975305759e+03
      9810  6.1312500000008301e+00  1.1736707627831401e-01  6.2336104679586581e+00  8.832300e-01  2.525438e+01  1.182888e+02  2.707759e+03  2.370151e+04  4.924089e+05  1.606421e+02  1.281974e+05  7.5501464025731339e+03
      9820  6.1375000000008333e+00  1.1734105934011199e-01  6.2547297712483649e+00  8.837533e-01  2.546253e+01  1.202738e+02  2.773379e+03  2.449657e+04  5.123753e+05  1.599995e+02  1.263637e+05  7.6015121414380465e+03
      9830  6.1437500000008365e+00  1.1731495396421641e-01  6.2760633804614860e+00  8.839426e-01  2.567360e+01  1.222563e+02  2.840506e+03  2.531185e+04  5.330762e+05  1.593987e+02  1.245410e+05  7.6546464496007266e+03
      9840  6.1500000000008397e+00  1.1728875925384782e-01  6.2976132926261448e+00  8.837861e-01  2.588761e+01  1.242308e+02  2.909179e+03  2.614658e+04  5.545434e+05  1.588341e+02  1.227269e+05  7.7095642075303012e+03
      9850  6.1562500000008429e+00  1.1726247430305947e-01  6.3193819245693268e+00  8.832713e-01  2.610460e+01  1.261919e+02  2.979469e+03  2.700029e+04  5.768254e+05  1.582991e+02  1.209174e+05  7.7662812777574854e+03
      9860  6.1625000000008461e+00  1.1723609819487590e-01  6.3413721679695430e+00  8.823844e-01  2.632463e+01  1.281344e+02  3.051482e+03  2.787287e+04  5.999901e+05  1.577866e+02  1.191074e+05  7.8248143812382241e+03
      9870  6.1687500000008493e+00  1.1720962999918652e-01  6.3635874513055279e+00  8.811106e-01  2.654778e+01  1.300534e+02  3.125363e+03  2.876472e+04  6.241279e+05  1.572888e+02  1.172904e+05  7.8851808293153863e+03
      9880  6.1750000000008525e+00  1.1718306877036584e-01  6.3860318096849564e+00  8.794339e-01  2.677417e+01  1.319442e+02  3.201297e+03  2.967676e+04  6.493547e+05  1.567983e+02  1.154586e+05  7.9473981463493492e+03
      9890  6.1812500000008557e+00  1.1715641354458392e-01  6.4087099634226457e+00  8.773365e-01  2.700392e+01  1.338025e+02  3.279512e+03  3.061058e+04  6.758149e+05  1.563080e+02  1.136038e+05  8.0114836393550131e+03
      9900  6.1875000000008589e+00  1.1712966333677040e-01  6.4316274060414047e+00  8.747993e-01  2.723718e+01  1.356244e+02  3.360282e+03  3.156842e+04  7.036846e+05  1.558117e+02  1.117173e+05  8.0774539967703859e+03
      9910  6.1937500000008621e+00  1.1710281713719040e-01  6.4547905020592449e+00  8.718014e-01  2.747409e+01  1.374062e+02  3.443921e+03  3.255329e+04  7.331738e+05  1.553043e+02  1.097906e+05  8.1453250316281756e+03
      9920  6.2000000000008653e+00  1.1707587390759387e-01  6.4782065944562675e+00  8.683203e-01  2.771481e+01  1.391445e+02  3.530788e+03  3.356891e+04  7.645291e+05  1.547824e+02  1.078159e+05  8.2151117282123159e+03
      9930  6.2062500000008685e+00  1.1704883257689574e-01  6.5018841210123473e+00  8.643313e-01  2.795951e+01  1.408360e+02  3.621282e+03  3.461970e+04  7.980348e+05  1.542443e+02  1.057871e+05  8.2868288087359724e+03
      9940  6.2125000000008717e+00  1.1702169203635765e-01  6.5258327376773586e+00  8.598079e-01  2.820835e+01  1.424771e+02  3.715837e+03  3.571069e+04  8.340131e+05  1.536907e+02  1.037008e+05  8.3604921087227995e+03
      9950  6.2187500000008749e+00  1.1699445113424631e-01  6.5500634456784361e+00  8.547212e-01  2.846151e+01  1.440643e+02  3.814917e+03  3.684729e+04  8.728235e+05  1.531249e+02  1.015579e+05  8.4361211328945337e+03
      9960  6.2250000000008781e+00  1.1696710866996281e-01  6.5745887170855131e+00  8.490398e-01  2.871915e+01  1.455927e+02  3.919009e+03  3.803504e+04  9.148593e+05  1.525537e+02  9.936509e+04  8.5137432446710700e+03
      9970  6.2312500000008813e+00  1.1693966338766332e-01  6.5994226110130221e+00  8.427291e-01  2.898146e+01  1.470568e+02  4.028612e+03  3.927923e+04  9.605421e+05  1.519882e+02  9.713804e+04  8.5933999947576431e+03
      9980  6.2375000000008844e+00  1.1691211396943947e-01  6.6245808696261275e+00  8.357512e-01  2.924868e+01  1.484491e+02  4.144226e+03  4.058440e+04  1.010314e+06  1.514450e+02  9.490451e+04  8.6751560721757887e+03
      9990  6.2437500000008876e+00  1.1688445902815794e-01  6.6500809799604665e+00  8.280639e-01  2.952105e+01  1.497598e+02  4.266346e+03  4.195369e+04  1.064628e+06  1.509479e+02  9.270875e+04  8.7591112016705010e+03
     10000  6.2500000000008908e+00  1.1685669710014998e-01  6.6759421848817802e+00  8.196205e-01  2.979894e+01  1.509761e+02  4.395446e+03  4.338813e+04  1.123931e+06  1.505293e+02  9.061661e+04  8.8454149467073748e+03
     10010  6.2562500000008940e+00  1.1682882663798817e-01  6.7021854252603204e+00  8.103686e-01  3.008280e+01  1.520813e+02  4.531973e+03  4.488576e+04  1.188651e+06  1.502328e+02  8.872155e+04  8.9342837629322512e+03
     10020  6.2625000000008972e+00  1.1680084600368054e-01  6.7288331967802320e+00  8.002499e-01  3.037324e+01  1.530541e+02  4.676340e+03  4.644070e+04  1.259181e+06  1.501145e+02  8.715115e+04  9.0260188071866687e+03
     10030  6.2687500000009004e+00  1.1677275346266017e-01  6.7559093098225880e+00  7.891997e-01  3.067106e+01  1.538674e+02  4.828918e+03  4.804210e+04  1.335855e+06  1.502450e+02  8.607419e+04  9.1210220794180750e+03
     10040  6.2750000000009036e+00  1.1674454717898551e-01  6.7834385500458465e+00  7.771465e-01  3.097726e+01  1.544875e+02  4.990037e+03  4.967301e+04  1.418936e+06  1.507107e+02  8.570857e+04  9.2198077225851994e+03
     10050  6.2812500000009068e+00  1.1671622521214668e-01  6.8114462500560773e+00  7.640117e-01  3.129309e+01  1.548727e+02  5.159978e+03  5.130925e+04  1.508596e+06  1.516141e+02  8.633091e+04  9.3230050633299434e+03
     10060  6.2875000000009100e+00  1.1668778551579947e-01  6.8399577969650336e+00  7.497100e-01  3.162005e+01  1.549721e+02  5.338971e+03  5.291812e+04  1.604904e+06  1.530754e+02  8.828914e+04  9.4313505299783192e+03
     10070  6.2937500000009132e+00  1.1665922593862442e-01  6.8689981135724993e+00  7.341497e-01  3.195987e+01  1.547241e+02  5.527194e+03  5.445718e+04  1.707810e+06  1.552333e+02  9.201957e+04  9.5456670389016726e+03
     10080  6.3000000000009164e+00  1.1663054422731922e-01  6.8985911588597908e+00  7.172341e-01  3.231452e+01  1.540556e+02  5.724766e+03  5.587305e+04  1.817143e+06  1.582484e+02  9.806960e+04  9.6668316177020970e+03
     10090  6.3062500000009196e+00  1.1660173803155405e-01  6.9287594935808325e+00  6.988632e-01  3.268618e+01  1.528803e+02  5.931749e+03  5.710043e+04  1.932605e+06  1.623053e+02  1.071236e+05  9.7957344718644235e+03
     10100  6.3125000000009228e+00  1.1657280491053094e-01  6.9595239477229658e+00  6.789370e-01  3.307724e+01  1.510994e+02  6.148160e+03  5.806153e+04  2.053790e+06  1.676148e+02  1.200236e+05  9.9332348016180458e+03
     10110  6.3187500000009260e+00  1.1654374234068172e-01  6.9909034091947220e+00  6.573601e-01  3.349029e+01  1.486022e+02  6.374001e+03  5.866619e+04  2.180198e+06  1.744091e+02  1.377734e+05  1.0080119937674637e+04
     10120  6.3250000000009292e+00  1.1651454772398849e-01  7.0229147296064687e+00  6.340477e-01  3.392819e+01  1.452683e+02  6.609310e+03  5.881295e+04  2.311287e+06  1.829304e+02  1.615100e+05  1.0237074572643571e+04
     10130  6.3312500000009324e+00  1.1648521839650793e-01  7.0555727164027076e+00  6.089330e-01  3.439409e+01  1.409725e+02  6.854245e+03  5.839144e+04  2.446537e+06  1.934084e+02  1.924306e+05  1.0404666134101575e+04
     10140  6.3375000000009356e+00  1.1645575163683677e-01  7.0888901534195101e+00  5.819766e-01  3.489152e+01  1.355904e+02  7.109204e+03  5.728627e+04  2.585542e+06  2.060296e+02  2.316701e+05  1.0583351034735961e+04
     10150  6.3437500000009388e+00  1.1642614467457989e-01  7.1228777657893128e+00  5.531759e-01  3.542452e+01  1.290067e+02  7.374965e+03  5.538261e+04  2.728132e+06  2.209062e+02  2.801435e+05  1.0773505060857035e+04
     10160  6.3500000000009420e+00  1.1639639469926175e-01  7.1575440209156262e+00  5.225747e-01  3.599769e+01  1.211257e+02  7.652864e+03  5.257360e+04  2.874512e+06  2.380501e+02  3.383776e+05  1.0975479717692089e+04
     10170  6.3562500000009452e+00  1.1636649887063152e-01  7.1928946363015305e+00  4.902718e-01  3.661628e+01  1.118819e+02  7.944990e+03  4.876964e+04  3.025426e+06  2.573619e+02  4.063656e+05  1.1189684665627188e+04
     10180  6.3625000000009484e+00  1.1633645433187949e-01  7.2289316509232240e+00  4.564285e-01  3.728629e+01  1.012537e+02  8.254379e+03  4.390926e+04  3.182327e+06  2.786357e+02  4.834839e+05  1.1416693713988543e+04
     10190  6.3687500000009516e+00  1.1630625822788380e-01  7.2656519173660605e+00  4.212726e-01  3.801441e+01  8.927523e+01  8.585230e+03  3.797174e+04  3.347559e+06  3.015830e+02  5.684987e+05  1.1657367263440037e+04
     10200  6.3750000000009548e+00  1.1627590773115799e-01  7.3030448994833641e+00  3.851010e-01  3.880805e+01  7.605001e+01  8.943101e+03  3.099074e+04  3.524535e+06  3.258717e+02  6.596731e+05  1.1912976953234373e+04
     10210  6.3812500000009580e+00  1.1624540007851902e-01  7.3410897296350264e+00  3.482781e-01  3.967520e+01  6.176216e+01  9.335091e+03  2.306888e+04  3.717933e+06  3.511826e+02  7.549947e+05  1.2185308835196265e+04
     10220  6.3875000000009612e+00  1.1621473262145546e-01  7.3797516021312166e+00  3.112334e-01  4.062424e+01  4.668608e+01  9.769996e+03  1.439224e+04  3.933918e+06  3.772869e+02  8.525635e+05  1.2476711740540826e+04
     10230  6.3937500000009644e+00  1.1618390289249814e-01  7.4189777549331213e+00  2.744546e-01  4.166362e+01  3.119281e+01  1.025840e+04  5.244078e+03  4.180409e+06  4.041543e+02  9.512273e+05  1.2790052095586287e+04
     10240  6.4000000000009676e+00  1.1615290868843586e-01  7.4586934976112840e+00  2.384785e-01  4.280140e+01  1.575159e+01  1.081269e+04 -3.983657e+03  4.467434e+06  4.320858e+02  1.051562e+06  1.3128541014973633e+04
     10250  6.4062500000009708e+00  1.1612174816887999e-01  7.4987989307348215e+00  2.038762e-01  4.404467e+01  9.247771e-01  1.144692e+04 -1.278278e+04  4.807591e+06  4.618354e+02  1.157211e+06  1.3495418160046118e+04
     10260  6.4125000000009740e+00  1.1609041996576368e-01  7.5391671020791362e+00  1.712309e-01  4.539874e+01 -1.264715e+01  1.217658e+04 -2.052842e+04  5.216618e+06  4.946452e+02  1.276361e+06  1.3893509254213821e+04
     10270  6.4187500000009772e+00  1.1605892329628779e-01  7.5796442938921569e+00  1.411060e-01  4.686635e+01 -2.427453e+01  1.301811e+04 -2.649027e+04  5.714037e+06  5.320974e+02  1.422700e+06  1.4324713879041210e+04
     10280  6.4250000000009804e+00  1.1602725806936919e-01  7.6200529013113805e+00  1.140029e-01  4.844672e+01 -3.326573e+01  1.398819e+04 -2.986282e+04  6.323712e+06  5.757322e+02  1.614647e+06  1.4789514620982740e+04
     10290  6.4312500000009836e+00  1.1599542497449153e-01  7.6601969691558516e+00  9.031106e-02  5.013462e+01 -3.899545e+01  1.510258e+04 -2.982330e+04  7.073982e+06  6.264965e+02  1.871539e+06  1.5286612740780973e+04
     10300  6.4375000000009868e+00  1.1596342554255999e-01  7.6998699872884364e+00  7.025459e-02  5.191946e+01 -4.099263e+01  1.637440e+04 -2.562548e+04  7.996742e+06  6.842242e+02  2.206707e+06  1.5812779749753847e+04
     10310  6.4437500000009900e+00  1.1593126217093767e-01  7.7388641251086705e+00  5.384522e-02  5.378432e+01 -3.904017e+01  1.781145e+04 -1.673241e+04  9.124618e+06  7.473944e+02  2.619781e+06  1.6362970520281086e+04
     10320  6.4500000000009932e+00  1.1589893810885235e-01  7.7769798285709237e+00  4.085063e-02  5.570523e+01 -3.327159e+01  1.941270e+04 -2.980899e+03  1.048545e+07  8.133294e+02  3.092401e+06  1.6930684181092791e+04
     10330  6.4562500000009964e+00  1.1586645740400872e-01  7.8140346758627182e+00  3.078797e-02  5.765070e+01 -2.424330e+01  2.116416e+04  1.524585e+04  1.209396e+07  8.787887e+02  3.590717e+06  1.7508501707184503e+04
     10340  6.4625000000009996e+00  1.1583382481546980e-01  7.8498705892176268e+00  2.295012e-02  5.958191e+01 -1.295679e+01  2.303515e+04  3.688217e+04  1.394174e+07  9.407354e+02  4.074498e+06  1.8088691297999310e+04
     10350  6.4687500000010028e+00  1.1580104570093989e-01  7.8843588627584849e+00  1.646769e-02  6.145391e+01 -8.060215e-01  2.497624e+04  6.014470e+04  1.598840e+07  9.969786e+02  4.508854e+06  1.8663765898124206e+04
     10360  6.4750000000010060e+00  1.1576812588793470e-01  7.9174028795569518e+00  1.040476e-02  6.321794e+01  1.056653e+01  2.692046e+04  8.266590e+04  1.815790e+07  1.046474e+03  4.873226e+06  1.9226902530676332e+04
     10370  6.4812500000010091e+00  1.1573507153811817e-01  7.9489387405602141e+00  3.879544e-03  6.482499e+01  1.950245e+01  2.878868e+04  1.018348e+05  2.034338e+07  1.089222e+03  5.164146e+06  1.9772180457341747e+04
     10380  6.4875000000010123e+00  1.1570188901264458e-01  7.9789342344455445e+00 -3.805660e-03  6.622989e+01  2.461736e+01  3.049852e+04  1.153132e+05  2.242155e+07  1.125881e+03  5.391600e+06  2.0294647669995873e+04
     10390  6.4937500000010155e+00  1.1566858474442572e-01  8.0073866221671643e+00 -1.304650e-02  6.739529e+01  2.508822e+01  3.197499e+04  1.216069e+05  2.427282e+07  1.157266e+03  5.571569e+06  2.0790265636761829e+04
     10400  6.5000000000010187e+00  1.1563516512139559e-01  8.0343196339389973e+00 -2.385337e-02  6.829440e+01  2.086149e+01  3.315951e+04  1.205034e+05  2.580040e+07  1.183945e+03  5.718258e+06  2.1255799251314918e+04
     10410  6.5062500000010219e+00  1.1560163638342835e-01  8.0597799541914377e+00 -3.582210e-02  6.891185e+01  1.271553e+01  3.401463e+04  1.132056e+05  2.694115e+07  1.206043e+03  5.838822e+06  2.1688710931395392e+04
     10420  6.5125000000010251e+00  1.1556800453465553e-01  8.0838333720265663e+00 -4.816803e-02  6.924255e+01  2.148616e+00  3.452337e+04  1.020860e+05  2.766531e+07  1.223260e+03  5.931840e+06  2.2087092630227631e+04
     10430  6.5187500000010283e+00  1.1553427527227290e-01  8.1065607367977890e+00 -5.981951e-02  6.928915e+01 -8.883768e+00  3.468462e+04  9.013549e+04  2.796797e+07  1.235048e+03  5.989229e+06  2.2449640271191329e+04
     10440  6.5250000000010315e+00  1.1550045393233166e-01  8.1280538735246051e+00 -6.955456e-02  6.905926e+01 -1.831435e+01  3.450751e+04  8.028979e+04  2.785920e+07  1.240851e+03  6.000274e+06  2.2775653830794778e+04
     10450  6.5312500000010347e+00  1.1546654545230246e-01  8.1484116452271209e+00 -7.615634e-02  6.856362e+01 -2.430731e+01  3.400783e+04  7.483681e+04  2.735855e+07  1.240313e+03  5.956110e+06  2.3065038719521563e+04
     10460  6.5375000000010379e+00  1.1543255434938203e-01  8.1677363609096805e+00 -7.856202e-02  6.781578e+01 -2.552730e+01  3.320765e+04  7.504706e+04  2.649575e+07  1.233394e+03  5.853126e+06  2.3318288566491585e+04
     10470  6.5437500000010411e+00  1.1539848471273038e-01  8.1861306995796514e+00 -7.598462e-02  6.683311e+01 -2.129370e+01  3.213733e+04  8.107341e+04  2.531480e+07  1.220391e+03  5.694342e+06  2.3536440141762501e+04
     10480  6.5500000000010443e+00  1.1536434020724989e-01  8.2036952566602235e+00 -6.799442e-02  6.563846e+01 -1.161246e+01  3.083778e+04  9.208628e+04  2.387690e+07  1.201858e+03  5.488496e+06  2.3721002197786234e+04
     10490  6.5562500000010475e+00  1.1533012408623568e-01  8.2205267381110136e+00 -5.455487e-02  6.426130e+01  2.897564e+00  2.936081e+04  1.065671e+05  2.225855e+07  1.178483e+03  5.247449e+06  2.3873867894415773e+04
     10500  6.5625000000010507e+00  1.1529583921028096e-01  8.2367167501653515e+00 -3.601365e-02  6.273766e+01  2.115361e+01  2.776634e+04  1.226700e+05  2.054429e+07  1.150954e+03  4.983057e+06  2.3997223671128351e+04
     10510  6.5687500000010539e+00  1.1526148807018323e-01  8.2523510743735500e+00 -1.305439e-02  6.110853e+01  4.179805e+01  2.611704e+04  1.385696e+05  1.881620e+07  1.119866e+03  4.704732e+06  2.4093466055236306e+04
     10520  6.5750000000010571e+00  1.1522707281210307e-01  8.2675092871382905e+00  1.338203e-02  5.941696e+01  6.339302e+01  2.447167e+04  1.527306e+05  1.714368e+07  1.085691e+03  4.418439e+06  2.4165133261365499e+04
     10530  6.5812500000010603e+00  1.1519259526384702e-01  8.2822645822085263e+00  4.219540e-02  5.770460e+01  8.459141e+01  2.287926e+04  1.640658e+05  1.557663e+07  1.048812e+03  4.127148e+06  2.4214852509662593e+04
     10540  6.5875000000010635e+00  1.1515805696167628e-01  8.2966836802599158e+00  7.223057e-02  5.600842e+01  1.042637e+02  2.137536e+04  1.719790e+05  1.414351e+07  1.009578e+03  3.832220e+06  2.4245298985527817e+04
     10550  6.5937500000010667e+00  1.1512345917745159e-01  8.3108267531021731e+00  1.023758e-01  5.435827e+01  1.215714e+02  1.998098e+04  1.763159e+05  1.285368e+07  9.683791e+02  3.534896e+06  2.4259159538943011e+04
     10560  6.6000000000010699e+00  1.1508880294610364e-01  8.3247473397761844e+00  1.316450e-01  5.277561e+01  1.359894e+02  1.870409e+04  1.772631e+05  1.170246e+07  9.256823e+02  3.237326e+06  2.4259094334354118e+04
     10570  6.6062500000010731e+00  1.1505408909344834e-01  8.3384922759695836e+00  1.592357e-01  5.127350e+01  1.472871e+02  1.754251e+04  1.752305e+05  1.067687e+07  8.820500e+02  2.942883e+06  2.4247692459306691e+04
     10580  6.6125000000010763e+00  1.1501931826417733e-01  8.3521016870381128e+00  1.845613e-01  4.985759e+01  1.554818e+02  1.648755e+04  1.707460e+05  9.760576e+06  8.381231e+02  2.655921e+06  2.4227421384030484e+04
     10590  6.6187500000010795e+00  1.1498449094964310e-01  8.3656091043941458e+00  2.072569e-01  4.852770e+01  1.607803e+02  1.552726e+04  1.643745e+05  8.937456e+06  7.945863e+02  2.381185e+06  2.4200573518549896e+04
     10600  6.6250000000010827e+00  1.1494960751480253e-01  8.3790417562686077e+00  2.271628e-01  4.727965e+01  1.635175e+02  1.464897e+04  1.566628e+05  8.193504e+06  7.521235e+02  2.123180e+06  2.4169214883651748e+04
     10610  6.6312500000010859e+00  1.1491466822352875e-01  8.3924210623245195e+00  2.442938e-01  4.610695e+01  1.641010e+02  1.384101e+04  1.481053e+05  7.517549e+06  7.113730e+02  1.885663e+06  2.4135141090255544e+04
     10620  6.6375000000010891e+00  1.1487967326142165e-01  8.4057633344582143e+00  2.587983e-01  4.500216e+01  1.629635e+02  1.309345e+04  1.391257e+05  6.901123e+06  6.728867e+02  1.671334e+06  2.4099844784245273e+04
     10630  6.6437500000010923e+00  1.1484462275530487e-01  8.4190806602567676e+00  2.709159e-01  4.395776e+01  1.605266e+02  1.239832e+04  1.300687e+05  6.337902e+06  6.370989e+02  1.481684e+06  2.4064496908522291e+04
     10640  6.6500000000010955e+00  1.1480951678873476e-01  8.4323819260285013e+00  2.809381e-01  4.296674e+01  1.571738e+02  1.174941e+04  1.211987e+05  5.823019e+06  6.043052e+02  1.317003e+06  2.4029942287801186e+04
     10650  6.6562500000010987e+00  1.1477435541305966e-01  8.4456739248250923e+00  2.891748e-01  4.202274e+01  1.532342e+02  1.114185e+04  1.127040e+05  5.352457e+06  5.746556e+02  1.176467e+06  2.3996708776396481e+04
     10660  6.6625000000011019e+00  1.1473913865378949e-01  8.4589624905891601e+00  2.959301e-01  4.112010e+01  1.489741e+02  1.057168e+04  1.047049e+05  4.922594e+06  5.481592e+02  1.058323e+06  2.3965028627075761e+04
     10670  6.6687500000011051e+00  1.1470386651229375e-01  8.4722535999686546e+00  3.014843e-01  4.025370e+01  1.445960e+02  1.003548e+04  9.726448e+04  4.529947e+06  5.247008e+02  9.601224e+05  2.3934870791093999e+04
     10680  6.6750000000011083e+00  1.1466853896308392e-01  8.4855543864237468e+00  3.060838e-01  3.941890e+01  1.402429e+02  9.530136e+03  9.040107e+04  4.171065e+06  5.040647e+02  8.790070e+05  2.3905982708638247e+04
     10690  6.6812500000011115e+00  1.1463315594712668e-01  8.4988740162083278e+00  3.099356e-01  3.861149e+01  1.360061e+02  9.052692e+03  8.410075e+04  3.842551e+06  4.859644e+02  8.120015e+05  2.3877939902522859e+04
     10700  6.6875000000011147e+00  1.1459771736187443e-01  8.5122243825983013e+00  3.132052e-01  3.782765e+01  1.319354e+02  8.600370e+03  7.832915e+04  3.541135e+06  4.700729e+02  7.562698e+05  2.3850201530293190e+04
     10710  6.6937500000011179e+00  1.1456222304883022e-01  8.5256205829072531e+00  3.160175e-01  3.706409e+01  1.280495e+02  8.170607e+03  7.304121e+04  3.263787e+06  4.560515e+02  7.093017e+05  2.3822169691028619e+04
     10720  6.7000000000011211e+00  1.1452667277961337e-01  8.5390811524267889e+00  3.184597e-01  3.631815e+01  1.243464e+02  7.761155e+03  6.818872e+04  3.007806e+06  4.435745e+02  6.690155e+05  2.3793249964251419e+04
     10730  6.7062500000011243e+00  1.1449106624157250e-01  8.5526280400680097e+00  3.205846e-01  3.558794e+01  1.208120e+02  7.370176e+03  6.372540e+04  2.770894e+06  4.323476e+02  6.337820e+05  2.3762910230763566e+04
     10740  6.7125000000011275e+00  1.1445540302403918e-01  8.5662863234050910e+00  3.224165e-01  3.487242e+01  1.174268e+02  6.996315e+03  5.960999e+04  2.551190e+06  4.221200e+02  6.023906e+05  2.3730734063974858e+04
     10750  6.7187500000011307e+00  1.1441968260628396e-01  8.5800836784596104e+00  3.239560e-01  3.417144e+01  1.141710e+02  6.638735e+03  5.580778e+04  2.347272e+06  4.126891e+02  5.739878e+05  2.3696463646409964e+04
     10760  6.7250000000011338e+00  1.1438390434813400e-01  8.5940496445052368e+00  3.251857e-01  3.348567e+01  1.110277e+02  6.297108e+03  5.229078e+04  2.158122e+06  4.039007e+02  5.480093e+05  2.3660025916440918e+04
     10770  6.7312500000011370e+00  1.1434806748396789e-01  8.6082147548719359e+00  3.260757e-01  3.281654e+01  1.079834e+02  5.971555e+03  4.903714e+04  1.983061e+06  3.956445e+02  5.241218e+05  2.3621535927969831e+04
     10780  6.7375000000011402e+00  1.1431217112045637e-01  8.6226096327283059e+00  3.265877e-01  3.216605e+01  1.050284e+02  5.662547e+03  4.602987e+04  1.821663e+06  3.878494e+02  5.021760e+05  2.3581274757819996e+04
     10790  6.7437500000011434e+00  1.1427621423796071e-01  8.6372641620502382e+00  3.266790e-01  3.153662e+01  1.021558e+02  5.370788e+03  4.325513e+04  1.673657e+06  3.804783e+02  4.821669e+05  2.3539645528695099e+04
     10800  6.7500000000011466e+00  1.1424019569506642e-01  8.6522068272724368e+00  3.263055e-01  3.093086e+01  9.935911e+01  5.097079e+03  4.070046e+04  1.538832e+06  3.735222e+02  4.641929e+05  2.3497118032778944e+04
     10810  6.7562500000011498e+00  1.1420411423542547e-01  8.6674642706893881e+00  3.254237e-01  3.035148e+01  9.663081e+01  4.842196e+03  3.835296e+04  1.416947e+06  3.669947e+02  4.484105e+05  2.3454176268105613e+04
     10820  6.7625000000011530e+00  1.1416796849598634e-01  8.6830610595162341e+00  3.239916e-01  2.980110e+01  9.395974e+01  4.606779e+03  3.619772e+04  1.307672e+06  3.609248e+02  4.349854e+05  2.3411281341614114e+04
     10830  6.7687500000011562e+00  1.1413175701583970e-01  8.6990196073542752e+00  3.219689e-01  2.928213e+01  9.132861e+01  4.391251e+03  3.421621e+04  1.210543e+06  3.553479e+02  4.240478e+05  2.3368855901246094e+04
     10840  6.7750000000011594e+00  1.1409547824519342e-01  8.7153601736533464e+00  3.193142e-01  2.879664e+01  8.871125e+01  4.195753e+03  3.238492e+04  1.124944e+06  3.502968e+02  4.156550e+05  2.3327287975145013e+04
     10850  6.7812500000011626e+00  1.1405913055430018e-01  8.7321008740678447e+00  3.159817e-01  2.834625e+01  8.606967e+01  4.020108e+03  3.067396e+04  1.050104e+06  3.457939e+02  4.097705e+05  2.3286946527680164e+04
     10860  6.7875000000011658e+00  1.1402271224238983e-01  8.7492576627085334e+00  3.119165e-01  2.793195e+01  8.335171e+01  3.863815e+03  2.904608e+04  9.851232e+05  3.418459e+02  4.062669e+05  2.3248199585487378e+04
     10870  6.7937500000011690e+00  1.1398622154675808e-01  8.7668442790936076e+00  3.070517e-01  2.755403e+01  8.049012e+01  3.726081e+03  2.745631e+04  9.290188e+05  3.384456e+02  4.049538e+05  2.3211428041346258e+04
     10880  6.8000000000011722e+00  1.1394965665213408e-01  8.7848721744698217e+00  3.013085e-01  2.721206e+01  7.740428e+01  3.605913e+03  2.585301e+04  8.808081e+05  3.355786e+02  4.056285e+05  2.3177032868511757e+04
     10890  6.8062500000011754e+00  1.1391301570037418e-01  8.8033504380659995e+00  2.946001e-01  2.690496e+01  7.400520e+01  3.502279e+03  2.418037e+04  8.396301e+05  3.332354e+02  4.081375e+05  2.3145436803670174e+04
     10900  6.8125000000011786e+00  1.1387629680044856e-01  8.8222857371463714e+00  2.868425e-01  2.663122e+01  7.020377e+01  3.414315e+03  2.238241e+04  8.048989e+05  3.314253e+02  4.124362e+05  2.3117084372116638e+04
     10910  6.8187500000011818e+00  1.1383949803865780e-01  8.8416822702270217e+00  2.779674e-01  2.638919e+01  6.592100e+01  3.341556e+03  2.040757e+04  7.764623e+05  3.301898e+02  4.186330e+05  2.3092443159276081e+04
     10920  6.8250000000011850e+00  1.1380261748903955e-01  8.8615417218402097e+00  2.679369e-01  2.617730e+01  6.109770e+01  3.284116e+03  1.821225e+04  7.547197e+05  3.296146e+02  4.270243e+05  2.3072008090079216e+04
     10930  6.8312500000011882e+00  1.1376565322399178e-01  8.8818632039372591e+00  2.567568e-01  2.599426e+01  5.570160e+01  3.242725e+03  1.576200e+04  7.406503e+05  3.298427e+02  4.381362e+05  2.3056306383260984e+04
     10940  6.8375000000011914e+00  1.1372860332517022e-01  8.9026431814793323e+00  2.444845e-01  2.583897e+01  4.973012e+01  3.218589e+03  1.302994e+04  7.357228e+05  3.310890e+02  4.528113e+05  2.3045898251259681e+04
     10950  6.8437500000011946e+00  1.1369146589469589e-01  8.9238754039029367e+00  2.312315e-01  2.571023e+01  4.320927e+01  3.213061e+03  9.993448e+03  7.416939e+05  3.336530e+02  4.723734e+05  2.3041365977680074e+04
     10960  6.8500000000011978e+00  1.1365423906653813e-01  8.9455508950933158e+00  2.171602e-01  2.560635e+01  3.619043e+01  3.227175e+03  6.631733e+03  7.603326e+05  3.379214e+02  4.988834e+05  2.3043285530347970e+04
     10970  6.8562500000012010e+00  1.1361692101768260e-01  8.9676580763591467e+00  2.024771e-01  2.552463e+01  2.874768e+01  3.261160e+03  2.926895e+03  7.931148e+05  3.443403e+02  5.354026e+05  2.3052178696118415e+04
     10980  6.8625000000012042e+00  1.1357950997836744e-01  8.9901830966817382e+00  1.874229e-01  2.546102e+01  2.097757e+01  3.314033e+03 -1.129891e+03  8.409247e+05  3.533472e+02  5.861122e+05  2.3068452054564517e+04
     10990  6.8687500000012074e+00  1.1354200424041726e-01  9.0131104147717522e+00  1.722632e-01  2.541006e+01  1.300145e+01  3.383354e+03 -5.527654e+03  9.037767e+05  3.652622e+02  6.559983e+05  2.3092333290631737e+04
     11000  6.8750000000012106e+00  1.1350440216261599e-01  9.0364236273655614e+00  1.572786e-01  2.536507e+01  4.968863e+00  3.465209e+03 -1.022294e+04  9.805804e+05  3.801583e+02  7.498935e+05  2.3123820261998331e+04
     11010  6.8812500000012138e+00  1.1346670217220846e-01  9.0601064831354901e+00  1.427564e-01  2.531877e+01 -2.941282e+00  3.554413e+03 -1.512940e+04  1.068972e+06  3.977522e+02  8.708920e+05  2.3162652617765525e+04
     11020  6.8875000000012170e+00  1.1342890276194810e-01  9.0841439862677476e+00  1.289814e-01  2.526402e+01 -1.052419e+01  3.644926e+03 -2.011350e+04  1.165270e+06  4.173491e+02  1.018524e+06  2.3208312317621101e+04
     11030  6.8937500000012202e+00  1.1339100248255633e-01  9.1085234754705393e+00  1.162263e-01  2.519465e+01 -1.755917e+01  3.730398e+03 -2.499935e+04  1.264610e+06  4.378724e+02  1.187405e+06  2.3260051728112427e+04
     11040  6.9000000000012234e+00  1.1335299993092589e-01  9.1332355728828460e+00  1.047403e-01  2.510617e+01 -2.382545e+01  3.804783e+03 -2.958300e+04  1.361288e+06  4.579742e+02  1.367012e+06  2.3316945349298305e+04
     11050  6.9062500000012266e+00  1.1331489373481222e-01  9.1582749083368054e+00  9.473596e-02  2.499615e+01 -2.912150e+01  3.862903e+03 -3.365397e+04  1.449305e+06  4.762061e+02  1.542902e+06  2.3377960575066529e+04
     11060  6.9125000000012298e+00  1.1327668253511855e-01  9.1836405445116309e+00  8.637524e-02  2.486434e+01 -3.328438e+01  3.900886e+03 -3.701989e+04  1.523031e+06  4.912147e+02  1.699146e+06  2.3442039611448803e+04
     11070  6.9187500000012330e+00  1.1323836496712995e-01  9.2093360535819695e+00  7.975606e-02  2.471242e+01 -3.620532e+01  3.916418e+03 -3.952893e+04  1.577854e+06  5.019205e+02  1.821329e+06  2.3508187125699544e+04
     11080  6.9250000000012362e+00  1.1319993964220693e-01  9.2353692263994347e+00  7.490197e-02  2.454353e+01 -3.783895e+01  3.908776e+03 -4.108568e+04  1.610693e+06  5.076484e+02  1.899258e+06  2.3575551477266898e+04
     11090  6.9312500000012394e+00  1.1316140513142815e-01  9.2617514416097748e+00  7.175690e-02  2.436163e+01 -3.820503e+01  3.878673e+03 -4.165813e+04  1.620243e+06  5.081869e+02  1.928611e+06  2.3643490757161850e+04
     11100  6.9375000000012426e+00  1.1312275995246411e-01  9.2884967635309437e+00  7.018647e-02  2.417088e+01 -3.738359e+01  3.827957e+03 -4.127580e+04  1.606954e+06  5.037709e+02  1.911155e+06  2.3711613427802295e+04
     11110  6.9437500000012458e+00  1.1308400256060165e-01  9.3156208760344672e+00  6.998643e-02  2.397520e+01 -3.550510e+01  3.759266e+03 -4.002144e+04  1.572775e+06  4.949980e+02  1.853619e+06  2.3779789578140982e+04
     11120  6.9500000000012490e+00  1.1304513134433902e-01  9.3431399740464460e+00  7.089748e-02  2.377789e+01 -3.273792e+01  3.675689e+03 -3.801897e+04  1.520767e+06  4.827034e+02  1.765728e+06  2.3848133964078290e+04
     11130  6.9562500000012522e+00  1.1300614462547758e-01  9.3710697288010127e+00  7.262477e-02  2.358155e+01 -2.927485e+01  3.580511e+03 -3.542024e+04  1.454687e+06  4.678231e+02  1.658066e+06  2.3916966609922249e+04
     11140  6.9625000000012554e+00  1.1296704066319783e-01  9.3994244195445962e+00  7.486010e-02  2.338812e+01 -2.532003e+01  3.477023e+03 -3.239211e+04  1.378589e+06  4.512719e+02  1.540302e+06  2.3986760126281435e+04
     11150  6.9687500000012585e+00  1.1292781766128156e-01  9.4282162928837412e+00  7.730464e-02  2.319903e+01 -2.107659e+01  3.368385e+03 -2.910427e+04  1.296481e+06  4.338556e+02  1.420131e+06  2.4058081379455867e+04
     11160  6.9750000000012617e+00  1.1288847377745466e-01  9.4574551819464006e+00  7.969014e-02  2.301533e+01 -1.673567e+01  3.257506e+03 -2.571785e+04  1.212028e+06  4.162250e+02  1.302909e+06  2.4131534291978198e+04
     11170  6.9812500000012649e+00  1.1284900713375316e-01  9.4871483917272990e+00  8.179680e-02  2.283778e+01 -1.246709e+01  3.146909e+03 -2.237543e+04  1.128320e+06  3.988647e+02  1.191852e+06  2.4207708291614457e+04
     11180  6.9875000000012681e+00  1.1280941582682882e-01  9.5173008362694684e+00  8.346605e-02  2.266687e+01 -8.412188e+00  3.038581e+03 -1.919304e+04  1.047703e+06  3.821061e+02  1.088497e+06  2.4287135546806272e+04
     11190  6.9937500000012713e+00  1.1276969793721027e-01  9.5479153942733213e+00  8.460660e-02  2.250270e+01 -4.679332e+00  2.933865e+03 -1.625529e+04  9.717049e+05  3.661500e+02  9.932494e+05  2.4370259427762772e+04
     11200  7.0000000000012745e+00  1.1272985153672176e-01  9.5789934317611447e+00  8.519310e-02  2.234495e+01 -1.342226e+00  2.833412e+03 -1.361421e+04  9.010726e+05  3.510880e+02  9.058250e+05  2.4457416277818113e+04
     11210  7.0062500000012777e+00  1.1268987469348903e-01  9.6105354243980230e+00  8.525734e-02  2.219287e+01  1.559240e+00  2.737267e+03 -1.129166e+04  8.359064e+05  3.369208e+02  8.255588e+05  2.4548831534730172e+04
     11220  7.0125000000012809e+00  1.1264976547428769e-01  9.6425416021216979e+00  8.487358e-02  2.204547e+01  4.016192e+00  2.645059e+03 -9.284426e+03  7.758661e+05  3.235761e+02  7.516149e+05  2.4644629429937297e+04
     11230  7.0187500000012841e+00  1.1260952194429863e-01  9.6750125381948973e+00  8.414053e-02  2.190175e+01  6.046485e+00  2.556274e+03 -7.570548e+03  7.204022e+05  3.109304e+02  6.831136e+05  2.4744853323263305e+04
     11240  7.0250000000012873e+00  1.1256914216464836e-01  9.7079496150031481e+00  8.316306e-02  2.176108e+01  7.689178e+00  2.470519e+03 -6.115799e+03  6.689644e+05  2.988385e+02  6.192304e+05  2.4849492151370254e+04
     11250  7.0312500000012905e+00  1.1252862418836183e-01  9.7413553177242989e+00  8.203678e-02  2.162353e+01  8.997824e+00  2.387735e+03 -4.879417e+03  6.211512e+05  2.871698e+02  5.592944e+05  2.4958508009322584e+04
     11260  7.0375000000012937e+00  1.1248796605550306e-01  9.7752333307404626e+00  8.083779e-02  2.149001e+01  1.003290e+01  2.308287e+03 -3.818993e+03  5.767775e+05  2.758439e+02  5.028662e+05  2.5071860944449592e+04
     11270  7.0437500000012969e+00  1.1244716578834207e-01  9.8095884349581546e+00  7.961874e-02  2.136238e+01  1.085415e+01  2.232938e+03 -2.894658e+03  5.358612e+05  2.648559e+02  4.497812e+05  2.5189528315204912e+04
     11280  7.0500000000013001e+00  1.1240622138734119e-01  9.8444262240699310e+00  7.841107e-02  2.124326e+01  1.151399e+01  2.162747e+03 -2.072613e+03  4.985548e+05  2.542859e+02  4.001516e+05  2.5311517807303440e+04
     11290  7.0562500000013033e+00  1.1236513082865418e-01  9.8797526701572185e+00  7.723167e-02  2.113594e+01  1.205319e+01  2.098919e+03 -1.327660e+03  4.650588e+05  2.442890e+02  3.543223e+05  2.5437874540793026e+04
     11300  7.0625000000013065e+00  1.1232389206369386e-01  9.9155735733774009e+00  7.609159e-02  2.104408e+01  1.249975e+01  2.042679e+03 -6.441459e+02  4.355588e+05  2.350684e+02  3.127840e+05  2.5568682807367633e+04
     11310  7.0687500000013097e+00  1.1228250302117357e-01  9.9518939316840758e+00  7.500345e-02  2.097163e+01  1.287082e+01  1.995204e+03 -1.481804e+01  4.102068e+05  2.268409e+02  2.760658e+05  2.5704062811024647e+04
     11320  7.0750000000013129e+00  1.1224096161187069e-01  9.9887172705826952e+00  7.398518e-02  2.092266e+01  1.317718e+01  1.957636e+03  5.623247e+02  3.891500e+05  2.198018e+02  2.446247e+05  2.5844162001551493e+04
     11330  7.0812500000013161e+00  1.1219926573617940e-01  1.0026044985602756e+01  7.305818e-02  2.090120e+01  1.342838e+01  1.931167e+03  1.088540e+03  3.725974e+05  2.140975e+02  2.187534e+05  2.5989139724820259e+04
     11340  7.0875000000013193e+00  1.1215741329424896e-01  1.0063875770649700e+01  7.224040e-02  2.091098e+01  1.363601e+01  1.917150e+03  1.568951e+03  3.609113e+05  2.098123e+02  1.985201e+05  2.6139144869414034e+04
     11350  7.0937500000013225e+00  1.1211540219816504e-01  1.0102205222736195e+01  7.153622e-02  2.095502e+01  1.381246e+01  1.917161e+03  2.015401e+03  3.547025e+05  2.069715e+02  1.837565e+05  2.6294289067980215e+04
     11360  7.1000000000013257e+00  1.1207323038524469e-01  1.0141025713213613e+01  7.092706e-02  2.103502e+01  1.396307e+01  1.932888e+03  2.445144e+03  3.548819e+05  2.055619e+02  1.741162e+05  2.6454621280631342e+04
     11370  7.1062500000013289e+00  1.1203089583117898e-01  1.0180326587933724e+01  7.036718e-02  2.115074e+01  1.407267e+01  1.965770e+03  2.873220e+03  3.625836e+05  2.055593e+02  1.692109e+05  2.6620111816223565e+04
     11380  7.1125000000013321e+00  1.1198839656162386e-01  1.0220094702583845e+01  6.978864e-02  2.129934e+01  1.409165e+01  2.016392e+03  3.298735e+03  3.788798e+05  2.069452e+02  1.688095e+05  2.6790654405610450e+04
     11390  7.1187500000013353e+00  1.1194573066096640e-01  1.0260315221265909e+01  6.911771e-02  2.147534e+01  1.393059e+01  2.083847e+03  3.690081e+03  4.043024e+05  2.096935e+02  1.730114e+05  2.6966093350765106e+04
     11400  7.1250000000013385e+00  1.1190289627747269e-01  1.0300972519747821e+01  6.830162e-02  2.167109e+01  1.347230e+01  2.165410e+03  3.979058e+03  4.383744e+05  2.137210e+02  1.822470e+05  2.7146278987214981e+04
     11410  7.1312500000013417e+00  1.1185989162486434e-01  1.0342050961039728e+01  6.734091e-02  2.187802e+01  1.260454e+01  2.256865e+03  4.073675e+03  4.794755e+05  2.188253e+02  1.969843e+05  2.7331147663484822e+04
     11420  7.1375000000013449e+00  1.1181671498139249e-01  1.0383535281579521e+01  6.631943e-02  2.208831e+01  1.126562e+01  2.353493e+03  3.890728e+03  5.252514e+05  2.246549e+02  2.172036e+05  2.7520811637224342e+04
     11430  7.1437500000013481e+00  1.1177336468851028e-01  1.0425410375637526e+01  6.542215e-02  2.229646e+01  9.485229e+00  2.451346e+03  3.395481e+03  5.734130e+05  2.307547e+02  2.419804e+05  2.7715632015340274e+04
     11440  7.1500000000013513e+00  1.1172983915184097e-01  1.0467660409815299e+01  6.493243e-02  2.250012e+01  7.400891e+00  2.548169e+03  2.627742e+03  6.224536e+05  2.366905e+02  2.695897e+05  2.7916241462144149e+04
     11450  7.1562500000013545e+00  1.1168613684701326e-01  1.0510267411246140e+01  6.520503e-02  2.269985e+01  5.239957e+00  2.643544e+03  1.699764e+03  6.718798e+05  2.422009e+02  2.982465e+05  2.8123491113419550e+04
     11460  7.1625000000013577e+00  1.1164225633187784e-01  1.0553209677057357e+01  6.661791e-02  2.289807e+01  3.272308e+00  2.738275e+03  7.677645e+02  7.219351e+05  2.472877e+02  3.270632e+05  2.8338319775159376e+04
     11470  7.1687500000013609e+00  1.1159819626491055e-01  1.0596460457280186e+01  6.951305e-02  2.309748e+01  1.751208e+00  2.833442e+03 -8.166591e+00  7.731065e+05  2.521860e+02  3.565835e+05  2.8561573780918901e+04
     11480  7.1750000000013641e+00  1.1155395542780112e-01  1.0639987313273799e+01  7.414079e-02  2.329981e+01  8.620712e-01  2.929536e+03 -5.000326e+02  8.256647e+05  2.572292e+02  3.885508e+05  2.8793827419824098e+04
     11490  7.1812500000013673e+00  1.1150953274887999e-01  1.0683752362807258e+01  8.062180e-02  2.350513e+01  6.929075e-01  3.025921e+03 -6.352010e+02  8.792948e+05  2.626720e+02  4.250104e+05  2.9035255789503793e+04
     11500  7.1875000000013705e+00  1.1146492732372033e-01  1.0727713363244780e+01  8.893554e-02  2.371194e+01  1.231205e+00  3.120684e+03 -4.047706e+02  9.328040e+05  2.685483e+02  4.671148e+05  2.9285595495662630e+04
     11510  7.1937500000013737e+00  1.1142013842995784e-01  1.0771825344422748e+01  9.893648e-02  2.391773e+01  2.384306e+00  3.210871e+03  1.429731e+02  9.840134e+05  2.746203e+02  5.141178e+05  2.9544203162420472e+04
     11520  7.2000000000013769e+00  1.1137516553493298e-01  1.0816042355506351e+01  1.103913e-01  2.411991e+01  4.015099e+00  3.293088e+03  9.226218e+02  1.030009e+06  2.804424e+02  5.630607e+05  2.9810195433996618e+04
     11530  7.2062500000013801e+00  1.1133000829662697e-01  1.0860318882422643e+01  1.230260e-01  2.431668e+01  5.982077e+00  3.364325e+03  1.840331e+03  1.067804e+06  2.855057e+02  6.094289e+05  3.0082630353601347e+04
     11540  7.2125000000013832e+00  1.1128466655997497e-01  1.0904610639020053e+01  1.365728e-01  2.450768e+01  8.173292e+00  3.422784e+03  2.822386e+03  1.095203e+06  2.893941e+02  6.485606e+05  3.0360672902350881e+04
     11550  7.2187500000013864e+00  1.1123914035132500e-01  1.0948874698048138e+01  1.508062e-01  2.469439e+01  1.052719e+01  3.468453e+03  3.834558e+03  1.111532e+06  2.918937e+02  6.771380e+05  3.0643686626643110e+04
     11560  7.2250000000013896e+00  1.1119342987336819e-01  1.0993069205567537e+01  1.655669e-01  2.487997e+01  1.303818e+01  3.503283e+03  4.887278e+03  1.117937e+06  2.930296e+02  6.940939e+05  3.0931217531352915e+04
     11570  7.2312500000013928e+00  1.1114753550144302e-01  1.1037153080366691e+01  1.807686e-01  2.506900e+01  1.574882e+01  3.530968e+03  6.027699e+03  1.117227e+06  2.930388e+02  7.006385e+05  3.1222882782616314e+04
     11580  7.2375000000013960e+00  1.1110145778047656e-01  1.1081086043618388e+01  1.963900e-01  2.526680e+01  1.873278e+01  3.556455e+03  7.324084e+03  1.113387e+06  2.923006e+02  6.996156e+05  3.1518225204924740e+04
     11590  7.2437500000013992e+00  1.1105519742088414e-01  1.1124829070270948e+01  2.124538e-01  2.547874e+01  2.207348e+01  3.585314e+03  8.848880e+03  1.110988e+06  2.912546e+02  6.946901e+05  3.1816615938524719e+04
     11600  7.2500000000014024e+00  1.1100875529201405e-01  1.1168345043833314e+01  2.289973e-01  2.570940e+01  2.584265e+01  3.623051e+03  1.066489e+04  1.114630e+06  2.903283e+02  6.894385e+05  3.2117263917396922e+04
     11610  7.2562500000014056e+00  1.1096213241310374e-01  1.1211599218056396e+01  2.460434e-01  2.596165e+01  3.008237e+01  3.674401e+03  1.281551e+04  1.128457e+06  2.898845e+02  6.867604e+05  3.2419332731629333e+04
     11620  7.2625000000014088e+00  1.1091532994331113e-01  1.1254559148232291e+01  2.635765e-01  2.623592e+01  3.479203e+01  3.742597e+03  1.531682e+04  1.155667e+06  2.901905e+02  6.887674e+05  3.2722108519126534e+04
     11630  7.2687500000014120e+00  1.1086834917333575e-01  1.1297194003489874e+01  2.815310e-01  2.652965e+01  3.992066e+01  3.828660e+03  1.814879e+04  1.197948e+06  2.913970e+02  6.966257e+05  3.3025140452846405e+04
     11640  7.2750000000014152e+00  1.1082119152088700e-01  1.1339473457188156e+01  2.997916e-01  2.683723e+01  4.536477e+01  3.930850e+03  2.124408e+04  1.254834e+06  2.935239e+02  7.101870e+05  3.3328294275011969e+04
     11650  7.2812500000014184e+00  1.1077385853100233e-01  1.1381366538212346e+01  3.182037e-01  2.715047e+01  5.097264e+01  4.044421e+03  2.447645e+04  1.323044e+06  2.964532e+02  7.283728e+05  3.3631698435356200e+04
     11660  7.2875000000014216e+00  1.1072635188048439e-01  1.1422840866341943e+01  3.365906e-01  2.745959e+01  5.655715e+01  4.161909e+03  2.765666e+04  1.396123e+06  2.999335e+02  7.486043e+05  3.3935598759292669e+04
     11670  7.2937500000014248e+00  1.1067867338409018e-01  1.1463862615377671e+01  3.547741e-01  2.775462e+01  6.191929e+01  4.274115e+03  3.054575e+04  1.464802e+06  3.035962e+02  7.673818e+05  3.4240162310088330e+04
     11680  7.3000000000014280e+00  1.1063082499898731e-01  1.1504397384276214e+01  3.725940e-01  2.802702e+01  6.688204e+01  4.371797e+03  3.289509e+04  1.518510e+06  3.069861e+02  7.800575e+05  3.4545285126862596e+04
     11690  7.3062500000014312e+00  1.1058280882371616e-01  1.1544411932981633e+01  3.899261e-01  2.827110e+01  7.132926e+01  4.447829e+03  3.451045e+04  1.548082e+06  3.096163e+02  7.818588e+05  3.4850463764953616e+04
     11700  7.3125000000014344e+00  1.1053462708860623e-01  1.1583876490545162e+01  4.066932e-01  2.848499e+01  7.523887e+01  4.499199e+03  3.532115e+04  1.548827e+06  3.110570e+02  7.686915e+05  3.5154776175896703e+04
     11710  7.3187500000014376e+00  1.1048628213625522e-01  1.1622767153379844e+01  4.228689e-01  2.867085e+01  7.869655e+01  4.528067e+03  3.542209e+04  1.522644e+06  3.110433e+02  7.389750e+05  3.5456980689762517e+04
     11720  7.3250000000014408e+00  1.1043777639281466e-01  1.1661067857872398e+01  4.384714e-01  2.883416e+01  8.188112e+01  4.541343e+03  3.506243e+04  1.477799e+06  3.095721e+02  6.940306e+05  3.5755693140673968e+04
     11730  7.3312500000014440e+00  1.1038911233265922e-01  1.1698771569938108e+01  4.535495e-01  2.898238e+01  8.502324e+01  4.548811e+03  3.457948e+04  1.426360e+06  3.069340e+02  6.392627e+05  3.6049571726051217e+04
     11740  7.3375000000014472e+00  1.1034029243995283e-01  1.1735880605892600e+01  4.681643e-01  2.912312e+01  8.835101e+01  4.560565e+03  3.430826e+04  1.380542e+06  3.036591e+02  5.813627e+05  3.6337446094020182e+04
     11750  7.3437500000014504e+00  1.1029131917043036e-01  1.1772406244531350e+01  4.823714e-01  2.926259e+01  9.204045e+01  4.584682e+03  3.450267e+04  1.349585e+06  3.003850e+02  5.278339e+05  3.6618364184227066e+04
     11760  7.3500000000014536e+00  1.1024219491574674e-01  1.1808367908315095e+01  4.962078e-01  2.940441e+01  9.618441e+01  4.625817e+03  3.529644e+04  1.338359e+06  2.977017e+02  4.838681e+05  3.6891573452695608e+04
     11770  7.3562500000014568e+00  1.1019292197162744e-01  1.1843792168992865e+01  5.096858e-01  2.954919e+01  1.007845e+02  4.684876e+03  3.670336e+04  1.347502e+06  2.960331e+02  4.520905e+05  3.7156473943765006e+04
     11780  7.3625000000014600e+00  1.1014350251018010e-01  1.1878711731527781e+01  5.227930e-01  2.969460e+01  1.057621e+02  4.759513e+03  3.864347e+04  1.374503e+06  2.955820e+02  4.326885e+05  3.7412581389853287e+04
     11790  7.3687500000014632e+00  1.1009393855635127e-01  1.1913164442296114e+01  5.354984e-01  2.983603e+01  1.109805e+02  4.845056e+03  4.097799e+04  1.414980e+06  2.963348e+02  4.241240e+05  3.7659521673120777e+04
     11800  7.3750000000014664e+00  1.1004423196849063e-01  1.1947192291728888e+01  5.477606e-01  2.996733e+01  1.162707e+02  4.935539e+03  4.354144e+04  1.463775e+06  2.981027e+02  4.239764e+05  3.7897056551045549e+04
     11810  7.3812500000014696e+00  1.0999438442316807e-01  1.1980840365760802e+01  5.595379e-01  3.008173e+01  1.214562e+02  5.024632e+03  4.616630e+04  1.515732e+06  3.005838e+02  4.295870e+05  3.8125131271117098e+04
     11820  7.3875000000014728e+00  1.0994439740455399e-01  1.2014155710977112e+01  5.707969e-01  3.017268e+01  1.263722e+02  5.106400e+03  4.870013e+04  1.566226e+06  3.034218e+02  4.384351e+05  3.8343921236310765e+04
     11830  7.3937500000014760e+00  1.0989427219872923e-01  1.2047186121402527e+01  5.815189e-01  3.023448e+01  1.308794e+02  5.175825e+03  5.101617e+04  1.611487e+06  3.062555e+02  4.483162e+05  3.8553861923865108e+04
     11840  7.4000000000014792e+00  1.0984400989316220e-01  1.2079978895686844e+01  5.917035e-01  3.026273e+01  1.348716e+02  5.229113e+03  5.301873e+04  1.648753e+06  3.087580e+02  4.574455e+05  3.8755649863754814e+04
     11850  7.4062500000014824e+00  1.0979361138132265e-01  1.2112579636775253e+01  6.013693e-01  3.025459e+01  1.382781e+02  5.263803e+03  5.464432e+04  1.676284e+06  3.106590e+02  4.644876e+05  3.8950209589595281e+04
     11860  7.4125000000014856e+00  1.0974307737206064e-01  1.2145031179264018e+01  6.105519e-01  3.020885e+01  1.410618e+02  5.278695e+03  5.585926e+04  1.693255e+06  3.117568e+02  4.685362e+05  3.9138635441342201e+04
     11870  7.4187500000014888e+00  1.0969240840307139e-01  1.2177372708028109e+01  6.192992e-01  3.012582e+01  1.432148e+02  5.273677e+03  5.665495e+04  1.699577e+06  3.119189e+02  4.690640e+05  3.9322117406729711e+04
     11880  7.4250000000014920e+00  1.0964160485755207e-01  1.2209639103323925e+01  6.276676e-01  3.000711e+01  1.447523e+02  5.249491e+03  5.704182e+04  1.695680e+06  3.110773e+02  4.658568e+05  3.9501865127123841e+04
     11890  7.4312500000014952e+00  1.0959066698308755e-01  1.2241860515321843e+01  6.357164e-01  2.985545e+01  1.457061e+02  5.207485e+03  5.704319e+04  1.682310e+06  3.092195e+02  4.589426e+05  3.9679041315585229e+04
     11900  7.4375000000014984e+00  1.0953959491186260e-01  1.2274062143873035e+01  6.435050e-01  2.967439e+01  1.461195e+02  5.149400e+03  5.669005e+04  1.660375e+06  3.063784e+02  4.485326e+05  3.9854709920863541e+04
     11910  7.4437500000015016e+00  1.0948838868141821e-01  1.2306264187789777e+01  6.510902e-01  2.946807e+01  1.460429e+02  5.077209e+03  5.601726e+04  1.630838e+06  3.026235e+02  4.349773e+05  4.0029801685369777e+04
     11920  7.4500000000015048e+00  1.0943704825533702e-01  1.2338481922582684e+01  6.585252e-01  2.924097e+01  1.455309e+02  4.993002e+03  5.506154e+04  1.594675e+06  2.980521e+02  4.187319e+05  4.0205096609453954e+04
     11930  7.4562500000015079e+00  1.0938557354343181e-01  1.2370725860610465e+01  6.658593e-01  2.899776e+01  1.446412e+02  4.898933e+03  5.386094e+04  1.552877e+06  2.927824e+02  4.003314e+05  4.0381223070500710e+04
     11940  7.4625000000015111e+00  1.0933396442118935e-01  1.2403001937205978e+01  6.731387e-01  2.874313e+01  1.434344e+02  4.797180e+03  5.245537e+04  1.506475e+06  2.869475e+02  3.803668e+05  4.0558674837090395e+04
     11950  7.4687500000015143e+00  1.0928222074851934e-01  1.2435311651639228e+01  6.804062e-01  2.848164e+01  1.419738e+02  4.689937e+03  5.088742e+04  1.456572e+06  2.806911e+02  3.594602e+05  4.0737846426969903e+04
     11960  7.4750000000015175e+00  1.0923034238815835e-01  1.2467652086224028e+01  6.877022e-01  2.821765e+01  1.403257e+02  4.579385e+03  4.920290e+04  1.404356e+06  2.741636e+02  3.382376e+05  4.0919083844260844e+04
     11970  7.4812500000015207e+00  1.0917832922435684e-01  1.2500015745741285e+01  6.950647e-01  2.795525e+01  1.385584e+02  4.467663e+03  4.745043e+04  1.351087e+06  2.675183e+02  3.172988e+05  4.1102741355607373e+04
     11980  7.4875000000015239e+00  1.0912618118264818e-01  1.2532390210313281e+01  7.025296e-01  2.769815e+01  1.367407e+02  4.356811e+03  4.567996e+04  1.298051e+06  2.609071e+02  2.971865e+05  4.1289229161698277e+04
     11990  7.4937500000015271e+00  1.0907389825135291e-01  1.2564757668552312e+01  7.101318e-01  2.744968e+01  1.349398e+02  4.248709e+03  4.394042e+04  1.246491e+06  2.544744e+02  2.783564e+05  4.1479034910822578e+04
     12000  7.5000000000015303e+00  1.0902148050504966e-01  1.2597094470993250e+01  7.179053e-01  2.721266e+01  1.332190e+02  4.145003e+03  4.227693e+04  1.197517e+06  2.483487e+02  2.611533e+05  4.1672706236993654e+04
     12010  7.5062500000015335e+00  1.0896892812954731e-01  1.2629370888194796e+01  7.258833e-01  2.698936e+01  1.316345e+02  4.047041e+03  4.072825e+04  1.152031e+06  2.426333e+02  2.457931e+05  4.1870790875448474e+04
     12020  7.5125000000015367e+00  1.0891624144711302e-01  1.2661551254818617e+01  7.340971e-01  2.678140e+01  1.302338e+02  3.955827e+03  3.932486e+04  1.110672e+06  2.373970e+02  2.323534e+05  4.2073742180077395e+04
     12030  7.5187500000015399e+00  1.0886342094005529e-01  1.2693594628052566e+01  7.425732e-01  2.658972e+01  1.290535e+02  3.872007e+03  3.808800e+04  1.073793e+06  2.326699e+02  2.207828e+05  4.2281808487846305e+04
     12040  7.5250000000015431e+00  1.0881046727039910e-01  1.2725455996831885e+01  7.513306e-01  2.641465e+01  1.281182e+02  3.795879e+03  3.702948e+04  1.041480e+06  2.284448e+02  2.109286e+05  4.2494930238405992e+04
     12050  7.5312500000015463e+00  1.0875738129346625e-01  1.2757087972944451e+01  7.603778e-01  2.625599e+01  1.274398e+02  3.727452e+03  3.615223e+04  1.013600e+06  2.246864e+02  2.025774e+05  4.2712668884061546e+04
     12060  7.5375000000015495e+00  1.0870416406365954e-01  1.2788442801220281e+01  7.697103e-01  2.611321e+01  1.270186e+02  3.666520e+03  3.545145e+04  9.898648e+05  2.213448e+02  1.954955e+05  4.2934184716919968e+04
     12070  7.5437500000015527e+00  1.0865081683156985e-01  1.2819474469431141e+01  7.793091e-01  2.598565e+01  1.268447e+02  3.612753e+03  3.491621e+04  9.699065e+05  2.183700e+02  1.894606e+05  4.3158269504100645e+04
     12080  7.5500000000015559e+00  1.0859734103246324e-01  1.2850140690630058e+01  7.891388e-01  2.587268e+01  1.269009e+02  3.565765e+03  3.453148e+04  9.533308e+05  2.157224e+02  1.842823e+05  4.3383427580192809e+04
     12090  7.5562500000015591e+00  1.0854373826710291e-01  1.2880404571302222e+01  7.991461e-01  2.577367e+01  1.271661e+02  3.525146e+03  3.428034e+04  9.397545e+05  2.133775e+02  1.798129e+05  4.3607988280703634e+04
     12100  7.5625000000015623e+00  1.0849001027647813e-01  1.2910235851966773e+01  8.092580e-01  2.568798e+01  1.276176e+02  3.490447e+03  3.414596e+04  9.288159e+05  2.113219e+02  1.759498e+05  4.3830227075073162e+04
     12110  7.5687500000015655e+00  1.0843615891232325e-01  1.2939611694344855e+01  8.193800e-01  2.561477e+01  1.282323e+02  3.461143e+03  3.411320e+04  9.201663e+05  2.095437e+02  1.726272e+05  4.4048473435919943e+04
     12120  7.5750000000015687e+00  1.0838218610523910e-01  1.2968517065307386e+01  8.293956e-01  2.555287e+01  1.289870e+02  3.436600e+03  3.416933e+04  9.134551e+05  2.080216e+02  1.697970e+05  4.4261188456003430e+04
     12130  7.5812500000015719e+00  1.0832809383190228e-01  1.2996944822673102e+01  8.391671e-01  2.550068e+01  1.298573e+02  3.416064e+03  3.430388e+04  9.083201e+05  2.067174e+02  1.674039e+05  4.4467005430986646e+04
     12140  7.5875000000015751e+00  1.0827388408235210e-01  1.3024895626542428e+01  8.485394e-01  2.545624e+01  1.308161e+02  3.398701e+03  3.450756e+04  9.043942e+05  2.055746e+02  1.653660e+05  4.4664735716481191e+04
     12150  7.5937500000015783e+00  1.0821955882784202e-01  1.3052377787590165e+01  8.573447e-01  2.541736e+01  1.318311e+02  3.383663e+03  3.477061e+04  9.013279e+05  2.045250e+02  1.635702e+05  4.4853351258160277e+04
     12160  7.6000000000015815e+00  1.0816511998935002e-01  1.3079407122755727e+01  8.654113e-01  2.538186e+01  1.328644e+02  3.370178e+03  3.508114e+04  8.988196e+05  2.034993e+02  1.618872e+05  4.5031958929057349e+04
     12170  7.6062500000015847e+00  1.0811056940665305e-01  1.3106006833535327e+01  8.725735e-01  2.534773e+01  1.338726e+02  3.357620e+03  3.542420e+04  8.966414e+05  2.024387e+02  1.601982e+05  4.5199782280246771e+04
     12180  7.6125000000015879e+00  1.0805590880793828e-01  1.3132207364800136e+01  8.786844e-01  2.531341e+01  1.348091e+02  3.345547e+03  3.578189e+04  8.946468e+05  2.013028e+02  1.584197e+05  4.5356161131505403e+04
     12190  7.6187500000015911e+00  1.0800113978017695e-01  1.3158046159535559e+01  8.836287e-01  2.527777e+01  1.356277e+02  3.333699e+03  3.613479e+04  8.927571e+05  2.000725e+02  1.565160e+05  4.5500572678633704e+04
     12200  7.6250000000015943e+00  1.0794626374089952e-01  1.3183567206603996e+01  8.873349e-01  2.524018e+01  1.362881e+02  3.321946e+03  3.646404e+04  8.909339e+05  1.987462e+02  1.544957e+05  4.5632669689733921e+04
     12210  7.6312500000015975e+00  1.0789128191242331e-01  1.3208820290697327e+01  8.897844e-01  2.520033e+01  1.367598e+02  3.310224e+03  3.675356e+04  8.891476e+05  1.973316e+02  1.523945e+05  4.5752325655378510e+04
     12220  7.6375000000016007e+00  1.0783619529988174e-01  1.3233859894064734e+01  8.910146e-01  2.515811e+01  1.370259e+02  3.298456e+03  3.699158e+04  8.873531e+05  1.958356e+02  1.502500e+05  4.5859673869062237e+04
     12230  7.6437500000016039e+00  1.0778100467451610e-01  1.3258743760379721e+01  8.911156e-01  2.511337e+01  1.370832e+02  3.286501e+03  3.717118e+04  8.854746e+05  1.942561e+02  1.480808e+05  4.5955127795306893e+04
     12240  7.6500000000016071e+00  1.0772571056348812e-01  1.3283531199402248e+01  8.902199e-01  2.506581e+01  1.369406e+02  3.274106e+03  3.728978e+04  8.833968e+05  1.925796e+02  1.458751e+05  4.6039373035894328e+04
     12250  7.6562500000016103e+00  1.0767031324703849e-01  1.3308281273466218e+01  8.884875e-01  2.501488e+01  1.366156e+02  3.260900e+03  3.734787e+04  8.809624e+05  1.907838e+02  1.435942e+05  4.6113327876236865e+04
     12260  7.6625000000016135e+00  1.0761481276312483e-01  1.3333051043374233e+01  8.860891e-01  2.495971e+01  1.361295e+02  3.246403e+03  3.734739e+04  8.779746e+05  1.888439e+02  1.411855e+05  4.6178076692407558e+04
     12270  7.6687500000016167e+00  1.0755920891892937e-01  1.3357894051215894e+01  8.831899e-01  2.489916e+01  1.355033e+02  3.230056e+03  3.729024e+04  8.742061e+05  1.867393e+02  1.386023e+05  4.6234788146387946e+04
     12280  7.6750000000016199e+00  1.0750350130796378e-01  1.3382859172408745e+01  8.799382e-01  2.483200e+01  1.347556e+02  3.211268e+03  3.717740e+04  8.694150e+05  1.844602e+02  1.358201e+05  4.6284636201331901e+04
     12290  7.6812500000016231e+00  1.0744768933109322e-01  1.3407989886644486e+01  8.764574e-01  2.475702e+01  1.339007e+02  3.189470e+03  3.700875e+04  8.633654e+05  1.820092e+02  1.328467e+05  4.6328741996194942e+04
     12300  7.6875000000016263e+00  1.0739177221980975e-01  1.3433323923495799e+01  8.728442e-01  2.467321e+01  1.329501e+02  3.164165e+03  3.678345e+04  8.558501e+05  1.794004e+02  1.297158e+05  4.6368149752483834e+04
     12310  7.6937500000016295e+00  1.0733574906040064e-01  1.3458893167127616e+01  8.691703e-01  2.457998e+01  1.319129e+02  3.134979e+03  3.650074e+04  8.467121e+05  1.766557e+02  1.264780e+05  4.6403838426618342e+04
     12320  7.7000000000016326e+00  1.0727961881823606e-01  1.3484723682993621e+01  8.654863e-01  2.447728e+01  1.307974e+02  3.101703e+03  3.616066e+04  8.358618e+05  1.737994e+02  1.231840e+05  4.6436754409120593e+04
     12330  7.7062500000016358e+00  1.0722338036187333e-01  1.3510835772222318e+01  8.618279e-01  2.436559e+01  1.296127e+02  3.064317e+03  3.576459e+04  8.232866e+05  1.708532e+02  1.198698e+05  4.6467848021842525e+04
     12340  7.7125000000016390e+00  1.0716703248695052e-01  1.3537244027296531e+01  8.582210e-01  2.424598e+01  1.283683e+02  3.022998e+03  3.531545e+04  8.090511e+05  1.678318e+02  1.165498e+05  4.6498088868560248e+04
     12350  7.7187500000016422e+00  1.0711057393978032e-01  1.3563957437698512e+01  8.546867e-01  2.411995e+01  1.270756e+02  2.978113e+03  3.481761e+04  7.932909e+05  1.647420e+02  1.132171e+05  4.6528454807398004e+04
     12360  7.7250000000016454e+00  1.0705400344026918e-01  1.3590979625176145e+01  8.512446e-01  2.398936e+01  1.257467e+02  2.930193e+03  3.427653e+04  7.761987e+05  1.615843e+02  1.098486e+05  4.6559891824618848e+04
     12370  7.7312500000016486e+00  1.0699731970347423e-01  1.3618309273316283e+01  8.479148e-01  2.385618e+01  1.243946e+02  2.879890e+03  3.369842e+04  7.580087e+05  1.583586e+02  1.064151e+05  4.6593262052463688e+04
     12380  7.7375000000016518e+00  1.0694052145892288e-01  1.3645940773970178e+01  8.447180e-01  2.372240e+01  1.230327e+02  2.827921e+03  3.308992e+04  7.389796e+05  1.550687e+02  1.028897e+05  4.6629294564267919e+04
     12390  7.7437500000016550e+00  1.0688360746684555e-01  1.3673865053832454e+01  8.416747e-01  2.358982e+01  1.216745e+02  2.775016e+03  3.245794e+04  7.193781e+05  1.517285e+02  9.925746e+04  4.6668549831960830e+04
     12400  7.7500000000016582e+00  1.0682657653067122e-01  1.3702070532321176e+01  8.388029e-01  2.345995e+01  1.203331e+02  2.721857e+03  3.180960e+04  6.994654e+05  1.483644e+02  9.552147e+04  4.6711404751006114e+04
     12410  7.7562500000016614e+00  1.0676942750538394e-01  1.3730544138773723e+01  8.361156e-01  2.333393e+01  1.190214e+02  2.669038e+03  3.115224e+04  6.794856e+05  1.450174e+02  9.170642e+04  4.6758052511737071e+04
     12420  7.7625000000016646e+00  1.0671215930159990e-01  1.3759272341515075e+01  8.336169e-01  2.321249e+01  1.177509e+02  2.617043e+03  3.049335e+04  6.596584e+05  1.417413e+02  8.786059e+04  4.6808521881897621e+04
     12430  7.7687500000016678e+00  1.0665477088546053e-01  1.3788242114729620e+01  8.312987e-01  2.309600e+01  1.165313e+02  2.566248e+03  2.984044e+04  6.401754e+05  1.385996e+02  8.405614e+04  4.6862709376564235e+04
     12440  7.7750000000016710e+00  1.0659726127472970e-01  1.3817441786438154e+01  8.291368e-01  2.298455e+01  1.153696e+02  2.516933e+03  2.920075e+04  6.212010e+05  1.356579e+02  8.038340e+04  4.6920428491571423e+04
     12450  7.7812500000016742e+00  1.0653962953175286e-01  1.3846861690350082e+01  8.270886e-01  2.287795e+01  1.142693e+02  2.469311e+03  2.858080e+04  6.028744e+05  1.329750e+02  7.694049e+04  4.6981466139240736e+04
     12460  7.7875000000016774e+00  1.0648187475418777e-01  1.3876494584795550e+01  8.250910e-01  2.277588e+01  1.132295e+02  2.423548e+03  2.798597e+04  5.853117e+05  1.305927e+02  7.381857e+04  4.7045640110112836e+04
     12470  7.7937500000016806e+00  1.0642399606453808e-01  1.3906335816629294e+01  8.230606e-01  2.267790e+01  1.122448e+02  2.379775e+03  2.742000e+04  5.686042e+05  1.285258e+02  7.108257e+04  4.7112847154577037e+04
     12480  7.8000000000016838e+00  1.0636599259950798e-01  1.3936383257379040e+01  8.208962e-01  2.258353e+01  1.113054e+02  2.338080e+03  2.688473e+04  5.528150e+05  1.267573e+02  6.875278e+04  4.7183092326796359e+04
     12490  7.8062500000016870e+00  1.0630786350002741e-01  1.3966637058129949e+01  8.184838e-01  2.249228e+01  1.103978e+02  2.298495e+03  2.637993e+04  5.379719e+05  1.252379e+02  6.679517e+04  4.7256500147047554e+04
     12500  7.8125000000016902e+00  1.0624960790257200e-01  1.3997099288113747e+01  8.157031e-01  2.240364e+01  1.095061e+02  2.260984e+03  2.590348e+04  5.240632e+05  1.238936e+02  6.512473e+04  4.7333303280440407e+04
     12510  7.8187500000016934e+00  1.0619122493209737e-01  1.4027773525498159e+01  8.124369e-01  2.231712e+01  1.086127e+02  2.225432e+03  2.545161e+04  5.110360e+05  1.226375e+02  6.362259e+04  4.7413819963251772e+04
     12520  7.8250000000016966e+00  1.0613271369667475e-01  1.4058664454272716e+01  8.085804e-01  2.223224e+01  1.077003e+02  2.191653e+03  2.501946e+04  4.988006e+05  1.213845e+02  6.216303e+04  4.7498419169822671e+04
     12530  7.8312500000016998e+00  1.0607407328366678e-01  1.4089777517481760e+01  8.040498e-01  2.214852e+01  1.067529e+02  2.159400e+03  2.460155e+04  4.872402e+05  1.200645e+02  6.064020e+04  4.7587485289136734e+04
     12540  7.8375000000017030e+00  1.0601530275715813e-01  1.4121118650657902e+01  7.987881e-01  2.206552e+01  1.057567e+02  2.128393e+03  2.419237e+04  4.762246e+05  1.186310e+02  5.898637e+04  4.7681381781857199e+04
     12550  7.8437500000017062e+00  1.0595640115625349e-01  1.4152694114329586e+01  7.927690e-01  2.198281e+01  1.047006e+02  2.098346e+03  2.378682e+04  4.656249e+05  1.170644e+02  5.717745e+04  4.7780420072835346e+04
     12560  7.8500000000017094e+00  1.0589736749382529e-01  1.4184510421001715e+01  7.859952e-01  2.190004e+01  1.035761e+02  2.068997e+03  2.338074e+04  4.553294e+05  1.153685e+02  5.522602e+04  4.7884835065220985e+04
     12570  7.8562500000017126e+00  1.0583820075535981e-01  1.4216574342354305e+01  7.784954e-01  2.181698e+01  1.023785e+02  2.040137e+03  2.297120e+04  4.452557e+05  1.135646e+02  5.316819e+04  4.7994768606054458e+04
     12580  7.8625000000017158e+00  1.0577889989761913e-01  1.4248892968778238e+01  7.703189e-01  2.173356e+01  1.011061e+02  2.011642e+03  2.255699e+04  4.353614e+05  1.116836e+02  5.104863e+04  4.8110264533929338e+04
     12590  7.8687500000017190e+00  1.0571946384700706e-01  1.4281473782414583e+01  7.615305e-01  2.164991e+01  9.976206e+01  1.983497e+03  2.213886e+04  4.256500e+05  1.097583e+02  4.890944e+04  4.8231272924065648e+04
     12600  7.8750000000017222e+00  1.0565989149767402e-01  1.4314324707482372e+01  7.522064e-01  2.156645e+01  9.835471e+01  1.955811e+03  2.171978e+04  4.161721e+05  1.078195e+02  4.678589e+04  4.8357664766728267e+04
     12610  7.8812500000017254e+00  1.0560018170954745e-01  1.4347454102680524e+01  7.424328e-01  2.148387e+01  9.689847e+01  1.928825e+03  2.130482e+04  4.070222e+05  1.058939e+02  4.470359e+04  4.8489252682180995e+04
     12620  7.8875000000017286e+00  1.0554033330658202e-01  1.4380870675922338e+01  7.323051e-01  2.140319e+01  9.541391e+01  1.902891e+03  2.090090e+04  3.983288e+05  1.040038e+02  4.268228e+04  4.8625813942573608e+04
     12630  7.8937500000017318e+00  1.0548034507557695e-01  1.4414583315929510e+01  7.219287e-01  2.132569e+01  9.392675e+01  1.878440e+03  2.051620e+04  3.902416e+05  1.021690e+02  4.074089e+04  4.8767112627050992e+04
     12640  7.9000000000017350e+00  1.0542021576588299e-01  1.4448600848975278e+01  7.114192e-01  2.125286e+01  9.246599e+01  1.855937e+03  2.015936e+04  3.829153e+05  1.004077e+02  3.889834e+04  4.8912917008310731e+04
     12650  7.9062500000017382e+00  1.0535994409026786e-01  1.4482931741219536e+01  7.008999e-01  2.118627e+01  9.106115e+01  1.835830e+03  1.983864e+04  3.764941e+05  9.873658e+01  3.717704e+04  4.9063011302548395e+04
     12660  7.9125000000017414e+00  1.0529952872710981e-01  1.4517583772648161e+01  6.904984e-01  2.112745e+01  8.973947e+01  1.818509e+03  1.956114e+04  3.710996e+05  9.717145e+01  3.560312e+04  4.9217200446225208e+04
     12670  7.9187500000017446e+00  1.0523896832396797e-01  1.4552563715353484e+01  6.803408e-01  2.107776e+01  8.852338e+01  1.804273e+03  1.933221e+04  3.668224e+05  9.572620e+01  3.420357e+04  4.9375307398669545e+04
     12680  7.9250000000017478e+00  1.0517826150242701e-01  1.4587877054930352e+01  6.705459e-01  2.103828e+01  8.742903e+01  1.793314e+03  1.915513e+04  3.637189e+05  9.441242e+01  3.300557e+04  4.9537162291157525e+04
     12690  7.9312500000017510e+00  1.0511740686394039e-01  1.4623527799385840e+01  6.612203e-01  2.100972e+01  8.646576e+01  1.785717e+03  1.903110e+04  3.618124e+05  9.323851e+01  3.203349e+04  4.9702583600630271e+04
     12700  7.9375000000017542e+00  1.0505640299621223e-01  1.4659518420345206e+01  6.524567e-01  2.099245e+01  8.563666e+01  1.781466e+03  1.895941e+04  3.610950e+05  9.220974e+01  3.130587e+04  4.9871352726001562e+04
     12710  7.9437500000017573e+00  1.0499524847947722e-01  1.4695849962739750e+01  6.443344e-01  2.098644e+01  8.493991e+01  1.780454e+03  1.893776e+04  3.615310e+05  9.132877e+01  3.083666e+04  5.0043186087859976e+04
     12720  7.9500000000017605e+00  1.0493394189194148e-01  1.4732522339422554e+01  6.369229e-01  2.099131e+01  8.437055e+01  1.782496e+03  1.896264e+04  3.630593e+05  9.059519e+01  3.063330e+04  5.0217710172368999e+04
     12730  7.9562500000017637e+00  1.0487248181362906e-01  1.4769534800189220e+01  6.302874e-01  2.100640e+01  8.392235e+01  1.787339e+03  1.902975e+04  3.655952e+05  9.000649e+01  3.069584e+04  5.0394444890722938e+04
     12740  7.9625000000017669e+00  1.0481086682798382e-01  1.4806886537289879e+01  6.244937e-01  2.103078e+01  8.358951e+01  1.794673e+03  1.913429e+04  3.690327e+05  8.955789e+01  3.101652e+04  5.0572799840714666e+04
     12750  7.9687500000017701e+00  1.0474909552077984e-01  1.4844577367069832e+01  6.196129e-01  2.106332e+01  8.336795e+01  1.804141e+03  1.927135e+04  3.732465e+05  8.924014e+01  3.157814e+04  5.0752085145556666e+04
     12760  7.9750000000017733e+00  1.0468716647616030e-01  1.4882608415870051e+01  6.157231e-01  2.110279e+01  8.325606e+01  1.815354e+03  1.943610e+04  3.780959e+05  8.903901e+01  3.235337e+04  5.0931535798812198e+04
     12770  7.9812500000017765e+00  1.0462507826993034e-01  1.4920982739580682e+01  6.129075e-01  2.114792e+01  8.325488e+01  1.827910e+03  1.962401e+04  3.834302e+05  8.893515e+01  3.330514e+04  5.1110346248365953e+04
     12780  7.9875000000017797e+00  1.0456282946048746e-01  1.4959705818879575e+01  6.112502e-01  2.119750e+01  8.336762e+01  1.841419e+03  1.983090e+04  3.890949e+05  8.890368e+01  3.438856e+04  5.1287710052726630e+04
     12790  7.9937500000017829e+00  1.0450041857798999e-01  1.4998785894082989e+01  6.108287e-01  2.125049e+01  8.359888e+01  1.855528e+03  2.005298e+04  3.949393e+05  8.891580e+01  3.555410e+04  5.1462858944684369e+04
     12800  8.0000000000017852e+00  1.0443784411245480e-01  1.5038234129793926e+01  6.117057e-01  2.130609e+01  8.395354e+01  1.869944e+03  2.028688e+04  4.008241e+05  8.894190e+01  3.675097e+04  5.1635096595563882e+04
     12810  8.0062500000017796e+00  1.0437510450146981e-01  1.5078064623538372e+01  6.139210e-01  2.136382e+01  8.443557e+01  1.884459e+03  2.052957e+04  4.066288e+05  8.895432e+01  3.793110e+04  5.1803824006556795e+04
     12820  8.0125000000017739e+00  1.0431219811812485e-01  1.5118294289311672e+01  6.174864e-01  2.142356e+01  8.504719e+01  1.898954e+03  2.077852e+04  4.122586e+05  8.893006e+01  3.905328e+04  5.1968556464790308e+04
     12830  8.0187500000017682e+00  1.0424912325961740e-01  1.5158942650851502e+01  6.223834e-01  2.148555e+01  8.578838e+01  1.913412e+03  2.103178e+04  4.176503e+05  8.885333e+01  4.008565e+04  5.2128934866357973e+04
     12840  8.0250000000017625e+00  1.0418587813688127e-01  1.5200031569664302e+01  6.285659e-01  2.155026e+01  8.665719e+01  1.927906e+03  2.128837e+04  4.227791e+05  8.871695e+01  4.100738e+04  5.2284736025711391e+04
     12850  8.0312500000017568e+00  1.0412246086550001e-01  1.5241584913303120e+01  6.359664e-01  2.161835e+01  8.765073e+01  1.942602e+03  2.154864e+04  4.276643e+05  8.852284e+01  4.180991e+04  5.2435886941286088e+04
     12860  8.0375000000017511e+00  1.0405886945818139e-01  1.5283628146822426e+01  6.445049e-01  2.169052e+01  8.876690e+01  1.957748e+03  2.181478e+04  4.323757e+05  8.828140e+01  4.249583e+04  5.2582486190600684e+04
     12870  8.0437500000017454e+00  1.0399510181916308e-01  1.5326187813056004e+01  6.540981e-01  2.176741e+01  9.000634e+01  1.973668e+03  2.209130e+04  4.370386e+05  8.801058e+01  4.307651e+04  5.2724833159840280e+04
     12880  8.0500000000017398e+00  1.0393115574108043e-01  1.5369290859689723e+01  6.646672e-01  2.184963e+01  9.137383e+01  1.990762e+03  2.238535e+04  4.418378e+05  8.773498e+01  4.357026e+04  5.2863462990238193e+04
     12890  8.0562500000017341e+00  1.0386702890501401e-01  1.5412963775003462e+01  6.761415e-01  2.193774e+01  9.287878e+01  2.009503e+03  2.270684e+04  4.470183e+05  8.748487e+01  4.400058e+04  5.2999182853250961e+04
     12900  8.0625000000017284e+00  1.0380271888457257e-01  1.5457231510104952e+01  6.884583e-01  2.203238e+01  9.453430e+01  2.030444e+03  2.306807e+04  4.528839e+05  8.729507e+01  4.439510e+04  5.3133103043256146e+04
     12910  8.0687500000017227e+00  1.0373822315490853e-01  1.5502116195872219e+01  7.015567e-01  2.213433e+01  9.635496e+01  2.054203e+03  2.348309e+04  4.597904e+05  8.720366e+01  4.478552e+04  5.3266653316865646e+04
     12920  8.0750000000017170e+00  1.0367353910742827e-01  1.5547635711466539e+01  7.153705e-01  2.224453e+01  9.835379e+01  2.081437e+03  2.396655e+04  4.681320e+05  8.725012e+01  4.520676e+04  5.3401572267592412e+04
     12930  8.0812500000017113e+00  1.0360866407057556e-01  1.5593802225918308e+01  7.298177e-01  2.236386e+01  1.005387e+02  2.112777e+03  2.453228e+04  4.783139e+05  8.747360e+01  4.569344e+04  5.3539856603852051e+04
     12940  8.0875000000017057e+00  1.0354359533643391e-01  1.5640620903422835e+01  7.447926e-01  2.249296e+01  1.029084e+02  2.148729e+03  2.519127e+04  4.907099e+05  8.791140e+01  4.627473e+04  5.3683661253092010e+04
     12950  8.0937500000017000e+00  1.0347833019195662e-01  1.5688089010955006e+01  7.601607e-01  2.263183e+01  1.054484e+02  2.189531e+03  2.594895e+04  5.055961e+05  8.859807e+01  4.697147e+04  5.3835151489177442e+04
     12960  8.1000000000016943e+00  1.0341286595265622e-01  1.5736195661866503e+01  7.757578e-01  2.277956e+01  1.081262e+02  2.234998e+03  2.680173e+04  5.230583e+05  8.956497e+01  4.779965e+04  5.3996325013792331e+04
     12970  8.1062500000016886e+00  1.0334719999574787e-01  1.5784922344108544e+01  7.913954e-01  2.293409e+01  1.108881e+02  2.284349e+03  2.773273e+04  5.428730e+05  9.083920e+01  4.877947e+04  5.4168839505642856e+04
     12980  8.1125000000016829e+00  1.0328132978944672e-01  1.5834244215533801e+01  8.068707e-01  2.309217e+01  1.136569e+02  2.336078e+03  2.870770e+04  5.643739e+05  9.244049e+01  4.994357e+04  5.4353892583996414e+04
     12990  8.1187500000016772e+00  1.0321525291563140e-01  1.5884131940551230e+01  8.219810e-01  2.324956e+01  1.163330e+02  2.387882e+03  2.967210e+04  5.863365e+05  9.437492e+01  5.133673e+04  5.4552196052023413e+04
     13000  8.1250000000016716e+00  1.0314896708439567e-01  1.5934553674912770e+01  8.365397e-01  2.340135e+01  1.188010e+02  2.436725e+03  3.055137e+04  6.069341e+05  9.662670e+01  5.300430e+04  5.4764059550839607e+04
     13010  8.1312500000016659e+00  1.0308247014077951e-01  1.5985476771574850e+01  8.503920e-01  2.354247e+01  1.209397e+02  2.479058e+03  3.125605e+04  6.238274e+05  9.915078e+01  5.497283e+04  5.4989556859650569e+04
     13020  8.1375000000016602e+00  1.0301576006551133e-01  1.6036868921619615e+01  8.634250e-01  2.366816e+01  1.226381e+02  2.511229e+03  3.169287e+04  6.344367e+05  1.018700e+02  5.722998e+04  5.5228712411704342e+04
     13030  8.1437500000016545e+00  1.0294883497226250e-01  1.6088698697769782e+01  8.755716e-01  2.377449e+01  1.238118e+02  2.530022e+03  3.178100e+04  6.363946e+05  1.046794e+02  5.971015e+04  5.5481640205294876e+04
     13040  8.1500000000016488e+00  1.0288169310355208e-01  1.6140935693171823e+01  8.868063e-01  2.385864e+01  1.244184e+02  2.533248e+03  3.147041e+04  6.280985e+05  1.074576e+02  6.229131e+04  5.5748597094253149e+04
     13050  8.1562500000016431e+00  1.0281433282640719e-01  1.6193550526133460e+01  8.971362e-01  2.391899e+01  1.244654e+02  2.520226e+03  3.075746e+04  6.092147e+05  1.100853e+02  6.480838e+04  5.6029956587260378e+04
     13060  8.1625000000016374e+00  1.0274675262789118e-01  1.6246514902651487e+01  9.065893e-01  2.395514e+01  1.240111e+02  2.492028e+03  2.969228e+04  5.809568e+05  1.124670e+02  6.708620e+04  5.6326137737471443e+04
     13070  8.1687500000016318e+00  1.0267895111010931e-01  1.6299801786484036e+01  9.152058e-01  2.396781e+01  1.231565e+02  2.451418e+03  2.837466e+04  5.460128e+05  1.145512e+02  6.898906e+04  5.6637522699628731e+04
     13080  8.1750000000016261e+00  1.0261092698434052e-01  1.6353385633012230e+01  9.230324e-01  2.395873e+01  1.220313e+02  2.402499e+03  2.693878e+04  5.081069e+05  1.163435e+02  7.046369e+04  5.6964376951139122e+04
     13090  8.1812500000016204e+00  1.0254267906415714e-01  1.6407242646157783e+01  9.301217e-01  2.393077e+01  1.207781e+02  2.350168e+03  2.553032e+04  4.713115e+05  1.179070e+02  7.157016e+04  5.7306767397355696e+04
     13100  8.1875000000016147e+00  1.0247420625743713e-01  1.6461351087019406e+01  9.365322e-01  2.388790e+01  1.195361e+02  2.299475e+03  2.428205e+04  4.393048e+05  1.193493e+02  7.247161e+04  5.7664471353822009e+04
     13110  8.1937500000016090e+00  1.0240550755691287e-01  1.6515691726380734e+01  9.423272e-01  2.383510e+01  1.184259e+02  2.254981e+03  2.329334e+04  4.147703e+05  1.207994e+02  7.340203e+04  5.8036881383933120e+04
     13120  8.2000000000016033e+00  1.0233658202845883e-01  1.6570248537268053e+01  9.475700e-01  2.377798e+01  1.175365e+02  2.220182e+03  2.261789e+04  3.990791e+05  1.223840e+02  7.461731e+04  5.8422925150031842e+04
     13130  8.2062500000015977e+00  1.0226742879601623e-01  1.6625009661379121e+01  9.523157e-01  2.372205e+01  1.169143e+02  2.197078e+03  2.226154e+04  3.923043e+05  1.242081e+02  7.634736e+04  5.8821026386804435e+04
     13140  8.2125000000015920e+00  1.0219804702207480e-01  1.6679968583781424e+01  9.566014e-01  2.367184e+01  1.165589e+02  2.186006e+03  2.219011e+04  3.935257e+05  1.263457e+02  7.875849e+04  5.9229127251540689e+04
     13150  8.2187500000015863e+00  1.0212843588308347e-01  1.6735125363172983e+01  9.604381e-01  2.363007e+01  1.164256e+02  2.185793e+03  2.234431e+04  4.012922e+05  1.288394e+02  8.194507e+04  5.9644776297677614e+04
     13160  8.2250000000015806e+00  1.0205859453987763e-01  1.6790487733692633e+01  9.638096e-01  2.359723e+01  1.164383e+02  2.194175e+03  2.265636e+04  4.140507e+05  1.317036e+02  8.594727e+04  6.0065267127787956e+04
     13170  8.2312500000015749e+00  1.0198852210393776e-01  1.6846071939389393e+01  9.666779e-01  2.357176e+01  1.165065e+02  2.208306e+03  2.306225e+04  4.303698e+05  1.349273e+02  9.078689e+04  6.0487799899965758e+04
     13180  8.2375000000015692e+00  1.0191821760071318e-01  1.6901903262979602e+01  9.689950e-01  2.355065e+01  1.165423e+02  2.225145e+03  2.350588e+04  4.488901e+05  1.384701e+02  9.649531e+04  6.0909635397163940e+04
     13190  8.2437500000015635e+00  1.0184767993120447e-01  1.6958016318484191e+01  9.707166e-01  2.353026e+01  1.164721e+02  2.241619e+03  2.393584e+04  4.680787e+05  1.422518e+02  1.031049e+05  6.1328221675339308e+04
     13200  8.2500000000015579e+00  1.0177690783260689e-01  1.7014455225377475e+01  9.718129e-01  2.350705e+01  1.162397e+02  2.254641e+03  2.429927e+04  4.859767e+05  1.461404e+02  1.105872e+05  6.1741294570148319e+04
     13210  8.2562500000015522e+00  1.0170589983838278e-01  1.7071273727520758e+01  9.722751e-01  2.347824e+01  1.158060e+02  2.261174e+03  2.453899e+04  5.001612e+05  1.499452e+02  1.187520e+05  6.2146980214138748e+04
     13220  8.2625000000015465e+00  1.0163465423816732e-01  1.7128535154387549e+01  9.721164e-01  2.344221e+01  1.151467e+02  2.258493e+03  2.459800e+04  5.080587e+05  1.534231e+02  1.271646e+05  6.2543935713483072e+04
     13230  8.2687500000015408e+00  1.0156316903868601e-01  1.7186311940029096e+01  9.713708e-01  2.339883e+01  1.142546e+02  2.244697e+03  2.443174e+04  5.075861e+05  1.562999e+02  1.351246e+05  6.2931551408078572e+04
     13240  8.2750000000015351e+00  1.0149144192830700e-01  1.7244684312649927e+01  9.700891e-01  2.334966e+01  1.131427e+02  2.219306e+03  2.402312e+04  4.978835e+05  1.583046e+02  1.417323e+05  6.3310194219442237e+04
     13250  8.2812500000015294e+00  1.0141947024930970e-01  1.7303737865979869e+01  9.683338e-01  2.329804e+01  1.118485e+02  2.183667e+03  2.339296e+04  4.797815e+05  1.592131e+02  1.460432e+05  6.3681432299237167e+04
     13260  8.2875000000015238e+00  1.0134725098265961e-01  1.7363559993184733e+01  9.661717e-01  2.324877e+01  1.104324e+02  2.140906e+03  2.259897e+04  4.557028e+05  1.588928e+02  1.472935e+05  6.4048152314945743e+04
     13270  8.2937500000015181e+00  1.0127478074940550e-01  1.7424235529952796e+01  9.636647e-01  2.320749e+01  1.089695e+02  2.095330e+03  2.172196e+04  4.289778e+05  1.573372e+02  1.451185e+05  6.4414505601143224e+04
     13280  8.3000000000015124e+00  1.0120205583075310e-01  1.7485842229248934e+01  9.608612e-01  2.317971e+01  1.075343e+02  2.051444e+03  2.084448e+04  4.028642e+05  1.546756e+02  1.396924e+05  6.4785667830801744e+04
     13290  8.3062500000015067e+00  1.0112907220602828e-01  1.7548446781605026e+01  9.577939e-01  2.316981e+01  1.061859e+02  2.012953e+03  2.003093e+04  3.797176e+05  1.511508e+02  1.316891e+05  6.5167454509807794e+04
     13300  8.3125000000015010e+00  1.0105582560493258e-01  1.7612101989900832e+01  9.544843e-01  2.318041e+01  1.049584e+02  1.982123e+03  1.931701e+04  3.606335e+05  1.470732e+02  1.221077e+05  6.5565868624528288e+04
     13310  8.3187500000014953e+00  1.0098231156844051e-01  1.7676845471353655e+01  9.509566e-01  2.321222e+01  1.038633e+02  1.959705e+03  1.871147e+04  3.456127e+05  1.427706e+02  1.119925e+05  6.5986660992343241e+04
     13320  8.3250000000014897e+00  1.0090852551169212e-01  1.7742699989705255e+01  9.472552e-01  2.326450e+01  1.029008e+02  1.945356e+03  1.820701e+04  3.340450e+05  1.385486e+02  1.022497e+05  6.6434967673516585e+04
     13330  8.3312500000014840e+00  1.0083446278235597e-01  1.7809675267327485e+01  9.434598e-01  2.333585e+01  1.020742e+02  1.938299e+03  1.779383e+04  3.252341e+05  1.346683e+02  9.355857e+04  6.6915066243855894e+04
     13340  8.3375000000014783e+00  1.0076011870900764e-01  1.7877770912230382e+01  9.396927e-01  2.342504e+01  1.014016e+02  1.937916e+03  1.746955e+04  3.187564e+05  1.313319e+02  8.630695e+04  6.7430274121454451e+04
     13350  8.3437500000014726e+00  1.0068548863596297e-01  1.7946979923763308e+01  9.361140e-01  2.353160e+01  1.009193e+02  1.944089e+03  1.724306e+04  3.145878e+05  1.286713e+02  8.063033e+04  6.7982997562829623e+04
     13360  8.3500000000014669e+00  1.0061056794350563e-01  1.8017292117601983e+01  9.329086e-01  2.365602e+01  1.006780e+02  1.957278e+03  1.713333e+04  3.130633e+05  1.267380e+02  7.645246e+04  6.8574925778622055e+04
     13370  8.3562500000014612e+00  1.0053535205533280e-01  1.8088696751975284e+01  9.302657e-01  2.379963e+01  1.007364e+02  1.978436e+03  1.716640e+04  3.147740e+05  1.255090e+02  7.353415e+04  6.9207344689873207e+04
     13380  8.3625000000014555e+00  1.0045983643800967e-01  1.8161183670383998e+01  9.283613e-01  2.396431e+01  1.011551e+02  2.008876e+03  1.737314e+04  3.204849e+05  1.249108e+02  7.157878e+04  6.9881523424990781e+04
     13390  8.3687500000014499e+00  1.0038401659980696e-01  1.8234742409825884e+01  9.273439e-01  2.415217e+01  1.019938e+02  2.050179e+03  1.778894e+04  3.311128e+05  1.248609e+02  7.034235e+04  7.0599106972296897e+04
     13400  8.3750000000014442e+00  1.0030788809813523e-01  1.8309358959441049e+01  9.273279e-01  2.436528e+01  1.033111e+02  2.104157e+03  1.845530e+04  3.477718e+05  1.253063e+02  6.971139e+04  7.1362435966765639e+04
     13410  8.3812500000014385e+00  1.0023144656543111e-01  1.8385010183308605e+01  9.283935e-01  2.460553e+01  1.051653e+02  2.172851e+03  1.942261e+04  3.718707e+05  1.262502e+02  6.973187e+04  7.2174713638784029e+04
     13420  8.3875000000014328e+00  1.0015468776246245e-01  1.8461656327605752e+01  9.305916e-01  2.487443e+01  1.076157e+02  2.258554e+03  2.075338e+04  4.052418e+05  1.277567e+02  7.059777e+04  7.3039951780581672e+04
     13430  8.3937500000014271e+00  1.0007760766534099e-01  1.8539232482386996e+01  9.339511e-01  2.517295e+01  1.107225e+02  2.363795e+03  2.252462e+04  4.502701e+05  1.299426e+02  7.263105e+04  7.3962656987315073e+04
     13440  8.4000000000014214e+00  1.0000020258803334e-01  1.8617640277581337e+01  9.384867e-01  2.550132e+01  1.145434e+02  2.491276e+03  2.482828e+04  5.099942e+05  1.329583e+02  7.627553e+04  7.4947273583695132e+04
     13450  8.4062500000014158e+00  9.9922469336273315e-02  1.8696741313386696e+01  9.442057e-01  2.585885e+01  1.191286e+02  2.643725e+03  2.776864e+04  5.881419e+05  1.369650e+02  8.212864e+04  7.5997474855759676e+04
     13460  8.4125000000014101e+00  9.9844405382703394e-02  1.8776353693582330e+01  9.511102e-01  2.624393e+01  1.245102e+02  2.823670e+03  3.145513e+04  6.890566e+05  1.421103e+02  9.093777e+04  7.7115468075891491e+04
     13470  8.4187500000014044e+00  9.9766009048421561e-02  1.8856252449282522e+01  9.591965e-01  2.665414e+01  1.306890e+02  3.033151e+03  3.598930e+04  8.174558e+05  1.485031e+02  1.036080e+05  7.8301510485585211e+04
     13480  8.4250000000013987e+00  9.9687279674772589e-02  1.8936173672321694e+01  9.684508e-01  2.708651e+01  1.376189e+02  3.273358e+03  4.144447e+04  9.779576e+05  1.561902e+02  1.210634e+05  7.9553799292829397e+04
     13490  8.4312500000013930e+00  9.9608217772323079e-02  1.9015821040741695e+01  9.788470e-01  2.753774e+01  1.451920e+02  3.544216e+03  4.783856e+04  1.174344e+06  1.651322e+02  1.440694e+05  8.0868790190749089e+04
     13500  8.4375000000013873e+00  9.9528825141587854e-02  1.9094872466361959e+01  9.903520e-01  2.800408e+01  1.532332e+02  3.843900e+03  5.510450e+04  1.408591e+06  1.751889e+02  1.730139e+05  8.2241810300156634e+04
     13510  8.4437500000013817e+00  9.9449104970372210e-02  1.9172984345879524e+01  1.002947e+00  2.848064e+01  1.615147e+02  4.168229e+03  6.307026e+04  1.679800e+06  1.861170e+02  2.076985e+05  8.3667533790233647e+04
     13520  8.4500000000013760e+00  9.9369061921039184e-02  1.9249792241625251e+01  1.016662e+00  2.895994e+01  1.698025e+02  4.509854e+03  7.146782e+04  1.983144e+06  1.975932e+02  2.472373e+05  8.5139420927834362e+04
     13530  8.4562500000013703e+00  9.9288702218099920e-02  1.9324911118397232e+01  1.031616e+00  2.943009e+01  1.779333e+02  4.857259e+03  7.998820e+04  2.308962e+06  2.092769e+02  2.901915e+05  8.6646790919480758e+04
     13540  8.4625000000013646e+00  9.9208033719102570e-02  1.9397945341205983e+01  1.048011e+00  2.987396e+01  1.858826e+02  5.194236e+03  8.837100e+04  2.642337e+06  2.209021e+02  3.350306e+05  8.8169131805691766e+04
     13550  8.4687500000013589e+00  9.9127065900164554e-02  1.9468521179515744e+01  1.066044e+00  3.027136e+01  1.937478e+02  5.501450e+03  9.646452e+04  2.964177e+06  2.323300e+02  3.805173e+05  8.9671258574008258e+04
     13560  8.4750000000013532e+00  9.9045809657302877e-02  1.9536340430336875e+01  1.085717e+00  3.060568e+01  2.016001e+02  5.761791e+03  1.041736e+05  3.255212e+06  2.434365e+02  4.256668e+05  9.1106332072294448e+04
     13570  8.4812500000013475e+00  9.8964276881978244e-02  1.9601229807192237e+01  1.106660e+00  3.087255e+01  2.093018e+02  5.967997e+03  1.113226e+05  3.502313e+06  2.539345e+02  4.689866e+05  9.2428042395629280e+04
     13580  8.4875000000013419e+00  9.8882479892083541e-02  1.9663158143553435e+01  1.128111e+00  3.108237e+01  2.164764e+02  6.125517e+03  1.176020e+05  3.702082e+06  2.635823e+02  5.091158e+05  9.3602983890513860e+04
     13590  8.4937500000013362e+00  9.8800430866719705e-02  1.9722219580351624e+01  1.149097e+00  3.125157e+01  2.226629e+02  6.245783e+03  1.226680e+05  3.857374e+06  2.727507e+02  5.483132e+05  9.4614598049878681e+04
     13600  8.5000000000013305e+00  9.8718141387515862e-02  1.9778602667867744e+01  1.168729e+00  3.138950e+01  2.274759e+02  6.335784e+03  1.262638e+05  3.970203e+06  2.822250e+02  5.912714e+05  9.5459938292423714e+04
     13610  8.5062500000013248e+00  9.8635622106927140e-02  1.9832561274562295e+01  1.186435e+00  3.149278e+01  2.306393e+02  6.393053e+03  1.282242e+05  4.037477e+06  2.920816e+02  6.389474e+05  9.6145892157085225e+04
     13620  8.5125000000013191e+00  9.8552882529045024e-02  1.9884389059668134e+01  1.201988e+00  3.154933e+01  2.319441e+02  6.407812e+03  1.283806e+05  4.051082e+06  3.011701e+02  6.859486e+05  9.6687495725673536e+04
     13630  8.5187500000013134e+00  9.8469930891664045e-02  1.9934396768576907e+01  1.215352e+00  3.154530e+01  2.312379e+02  6.368008e+03  1.265131e+05  4.000074e+06  3.076086e+02  7.231456e+05  9.7105723144980613e+04
     13640  8.5250000000013078e+00  9.8386774130560017e-02  1.9982896313581655e+01  1.226505e+00  3.146915e+01  2.284718e+02  6.263666e+03  1.224522e+05  3.874522e+06  3.096257e+02  7.426536e+05  9.7423631272710729e+04
     13650  8.5312500000013021e+00  9.8303417894367390e-02  2.0030191947952989e+01  1.235409e+00  3.131377e+01  2.237635e+02  6.090619e+03  1.162569e+05  3.671705e+06  3.064359e+02  7.415093e+05  9.7663356794675608e+04
     13660  8.5375000000012964e+00  9.8219866591533700e-02  2.0076572907183774e+01  1.242092e+00  3.107941e+01  2.174318e+02  5.854305e+03  1.083254e+05  3.402383e+06  2.985611e+02  7.206894e+05  9.7845279542614822e+04
     13670  8.5437500000012907e+00  9.8136123469986722e-02  2.0122305408610025e+01  1.246734e+00  3.077611e+01  2.099826e+02  5.571446e+03  9.937298e+04  3.091986e+06  2.872804e+02  6.813551e+05  9.7987782077562486e+04
     13680  8.5500000000012850e+00  9.8052190725613109e-02  2.0167627398678299e+01  1.249663e+00  3.042291e+01  2.020259e+02  5.266843e+03  9.025696e+04  2.773681e+06  2.739323e+02  6.253534e+05  9.8106721917789473e+04
     13690  8.5562500000012793e+00  9.7968069624473811e-02  2.0212746763652543e+01  1.251276e+00  3.004339e+01  1.941304e+02  4.965587e+03  8.170098e+04  2.475820e+06  2.597427e+02  5.595573e+05  9.8215520925325240e+04
     13700  8.5625000000012736e+00  9.7883760632741901e-02  2.0257838519015078e+01  1.251928e+00  2.965919e+01  1.866807e+02  4.684856e+03  7.407562e+04  2.212334e+06  2.459624e+02  4.959279e+05  9.8325997439862374e+04
     13710  8.5687500000012680e+00  9.7799263567386135e-02  2.0303037585040034e+01  1.251856e+00  2.928490e+01  1.798202e+02  4.430689e+03  6.739607e+04  1.983231e+06  2.336928e+02  4.435939e+05  9.8448728751092596e+04
     13720  8.5750000000012623e+00  9.7714577783033885e-02  2.0348429530766204e+01  1.251140e+00  2.892683e+01  1.735088e+02  4.201058e+03  6.149997e+04  1.782264e+06  2.234487e+02  4.041851e+05  9.8592214705922408e+04
     13730  8.5812500000012566e+00  9.7629702391635029e-02  2.0394045069694521e+01  1.249746e+00  2.858548e+01  1.676366e+02  3.991332e+03  5.622347e+04  1.603608e+06  2.149771e+02  3.735290e+05  9.8761444353450803e+04
     13740  8.5875000000012509e+00  9.7544636489350856e-02  2.0439862466544511e+01  1.247607e+00  2.825935e+01  1.621105e+02  3.797848e+03  5.146607e+04  1.443823e+06  2.075855e+02  3.462848e+05  9.8956882298425917e+04
     13750  8.5937500000012452e+00  9.7459379355592388e-02  2.0485818231215827e+01  1.244702e+00  2.794784e+01  1.568847e+02  3.618756e+03  4.717544e+04  1.301072e+06  2.006694e+02  3.204506e+05  9.9174430187962527e+04
     13760  8.6000000000012395e+00  9.7373930594171168e-02  2.0531823636801168e+01  1.241108e+00  2.765232e+01  1.519558e+02  3.453563e+03  4.331908e+04  1.174080e+06  1.939519e+02  2.959442e+05  9.9406350346241612e+04
     13770  8.6062500000012339e+00  9.7288290199395208e-02  2.0577783657135789e+01  1.237011e+00  2.737607e+01  1.473492e+02  3.302616e+03  3.987266e+04  1.061797e+06  1.874390e+02  2.729481e+05  9.9642769835760977e+04
     13780  8.6125000000012282e+00  9.7202458543488260e-02  2.0623615369895639e+01  1.232688e+00  2.712374e+01  1.431116e+02  3.166827e+03  3.682031e+04  9.634667e+05  1.812856e+02  2.520538e+05  9.9873320219043700e+04
     13790  8.6187500000012225e+00  9.7116436292159672e-02  2.0669263726629794e+01  1.228470e+00  2.690068e+01  1.393023e+02  3.047386e+03  3.415206e+04  8.785085e+05  1.756506e+02  2.333575e+05  1.0008858805111542e+05
     13800  8.6250000000012168e+00  9.7030224262536421e-02  2.0714713173904901e+01  1.224708e+00  2.671219e+01  1.359810e+02  2.945361e+03  3.185596e+04  8.062786e+05  1.706325e+02  2.168953e+05  1.0028128421331721e+05
     13810  8.6312500000012111e+00  9.6943823243634986e-02  2.0759993699045019e+01  1.221726e+00  2.656286e+01  1.331965e+02  2.861417e+03  2.991383e+04  7.459537e+05  1.662651e+02  2.024502e+05  1.0044721125536162e+05
     13820  8.6375000000012054e+00  9.6857233805776308e-02  2.0805179823558767e+01  1.219790e+00  2.645607e+01  1.309834e+02  2.795897e+03  2.830753e+04  6.967766e+05  1.625541e+02  1.898963e+05  1.0058598842289369e+05
     13830  8.6437500000011998e+00  9.6770456130335150e-02  2.0850381813936917e+01  1.219081e+00  2.639403e+01  1.293664e+02  2.749147e+03  2.703051e+04  6.584213e+05  1.595238e+02  1.792350e+05  1.0070141021275584e+05
     13840  8.6500000000011941e+00  9.6683489890893315e-02  2.0895730178878267e+01  1.219692e+00  2.637778e+01  1.283625e+02  2.721684e+03  2.609408e+04  6.312018e+05  1.572302e+02  1.706773e+05  1.0080113997755574e+05
     13850  8.6562500000011884e+00  9.6596334207025833e-02  2.0941357082685627e+01  1.221635e+00  2.640706e+01  1.279762e+02  2.713988e+03  2.552378e+04  6.159909e+05  1.557368e+02  1.645545e+05  1.0089569241256351e+05
     13860  8.6625000000011827e+00  9.6508987673167498e-02  2.0987379722227971e+01  1.224858e+00  2.647993e+01  1.281880e+02  2.725921e+03  2.534461e+04  6.138161e+05  1.550596e+02  1.611600e+05  1.0099670246008523e+05
     13870  8.6687500000011770e+00  9.6421448443800573e-02  2.1033890585586750e+01  1.229265e+00  2.659246e+01  1.289442e+02  2.755944e+03  2.555735e+04  6.250548e+05  1.551126e+02  1.604518e+05  1.0111478847091299e+05
     13880  8.6750000000011713e+00  9.6333714339311940e-02  2.1080957349232399e+01  1.234734e+00  2.673897e+01  1.301560e+02  2.800515e+03  2.611300e+04  6.483614e+05  1.556933e+02  1.619244e+05  1.0125780230170599e+05
     13890  8.6812500000011656e+00  9.6245782934389262e-02  2.1128630621357388e+01  1.241146e+00  2.691291e+01  1.317165e+02  2.854301e+03  2.690291e+04  6.799609e+05  1.565175e+02  1.646099e+05  1.0143021588443840e+05
     13900  8.6875000000011600e+00  9.6157651609321534e-02  2.1176952615351773e+01  1.248413e+00  2.710852e+01  1.335406e+02  2.911558e+03  2.778343e+04  7.141922e+05  1.572969e+02  1.675331e+05  1.0163414730416442e+05
     13910  8.6937500000011543e+00  9.6069317577790359e-02  2.1225959039331897e+01  1.256519e+00  2.732232e+01  1.356078e+02  2.968091e+03  2.863270e+04  7.454269e+05  1.577965e+02  1.699028e+05  1.0187101903842985e+05
     13920  8.7000000000011486e+00  9.5980777923475175e-02  2.1275674014482952e+01  1.265522e+00  2.755320e+01  1.379815e+02  3.022562e+03  2.940765e+04  7.702738e+05  1.578675e+02  1.712623e+05  1.0214182920349030e+05
     13930  8.7062500000011429e+00  9.5892029658837558e-02  2.1326106394168203e+01  1.275466e+00  2.780121e+01  1.407792e+02  3.076362e+03  3.015774e+04  7.885426e+05  1.574341e+02  1.716261e+05  1.0244582900292698e+05
     13940  8.7125000000011372e+00  9.5803069782894018e-02  2.1377254615025116e+01  1.286212e+00  2.806679e+01  1.440892e+02  3.132300e+03  3.097899e+04  8.024717e+05  1.564613e+02  1.711988e+05  1.0277980264068821e+05
     13950  8.7187500000011315e+00  9.5713895304085334e-02  2.1429117547419398e+01  1.297301e+00  2.835080e+01  1.478801e+02  3.192944e+03  3.194030e+04  8.149646e+05  1.549685e+02  1.699460e+05  1.0313955804005067e+05
     13960  8.7250000000011259e+00  9.5624503222018140e-02  2.1481701800705366e+01  1.307992e+00  2.865423e+01  1.519813e+02  3.259363e+03  3.303879e+04  8.279828e+05  1.530480e+02  1.674621e+05  1.0352275761922375e+05
     13970  8.7312500000011202e+00  9.5534890500575842e-02  2.1535017800914069e+01  1.317471e+00  2.897719e+01  1.561580e+02  3.330911e+03  3.421350e+04  8.419849e+05  1.508465e+02  1.634000e+05  1.0393103024548688e+05
     13980  8.7375000000011145e+00  9.5445054081779404e-02  2.1589064606465257e+01  1.325106e+00  2.931850e+01  1.602162e+02  3.406322e+03  3.539658e+04  8.565977e+05  1.485086e+02  1.577181e+05  1.0437019275254582e+05
     13990  8.7437500000011088e+00  9.5354990975000095e-02  2.1643809930647848e+01  1.330596e+00  2.967723e+01  1.640683e+02  3.485388e+03  3.655997e+04  8.717995e+05  1.461453e+02  1.505286e+05  1.0484900712928407e+05
     14000  8.7500000000011031e+00  9.5264698425866171e-02  2.1699172449988602e+01  1.333971e+00  3.005435e+01  1.677400e+02  3.569918e+03  3.773125e+04  8.886234e+05  1.438560e+02  1.421833e+05  1.0537769532919909e+05
     14010  8.7562500000010974e+00  9.5174174147734075e-02  2.1755009244978343e+01  1.335512e+00  3.045274e+01  1.713425e+02  3.663497e+03  3.897947e+04  9.090507e+05  1.417628e+02  1.333589e+05  1.0596688154686037e+05
     14020  8.7625000000010917e+00  9.5083416594891473e-02  2.1811107973074868e+01  1.335670e+00  3.087560e+01  1.750339e+02  3.770508e+03  4.039270e+04  9.355259e+05  1.400436e+02  1.249556e+05  1.0662638906156509e+05
     14030  8.7687500000010861e+00  9.4992425254891488e-02  2.1867186135905985e+01  1.335017e+00  3.132471e+01  1.789979e+02  3.895013e+03  4.206522e+04  9.705063e+05  1.389240e+02  1.177772e+05  1.0736251483962323e+05
     14040  8.7750000000010804e+00  9.4901200913053527e-02  2.1922907058796518e+01  1.334186e+00  3.179968e+01  1.834398e+02  4.039890e+03  4.409641e+04  1.016056e+06  1.386187e+02  1.123458e+05  1.0817316941890320e+05
     14050  8.7812500000010747e+00  9.4809745795094699e-02  2.1977923690681148e+01  1.333764e+00  3.229847e+01  1.885756e+02  4.206608e+03  4.659208e+04  1.073594e+06  1.392791e+02  1.088934e+05  1.0904314688913302e+05
     14060  8.7875000000010690e+00  9.4718063474753658e-02  2.2031945061598943e+01  1.334145e+00  3.281979e+01  1.945832e+02  4.396246e+03  4.965711e+04  1.144228e+06  1.409508e+02  1.075037e+05  1.0994487485000798e+05
     14070  8.7937500000010633e+00  9.4626158513080913e-02  2.2084792146378394e+01  1.335418e+00  3.336579e+01  2.015282e+02  4.611447e+03  5.337341e+04  1.229794e+06  1.435256e+02  1.080861e+05  1.1084803280176375e+05
     14080  8.8000000000010576e+00  9.4534035959859125e-02  2.2136404151098752e+01  1.337418e+00  3.394173e+01  2.093237e+02  4.857828e+03  5.777761e+04  1.334149e+06  1.468377e+02  1.104161e+05  1.1173251631582159e+05
     14090  8.8062500000010520e+00  9.4441700943805981e-02  2.2186793427857456e+01  1.339907e+00  3.455173e+01  2.177946e+02  5.143324e+03  6.287532e+04  1.464041e+06  1.508973e+02  1.146266e+05  1.1259411489235757e+05
     14100  8.8125000000010463e+00  9.4349158491995225e-02  2.2235987905941411e+01  1.342747e+00  3.519368e+01  2.268353e+02  5.475303e+03  6.872266e+04  1.628590e+06  1.559992e+02  1.216321e+05  1.1343983065248372e+05
     14110  8.8187500000010406e+00  9.4256413546963402e-02  2.2283996986794431e+01  1.345959e+00  3.585771e+01  2.365335e+02  5.857583e+03  7.553308e+04  1.837313e+06  1.625813e+02  1.329606e+05  1.1427976975190872e+05
     14120  8.8250000000010349e+00  9.4163471065863646e-02  2.2330804414962405e+01  1.349665e+00  3.652978e+01  2.471419e+02  6.290409e+03  8.369492e+04  2.098974e+06  1.709272e+02  1.501649e+05  1.1512246561425304e+05
     14130  8.8312500000010292e+00  9.4070336120323325e-02  2.2376372384206793e+01  1.354006e+00  3.719682e+01  2.589280e+02  6.773281e+03  9.365893e+04  2.422937e+06  1.808846e+02  1.736373e+05  1.1597416744911973e+05
     14140  8.8375000000010235e+00  9.3977013978639071e-02  2.2420644833892659e+01  1.359075e+00  3.784940e+01  2.720324e+02  7.306802e+03  1.057898e+05  2.820544e+06  1.918457e+02  2.016146e+05  1.1683953670599242e+05
     14150  8.8437500000010179e+00  9.3883510181622984e-02  2.2463547271300467e+01  1.364871e+00  3.848040e+01  2.863994e+02  7.891006e+03  1.202676e+05  3.303352e+06  2.030446e+02  2.309075e+05  1.1772211534957528e+05
     14160  8.8500000000010122e+00  9.3789830623369361e-02  2.2504984906807710e+01  1.371255e+00  3.908160e+01  3.017595e+02  8.521264e+03  1.370277e+05  3.878279e+06  2.138784e+02  2.587857e+05  1.1862428834277365e+05
     14170  8.8562500000010065e+00  9.3695981638724515e-02  2.2544841622478291e+01  1.377936e+00  3.964064e+01  3.176295e+02  9.184216e+03  1.557018e+05  4.541562e+06  2.240076e+02  2.840958e+05  1.1954685284756748e+05
     14180  8.8625000000010008e+00  9.3601970089166958e-02  2.2582982040843209e+01  1.384477e+00  4.013952e+01  3.333258e+02  9.855301e+03  1.755615e+05  5.273308e+06  2.332685e+02  3.070391e+05  1.2048840741957947e+05
     14190  8.8687500000009951e+00  9.3507803430779232e-02  2.2619258168532301e+01  1.390340e+00  4.055499e+01  3.480020e+02  1.049867e+04  1.955027e+05  6.034434e+06  2.415354e+02  3.283102e+05  1.2144487193793087e+05
     14200  8.8750000000009894e+00  9.3413489744873457e-02  2.2653520501553587e+01  1.394934e+00  4.086064e+01  3.607170e+02  1.106993e+04  2.141090e+05  6.767905e+06  2.486352e+02  3.483273e+05  1.2240948789257817e+05
     14210  8.8812500000009837e+00  9.3319037716306411e-02  2.2685631579466147e+01  1.397678e+00  4.103002e+01  3.705281e+02  1.152142e+04  2.298081e+05  7.405332e+06  2.543354e+02  3.668271e+05  1.2337347534630928e+05
     14220  8.8875000000009781e+00  9.3224456555810187e-02  2.2715478747250060e+01  1.398055e+00  4.104018e+01  3.765948e+02  1.180921e+04  2.410961e+05  7.878057e+06  2.583850e+02  3.828401e+05  1.2432721383606018e+05
     14230  8.8937500000009724e+00  9.3129755876298348e-02  2.2742983079096916e+01  1.395660e+00  4.087463e+01  3.782767e+02  1.189997e+04  2.467775e+05  8.129917e+06  2.605766e+02  3.950192e+05  1.2526154016499073e+05
     14240  8.9000000000009667e+00  9.3034945542964501e-02  2.2768102900485111e+01  1.390230e+00  4.052564e+01  3.752088e+02  1.177642e+04  2.461650e+05  8.128184e+06  2.608036e+02  4.021552e+05  1.2616874698919199e+05
     14250  8.9062500000009610e+00  9.2940035519718661e-02  2.2790832156184578e+01  1.381652e+00  3.999558e+01  3.673508e+02  1.144034e+04  2.391965e+05  7.869872e+06  2.590954e+02  4.036161e+05  1.2704306390304965e+05
     14260  8.9125000000009553e+00  9.2845035730655001e-02  2.2811195119223481e+01  1.369958e+00  3.929747e+01  3.550032e+02  1.091275e+04  2.264489e+05  7.381960e+06  2.556278e+02  3.994566e+05  1.2788064398926018e+05
     14270  8.9187500000009496e+00  9.2749955948026444e-02  2.2829239291127877e+01  1.355318e+00  3.845477e+01  3.387885e+02  1.023114e+04  2.090421e+05  6.715510e+06  2.506955e+02  3.903307e+05  1.2867924860511372e+05
     14280  8.9250000000009440e+00  9.2654805711061369e-02  2.2845027955234421e+01  1.338021e+00  3.750005e+01  3.195878e+02  9.443895e+03  1.884419e+05  5.935093e+06  2.446635e+02  3.771687e+05  1.2943781943882044e+05
     14290  8.9312500000009383e+00  9.2559594274877810e-02  2.2858633367516987e+01  1.318460e+00  3.647234e+01  2.984303e+02  8.602558e+03  1.662020e+05  5.106373e+06  2.378944e+02  3.608429e+05  1.3015596967915718e+05
     14300  8.9375000000009326e+00  9.2464330584803286e-02  2.2870131527910960e+01  1.297104e+00  3.541271e+01  2.763470e+02  7.753696e+03  1.437147e+05  4.285790e+06  2.306750e+02  3.419795e+05  1.3083333915639792e+05
     14310  8.9437500000009269e+00  9.2369023267265413e-02  2.2879599531275620e+01  1.274459e+00  3.435884e+01  2.542309e+02  6.933135e+03  1.220597e+05  3.515537e+06  2.231602e+02  3.208446e+05  1.3146887322977552e+05
     14320  8.9500000000009212e+00  9.2273680625146251e-02  2.2887115934237453e+01  1.251028e+00  3.334030e+01  2.327585e+02  6.164926e+03  1.019915e+05  2.824055e+06  2.153640e+02  2.974215e+05  1.3206023683232881e+05
     14330  8.9562500000009155e+00  9.2178310626156265e-02  2.2892763313768857e+01  1.227280e+00  3.237701e+01  2.124059e+02  5.464598e+03  8.402253e+04  2.228889e+06  2.072206e+02  2.716651e+05  1.3260369654595797e+05
     14340  8.9625000000009098e+00  9.2082920879300978e-02  2.2896630822904076e+01  1.203637e+00  3.148154e+01  1.935306e+02  4.843225e+03  6.849674e+04  1.738525e+06  1.986902e+02  2.438477e+05  1.3309472797367565e+05
     14350  8.9687500000009042e+00  9.1987518605200241e-02  2.2898814165950803e+01  1.180488e+00  3.066328e+01  1.764377e+02  4.308769e+03  5.559673e+04  1.352669e+06  1.898673e+02  2.148909e+05  1.3352917741007762e+05
     14360  8.9750000000008985e+00  9.1892110614647179e-02  2.2899411763656097e+01  1.158198e+00  2.993034e+01  1.613754e+02  3.864572e+03  4.531150e+04  1.062779e+06  1.810167e+02  1.864307e+05  1.3390448113381202e+05
     14370  8.9812500000008928e+00  9.1796703310333475e-02  2.2898518091915086e+01  1.137103e+00  2.928752e+01  1.484755e+02  3.507479e+03  3.742848e+04  8.540573e+05  1.724786e+02  1.603415e+05  1.3422046478758045e+05
     14380  8.9875000000008871e+00  9.1701302718713656e-02  2.2896216721664143e+01  1.117475e+00  2.873300e+01  1.377054e+02  3.227710e+03  3.157760e+04  7.085809e+05  1.645210e+02  1.379784e+05  1.3447944318543599e+05
     14390  8.9937500000008814e+00  9.1605914547387812e-02  2.2892575692757880e+01  1.099487e+00  2.825754e+01  1.288754e+02  3.010875e+03  2.731396e+04  6.085336e+05  1.572496e+02  1.197571e+05  1.3468566771559016e+05
     14400  9.0000000000008757e+00  9.1510544254406065e-02  2.2887646614585027e+01  1.083205e+00  2.784722e+01  1.217018e+02  2.841368e+03  2.420746e+04  5.387470e+05  1.506105e+02  1.052105e+05  1.3484441121512442e+05
     14410  9.0062500000008701e+00  9.1415197113551117e-02  2.2881467253544123e+01  1.068614e+00  2.748766e+01  1.158853e+02  2.705602e+03  2.190790e+04  4.880641e+05  1.444772e+02  9.345785e+04  1.3496101485210666e+05
     14420  9.0125000000008644e+00  9.1319878263318319e-02  2.2874066300430851e+01  1.055646e+00  2.716709e+01  1.111689e+02  2.593731e+03  2.016900e+04  4.494005e+05  1.387497e+02  8.367215e+04  1.3504016499731457e+05
     14430  9.0187500000008587e+00  9.1224592733860327e-02  2.2865468721346016e+01  1.044210e+00  2.687730e+01  1.073584e+02  2.499645e+03  1.883702e+04  4.188653e+05  1.333927e+02  7.530229e+04  1.3508555151062817e+05
     14440  9.0250000000008530e+00  9.1129345452573451e-02  2.2855700318311658e+01  1.034209e+00  2.661302e+01  1.043145e+02  2.419959e+03  1.782222e+04  3.945597e+05  1.284223e+02  6.805796e+04  1.3509993161661792e+05
     14450  9.0312500000008473e+00  9.1034141234077215e-02  2.2844790424296942e+01  1.025537e+00  2.637080e+01  1.019328e+02  2.352746e+03  1.706928e+04  3.755159e+05  1.238778e+02  6.180910e+04  1.3508556809052295e+05
     14460  9.0375000000008416e+00  9.0938984764321260e-02  2.2832771881619454e+01  1.018080e+00  2.614783e+01  1.001217e+02  2.296506e+03  1.653517e+04  3.610009e+05  1.197949e+02  5.649139e+04  1.3504489149484556e+05
     14470  9.0437500000008360e+00  9.0843880591109621e-02  2.2819677968221473e+01  1.011716e+00  2.594122e+01  9.878744e+01  2.249597e+03  1.617694e+04  3.501967e+05  1.161918e+02  5.205709e+04  1.3498113221526984e+05
     14480  9.0500000000008303e+00  9.0748833133104431e-02  2.2805536762718116e+01  1.006317e+00  2.574788e+01  9.782853e+01  2.210084e+03  1.594805e+04  3.421424e+05  1.130653e+02  4.844376e+04  1.3489862272161004e+05
     14490  9.0562500000008246e+00  9.0653846715297873e-02  2.2790364376264172e+01  1.001758e+00  2.556467e+01  9.713846e+01  2.175834e+03  1.579996e+04  3.358036e+05  1.103949e+02  4.557338e+04  1.3480263858009662e+05
     14500  9.0625000000008189e+00  9.0558925631845519e-02  2.2774158928997142e+01  9.979244e-01  2.538865e+01  9.661260e+01  2.144720e+03  1.568608e+04  3.301886e+05  1.081523e+02  4.336342e+04  1.3469880251264386e+05
     14510  9.0687500000008132e+00  9.0464074229292576e-02  2.2756897041432257e+01  9.947219e-01  2.521736e+01  9.615738e+01  2.114862e+03  1.556679e+04  3.244730e+05  1.063097e+02  4.172719e+04  1.3459225612902700e+05
     14520  9.0750000000008075e+00  9.0369296997197007e-02  2.2738533918401092e+01  9.920848e-01  2.504901e+01  9.569959e+01  2.084853e+03  1.541410e+04  3.181030e+05  1.048412e+02  4.058124e+04  1.3448680570311556e+05
     14530  9.0812500000008018e+00  9.0274598650270876e-02  2.2719007305416071e+01  9.899731e-01  2.488264e+01  9.519323e+01  2.053913e+03  1.521433e+04  3.108410e+05  1.037190e+02  3.983759e+04  1.3438424608817039e+05
     14540  9.0875000000007962e+00  9.0179984186850221e-02  2.2698244718691281e+01  9.883626e-01  2.471821e+01  9.462103e+01  2.021892e+03  1.496743e+04  3.027327e+05  1.029073e+02  3.941474e+04  1.3428401911610327e+05
     14550  9.0937500000007905e+00  9.0085458912756267e-02  2.2676172503356259e+01  9.872268e-01  2.455636e+01  9.399021e+01  1.989146e+03  1.468338e+04  2.940167e+05  1.023619e+02  3.922784e+04  1.3418337159942675e+05
     14560  9.1000000000007848e+00  8.9991028427315684e-02  2.2652724533914469e+01  9.865146e-01  2.439815e+01  9.332372e+01  1.956333e+03  1.437752e+04  2.850220e+05  1.020373e+02  3.920257e+04  1.3407804757911130e+05
     14570  9.1062500000007791e+00  8.9896698577697651e-02  2.2627848443559682e+01  9.861338e-01  2.424448e+01  9.265000e+01  1.924216e+03  1.406659e+04  2.760953e+05  1.018995e+02  3.930673e+04  1.3396325182562790e+05
     14580  9.1125000000007734e+00  8.9802475394244449e-02  2.2601508551025255e+01  9.859466e-01  2.409561e+01  9.199361e+01  1.893487e+03  1.376618e+04  2.675654e+05  1.019409e+02  3.954521e+04  1.3383441958944165e+05
     14590  9.1187500000007677e+00  8.9708365019421615e-02  2.2573686286697750e+01  9.857799e-01  2.395079e+01  9.136870e+01  1.864620e+03  1.348873e+04  2.597142e+05  1.021882e+02  4.002038e+04  1.3368747891739017e+05
     14600  9.1250000000007621e+00  8.9614373637607297e-02  2.2544379676658135e+01  9.854472e-01  2.380819e+01  9.077618e+01  1.837766e+03  1.324182e+04  2.527428e+05  1.026871e+02  4.091078e+04  1.3351873873218102e+05
     14610  9.1312500000007564e+00  8.9520507407194236e-02  2.2513602933950665e+01  9.847723e-01  2.366525e+01  9.020445e+01  1.812716e+03  1.302699e+04  2.467328e+05  1.034710e+02  4.244997e+04  1.3332466846527683e+05
     14620  9.1375000000007507e+00  8.9426772393388601e-02  2.2481386637073371e+01  9.836092e-01  2.351926e+01  8.963254e+01  1.788969e+03  1.283972e+04  2.416275e+05  1.045199e+02  4.483659e+04  1.3310175951780161e+05
     14630  9.1437500000007450e+00  8.9333174498669579e-02  2.2447778723849847e+01  9.818500e-01  2.336803e+01  8.903435e+01  1.765878e+03  1.267099e+04  2.372605e+05  1.057381e+02  4.806885e+04  1.3284645500697292e+05
     14640  9.1500000000007393e+00  8.9239719386980193e-02  2.2412846486690952e+01  9.794249e-01  2.321025e+01  8.838276e+01  1.742826e+03  1.250989e+04  2.334110e+05  1.069671e+02  5.188528e+04  1.3255517155498036e+05
     14650  9.1562500000007336e+00  8.9146412397871508e-02  2.2376679212197903e+01  9.762954e-01  2.304568e+01  8.765390e+01  1.719369e+03  1.234651e+04  2.298699e+05  1.080241e+02  5.579664e+04  1.3222447232511130e+05
     14660  9.1625000000007280e+00  8.9053258449896547e-02  2.2339390395893112e+01  9.724501e-01  2.287490e+01  8.683213e+01  1.695303e+03  1.217456e+04  2.264865e+05  1.087471e+02  5.922256e+04  1.3185147045057832e+05
     14670  9.1687500000007223e+00  8.8960261938143451e-02  2.2301118050447375e+01  9.679039e-01  2.269902e+01  8.591501e+01  1.670668e+03  1.199303e+04  2.231888e+05  1.090262e+02  6.166621e+04  1.3143435889918701e+05
     14680  9.1750000000007166e+00  8.8867426636227695e-02  2.2262022123442708e+01  9.627013e-01  2.251929e+01  8.491575e+01  1.645681e+03  1.180616e+04  2.199737e+05  1.088189e+02  6.285700e+04  1.3097292337410194e+05
     14690  9.1812500000007109e+00  8.8774755615436129e-02  2.2222278896018693e+01  9.569171e-01  2.233679e+01  8.386081e+01  1.620631e+03  1.162163e+04  2.168794e+05  1.081457e+02  6.279948e+04  1.3046882538288670e+05
     14700  9.1875000000007052e+00  8.8682251192176126e-02  2.2182073188462731e+01  9.506533e-01  2.215222e+01  8.278271e+01  1.595782e+03  1.144797e+04  2.139609e+05  1.070736e+02  6.169652e+04  1.2992559333277517e+05
     14710  9.1937500000006995e+00  8.8589914910315856e-02  2.2141589651773614e+01  9.440303e-01  2.196595e+01  8.171147e+01  1.571316e+03  1.129235e+04  2.112724e+05  1.056936e+02  5.982968e+04  1.2934832202108594e+05
     14720  9.2000000000006938e+00  8.8497747559291629e-02  2.2101004545169904e+01  9.371769e-01  2.177811e+01  8.066809e+01  1.547323e+03  1.115924e+04  2.088591e+05  1.040974e+02  5.748024e+04  1.2874319347353867e+05
     14730  9.2062500000006882e+00  8.8405749223555097e-02  2.2060479077257643e+01  9.302193e-01  2.158891e+01  7.966281e+01  1.523838e+03  1.105008e+04  2.067535e+05  1.023623e+02  5.487946e+04  1.2811692294029005e+05
     14740  9.2125000000006825e+00  8.8313919355352807e-02  2.2020154926742567e+01  9.232753e-01  2.139893e+01  7.869771e+01  1.500898e+03  1.096395e+04  2.049766e+05  1.005467e+02  5.217864e+04  1.2747622718509503e+05
     14750  9.2187500000006768e+00  8.8222256861404474e-02  2.1980152019754396e+01  9.164524e-01  2.120929e+01  7.777177e+01  1.478605e+03  1.089888e+04  2.035487e+05  9.869316e+01  4.945228e+04  1.2682738770348892e+05
     14760  9.2250000000006711e+00  8.8130760194577468e-02  2.1940568274909005e+01  9.098491e-01  2.102171e+01  7.688565e+01  1.457179e+03  1.085325e+04  2.025035e+05  9.683460e+01  4.673244e+04  1.2617594978797490e+05
     14770  9.2312500000006654e+00  8.8039427443241322e-02  2.1901480915322121e+01  9.035578e-01  2.083832e+01  7.604472e+01  1.436965e+03  1.082675e+04  2.018975e+05  9.499920e+01  4.405221e+04  1.2552650822688869e+05
     14780  9.2375000000006597e+00  8.7948256412313380e-02  2.1862949149278101e+01  8.976671e-01  2.066146e+01  7.525993e+01  1.418411e+03  1.082047e+04  2.018029e+05  9.321433e+01  4.147172e+04  1.2488250641944900e+05
     14790  9.2437500000006541e+00  8.7857244690359770e-02  2.1825018204142960e+01  8.922629e-01  2.049337e+01  7.454681e+01  1.401991e+03  1.083601e+04  2.022789e+05  9.150514e+01  3.906798e+04  1.2424604424804379e+05
     14800  9.2500000000006484e+00  8.7766389697341934e-02  2.1787724532686997e+01  8.874270e-01  2.033589e+01  7.392265e+01  1.388098e+03  1.087402e+04  2.033257e+05  8.989082e+01  3.690341e+04  1.2361777802609153e+05
     14810  9.2562500000006427e+00  8.7675688709292335e-02  2.1751101516513547e+01  8.832326e-01  2.019017e+01  7.340228e+01  1.376919e+03  1.093252e+04  2.048410e+05  8.838393e+01  3.501545e+04  1.2299706070702018e+05
     14820  9.2625000000006370e+00  8.7585138860303363e-02  2.1715184385023598e+01  8.797377e-01  2.005641e+01  7.299315e+01  1.368332e+03  1.100588e+04  2.066027e+05  8.699290e+01  3.341346e+04  1.2238239786413690e+05
     14830  9.2687500000006313e+00  8.7494737128230068e-02  2.1680012867845161e+01  8.769788e-01  1.993374e+01  7.269065e+01  1.361847e+03  1.108444e+04  2.082905e+05  8.572437e+01  3.208407e+04  1.2177217465943059e+05
     14840  9.2750000000006256e+00  8.7404480316065236e-02  2.1645630495646994e+01  8.749659e-01  1.982014e+01  7.247501e+01  1.356610e+03  1.115467e+04  2.095305e+05  8.458128e+01  3.100790e+04  1.2116545205327998e+05
     14850  9.2812500000006199e+00  8.7314365043720504e-02  2.1612080393259401e+01  8.736827e-01  1.971275e+01  7.231082e+01  1.351465e+03  1.119967e+04  2.099349e+05  8.355966e+01  3.014932e+04  1.2056258807146161e+05
     14860  9.2875000000006143e+00  8.7224387763321906e-02  2.1579398442966443e+01  8.730919e-01  1.960823e+01  7.215060e+01  1.345093e+03  1.120003e+04  2.091269e+05  8.264838e+01  2.946389e+04  1.1996549824969238e+05
     14870  9.2937500000006086e+00  8.7134544805859512e-02  2.1547605402135790e+01  8.731439e-01  1.950335e+01  7.194245e+01  1.336218e+03  1.113624e+04  2.067685e+05  8.183309e+01  2.890431e+04  1.1937749384272847e+05
     14880  9.3000000000006029e+00  8.7044832459758872e-02  2.1516699769420967e+01  8.737865e-01  1.939567e+01  7.164083e+01  1.323897e+03  1.099331e+04  2.026443e+05  8.110086e+01  2.843162e+04  1.1880275635267957e+05
     14890  9.3062500000005972e+00  8.6955247074807104e-02  2.1486652970482044e+01  8.749714e-01  1.928401e+01  7.121732e+01  1.307800e+03  1.076639e+04  1.967810e+05  8.044177e+01  2.801503e+04  1.1824558116469951e+05
     14900  9.3125000000005915e+00  8.6865785179354421e-02  2.1457407909682903e+01  8.766539e-01  1.916874e+01  7.066763e+01  1.288350e+03  1.046445e+04  1.895257e+05  7.984695e+01  2.764621e+04  1.1770954735196869e+05
     14910  9.3187500000005858e+00  8.6776443595618369e-02  2.1428881315019861e+01  8.787894e-01  1.905168e+01  7.001237e+01  1.266660e+03  1.010958e+04  1.815165e+05  7.930742e+01  2.730986e+04  1.1719681046215484e+05
     14920  9.3250000000005802e+00  8.6687219537778887e-02  2.1400969515913591e+01  8.813258e-01  1.893567e+01  6.929128e+01  1.244245e+03  9.731519e+03  1.735164e+05  7.881472e+01  2.700356e+04  1.1670767844694349e+05
     14930  9.3312500000005745e+00  8.6598110680480539e-02  2.1373556660856064e+01  8.841980e-01  1.882394e+01  6.855326e+01  1.222668e+03  9.360171e+03  1.662106e+05  7.836364e+01  2.674769e+04  1.1624056220061376e+05
     14940  9.3375000000005688e+00  8.6509115190508218e-02  2.1346523925979291e+01  8.873274e-01  1.871950e+01  6.784531e+01  1.203203e+03  9.019087e+03  1.600518e+05  7.795478e+01  2.655527e+04  1.1579230237872590e+05
     14950  9.3437500000005631e+00  8.6420231720762186e-02  2.1319758204371542e+01  8.906260e-01  1.862462e+01  6.720380e+01  1.186651e+03  8.721969e+03  1.552084e+05  7.759276e+01  2.642871e+04  1.1535875814669750e+05
     14960  9.3500000000005574e+00  8.6331459371387337e-02  2.1293159052195861e+01  8.940062e-01  1.854059e+01  6.664995e+01  1.173309e+03  8.472604e+03  1.516076e+05  7.728206e+01  2.636943e+04  1.1493550898578142e+05
     14970  9.3562500000005517e+00  8.6242797626934029e-02  2.1266643208483742e+01  8.973909e-01  1.846764e+01  6.619001e+01  1.163062e+03  8.267411e+03  1.490368e+05  7.702250e+01  2.636760e+04  1.1451849784391376e+05
     14980  9.3625000000005461e+00  8.6154246279909572e-02  2.1240146630958670e+01  9.007223e-01  1.840517e+01  6.581883e+01  1.155555e+03  8.098985e+03  1.472496e+05  7.680798e+01  2.640939e+04  1.1410450421274461e+05
     14990  9.3687500000005404e+00  8.6065805350222249e-02  2.1213624486595062e+01  9.039669e-01  1.835204e+01  6.552521e+01  1.150359e+03  7.959402e+03  1.460462e+05  7.662788e+01  2.648651e+04  1.1369138872046386e+05
     15000  9.3750000000005347e+00  8.5977475007583959e-02  2.1187049799282697e+01  9.071175e-01  1.830688e+01  6.529739e+01  1.147123e+03  7.842510e+03  1.453168e+05  7.646950e+01  2.659975e+04  1.1327812959873200e+05
     15010  9.3812500000005290e+00  8.5889255501016046e-02  2.1160411444187172e+01  9.101913e-01  1.826837e+01  6.512768e+01  1.145652e+03  7.744973e+03  1.450515e+05  7.631976e+01  2.674999e+04  1.1286470748109368e+05
     15020  9.3875000000005233e+00  8.5801147097093286e-02  2.1133712004744211e+01  9.132265e-01  1.823545e+01  6.501549e+01  1.145943e+03  7.666342e+03  1.453271e+05  7.616577e+01  2.693244e+04  1.1245191312142125e+05
     15030  9.3937500000005176e+00  8.5713150026875490e-02  2.1106965784962053e+01  9.162764e-01  1.820740e+01  6.496849e+01  1.148170e+03  7.608564e+03  1.462864e+05  7.599484e+01  2.712649e+04  1.1204113383397738e+05
     15040  9.4000000000005119e+00  8.5625264440613649e-02  2.1080197110964050e+01  9.194028e-01  1.818391e+01  6.500178e+01  1.152649e+03  7.575330e+03  1.481257e+05  7.579502e+01  2.729776e+04  1.1163416097772462e+05
     15050  9.4062500000005063e+00  8.5537490368923386e-02  2.1053438953815995e+01  9.226666e-01  1.816518e+01  6.513548e+01  1.159850e+03  7.571546e+03  1.511069e+05  7.555561e+01  2.740548e+04  1.1123304203574357e+05
     15060  9.4125000000005006e+00  8.5449827689099242e-02  2.1026731870721207e+01  9.261161e-01  1.815205e+01  6.539110e+01  1.170468e+03  7.603055e+03  1.556095e+05  7.526805e+01  2.741389e+04  1.1083997912425890e+05
     15070  9.4187500000004949e+00  8.5362276095164835e-02  2.1000123306482056e+01  9.297720e-01  1.814623e+01  6.578713e+01  1.185581e+03  7.676705e+03  1.622319e+05  7.492755e+01  2.730285e+04  1.1045725544347585e+05
     15080  9.4250000000004892e+00  8.5274835069892571e-02  2.0973667383846966e+01  9.336096e-01  1.815045e+01  6.633441e+01  1.206873e+03  7.800796e+03  1.719450e+05  7.453559e+01  2.707387e+04  1.1008718136104064e+05
     15090  9.4312500000004835e+00  8.5187503856499591e-02  2.0947425266772349e+01  9.375428e-01  1.816864e+01  6.703170e+01  1.236889e+03  7.985734e+03  1.863041e+05  7.410323e+01  2.675575e+04  1.0973210650403290e+05
     15100  9.4375000000004778e+00  8.5100281427930691e-02  2.0921465856112555e+01  9.414143e-01  1.820598e+01  6.786146e+01  1.279306e+03  8.244212e+03  2.077307e+05  7.365590e+01  2.640892e+04  1.0939459138175861e+05
     15110  9.4437500000004722e+00  8.5013166453639932e-02  2.0895866107166594e+01  9.449982e-01  1.826890e+01  6.878553e+01  1.339185e+03  8.589258e+03  2.398896e+05  7.324039e+01  2.613750e+04  1.0907780995876012e+05
     15120  9.4500000000004665e+00  8.4926157267563127e-02  2.0870709903976191e+01  9.480181e-01  1.836487e+01  6.973923e+01  1.423255e+03  9.027507e+03  2.882127e+05  7.293456e+01  2.611252e+04  1.0878619020623191e+05
     15130  9.4562500000004608e+00  8.4839251846018870e-02  2.0846084131893114e+01  9.501760e-01  1.850230e+01  7.062294e+01  1.540322e+03  9.544379e+03  3.606828e+05  7.286120e+01  2.661986e+04  1.0852628414545588e+05
     15140  9.4625000000004551e+00  8.4752447811065487e-02  2.0822069974707869e+01  9.511835e-01  1.869035e+01  7.128915e+01  1.701984e+03  1.007656e+04  4.691345e+05  7.321307e+01  2.816037e+04  1.0830789389010928e+05
     15150  9.4687500000004494e+00  8.4665742485014295e-02  2.0798726496725706e+01  9.507843e-01  1.893870e+01  7.152079e+01  1.923838e+03  1.046273e+04  6.315683e+05  7.431528e+01  3.170700e+04  1.0814543339345585e+05
     15160  9.4750000000004437e+00  8.4579133035366488e-02  2.0776063126588440e+01  9.487665e-01  1.925665e+01  7.099736e+01  2.227150e+03  1.035784e+04  8.762919e+05  7.679659e+01  3.948002e+04  1.0805923817360858e+05
     15170  9.4812500000004380e+00  8.4492616761239495e-02  2.0753999231541925e+01  9.449903e-01  1.965026e+01  6.926454e+01  2.639865e+03  9.104105e+03  1.248483e+06  8.199200e+01  5.754154e+04  1.0807590905767807e+05
     15180  9.4875000000004324e+00  8.4406191570345859e-02  2.0732314309240216e+01  9.394709e-01  2.011483e+01  6.578269e+01  3.192854e+03  5.621485e+03  1.816801e+06  9.258864e+01  1.040206e+05  1.0822594541267323e+05
     15190  9.4937500000004267e+00  8.4319856661425663e-02  2.0710602313313096e+01  9.325409e-01  2.062132e+01  6.020752e+01  3.902102e+03 -1.388462e+03  2.665412e+06  1.128733e+02  2.281533e+05  1.0853637021889773e+05
     15200  9.5000000000004210e+00  8.4233613343934824e-02  2.0688256252133012e+01  9.250184e-01  2.110168e+01  5.299766e+01  4.729864e+03 -1.236268e+04  3.839943e+06  1.463091e+02  5.185047e+05  1.0901721508071158e+05
     15210  9.5062500000004153e+00  8.4147465800478841e-02  2.0664514715081168e+01  9.181855e-01  2.145027e+01  4.598690e+01  5.544341e+03 -2.494854e+04  5.235521e+06  1.892919e+02  1.011477e+06  1.0964580257621272e+05
     15220  9.5125000000004096e+00  8.4061421501667108e-02  2.0638578358408797e+01  9.134395e-01  2.155904e+01  4.191275e+01  6.136481e+03 -3.361775e+04  6.525310e+06  2.286533e+02  1.532658e+06  1.1036059364172247e+05
     15230  9.5187500000004039e+00  8.3975491068556188e-02  2.0609746996580373e+01  9.118245e-01  2.137439e+01  4.270712e+01  6.328519e+03 -3.342075e+04  7.313686e+06  2.515631e+02  1.820964e+06  1.1107260386308411e+05
     15240  9.5250000000003983e+00  8.3889687640797683e-02  2.0577519939981610e+01  9.137838e-01  2.092002e+01  4.857007e+01  6.060587e+03 -2.358288e+04  7.358619e+06  2.577033e+02  1.852273e+06  1.1167926966596665e+05
     15250  9.5312500000003926e+00  8.3804025841702018e-02  2.0541713025136030e+01  9.190906e-01  2.026331e+01  5.879249e+01  5.355444e+03 -5.700091e+03  6.540435e+06  2.570307e+02  1.823739e+06  1.1205518718051542e+05
     15260  9.5375000000003869e+00  8.3718520000900271e-02  2.0502714325779309e+01  9.266225e-01  1.949306e+01  7.165957e+01  4.321628e+03  1.710558e+04  4.938039e+06  2.573037e+02  1.915201e+06  1.1202925009533900e+05
     15270  9.5437500000003812e+00  8.3633181014537511e-02  2.0461853088492727e+01  9.338429e-01  1.874686e+01  8.257141e+01  3.262004e+03  3.496385e+04  3.199937e+06  2.604051e+02  2.182298e+06  1.1141450283181047e+05
     15280  9.5500000000003755e+00  8.3548012013770018e-02  2.0421500475550001e+01  9.375373e-01  1.816403e+01  8.666219e+01  2.485478e+03  3.871041e+04  1.991315e+06  2.652773e+02  2.554133e+06  1.1016763158767937e+05
     15290  9.5562500000003698e+00  8.3463005370405879e-02  2.0384222078829389e+01  9.368094e-01  1.780227e+01  8.470363e+01  2.054803e+03  3.290600e+04  1.353416e+06  2.642339e+02  2.821842e+06  1.0857737306569368e+05
     15300  9.5625000000003642e+00  8.3378145370203993e-02  2.0351063743904291e+01  9.337328e-01  1.762690e+01  8.111990e+01  1.844032e+03  2.610294e+04  1.014002e+06  2.446103e+02  2.534865e+06  1.0712564282930862e+05
     15310  9.5687500000003585e+00  8.3293416537709997e-02  2.0320970931039277e+01  9.303738e-01  1.755082e+01  7.855091e+01  1.723080e+03  2.141759e+04  7.878832e+05  2.063328e+02  1.608646e+06  1.0600531211993068e+05
     15320  9.5750000000003528e+00  8.3208809515643953e-02  2.0292380263880503e+01  9.277072e-01  1.751244e+01  7.739660e+01  1.640764e+03  1.868273e+04  6.221602e+05  1.681231e+02  8.535289e+05  1.0508501785987525e+05
     15330  9.5812500000003471e+00  8.3124320050380451e-02  2.0264461094866398e+01  9.259518e-01  1.748903e+01  7.727135e+01  1.585939e+03  1.733656e+04  5.063657e+05  1.414172e+02  5.143961e+05  1.0426465495440246e+05
     15340  9.5875000000003414e+00  8.3039946085697036e-02  2.0236903765594004e+01  9.249683e-01  1.747378e+01  7.773904e+01  1.560722e+03  1.730311e+04  4.598470e+05  1.277808e+02  4.124596e+05  1.0353582608061755e+05
     15350  9.5937500000003357e+00  8.2955686501206341e-02  2.0209535267674017e+01  9.245141e-01  1.745832e+01  7.827955e+01  1.551630e+03  1.782677e+04  4.518064e+05  1.235580e+02  4.015448e+05  1.0288526426461096e+05
     15360  9.6000000000003300e+00  8.2871540728780987e-02  2.0182273558545699e+01  9.242803e-01  1.742591e+01  7.818243e+01  1.530005e+03  1.781045e+04  4.375887e+05  1.228468e+02  4.103795e+05  1.0226279724718648e+05
     15370  9.6062500000003244e+00  8.2787508205720325e-02  2.0155205313481645e+01  9.241794e-01  1.736880e+01  7.724485e+01  1.484526e+03  1.692870e+04  4.019352e+05  1.211745e+02  4.020012e+05  1.0162103662034040e+05
     15380  9.6125000000003187e+00  8.2703587660371961e-02  2.0128571504888232e+01  9.243989e-01  1.729250e+01  7.578574e+01  1.422892e+03  1.552568e+04  3.535241e+05  1.162809e+02  3.602342e+05  1.0094577277473293e+05
     15390  9.6187500000003130e+00  8.2619776651862820e-02  2.0102676321850154e+01  9.251575e-01  1.720793e+01  7.422345e+01  1.358019e+03  1.405618e+04  3.057777e+05  1.082996e+02  2.931647e+05  1.0024561425479726e+05
     15400  9.6250000000003073e+00  8.2536071482425769e-02  2.0077809138665728e+01  9.265099e-01  1.712502e+01  7.283236e+01  1.299723e+03  1.280240e+04  2.668892e+05  9.874925e+01  2.198659e+05  9.9537536945893706e+04
     15410  9.6312500000003016e+00  8.2452467359027670e-02  2.0054201671392541e+01  9.283317e-01  1.704983e+01  7.170479e+01  1.251998e+03  1.183818e+04  2.382451e+05  8.922023e+01  1.556409e+05  9.8839375396099582e+04
     15420  9.6375000000002959e+00  8.2368958674168657e-02  2.0032012453969241e+01  9.304043e-01  1.698459e+01  7.081899e+01  1.214373e+03  1.111728e+04  2.175015e+05  8.073589e+01  1.066457e+05  9.8165959953608559e+04
     15430  9.6437500000002903e+00  8.2285539311151137e-02  2.0011328586927529e+01  9.325020e-01  1.692881e+01  7.011463e+01  1.184512e+03  1.056434e+04  2.017423e+05  7.370152e+01  7.268258e+04  9.7528240251699113e+04
     15440  9.6500000000002846e+00  8.2202202922839473e-02  1.9992175946539014e+01  9.344460e-01  1.688066e+01  6.953583e+01  1.160092e+03  1.012187e+04  1.889566e+05  6.810931e+01  5.039034e+04  9.6933106911990166e+04
     15450  9.6562500000002789e+00  8.2118943158197955e-02  1.9974533358438467e+01  9.361265e-01  1.683796e+01  6.904473e+01  1.139476e+03  9.759165e+03  1.781566e+05  6.377058e+01  3.623825e+04  9.6383779085226939e+04
     15460  9.6625000000002732e+00  8.2035753827592622e-02  1.9958347263275947e+01  9.374958e-01  1.679876e+01  6.861690e+01  1.121694e+03  9.462995e+03  1.690045e+05  6.046529e+01  2.739427e+04  9.5880941815502010e+04
     15470  9.6687500000002675e+00  8.1952629011827288e-02  1.9943543436795391e+01  9.385505e-01  1.676166e+01  6.823538e+01  1.106226e+03  9.227324e+03  1.614417e+05  5.800877e+01  2.189824e+04  9.5423895659320202e+04
     15480  9.6750000000002618e+00  8.1869563129943229e-02  1.9930035150606550e+01  9.393107e-01  1.672580e+01  6.788644e+01  1.092808e+03  9.047084e+03  1.554579e+05  5.625664e+01  1.854766e+04  9.5011258433114548e+04
     15490  9.6812500000002562e+00  8.1786550979851283e-02  1.9917727926896092e+01  9.398017e-01  1.669074e+01  6.755743e+01  1.081285e+03  8.915273e+03  1.509865e+05  5.508927e+01  1.661855e+04  9.4641777046706382e+04
     15500  9.6875000000002505e+00  8.1703587765498062e-02  1.9906521666829470e+01  9.400481e-01  1.665625e+01  6.723739e+01  1.071503e+03  8.823181e+03  1.478702e+05  5.439725e+01  1.565441e+04  9.4314159808803495e+04
     15510  9.6937500000002448e+00  8.1620669116884467e-02  1.9896312148132868e+01  9.400733e-01  1.662220e+01  6.691759e+01  1.063258e+03  8.760968e+03  1.458884e+05  5.407868e+01  1.535871e+04  9.4026980470519207e+04
     15520  9.7000000000002391e+00  8.1537791104463547e-02  1.9886992340349739e+01  9.399060e-01  1.658849e+01  6.659378e+01  1.056297e+03  8.719546e+03  1.447992e+05  5.404408e+01  1.553449e+04  9.3778537832467846e+04
     15530  9.7062500000002334e+00  8.1454950247080798e-02  1.9878454353026701e+01  9.395857e-01  1.655507e+01  6.626851e+01  1.050357e+03  8.692252e+03  1.443735e+05  5.421914e+01  1.604990e+04  9.3566529243104465e+04
     15540  9.7125000000002277e+00  8.1372143509690464e-02  1.9870592391231185e+01  9.391639e-01  1.652200e+01  6.595090e+01  1.045182e+03  8.674925e+03  1.444014e+05  5.453944e+01  1.680114e+04  9.3387884882230646e+04
     15550  9.7187500000002220e+00  8.1289368287279923e-02  1.9863306320130054e+01  9.387004e-01  1.648940e+01  6.565343e+01  1.040518e+03  8.664781e+03  1.446803e+05  5.494187e+01  1.768364e+04  9.3238828404764077e+04
     15560  9.7250000000002164e+00  8.1206622373772228e-02  1.9856505182566302e+01  9.382555e-01  1.645742e+01  6.538694e+01  1.036102e+03  8.658872e+03  1.450076e+05  5.536042e+01  1.857594e+04  9.3115116087501621e+04
     15570  9.7312500000002107e+00  8.1123903917642848e-02  1.9850109908541306e+01  9.378804e-01  1.642623e+01  6.515646e+01  1.031665e+03  8.653174e+03  1.451866e+05  5.573214e+01  1.934553e+04  9.3012428404229766e+04
     15580  9.7375000000002050e+00  8.1041211369152738e-02  1.9844054535368702e+01  9.376115e-01  1.639600e+01  6.495924e+01  1.026956e+03  8.642590e+03  1.450489e+05  5.601327e+01  1.988416e+04  9.2926812324667786e+04
     15590  9.7437500000001993e+00  8.0958543426228505e-02  1.9838285628426696e+01  9.374660e-01  1.636689e+01  6.478539e+01  1.021781e+03  8.621652e+03  1.444787e+05  5.619349e+01  2.015543e+04  9.2855051513450846e+04
     15600  9.7500000000001936e+00  8.0875898986341788e-02  1.9832760074508432e+01  9.374405e-01  1.633908e+01  6.462061e+01  1.016032e+03  8.585543e+03  1.434265e+05  5.630314e+01  2.023021e+04  9.2794868678853323e+04
     15610  9.7562500000001879e+00  8.0793277110125641e-02  1.9827441801727353e+01  9.375121e-01  1.631270e+01  6.444966e+01  1.009690e+03  8.531015e+03  1.419046e+05  5.640890e+01  2.028482e+04  9.2744928181438096e+04
     15620  9.7625000000001823e+00  8.0710676999745670e-02  1.9822298143016482e+01  9.376416e-01  1.628787e+01  6.425950e+01  1.002806e+03  8.456837e+03  1.399707e+05  5.659427e+01  2.053567e+04  9.2704662682855051e+04
     15630  9.7687500000001766e+00  8.0628097992071560e-02  1.9817296495991599e+01  9.377801e-01  1.626466e+01  6.404136e+01  9.954830e+02  8.363808e+03  1.377038e+05  5.693242e+01  2.116239e+04  9.2674000077963909e+04
     15640  9.7750000000001709e+00  8.0545539564448709e-02  1.9812401687572429e+01  9.378787e-01  1.624319e+01  6.379160e+01  9.878493e+02  8.254509e+03  1.351848e+05  5.746282e+01  2.223549e+04  9.2653076040697939e+04
     15650  9.7812500000001652e+00  8.0463001349773883e-02  1.9807574149786500e+01  9.378997e-01  1.622356e+01  6.351146e+01  9.800411e+02  8.132868e+03  1.324879e+05  5.817924e+01  2.370487e+04  9.2642020468327522e+04
     15660  9.7875000000001595e+00  8.0380483157775406e-02  1.9802768720371887e+01  9.378243e-01  1.620594e+01  6.320613e+01  9.722008e+02  8.003591e+03  1.296842e+05  5.903222e+01  2.541906e+04  9.2640874156611782e+04
     15670  9.7937500000001538e+00  8.0297985000586783e-02  1.9797933698293772e+01  9.376567e-01  1.619045e+01  6.288351e+01  9.644837e+02  7.871564e+03  1.268517e+05  5.994458e+01  2.716424e+04  9.2649650453261216e+04
     15680  9.8000000000001481e+00  8.0215507122377169e-02  1.9793009757887464e+01  9.374207e-01  1.617721e+01  6.255278e+01  9.570685e+02  7.741374e+03  1.240821e+05  6.083291e+01  2.872456e+04  9.2668492119780232e+04
     15690  9.8062500000001425e+00  8.0133050034015371e-02  1.9787928579227859e+01  9.371540e-01  1.616626e+01  6.222312e+01  9.501623e+02  7.616946e+03  1.214802e+05  6.162815e+01  2.993505e+04  9.2697796611113386e+04
     15700  9.8125000000001368e+00  8.0050614553297941e-02  1.9782611623662198e+01  9.369009e-01  1.615761e+01  6.190261e+01  9.439899e+02  7.501269e+03  1.191545e+05  6.228989e+01  3.072063e+04  9.2738120267010570e+04
     15710  9.8187500000001311e+00  7.9968201847978038e-02  1.9776970183188709e+01  9.367047e-01  1.615113e+01  6.159788e+01  9.387615e+02  7.396349e+03  1.172012e+05  6.281279e+01  3.112092e+04  9.2789733171606160e+04
     15720  9.8250000000001254e+00  7.9885813473415987e-02  1.9770908062596931e+01  9.366027e-01  1.614651e+01  6.131422e+01  9.346254e+02  7.303355e+03  1.156880e+05  6.322398e+01  3.127335e+04  9.2851926111243461e+04
     15730  9.8312500000001197e+00  7.9803451392242777e-02  1.9764327471748032e+01  9.366212e-01  1.614325e+01  6.105590e+01  9.316220e+02  7.222862e+03  1.146413e+05  6.357129e+01  3.136998e+04  9.2922435434186642e+04
     15740  9.8375000000001140e+00  7.9721117964145383e-02  1.9757137156927435e+01  9.367736e-01  1.614066e+01  6.082623e+01  9.296541e+02  7.155124e+03  1.140414e+05  6.390670e+01  3.161601e+04  9.2997368646945746e+04
     15750  9.8437500000001084e+00  7.9638815900826165e-02  1.9749260551722205e+01  9.370599e-01  1.613785e+01  6.062731e+01  9.284865e+02  7.100234e+03  1.138248e+05  6.427162e+01  3.217599e+04  9.3071752821148242e+04
     15760  9.8500000000001027e+00  7.9556548191050819e-02  1.9740641668056757e+01  9.374687e-01  1.613390e+01  6.045935e+01  9.277773e+02  7.057995e+03  1.138929e+05  6.468920e+01  3.315160e+04  9.3140446487766807e+04
     15770  9.8562500000000970e+00  7.9474318008216499e-02  1.9731247533970144e+01  9.379812e-01  1.612792e+01  6.031992e+01  9.271273e+02  7.027531e+03  1.141238e+05  6.516351e+01  3.458244e+04  9.3199006425287880e+04
     15780  9.8625000000000913e+00  7.9392128615002333e-02  1.9721067308761540e+01  9.385758e-01  1.611914e+01  6.020341e+01  9.261327e+02  7.006796e+03  1.143840e+05  6.568366e+01  3.645327e+04  9.3244240588025088e+04
     15790  9.8687500000000856e+00  7.9309983277235346e-02  1.9710108993853527e+01  9.392323e-01  1.610698e+01  6.010082e+01  9.244266e+02  6.992191e+03  1.145376e+05  6.622787e+01  3.870615e+04  9.3274390858020939e+04
     15800  9.8750000000000799e+00  7.9227885194746397e-02  1.9698394805072866e+01  9.399340e-01  1.609108e+01  6.000023e+01  9.217119e+02  6.978590e+03  1.144576e+05  6.676619e+01  4.123679e+04  9.3289043488287178e+04
     15810  9.8812500000000743e+00  7.9145837452905904e-02  1.9685956063283356e+01  9.406686e-01  1.607133e+01  5.988801e+01  9.177837e+02  6.959891e+03  1.140385e+05  6.726253e+01  4.388781e+04  9.3288896051874181e+04
     15820  9.8875000000000686e+00  7.9063842995435715e-02  1.9672828229728093e+01  9.414278e-01  1.604781e+01  5.975065e+01  9.125426e+02  6.930034e+03  1.132114e+05  6.767703e+01  4.644007e+04  9.3275456271895528e+04
     15830  9.8937500000000629e+00  7.8981904616764353e-02  1.9659046590201324e+01  9.422062e-01  1.602081e+01  5.957691e+01  9.060007e+02  6.884203e+03  1.119572e+05  6.796813e+01  4.861948e+04  9.3250697280404784e+04
     15840  9.9000000000000572e+00  7.8900024970252544e-02  1.9644643026378887e+01  9.430004e-01  1.599075e+01  5.935949e+01  8.982791e+02  6.819751e+03  1.103119e+05  6.809586e+01  5.012735e+04  9.3216672227331917e+04
     15850  9.9062500000000515e+00  7.8818206586961786e-02  1.9629644207667514e+01  9.438071e-01  1.595818e+01  5.909587e+01  8.895982e+02  6.736523e+03  1.083604e+05  6.802892e+01  5.070360e+04  9.3175098455703410e+04
     15860  9.9125000000000458e+00  7.8736451898627324e-02  1.9614071364897686e+01  9.446208e-01  1.592380e+01  5.878791e+01  8.802624e+02  6.636438e+03  1.062195e+05  6.775352e+01  5.019939e+04  9.3126957953988385e+04
     15870  9.9187500000000401e+00  7.8654763258249355e-02  1.9597941585863250e+01  9.454307e-01  1.588838e+01  5.844066e+01  8.706391e+02  6.522594e+03  1.040162e+05  6.728202e+01  4.863720e+04  9.3072194163144071e+04
     15880  9.9250000000000345e+00  7.8573142952493638e-02  1.9581270341050729e+01  9.462195e-01  1.585279e+01  5.806075e+01  8.611277e+02  6.398361e+03  1.018667e+05  6.665802e+01  4.622537e+04  9.3009592483107117e+04
     15890  9.9312500000000288e+00  7.8491593201710508e-02  1.9564074758897142e+01  9.469622e-01  1.581786e+01  5.765514e+01  8.521120e+02  6.266956e+03  9.986092e+04  6.595375e+01  4.332548e+04  9.2936913446572900e+04
     15900  9.9375000000000231e+00  7.8410116145745529e-02  1.9546377017449121e+01  9.476265e-01  1.578422e+01  5.723017e+01  8.438900e+02  6.131293e+03  9.805012e+04  6.525659e+01  4.037393e+04  9.2851291210412659e+04
     15910  9.9437500000000174e+00  7.8328713816640250e-02  1.9528207089406948e+01  9.481735e-01  1.575205e+01  5.679021e+01  8.365943e+02  5.993580e+03  9.643782e+04  6.464133e+01  3.777262e+04  9.2749848393022359e+04
     15920  9.9500000000000117e+00  7.8247388102751475e-02  1.9509603979395134e+01  9.485586e-01  1.572091e+01  5.633587e+01  8.301378e+02  5.854457e+03  9.497733e+04  6.413770e+01  3.576177e+04  9.2630427211847651e+04
     15930  9.9562500000000060e+00  7.8166140712269974e-02  1.9490614730714483e+01  9.487347e-01  1.568978e+01  5.586341e+01  8.242247e+02  5.712573e+03  9.358123e+04  6.371012e+01  3.431905e+04  9.2492239217830167e+04
     15940  9.9625000000000004e+00  7.8084973145802830e-02  1.9471291206547072e+01  9.486592e-01  1.565728e+01  5.536718e+01  8.184387e+02  5.565311e+03  9.214296e+04  6.326375e+01  3.315521e+04  9.2336169611848163e+04
     15950  9.9687499999999947e+00  7.8003886685368951e-02  1.9451685723342262e+01  9.483051e-01  1.562213e+01  5.484447e+01  8.123850e+02  5.410637e+03  9.057057e+04  6.267804e+01  3.186060e+04  9.2164575228665097e+04
     15960  9.9749999999999890e+00  7.7922882401185181e-02  1.9431847136663567e+01  9.476725e-01  1.558362e+01  5.430031e+01  8.058389e+02  5.249124e+03  8.882282e+04  6.185270e+01  3.012596e+04  9.1980709816643328e+04
     15970  9.9812499999999833e+00  7.7841961171834034e-02  1.9411818381978179e+01  9.467926e-01  1.554196e+01  5.374963e+01  7.988442e+02  5.085028e+03  8.693186e+04  6.074244e+01  2.786927e+04  9.1788133625794493e+04
     15980  9.9874999999999776e+00  7.7761123711581406e-02  1.9391635375778911e+01  9.457239e-01  1.549836e+01  5.321587e+01  7.917165e+02  4.925867e+03  8.500170e+04  5.936952e+01  2.520691e+04  9.1590368653026148e+04
     15990  9.9937499999999719e+00  7.7680370600457418e-02  1.9371326645753662e+01  9.445375e-01  1.545468e+01  5.272666e+01  7.849546e+02  4.780849e+03  8.318586e+04  5.781892e+01  2.236664e+04  9.1390796636001047e+04
     16000  9.9999999999999662e+00  7.7599702315147331e-02  1.9350913264969751e+01  9.433006e-01  1.541296e+01  5.230820e+01  7.790963e+02  4.658924e+03  8.165235e+04  5.622114e+01  1.962299e+04  9.1192639347011369e+04
