         0  0.0000000000000000e+00  1.2500000000000000e-01  3.7500000000000000e-01 -0.000000e+00  3.375000e+00 -0.000000e+00  1.562500e+01 -0.000000e+00  8.374023e+01  3.375000e+00  1.562500e+01  1.1250000000000000e+00
        10  1.2499999999999999e-02  1.2497656456696850e-01  3.7493579462521848e-01  6.628337e-03  3.375075e+00  6.628457e-02  1.562648e+01  5.437638e-01  8.375773e+01  3.374704e+00  1.562237e+01  1.1248561927147702e+00
        20  2.5000000000000005e-02  1.2495313276738157e-01  3.7488379219022344e-01  1.325523e-02  3.375301e+00  1.325619e-01  1.563092e+01  1.087608e+00  8.381020e+01  3.373816e+00  1.561447e+01  1.1248465507732384e+00
        30  3.7500000000000012e-02  1.2492970383905007e-01  3.7484397699782662e-01  1.988088e-02  3.375677e+00  1.988413e-01  1.563832e+01  1.631749e+00  8.389767e+01  3.372340e+00  1.560135e+01  1.1249709716986107e+00
        40  5.0000000000000024e-02  1.2490627702070951e-01  3.7481633508386319e-01  2.650549e-02  3.376203e+00  2.651321e-01  1.564868e+01  2.176402e+00  8.402014e+01  3.370280e+00  1.558304e+01  1.1252294065477053e+00
        50  6.2500000000000028e-02  1.2488285155191238e-01  3.7480085420748033e-01  3.312928e-02  3.376879e+00  3.314436e-01  1.566200e+01  2.721784e+00  8.417766e+01  3.367641e+00  1.555961e+01  1.1256218597453000e+00
        60  7.5000000000000039e-02  1.2485942667292070e-01  3.7479752384106724e-01  3.975244e-02  3.377706e+00  3.977849e-01  1.567828e+01  3.268109e+00  8.437032e+01  3.364430e+00  1.553114e+01  1.1261483889428248e+00
        70  8.7500000000000050e-02  1.2483600162459892e-01  3.7480633515982786e-01  4.637517e-02  3.378683e+00  4.641653e-01  1.569752e+01  3.815592e+00  8.459817e+01  3.360655e+00  1.549772e+01  1.1268091049012525e+00
        80  1.0000000000000006e-01  1.2481257564830847e-01  3.7482728103100188e-01  5.299766e-02  3.379810e+00  5.305939e-01  1.571972e+01  4.364449e+00  8.486135e+01  3.356328e+00  1.545947e+01  1.1276041713980949e+00
        90  1.1250000000000007e-01  1.2478914798580187e-01  3.7486035600273193e-01  5.962010e-02  3.381087e+00  5.970799e-01  1.574489e+01  4.914894e+00  8.515997e+01  3.351458e+00  1.541649e+01  1.1285338051584217e+00
       100  1.2500000000000008e-01  1.2476571787911843e-01  3.7490555629258321e-01  6.624268e-02  3.382515e+00  6.636322e-01  1.577303e+01  5.467143e+00  8.549418e+01  3.346058e+00  1.536895e+01  1.1295982758099050e+00
       110  1.3750000000000009e-01  1.2474228457048009e-01  3.7496287977571952e-01  7.286555e-02  3.384093e+00  7.302600e-01  1.580414e+01  6.021409e+00  8.586415e+01  3.340143e+00  1.531698e+01  1.1307979058618751e+00
       120  1.5000000000000011e-01  1.2471884730218846e-01  3.7503232597274011e-01  7.948891e-02  3.385821e+00  7.969722e-01  1.583824e+01  6.577907e+00  8.627006e+01  3.333727e+00  1.526075e+01  1.1321330707084725e+00
       130  1.6250000000000012e-01  1.2469540531652226e-01  3.7511389603718204e-01  8.611290e-02  3.387701e+00  8.637777e-01  1.587532e+01  7.136852e+00  8.671212e+01  3.326827e+00  1.520045e+01  1.1336041986559655e+00
       140  1.7500000000000013e-01  1.2467195785563584e-01  3.7520759274269422e-01  9.273768e-02  3.389731e+00  9.306852e-01  1.591539e+01  7.698459e+00  8.719056e+01  3.319460e+00  1.513627e+01  1.1352117709743750e+00
       150  1.8750000000000014e-01  1.2464850416145816e-01  3.7531342046989086e-01  9.936339e-02  3.391912e+00  9.977037e-01  1.595846e+01  8.262941e+00  8.770563e+01  3.311644e+00  1.506840e+01  1.1369563219735697e+00
       160  2.0000000000000015e-01  1.2462504347559314e-01  3.7543138519288971e-01  1.059902e-01  3.394244e+00  1.064842e+00  1.600454e+01  8.830513e+00  8.825758e+01  3.303400e+00  1.499706e+01  1.1388384391040325e+00
       170  2.1250000000000016e-01  1.2460157503922051e-01  3.7556149446554316e-01  1.126182e-01  3.396728e+00  1.132108e+00  1.605363e+01  9.401389e+00  8.884671e+01  3.294747e+00  1.492248e+01  1.1408587630825453e+00
       180  2.2500000000000017e-01  1.2457809809299733e-01  3.7570375740737055e-01  1.192474e-01  3.399363e+00  1.199511e+00  1.610574e+01  9.975784e+00  8.947331e+01  3.285707e+00  1.484488e+01  1.1430179880430471e+00
       190  2.3750000000000018e-01  1.2455461187696099e-01  3.7585818468920001e-01  1.258781e-01  3.402149e+00  1.267059e+00  1.616088e+01  1.055391e+01  9.013771e+01  3.276302e+00  1.476451e+01  1.1453168617129941e+00
       200  2.5000000000000017e-01  1.2453111563043259e-01  3.7602478851852722e-01  1.325104e-01  3.405087e+00  1.334760e+00  1.621906e+01  1.113599e+01  9.084025e+01  3.266556e+00  1.468161e+01  1.1477561856155438e+00
       210  2.6249999999999990e-01  1.2450760859192145e-01  3.7620358262460374e-01  1.391442e-01  3.408178e+00  1.402623e+00  1.628029e+01  1.172222e+01  9.158128e+01  3.256493e+00  1.459645e+01  1.1503368152979525e+00
       220  2.7499999999999963e-01  1.2448408999903063e-01  3.7639458224326078e-01  1.457796e-01  3.411420e+00  1.470656e+00  1.634458e+01  1.231283e+01  9.236117e+01  3.246136e+00  1.450927e+01  1.1530596605865817e+00
       230  2.8749999999999937e-01  1.2446055908836326e-01  3.7659780410148058e-01  1.524168e-01  3.414815e+00  1.538867e+00  1.641194e+01  1.290803e+01  9.318033e+01  3.235511e+00  1.442035e+01  1.1559256858689606e+00
       240  2.9999999999999910e-01  1.2443701509542990e-01  3.7681326640172486e-01  1.590557e-01  3.418362e+00  1.607263e+00  1.648238e+01  1.350803e+01  9.403916e+01  3.224643e+00  1.432996e+01  1.1589359104033667e+00
       250  3.1249999999999883e-01  1.2441345725455699e-01  3.7704098880603171e-01  1.656964e-01  3.422061e+00  1.675853e+00  1.655591e+01  1.411304e+01  9.493809e+01  3.213560e+00  1.423837e+01  1.1620914086564416e+00
       260  3.2499999999999857e-01  1.2438988479879613e-01  3.7728099241988988e-01  1.723389e-01  3.425914e+00  1.744644e+00  1.663255e+01  1.472328e+01  9.587757e+01  3.202286e+00  1.414586e+01  1.1653933106693510e+00
       270  3.3749999999999830e-01  1.2436629695983449e-01  3.7753329977590350e-01  1.789832e-01  3.429919e+00  1.813643e+00  1.671230e+01  1.533896e+01  9.685804e+01  3.190849e+00  1.405269e+01  1.1688428024530775e+00
       280  3.4999999999999803e-01  1.2434269296790615e-01  3.7779793481725654e-01  1.856293e-01  3.434078e+00  1.882858e+00  1.679517e+01  1.596030e+01  9.787998e+01  3.179276e+00  1.395917e+01  1.1724411264134189e+00
       290  3.6249999999999777e-01  1.2431907205170473e-01  3.7807492288098993e-01  1.922771e-01  3.438389e+00  1.952296e+00  1.688119e+01  1.658749e+01  9.894390e+01  3.167595e+00  1.386556e+01  1.1761895818063197e+00
       300  3.7499999999999750e-01  1.2429543343829652e-01  3.7836429068110061e-01  1.989266e-01  3.442854e+00  2.021965e+00  1.697035e+01  1.722076e+01  1.000503e+02  3.155832e+00  1.377214e+01  1.1800895252241945e+00
       310  3.8749999999999724e-01  1.2427177635303543e-01  3.7866606629147576e-01  2.055777e-01  3.447472e+00  2.091870e+00  1.706268e+01  1.786031e+01  1.011996e+02  3.144015e+00  1.367920e+01  1.1841423711139065e+00
       320  3.9999999999999697e-01  1.2424810001947831e-01  3.7898027912867355e-01  2.122304e-01  3.452243e+00  2.162018e+00  1.715819e+01  1.850635e+01  1.023925e+02  3.132172e+00  1.358700e+01  1.1883495923271152e+00
       330  4.1249999999999670e-01  1.2422440365930183e-01  3.7930695993455871e-01  2.188845e-01  3.457168e+00  2.232416e+00  1.725688e+01  1.915910e+01  1.036295e+02  3.120329e+00  1.349584e+01  1.1927127207037362e+00
       340  4.2499999999999644e-01  1.2420068649222013e-01  3.7964614075880987e-01  2.255399e-01  3.462245e+00  2.303070e+00  1.735876e+01  1.981875e+01  1.049111e+02  3.108515e+00  1.340597e+01  1.1972333476892538e+00
       350  4.3749999999999617e-01  1.2417694773590383e-01  3.7999785494130461e-01  2.321965e-01  3.467476e+00  2.373986e+00  1.746386e+01  2.048551e+01  1.062378e+02  3.096757e+00  1.331768e+01  1.2019131249866928e+00
       360  4.4999999999999590e-01  1.2415318660590001e-01  3.8036213709439587e-01  2.388541e-01  3.472860e+00  2.445170e+00  1.757218e+01  2.115958e+01  1.076104e+02  3.085080e+00  1.323122e+01  1.2067537652440490e+00
       370  4.6249999999999564e-01  1.2412940231555314e-01  3.8073902308509078e-01  2.455126e-01  3.478397e+00  2.516628e+00  1.768374e+01  2.184118e+01  1.090292e+02  3.073513e+00  1.314686e+01  1.2117570427780271e+00
       380  4.7499999999999537e-01  1.2410559407592744e-01  3.8112855001714302e-01  2.521717e-01  3.484086e+00  2.588363e+00  1.779854e+01  2.253049e+01  1.104951e+02  3.062080e+00  1.306486e+01  1.2169247943349493e+00
       390  4.8749999999999510e-01  1.2408176109573016e-01  3.8153075621306720e-01  2.588312e-01  3.489928e+00  2.660383e+00  1.791659e+01  2.322772e+01  1.120085e+02  3.050808e+00  1.298547e+01  1.2222589198897140e+00
       400  4.9999999999999484e-01  1.2405790258123606e-01  3.8194568119608829e-01  2.654909e-01  3.495922e+00  2.732691e+00  1.803791e+01  2.393306e+01  1.135701e+02  3.039723e+00  1.290894e+01  1.2277613834837340e+00
       410  5.1249999999999463e-01  1.2403401773621289e-01  3.8237336567203473e-01  2.721506e-01  3.502068e+00  2.805291e+00  1.816250e+01  2.464670e+01  1.151805e+02  3.028849e+00  1.283551e+01  1.2334342141027812e+00
       420  5.2499999999999436e-01  1.2401010576184825e-01  3.8281385151118574e-01  2.788099e-01  3.508366e+00  2.878189e+00  1.829038e+01  2.536884e+01  1.168403e+02  3.018210e+00  1.276541e+01  1.2392795065957016e+00
       430  5.3749999999999409e-01  1.2398616585667716e-01  3.8326718173008145e-01  2.854685e-01  3.514814e+00  2.951387e+00  1.842155e+01  2.609967e+01  1.185501e+02  3.007831e+00  1.269889e+01  1.2452994226349847e+00
       440  5.4999999999999383e-01  1.2396219721651140e-01  3.8373340047330684e-01  2.921262e-01  3.521413e+00  3.024890e+00  1.855602e+01  2.683937e+01  1.203107e+02  2.997735e+00  1.263616e+01  1.2514961917202081e+00
       450  5.6249999999999356e-01  1.2393819903436948e-01  3.8421255299525509e-01  2.987826e-01  3.528161e+00  3.098701e+00  1.869379e+01  2.758812e+01  1.221225e+02  2.987944e+00  1.257744e+01  1.2578721122253544e+00
       460  5.7499999999999329e-01  1.2391417050040765e-01  3.8470468564188115e-01  3.054373e-01  3.535059e+00  3.172822e+00  1.883489e+01  2.834610e+01  1.239864e+02  2.978481e+00  1.252295e+01  1.2644295524910947e+00
       470  5.8749999999999303e-01  1.2389011080185265e-01  3.8520984583245471e-01  3.120899e-01  3.542106e+00  3.247255e+00  1.897930e+01  2.911348e+01  1.259028e+02  2.969366e+00  1.247288e+01  1.2711709519630772e+00
       480  5.9999999999999276e-01  1.2386601912293500e-01  3.8572808204131515e-01  3.187401e-01  3.549300e+00  3.322004e+00  1.912703e+01  2.989043e+01  1.278724e+02  2.960620e+00  1.242745e+01  1.2780988223773282e+00
       490  6.1249999999999249e-01  1.2384189464482362e-01  3.8625944377963906e-01  3.253874e-01  3.556640e+00  3.397069e+00  1.927809e+01  3.067712e+01  1.298959e+02  2.952262e+00  1.238684e+01  1.2852157489938867e+00
       500  6.2499999999999223e-01  1.2381773654556193e-01  3.8680398157722906e-01  3.320313e-01  3.564127e+00  3.472453e+00  1.943247e+01  3.147371e+01  1.319738e+02  2.944312e+00  1.235123e+01  1.2925243918797924e+00
       510  6.3749999999999196e-01  1.2379354400000442e-01  3.8736174696432185e-01  3.386714e-01  3.571759e+00  3.548156e+00  1.959019e+01  3.228035e+01  1.341068e+02  2.936789e+00  1.232081e+01  1.3000274872425801e+00
       520  6.4999999999999170e-01  1.2376931617975498e-01  3.8793279245342860e-01  3.453071e-01  3.579534e+00  3.624178e+00  1.975124e+01  3.309718e+01  1.362956e+02  2.929708e+00  1.229574e+01  1.3077278488154707e+00
       530  6.6249999999999143e-01  1.2374505225310593e-01  3.8851717152121129e-01  3.519380e-01  3.587452e+00  3.700519e+00  1.991561e+01  3.392436e+01  1.385406e+02  2.923087e+00  1.227619e+01  1.3156283692954240e+00
       540  6.7499999999999116e-01  1.2372075138497854e-01  3.8911493859039142e-01  3.585635e-01  3.595511e+00  3.777179e+00  2.008330e+01  3.476201e+01  1.408424e+02  2.916941e+00  1.226233e+01  1.3237320218352677e+00
       550  6.8749999999999090e-01  1.2369641273686416e-01  3.8972614901170793e-01  3.651830e-01  3.603710e+00  3.854158e+00  2.025431e+01  3.561027e+01  1.432017e+02  2.911285e+00  1.225430e+01  1.3320418615911227e+00
       560  6.9999999999999063e-01  1.2367203546676712e-01  3.9035085904591432e-01  3.717960e-01  3.612047e+00  3.931453e+00  2.042864e+01  3.646926e+01  1.456190e+02  2.906133e+00  1.225224e+01  1.3405610273263699e+00
       570  7.1249999999999036e-01  1.2364761872914816e-01  3.9098912584582568e-01  3.784017e-01  3.620521e+00  4.009064e+00  2.060626e+01  3.733909e+01  1.480948e+02  2.901498e+00  1.225629e+01  1.3492927430733885e+00
       580  7.2499999999999010e-01  1.2362316167486968e-01  3.9164100743841446e-01  3.849997e-01  3.629130e+00  4.086986e+00  2.078718e+01  3.821987e+01  1.506296e+02  2.897392e+00  1.226660e+01  1.3582403198543482e+00
       590  7.3749999999998983e-01  1.2359866345114098e-01  3.9230656270695358e-01  3.915892e-01  3.637873e+00  4.165218e+00  2.097138e+01  3.911170e+01  1.532240e+02  2.893827e+00  1.228327e+01  1.3674071574623081e+00
       600  7.4999999999998956e-01  1.2357412320146598e-01  3.9298585137321262e-01  3.981696e-01  3.646747e+00  4.243757e+00  2.115884e+01  4.001465e+01  1.558783e+02  2.890812e+00  1.230643e+01  1.3767967463039330e+00
       610  7.6249999999998930e-01  1.2354954006559092e-01  3.9367893397970177e-01  4.047400e-01  3.655750e+00  4.322597e+00  2.134956e+01  4.092882e+01  1.585930e+02  2.888358e+00  1.233619e+01  1.3864126693050816e+00
       620  7.7499999999998903e-01  1.2352491317945387e-01  3.9438587187196400e-01  4.112999e-01  3.664881e+00  4.401734e+00  2.154350e+01  4.185427e+01  1.613686e+02  2.886473e+00  1.237265e+01  1.3962586038806111e+00
       630  7.8749999999998876e-01  1.2350024167513497e-01  3.9510672718091622e-01  4.178485e-01  3.674137e+00  4.481163e+00  2.174065e+01  4.279105e+01  1.642053e+02  2.885163e+00  1.241592e+01  1.4063383239696536e+00
       640  7.9999999999998850e-01  1.2347552468080801e-01  3.9584156280523081e-01  4.243850e-01  3.683516e+00  4.560879e+00  2.194099e+01  4.373922e+01  1.671036e+02  2.884438e+00  1.246609e+01  1.4166557021377042e+00
       650  8.1249999999998823e-01  1.2345076132069291e-01  3.9659044239376362e-01  4.309085e-01  3.693015e+00  4.640874e+00  2.214449e+01  4.469881e+01  1.700637e+02  2.884301e+00  1.252323e+01  1.4272147117468155e+00
       660  8.2499999999998797e-01  1.2342595071500927e-01  3.9735343032801246e-01  4.374183e-01  3.702632e+00  4.721142e+00  2.235112e+01  4.566984e+01  1.730858e+02  2.884758e+00  1.258744e+01  1.4380194291951951e+00
       670  8.3749999999998770e-01  1.2340109197993129e-01  3.9813059170461496e-01  4.439136e-01  3.712365e+00  4.801676e+00  2.256084e+01  4.665232e+01  1.761702e+02  2.885813e+00  1.265879e+01  1.4490740362275201e+00
       680  8.4999999999998743e-01  1.2337618422754362e-01  3.9892199231786862e-01  4.503934e-01  3.722210e+00  4.882465e+00  2.277363e+01  4.764625e+01  1.793171e+02  2.887470e+00  1.273733e+01  1.4603828223172444e+00
       690  8.6249999999998717e-01  1.2335122656579826e-01  3.9972769864227475e-01  4.568569e-01  3.732165e+00  4.963503e+00  2.298945e+01  4.865161e+01  1.825265e+02  2.889731e+00  1.282314e+01  1.4719501871221936e+00
       700  8.7499999999998690e-01  1.2332621809847240e-01  4.0054777781509721e-01  4.633032e-01  3.742226e+00  5.044778e+00  2.320826e+01  4.966836e+01  1.857985e+02  2.892597e+00  1.291626e+01  1.4837806430146945e+00
       710  8.8749999999998663e-01  1.2330115792512776e-01  4.0138229761892669e-01  4.697314e-01  3.752391e+00  5.126280e+00  2.343001e+01  5.069648e+01  1.891331e+02  2.896069e+00  1.301674e+01  1.4958788176875093e+00
       720  8.9999999999998637e-01  1.2327604514107091e-01  4.0223132646424592e-01  4.761405e-01  3.762656e+00  5.207999e+00  2.365466e+01  5.173588e+01  1.925303e+02  2.900147e+00  1.312462e+01  1.5082494568367752e+00
       730  9.1249999999998610e-01  1.2325087883731418e-01  4.0309493337198538e-01  4.825295e-01  3.773017e+00  5.289923e+00  2.388216e+01  5.278651e+01  1.959899e+02  2.904830e+00  1.323993e+01  1.5208974269231583e+00
       740  9.2499999999998583e-01  1.2322565810053829e-01  4.0397318795605791e-01  4.888976e-01  3.783472e+00  5.372038e+00  2.411245e+01  5.384825e+01  1.995118e+02  2.910116e+00  1.336270e+01  1.5338277180123772e+00
       750  9.3749999999998557e-01  1.2320038201305582e-01  4.0486616040586854e-01  4.952435e-01  3.794017e+00  5.454332e+00  2.434549e+01  5.492100e+01  2.030956e+02  2.916002e+00  1.349296e+01  1.5470454466962342e+00
       760  9.4999999999998530e-01  1.2317504965277563e-01  4.0577392146878083e-01  5.015665e-01  3.804648e+00  5.536790e+00  2.458120e+01  5.600464e+01  2.067411e+02  2.922485e+00  1.363070e+01  1.5605558590952149e+00
       770  9.6249999999998503e-01  1.2314966009316866e-01  4.0669654243253561e-01  5.078653e-01  3.815361e+00  5.619398e+00  2.481952e+01  5.709901e+01  2.104479e+02  2.929561e+00  1.377593e+01  1.5743643339437032e+00
       780  9.7499999999998477e-01  1.2312421240323479e-01  4.0763409510760612e-01  5.141389e-01  3.826152e+00  5.702141e+00  2.506039e+01  5.820396e+01  2.142154e+02  2.937225e+00  1.392866e+01  1.5884763857587738e+00
       790  9.8749999999998450e-01  1.2309870564747039e-01  4.0858665180947545e-01  5.203864e-01  3.837017e+00  5.785002e+00  2.530374e+01  5.931929e+01  2.180432e+02  2.945471e+00  1.408886e+01  1.6028976680934679e+00
       800  9.9999999999998423e-01  1.2307313888583761e-01  4.0955428534083238e-01  5.266064e-01  3.847951e+00  5.867963e+00  2.554949e+01  6.044481e+01  2.219305e+02  2.954293e+00  1.425653e+01  1.6176339768753973e+00
       810  1.0124999999999840e+00  1.2304751117373440e-01  4.1053706897366060e-01  5.327981e-01  3.858952e+00  5.951008e+00  2.579757e+01  6.158028e+01  2.258767e+02  2.963682e+00  1.443162e+01  1.6326912538314091e+00
       820  1.0249999999999837e+00  1.2302182156196566e-01  4.1153507643121195e-01  5.389601e-01  3.870013e+00  6.034118e+00  2.604788e+01  6.272547e+01  2.298809e+02  2.973633e+00  1.461411e+01  1.6480755899989801e+00
       830  1.0374999999999834e+00  1.2299606909671561e-01  4.1254838186985487e-01  5.450915e-01  3.881131e+00  6.117272e+00  2.630035e+01  6.388012e+01  2.339421e+02  2.984135e+00  1.480395e+01  1.6637932293248980e+00
       840  1.0499999999999832e+00  1.2297025281952118e-01  4.1357705986077259e-01  5.511909e-01  3.892300e+00  6.200452e+00  2.655488e+01  6.504393e+01  2.380594e+02  2.995180e+00  1.500108e+01  1.6798505723516679e+00
       850  1.0624999999999829e+00  1.2294437176724704e-01  4.1462118537150355e-01  5.572574e-01  3.903516e+00  6.283636e+00  2.681138e+01  6.621660e+01  2.422317e+02  3.006757e+00  1.520545e+01  1.6962541799919688e+00
       860  1.0749999999999826e+00  1.2291842497206092e-01  4.1568083374730702e-01  5.632895e-01  3.914774e+00  6.366803e+00  2.706974e+01  6.739780e+01  2.464577e+02  3.018856e+00  1.541697e+01  1.7130107773913263e+00
       870  1.0874999999999824e+00  1.2289241146141082e-01  4.1675608069233216e-01  5.692863e-01  3.926070e+00  6.449931e+00  2.732988e+01  6.858718e+01  2.507362e+02  3.031465e+00  1.563557e+01  1.7301272578790565e+00
       880  1.0999999999999821e+00  1.2286633025800305e-01  4.1784700225058319e-01  5.752463e-01  3.937397e+00  6.532995e+00  2.759168e+01  6.978436e+01  2.550656e+02  3.044573e+00  1.586115e+01  1.7476106870073185e+00
       890  1.1124999999999818e+00  1.2284018037978174e-01  4.1895367478665574e-01  5.811685e-01  3.948750e+00  6.615973e+00  2.785502e+01  7.098895e+01  2.594445e+02  3.058168e+00  1.609360e+01  1.7654683066779875e+00
       900  1.1249999999999816e+00  1.2281396083990939e-01  4.2007617496623334e-01  5.870516e-01  3.960125e+00  6.698839e+00  2.811980e+01  7.220053e+01  2.638711e+02  3.072235e+00  1.633282e+01  1.7837075393568178e+00
       910  1.1374999999999813e+00  1.2278767064674831e-01  4.2121457973632109e-01  5.928943e-01  3.971516e+00  6.781568e+00  2.838590e+01  7.341866e+01  2.683439e+02  3.086761e+00  1.657868e+01  1.8023359923741784e+00
       920  1.1499999999999810e+00  1.2276130880384432e-01  4.2236896630520560e-01  5.986954e-01  3.982916e+00  6.864135e+00  2.865319e+01  7.464286e+01  2.728607e+02  3.101732e+00  1.683104e+01  1.8213614623114145e+00
       930  1.1624999999999808e+00  1.2273487430991019e-01  4.2353941212211715e-01  6.044536e-01  3.994322e+00  6.946512e+00  2.892154e+01  7.587266e+01  2.774198e+02  3.117134e+00  1.708975e+01  1.8407919394716057e+00
       940  1.1749999999999805e+00  1.2270836615881207e-01  4.2472599485658241e-01  6.101676e-01  4.005726e+00  7.028673e+00  2.919083e+01  7.710754e+01  2.820189e+02  3.132950e+00  1.735466e+01  1.8606356124332801e+00
       950  1.1874999999999802e+00  1.2268178333955576e-01  4.2592879237744469e-01  6.158362e-01  4.017124e+00  7.110588e+00  2.946091e+01  7.834696e+01  2.866559e+02  3.149164e+00  1.762559e+01  1.8809008726852803e+00
       960  1.1999999999999800e+00  1.2265512483627516e-01  4.2714788273153848e-01  6.214580e-01  4.028508e+00  7.192229e+00  2.973166e+01  7.959037e+01  2.913284e+02  3.165762e+00  1.790236e+01  1.9015963193407275e+00
       970  1.2124999999999797e+00  1.2262838962822166e-01  4.2838334412199908e-01  6.270318e-01  4.039874e+00  7.273567e+00  3.000292e+01  8.083719e+01  2.960340e+02  3.182725e+00  1.818478e+01  1.9227307639276372e+00
       980  1.2249999999999794e+00  1.2260157668975537e-01  4.2963525488618687e-01  6.325562e-01  4.051215e+00  7.354572e+00  3.027455e+01  8.208681e+01  3.007701e+02  3.200036e+00  1.847263e+01  1.9443132352534458e+00
       990  1.2374999999999792e+00  1.2257468499033695e-01  4.3090369347321622e-01  6.380301e-01  4.062526e+00  7.435212e+00  3.054640e+01  8.333861e+01  3.055339e+02  3.217678e+00  1.876570e+01  1.9663529843402410e+00
      1000  1.2499999999999789e+00  1.2254771349452197e-01  4.3218873842106392e-01  6.434519e-01  4.073799e+00  7.515458e+00  3.081832e+01  8.459195e+01  3.103227e+02  3.235632e+00  1.906375e+01  1.9888594894271405e+00
      1010  1.2624999999999786e+00  1.2252066116195527e-01  4.3349046833324623e-01  6.488205e-01  4.085029e+00  7.595277e+00  3.109015e+01  8.584615e+01  3.151336e+02  3.253880e+00  1.936654e+01  2.0118424610357888e+00
      1020  1.2749999999999784e+00  1.2249352694736837e-01  4.3480896185504436e-01  6.541345e-01  4.096210e+00  7.674637e+00  3.136173e+01  8.710052e+01  3.199635e+02  3.272404e+00  1.967382e+01  2.0353118470944898e+00
      1030  1.2874999999999781e+00  1.2246630980057700e-01  4.3614429764926699e-01  6.593927e-01  4.107335e+00  7.753505e+00  3.163290e+01  8.835436e+01  3.248092e+02  3.291183e+00  1.998530e+01  2.0592778381160062e+00
      1040  1.2999999999999778e+00  1.2243900866648123e-01  4.3749655437152973e-01  6.645936e-01  4.118398e+00  7.831849e+00  3.190348e+01  8.960694e+01  3.296676e+02  3.310199e+00  2.030072e+01  2.0837508724234528e+00
      1050  1.3124999999999776e+00  1.2241162248506640e-01  4.3886581064503744e-01  6.697360e-01  4.129393e+00  7.909634e+00  3.217332e+01  9.085752e+01  3.345353e+02  3.329431e+00  2.061977e+01  2.1087416414183040e+00
      1060  1.3249999999999773e+00  1.2238415019140593e-01  4.4025214503486138e-01  6.748186e-01  4.140314e+00  7.986828e+00  3.244223e+01  9.210531e+01  3.394087e+02  3.348860e+00  2.094215e+01  2.1342610948837906e+00
      1070  1.3374999999999770e+00  1.2235659071566612e-01  4.4165563602168650e-01  6.798400e-01  4.151153e+00  8.063395e+00  3.271006e+01  9.334955e+01  3.442844e+02  3.368465e+00  2.126755e+01  2.1603204463164185e+00
      1080  1.3499999999999768e+00  1.2232894298311177e-01  4.4307636197502798e-01  6.847990e-01  4.161905e+00  8.139302e+00  3.297661e+01  9.458943e+01  3.491586e+02  3.388226e+00  2.159562e+01  2.1869311782777010e+00
      1090  1.3624999999999765e+00  1.2230120591411428e-01  4.4451440112589796e-01  6.896942e-01  4.172563e+00  8.214513e+00  3.324171e+01  9.582414e+01  3.540277e+02  3.408122e+00  2.192604e+01  2.2141050477574993e+00
      1100  1.3749999999999762e+00  1.2227337842416119e-01  4.4596983153891323e-01  6.945244e-01  4.183121e+00  8.288993e+00  3.350518e+01  9.705285e+01  3.588877e+02  3.428132e+00  2.225844e+01  2.2418540915395986e+00
      1110  1.3874999999999760e+00  1.2224545942386721e-01  4.4744273108383342e-01  6.992883e-01  4.193573e+00  8.362708e+00  3.376685e+01  9.827471e+01  3.637348e+02  3.448235e+00  2.259248e+01  2.2701906315594882e+00
      1120  1.3999999999999757e+00  1.2221744781898748e-01  4.4893317740652872e-01  7.039846e-01  4.203912e+00  8.435623e+00  3.402652e+01  9.948889e+01  3.685649e+02  3.468410e+00  2.292776e+01  2.2991272802435008e+00
      1130  1.4124999999999754e+00  1.2218934251043248e-01  4.5044124789935441e-01  7.086120e-01  4.214133e+00  8.507701e+00  3.428401e+01  1.006945e+02  3.733740e+02  3.488636e+00  2.326393e+01  2.3286769458176182e+00
      1140  1.4249999999999752e+00  1.2216114239428469e-01  4.5196701967094399e-01  7.131692e-01  4.224228e+00  8.578909e+00  3.453914e+01  1.018907e+02  3.781580e+02  3.508892e+00  2.360058e+01  2.3588528375735032e+00
      1150  1.4374999999999749e+00  1.2213284636181754e-01  4.5351056951540242e-01  7.176551e-01  4.234191e+00  8.649210e+00  3.479173e+01  1.030766e+02  3.829127e+02  3.529157e+00  2.393732e+01  2.3896684710783651e+00
      1160  1.4499999999999746e+00  1.2210445329951558e-01  4.5507197388090287e-01  7.220683e-01  4.244018e+00  8.718569e+00  3.504159e+01  1.042513e+02  3.876339e+02  3.549409e+00  2.427374e+01  2.4211376733144419e+00
      1170  1.4624999999999744e+00  1.2207596208909759e-01  4.5665130883768634e-01  7.264077e-01  4.253700e+00  8.786951e+00  3.528853e+01  1.054139e+02  3.923173e+02  3.569628e+00  2.460943e+01  2.4532745877329436e+00
      1180  1.4749999999999741e+00  1.2204737160754092e-01  4.5824865004546472e-01  7.306719e-01  4.263234e+00  8.854322e+00  3.553238e+01  1.065635e+02  3.969586e+02  3.589792e+00  2.494398e+01  2.4860936792064097e+00
      1190  1.4874999999999738e+00  1.2201868072710824e-01  4.5986407272022167e-01  7.348599e-01  4.272612e+00  8.920647e+00  3.577294e+01  1.076993e+02  4.015534e+02  3.609881e+00  2.527697e+01  2.5196097388623868e+00
      1200  1.4999999999999736e+00  1.2198988831537610e-01  4.6149765160042783e-01  7.389705e-01  4.281829e+00  8.985892e+00  3.601003e+01  1.088203e+02  4.060976e+02  3.629875e+00  2.560796e+01  2.5538378887805080e+00
      1210  1.5124999999999733e+00  1.2196099323526648e-01  4.6314946091266901e-01  7.430024e-01  4.290880e+00  9.050022e+00  3.624348e+01  1.099256e+02  4.105866e+02  3.649752e+00  2.593653e+01  2.5887935865340195e+00
      1220  1.5249999999999730e+00  1.2193199434507905e-01  4.6481957433669563e-01  7.469545e-01  4.299758e+00  9.113004e+00  3.647310e+01  1.110144e+02  4.150161e+02  3.669493e+00  2.626225e+01  2.6244926295557511e+00
      1230  1.5374999999999728e+00  1.2190289049852700e-01  4.6650806496990799e-01  7.508257e-01  4.308459e+00  9.174805e+00  3.669872e+01  1.120858e+02  4.193819e+02  3.689077e+00  2.658468e+01  2.6609511593077122e+00
      1240  1.5499999999999725e+00  1.2187368054477425e-01  4.6821500529128945e-01  7.546149e-01  4.316977e+00  9.235392e+00  3.692017e+01  1.131389e+02  4.236797e+02  3.708486e+00  2.690341e+01  2.6981856652323950e+00
      1250  1.5624999999999722e+00  1.2184436332847567e-01  4.6994046712479970e-01  7.583209e-01  4.325307e+00  9.294734e+00  3.713726e+01  1.141728e+02  4.279051e+02  3.727700e+00  2.721799e+01  2.7362129884629818e+00
      1260  1.5749999999999720e+00  1.2181493768981844e-01  4.7168452160225049e-01  7.619428e-01  4.333444e+00  9.352799e+00  3.734984e+01  1.151867e+02  4.320540e+02  3.746700e+00  2.752800e+01  2.7750503252686736e+00
      1270  1.5874999999999717e+00  1.2178540246456698e-01  4.7344723912568504e-01  7.654794e-01  4.341383e+00  9.409556e+00  3.755773e+01  1.161798e+02  4.361221e+02  3.765468e+00  2.783301e+01  2.8147152302104699e+00
      1280  1.5999999999999714e+00  1.2175575648411001e-01  4.7522868932928164e-01  7.689297e-01  4.349120e+00  9.464975e+00  3.776078e+01  1.171512e+02  4.401053e+02  3.783986e+00  2.813262e+01  2.8552256189818941e+00
      1290  1.6124999999999712e+00  1.2172599857550909e-01  4.7702894104080928e-01  7.722927e-01  4.356650e+00  9.519027e+00  3.795883e+01  1.181001e+02  4.439997e+02  3.802236e+00  2.842640e+01  2.8965997709082409e+00
      1300  1.6249999999999709e+00  1.2169612756155045e-01  4.7884806224266713e-01  7.755674e-01  4.363969e+00  9.571684e+00  3.815172e+01  1.190257e+02  4.478013e+02  3.820202e+00  2.871395e+01  2.9388563310772078e+00
      1310  1.6374999999999706e+00  1.2166614226079914e-01  4.8068612003254207e-01  7.787529e-01  4.371073e+00  9.622918e+00  3.833930e+01  1.199273e+02  4.515062e+02  3.837867e+00  2.899487e+01  2.9820143120731051e+00
      1320  1.6499999999999704e+00  1.2163604148765544e-01  4.8254318058371221e-01  7.818481e-01  4.377957e+00  9.672702e+00  3.852145e+01  1.208042e+02  4.551106e+02  3.855215e+00  2.926878e+01  3.0260930952859950e+00
      1330  1.6624999999999701e+00  1.2160582405241446e-01  4.8441930910504710e-01  7.848523e-01  4.384620e+00  9.721012e+00  3.869800e+01  1.216555e+02  4.586110e+02  3.872232e+00  2.953530e+01  3.0711124317669096e+00
      1340  1.6749999999999698e+00  1.2157548876132628e-01  4.8631456980073778e-01  7.877646e-01  4.391055e+00  9.767821e+00  3.886884e+01  1.224806e+02  4.620038e+02  3.888902e+00  2.979406e+01  3.1170924425994100e+00
      1350  1.6874999999999696e+00  1.2154503441666141e-01  4.8822902582981093e-01  7.905840e-01  4.397262e+00  9.813108e+00  3.903384e+01  1.232789e+02  4.652855e+02  3.905213e+00  3.004472e+01  3.1640536187577446e+00
      1360  1.6999999999999693e+00  1.2151445981677687e-01  4.9016273926547133e-01  7.933097e-01  4.403236e+00  9.856849e+00  3.919288e+01  1.240497e+02  4.684531e+02  3.921150e+00  3.028694e+01  3.2120168204214488e+00
      1370  1.7124999999999690e+00  1.2148376375618487e-01  4.9211577105432786e-01  7.959409e-01  4.408976e+00  9.899023e+00  3.934585e+01  1.247925e+02  4.715034e+02  3.936702e+00  3.052040e+01  3.2610032757161229e+00
      1380  1.7249999999999688e+00  1.2145294502562529e-01  4.9408818097556118e-01  7.984770e-01  4.414477e+00  9.939610e+00  3.949263e+01  1.255065e+02  4.744334e+02  3.951857e+00  3.074480e+01  3.3110345788502680e+00
      1390  1.7374999999999685e+00  1.2142200241213927e-01  4.9608002760009295e-01  8.009170e-01  4.419740e+00  9.978592e+00  3.963313e+01  1.261913e+02  4.772404e+02  3.966605e+00  3.095984e+01  3.3621326876181161e+00
      1400  1.7499999999999682e+00  1.2139093469914609e-01  4.9809136824982192e-01  8.032603e-01  4.424760e+00  1.001595e+01  3.976726e+01  1.268465e+02  4.799219e+02  3.980934e+00  3.116526e+01  3.4143199202388272e+00
      1410  1.7624999999999680e+00  1.2135974066652291e-01  5.0012225895699181e-01  8.055063e-01  4.429537e+00  1.005167e+01  3.989493e+01  1.274715e+02  4.824753e+02  3.994837e+00  3.136081e+01  3.4676189515029407e+00
      1420  1.7749999999999677e+00  1.2132841909068603e-01  5.0217275442376774e-01  8.076542e-01  4.434070e+00  1.008573e+01  4.001607e+01  1.280658e+02  4.848986e+02  4.008305e+00  3.154627e+01  3.5220528081976754e+00
      1430  1.7874999999999674e+00  1.2129696874467594e-01  5.0424290798209570e-01  8.097034e-01  4.438357e+00  1.011813e+01  4.013061e+01  1.286292e+02  4.871896e+02  4.021330e+00  3.172142e+01  3.5776448637836022e+00
      1440  1.7999999999999672e+00  1.2126538839824330e-01  5.0633277155391843e-01  8.116534e-01  4.442396e+00  1.014884e+01  4.023849e+01  1.291612e+02  4.893466e+02  4.033906e+00  3.188609e+01  3.6344188322963782e+00
      1450  1.8124999999999669e+00  1.2123367681793924e-01  5.0844239561184146e-01  8.135035e-01  4.446189e+00  1.017786e+01  4.033965e+01  1.296616e+02  4.913679e+02  4.046027e+00  3.204011e+01  3.6923987614484512e+00
      1460  1.8249999999999666e+00  1.2120183276720643e-01  5.1057182914032428e-01  8.152533e-01  4.449734e+00  1.020518e+01  4.043405e+01  1.301301e+02  4.932522e+02  4.057689e+00  3.218335e+01  3.7516090249074354e+00
      1470  1.8374999999999664e+00  1.2116985500647359e-01  5.1272111959749833e-01  8.169021e-01  4.453032e+00  1.023079e+01  4.052166e+01  1.305664e+02  4.949982e+02  4.068888e+00  3.231569e+01  3.8120743137294841e+00
      1480  1.8499999999999661e+00  1.2113774229325203e-01  5.1489031287768894e-01  8.184497e-01  4.456082e+00  1.025469e+01  4.060245e+01  1.309704e+02  4.966050e+02  4.079621e+00  3.243703e+01  3.8738196269281122e+00
      1490  1.8624999999999658e+00  1.2110549338223439e-01  5.1707945327476224e-01  8.198954e-01  4.458886e+00  1.027686e+01  4.067639e+01  1.313419e+02  4.980718e+02  4.089886e+00  3.254733e+01  3.9368702611612294e+00
      1500  1.8749999999999656e+00  1.2107310702539603e-01  5.1928858344636863e-01  8.212389e-01  4.461444e+00  1.029731e+01  4.074349e+01  1.316808e+02  4.993981e+02  4.099683e+00  3.264653e+01  4.0012517995216470e+00
      1510  1.8874999999999653e+00  1.2104058197209806e-01  5.2151774437921072e-01  8.224798e-01  4.463758e+00  1.031603e+01  4.080373e+01  1.319871e+02  5.005835e+02  4.109011e+00  3.273463e+01  4.0669900994192263e+00
      1520  1.8999999999999651e+00  1.2100791696919304e-01  5.2376697535542327e-01  8.236178e-01  4.465828e+00  1.033302e+01  4.085714e+01  1.322608e+02  5.016280e+02  4.117871e+00  3.281163e+01  4.1341112795457438e+00
      1530  1.9124999999999648e+00  1.2097511076113235e-01  5.2603631392018413e-01  8.246525e-01  4.467658e+00  1.034827e+01  4.090371e+01  1.325018e+02  5.025318e+02  4.126265e+00  3.287758e+01  4.2026417059169230e+00
      1540  1.9249999999999645e+00  1.2094216209007601e-01  5.2832579585066342e-01  8.255836e-01  4.469249e+00  1.036180e+01  4.094349e+01  1.327103e+02  5.032951e+02  4.134196e+00  3.293253e+01  4.2726079769896748e+00
      1550  1.9374999999999643e+00  1.2090906969600379e-01  5.3063545512641952e-01  8.264110e-01  4.470603e+00  1.037361e+01  4.097650e+01  1.328864e+02  5.039185e+02  4.141669e+00  3.297659e+01  4.3440369078562799e+00
      1560  1.9499999999999640e+00  1.2087583231682832e-01  5.3296532390137397e-01  8.271342e-01  4.471723e+00  1.038369e+01  4.100278e+01  1.330302e+02  5.044028e+02  4.148686e+00  3.300986e+01  4.4169555135213212e+00
      1570  1.9624999999999637e+00  1.2084244868851045e-01  5.3531543247744962e-01  8.277532e-01  4.472613e+00  1.039206e+01  4.102239e+01  1.331419e+02  5.047490e+02  4.155256e+00  3.303249e+01  4.4913909912713645e+00
      1580  1.9749999999999635e+00  1.2080891754517561e-01  5.3768580928002951e-01  8.282678e-01  4.473275e+00  1.039872e+01  4.103538e+01  1.332217e+02  5.049583e+02  4.161383e+00  3.304465e+01  4.5673707021518819e+00
      1590  1.9874999999999632e+00  1.2077523761923153e-01  5.4007648083532211e-01  8.286777e-01  4.473713e+00  1.040368e+01  4.104183e+01  1.332700e+02  5.050322e+02  4.167076e+00  3.304652e+01  4.6449221515706212e+00
      1600  1.9999999999999629e+00  1.2074140764148783e-01  5.4248747174977174e-01  8.289830e-01  4.473932e+00  1.040695e+01  4.104181e+01  1.332870e+02  5.049721e+02  4.172342e+00  3.303832e+01  4.7240729690511554e+00
      1610  2.0124999999999647e+00  1.2070742634127657e-01  5.4491880469163334e-01  8.291834e-01  4.473935e+00  1.040854e+01  4.103539e+01  1.332731e+02  5.047800e+02  4.177192e+00  3.302031e+01  4.8048508871658280e+00
      1620  2.0249999999999666e+00  1.2067329244657385e-01  5.4737050037481971e-01  8.292790e-01  4.473727e+00  1.040846e+01  4.102268e+01  1.332287e+02  5.044579e+02  4.181635e+00  3.299273e+01  4.8872837196818839e+00
      1630  2.0374999999999686e+00  1.2063900468412209e-01  5.4984257754515498e-01  8.292697e-01  4.473313e+00  1.040672e+01  4.100378e+01  1.331541e+02  5.040078e+02  4.185682e+00  3.295589e+01  4.9713993389603051e+00
      1640  2.0499999999999705e+00  1.2060456177955432e-01  5.5233505296915097e-01  8.291554e-01  4.472698e+00  1.040334e+01  4.097879e+01  1.330499e+02  5.034322e+02  4.189345e+00  3.291009e+01  5.0572256526518888e+00
      1650  2.0624999999999725e+00  1.2056996245751680e-01  5.5484794142541638e-01  8.289363e-01  4.471887e+00  1.039833e+01  4.094781e+01  1.329166e+02  5.027336e+02  4.192638e+00  3.285566e+01  5.1447905797407456e+00
      1660  2.0749999999999744e+00  1.2053520544179440e-01  5.5738125569882735e-01  8.286122e-01  4.470886e+00  1.039171e+01  4.091099e+01  1.327545e+02  5.019147e+02  4.195572e+00  3.279297e+01  5.2341220259907306e+00
      1670  2.0874999999999764e+00  1.2050028945543520e-01  5.5993500657757100e-01  8.281834e-01  4.469701e+00  1.038349e+01  4.086844e+01  1.325644e+02  5.009782e+02  4.198162e+00  3.272240e+01  5.3252478588559571e+00
      1680  2.0999999999999783e+00  1.2046521322087499e-01  5.6250920285316885e-01  8.276498e-01  4.468338e+00  1.037370e+01  4.082029e+01  1.323467e+02  4.999272e+02  4.200424e+00  3.264433e+01  5.4181958819218066e+00
      1690  2.1124999999999803e+00  1.2042997546006227e-01  5.6510385132359942e-01  8.270116e-01  4.466804e+00  1.036234e+01  4.076670e+01  1.321021e+02  4.987648e+02  4.202373e+00  3.255919e+01  5.5129938089487132e+00
      1700  2.1249999999999822e+00  1.2039457489458223e-01  5.6771895679962803e-01  8.262689e-01  4.465105e+00  1.034945e+01  4.070779e+01  1.318312e+02  4.974942e+02  4.204024e+00  3.246741e+01  5.6096692375959423e+00
      1710  2.1374999999999842e+00  1.2035901024578111e-01  5.7035452211443405e-01  8.254219e-01  4.463249e+00  1.033503e+01  4.064374e+01  1.315345e+02  4.961188e+02  4.205396e+00  3.236945e+01  5.7082496229082986e+00
      1720  2.1499999999999861e+00  1.2032328023488927e-01  5.7301054813665664e-01  8.244707e-01  4.461242e+00  1.031912e+01  4.057469e+01  1.312129e+02  4.946421e+02  4.206505e+00  3.226577e+01  5.8087622506536505e+00
      1730  2.1624999999999881e+00  1.2028738358314309e-01  5.7568703378693953e-01  8.234155e-01  4.459092e+00  1.030172e+01  4.050082e+01  1.308669e+02  4.930675e+02  4.207370e+00  3.215688e+01  5.9112342106043991e+00
      1740  2.1749999999999901e+00  1.2025131901190690e-01  5.7838397605807501e-01  8.222565e-01  4.456808e+00  1.028287e+01  4.042228e+01  1.304972e+02  4.913989e+02  4.208009e+00  3.204326e+01  6.0156923698608544e+00
      1750  2.1874999999999920e+00  1.2021508524279180e-01  5.8110137003882312e-01  8.209940e-01  4.454395e+00  1.026258e+01  4.033925e+01  1.301046e+02  4.896399e+02  4.208441e+00  3.192545e+01  6.1221633463191925e+00
      1760  2.1999999999999940e+00  1.2017868099777443e-01  5.8383920894151387e-01  8.196282e-01  4.451864e+00  1.024088e+01  4.025192e+01  1.296898e+02  4.877943e+02  4.208688e+00  3.180397e+01  6.2306734823911212e+00
      1770  2.2124999999999959e+00  1.2014210499931316e-01  5.8659748413346458e-01  8.181593e-01  4.449222e+00  1.021778e+01  4.016045e+01  1.292534e+02  4.858660e+02  4.208768e+00  3.167937e+01  6.3412488190869913e+00
      1780  2.2249999999999979e+00  1.2010535597046219e-01  5.8937618517233303e-01  8.165878e-01  4.446478e+00  1.019332e+01  4.006504e+01  1.287963e+02  4.838590e+02  4.208702e+00  3.155222e+01  6.4539150705773594e+00
      1790  2.2374999999999998e+00  1.2006843263498354e-01  5.9217529984542505e-01  8.149137e-01  4.443641e+00  1.016752e+01  3.996589e+01  1.283192e+02  4.817772e+02  4.208512e+00  3.142309e+01  6.5686975993527259e+00
      1800  2.2500000000000018e+00  1.2003133371745604e-01  5.9499481421305178e-01  8.131375e-01  4.440720e+00  1.014039e+01  3.986317e+01  1.278228e+02  4.796247e+02  4.208219e+00  3.129255e+01  6.6856213921037222e+00
      1810  2.2625000000000037e+00  1.1999405794338261e-01  5.9783471265595356e-01  8.112596e-01  4.437723e+00  1.011196e+01  3.975709e+01  1.273079e+02  4.774055e+02  4.207844e+00  3.116120e+01  6.8047110364477978e+00
      1820  2.2750000000000057e+00  1.1995660403929244e-01  6.0069497792686422e-01  8.092801e-01  4.434661e+00  1.008225e+01  3.964785e+01  1.267752e+02  4.751236e+02  4.207411e+00  3.102966e+01  6.9259906986308302e+00
      1830  2.2875000000000076e+00  1.1991897073284219e-01  6.0357559120622728e-01  8.071995e-01  4.431542e+00  1.005130e+01  3.953565e+01  1.262255e+02  4.727832e+02  4.206941e+00  3.089853e+01  7.0494841023349082e+00
      1840  2.3000000000000096e+00  1.1988115675291161e-01  6.0647653216211084e-01  8.050182e-01  4.428377e+00  1.001911e+01  3.942069e+01  1.256595e+02  4.703884e+02  4.206458e+00  3.076844e+01  7.1752145087254702e+00
      1850  2.3125000000000115e+00  1.1984316082969644e-01  6.0939777901433723e-01  8.027366e-01  4.425175e+00  9.985712e+00  3.930318e+01  1.250779e+02  4.679432e+02  4.205984e+00  3.064001e+01  7.3032046978728706e+00
      1860  2.3250000000000135e+00  1.1980498169479654e-01  6.1233930860282737e-01  8.003550e-01  4.421947e+00  9.951130e+00  3.918334e+01  1.244815e+02  4.654518e+02  4.205542e+00  3.051389e+01  7.4334769516850345e+00
      1870  2.3375000000000155e+00  1.1976661808130029e-01  6.1530109646019859e-01  7.978738e-01  4.418702e+00  9.915385e+00  3.906137e+01  1.238710e+02  4.629182e+02  4.205156e+00  3.039072e+01  7.5660530384886311e+00
      1880  2.3500000000000174e+00  1.1972806872386353e-01  6.1828311688857873e-01  7.952935e-01  4.415451e+00  9.878498e+00  3.893748e+01  1.232471e+02  4.603465e+02  4.204848e+00  3.027115e+01  7.7009541993973425e+00
      1890  2.3625000000000194e+00  1.1968933235878412e-01  6.2128534304064420e-01  7.926144e-01  4.412205e+00  9.840489e+00  3.881189e+01  1.226105e+02  4.577407e+02  4.204644e+00  3.015584e+01  7.8382011366061990e+00
      1900  2.3750000000000213e+00  1.1965040772407087e-01  6.2430774700486980e-01  7.898371e-01  4.408973e+00  9.801379e+00  3.868481e+01  1.219619e+02  4.551048e+02  4.204566e+00  3.004546e+01  7.9778140037506997e+00
      1910  2.3875000000000233e+00  1.1961129355950796e-01  6.2735029989495272e-01  7.869620e-01  4.405766e+00  9.761188e+00  3.855647e+01  1.213018e+02  4.524429e+02  4.204638e+00  2.994066e+01  8.1198123984696498e+00
      1920  2.4000000000000252e+00  1.1957198860671225e-01  6.3041297194338031e-01  7.839895e-01  4.402596e+00  9.719935e+00  3.842707e+01  1.206311e+02  4.497588e+02  4.204884e+00  2.984213e+01  8.2642153573099666e+00
      1930  2.4125000000000272e+00  1.1953249160918554e-01  6.3349573259911052e-01  7.809201e-01  4.399473e+00  9.677638e+00  3.829685e+01  1.199503e+02  4.470564e+02  4.205328e+00  2.975054e+01  8.4110413531105479e+00
      1940  2.4250000000000291e+00  1.1949280131236045e-01  6.3659855062929849e-01  7.777543e-01  4.396409e+00  9.634315e+00  3.816601e+01  1.192600e+02  4.443397e+02  4.205993e+00  2.966657e+01  8.5603082950018603e+00
      1950  2.4375000000000311e+00  1.1945291646363969e-01  6.3972139422503349e-01  7.744925e-01  4.393413e+00  9.589982e+00  3.803478e+01  1.185607e+02  4.416124e+02  4.206902e+00  2.959089e+01  8.7120335311556030e+00
      1960  2.4500000000000330e+00  1.1941283581242879e-01  6.4286423111100877e-01  7.711353e-01  4.390498e+00  9.544655e+00  3.790338e+01  1.178531e+02  4.388784e+02  4.208080e+00  2.952420e+01  8.8662338544180344e+00
      1970  2.4625000000000350e+00  1.1937255811016156e-01  6.4602702865905559e-01  7.676832e-01  4.387674e+00  9.498349e+00  3.777204e+01  1.171376e+02  4.361413e+02  4.209550e+00  2.946717e+01  9.0229255109577231e+00
      1980  2.4750000000000369e+00  1.1933208211031850e-01  6.4920975400546754e-01  7.641366e-01  4.384953e+00  9.451078e+00  3.764097e+01  1.164148e+02  4.334048e+02  4.211334e+00  2.942050e+01  9.1821242120573405e+00
      1990  2.4875000000000389e+00  1.1929140656843777e-01  6.5241237417203368e-01  7.604961e-01  4.382345e+00  9.402855e+00  3.751040e+01  1.156852e+02  4.306725e+02  4.213457e+00  2.938487e+01  9.3438451491757366e+00
      2000  2.5000000000000409e+00  1.1925053024211872e-01  6.5563485619068151e-01  7.567622e-01  4.379864e+00  9.353691e+00  3.738054e+01  1.149490e+02  4.279482e+02  4.215940e+00  2.936098e+01  9.5081030124048063e+00
      2010  2.5125000000000428e+00  1.1920945189101681e-01  6.5887716723163736e-01  7.529354e-01  4.377519e+00  9.303597e+00  3.725164e+01  1.142069e+02  4.252352e+02  4.218806e+00  2.934950e+01  9.6749120124423893e+00
      2020  2.5250000000000448e+00  1.1916817027683145e-01  6.6213927473500012e-01  7.490163e-01  4.375322e+00  9.252581e+00  3.712391e+01  1.134591e+02  4.225371e+02  4.222078e+00  2.935112e+01  9.8442859062001098e+00
      2030  2.5375000000000467e+00  1.1912668416328416e-01  6.6542114654562889e-01  7.450055e-01  4.373285e+00  9.200653e+00  3.699757e+01  1.127061e+02  4.198574e+02  4.225778e+00  2.936654e+01  1.0016238026161290e+01
      2040  2.5500000000000487e+00  1.1908499231608974e-01  6.6872275105121048e-01  7.409034e-01  4.371418e+00  9.147820e+00  3.687285e+01  1.119480e+02  4.171994e+02  4.229928e+00  2.939643e+01  1.0190781313601880e+01
      2050  2.5625000000000506e+00  1.1904309350291775e-01  6.7204405732341332e-01  7.367107e-01  4.369735e+00  9.094086e+00  3.674998e+01  1.111852e+02  4.145667e+02  4.234549e+00  2.944148e+01  1.0367928355783324e+01
      2060  2.5750000000000526e+00  1.1900098649334512e-01  6.7538503526198779e-01  7.324279e-01  4.368245e+00  9.039456e+00  3.662919e+01  1.104179e+02  4.119624e+02  4.239661e+00  2.950237e+01  1.0547691427223644e+01
      2070  2.5875000000000545e+00  1.1895867005879938e-01  6.7874565574168499e-01  7.280556e-01  4.366961e+00  8.983934e+00  3.651070e+01  1.096463e+02  4.093901e+02  4.245287e+00  2.957977e+01  1.0730082535148647e+01
      2080  2.6000000000000565e+00  1.1891614297249412e-01  6.8212589076187990e-01  7.235944e-01  4.365893e+00  8.927520e+00  3.639475e+01  1.088705e+02  4.068529e+02  4.251445e+00  2.967435e+01  1.0915113469223600e+01
      2090  2.6125000000000584e+00  1.1887340400935337e-01  6.8552571359874781e-01  7.190449e-01  4.365054e+00  8.870216e+00  3.628155e+01  1.080908e+02  4.043541e+02  4.258157e+00  2.978679e+01  1.1102795855659618e+01
      2100  2.6250000000000604e+00  1.1883045194592702e-01  6.8894509895986167e-01  7.144076e-01  4.364454e+00  8.812020e+00  3.617135e+01  1.073070e+02  4.018971e+02  4.265441e+00  2.991773e+01  1.1293141215788488e+01
      2110  2.6375000000000624e+00  1.1878728556029614e-01  6.9238402314107272e-01  7.096833e-01  4.364105e+00  8.752929e+00  3.606438e+01  1.065193e+02  3.994852e+02  4.273316e+00  3.006785e+01  1.1486161029193436e+01
      2120  2.6500000000000643e+00  1.1874390363196953e-01  6.9584246418553253e-01  7.048725e-01  4.364018e+00  8.692941e+00  3.596086e+01  1.057277e+02  3.971216e+02  4.281802e+00  3.023778e+01  1.1681866801482030e+01
      2130  2.6625000000000663e+00  1.1870030494176902e-01  6.9932040204470569e-01  6.999758e-01  4.364205e+00  8.632050e+00  3.586103e+01  1.049321e+02  3.948096e+02  4.290916e+00  3.042817e+01  1.1880270136782697e+01
      2140  2.6750000000000682e+00  1.1865648827170497e-01  7.0281781874123783e-01  6.949940e-01  4.364675e+00  8.570249e+00  3.576514e+01  1.041324e+02  3.925525e+02  4.300675e+00  3.063966e+01  1.2081382815042984e+01
      2150  2.6875000000000702e+00  1.1861245240484217e-01  7.0633469853353004e-01  6.899276e-01  4.365441e+00  8.507530e+00  3.567341e+01  1.033285e+02  3.903538e+02  4.311098e+00  3.087286e+01  1.2285216874205194e+01
      2160  2.7000000000000721e+00  1.1856819612515454e-01  7.0987102808185232e-01  6.847773e-01  4.366513e+00  8.443885e+00  3.558608e+01  1.025200e+02  3.882167e+02  4.322200e+00  3.112841e+01  1.2491784697330392e+01
      2170  2.7125000000000741e+00  1.1852371821737002e-01  7.1342679661589303e-01  6.795438e-01  4.367902e+00  8.379303e+00  3.550340e+01  1.017070e+02  3.861447e+02  4.333999e+00  3.140689e+01  1.2701099104739392e+01
      2180  2.7250000000000760e+00  1.1847901746680470e-01  7.1700199610353754e-01  6.742278e-01  4.369619e+00  8.313771e+00  3.542562e+01  1.008889e+02  3.841413e+02  4.346508e+00  3.170892e+01  1.2913173451235359e+01
      2190  2.7375000000000780e+00  1.1843409265918636e-01  7.2059662142078906e-01  6.688299e-01  4.371674e+00  8.247278e+00  3.535296e+01  1.000655e+02  3.822101e+02  4.359744e+00  3.203508e+01  1.3128021728470291e+01
      2200  2.7500000000000799e+00  1.1838894258046724e-01  7.2421067052262822e-01  6.633509e-01  4.374078e+00  8.179807e+00  3.528569e+01  9.923644e+01  3.803546e+02  4.373722e+00  3.238593e+01  1.3345658672512911e+01
      2210  2.7625000000000819e+00  1.1834356601662652e-01  7.2784414461471225e-01  6.577914e-01  4.376841e+00  8.111345e+00  3.522405e+01  9.840123e+01  3.785785e+02  4.388456e+00  3.276206e+01  1.3566099876674317e+01
      2220  2.7750000000000838e+00  1.1829796175346163e-01  7.3149704832573370e-01  6.521523e-01  4.379972e+00  8.041874e+00  3.516829e+01  9.755940e+01  3.768858e+02  4.403958e+00  3.316401e+01  1.3789361909642547e+01
      2230  2.7875000000000858e+00  1.1825212857636896e-01  7.3516938988031344e-01  6.464343e-01  4.383483e+00  7.971376e+00  3.511866e+01  9.671043e+01  3.752803e+02  4.420244e+00  3.359232e+01  1.4015462438975357e+01
      2240  2.8000000000000878e+00  1.1820606527011390e-01  7.3886118127227585e-01  6.406381e-01  4.387383e+00  7.899833e+00  3.507543e+01  9.585372e+01  3.737660e+02  4.437325e+00  3.404752e+01  1.4244420359997147e+01
      2250  2.8125000000000897e+00  1.1815977061858944e-01  7.4257243843816778e-01  6.347644e-01  4.391680e+00  7.827225e+00  3.503885e+01  9.498865e+01  3.723470e+02  4.455214e+00  3.453013e+01  1.4476255930142090e+01
      2260  2.8250000000000917e+00  1.1811324340456449e-01  7.4630318143088048e-01  6.288142e-01  4.396386e+00  7.753530e+00  3.500919e+01  9.411454e+01  3.710278e+02  4.473924e+00  3.504066e+01  1.4710990908783106e+01
      2270  2.8375000000000936e+00  1.1806648240942186e-01  7.5005343459323526e-01  6.227881e-01  4.401508e+00  7.678728e+00  3.498671e+01  9.323065e+01  3.698127e+02  4.493467e+00  3.557961e+01  1.4948648702582867e+01
      2280  2.8500000000000956e+00  1.1801948641288365e-01  7.5382322673138003e-01  6.166870e-01  4.407057e+00  7.602797e+00  3.497167e+01  9.233620e+01  3.687064e+02  4.513854e+00  3.614747e+01  1.5189254516399153e+01
      2290  2.8625000000000975e+00  1.1797225419272762e-01  7.5761259128790215e-01  6.105117e-01  4.413039e+00  7.525713e+00  3.496434e+01  9.143037e+01  3.677136e+02  4.535096e+00  3.674471e+01  1.5432835509773687e+01
      2300  2.8750000000000995e+00  1.1792478452449190e-01  7.6142156651445236e-01  6.042632e-01  4.419465e+00  7.447452e+00  3.496500e+01  9.051228e+01  3.668394e+02  4.557206e+00  3.737182e+01  1.5679420959030647e+01
      2310  2.8875000000001014e+00  1.1787707618116897e-01  7.6525019564382057e-01  5.979421e-01  4.426342e+00  7.367992e+00  3.497393e+01  8.958102e+01  3.660888e+02  4.580194e+00  3.802927e+01  1.5929042425005267e+01
      2320  2.9000000000001034e+00  1.1782912793288897e-01  7.6909852706125847e-01  5.915495e-01  4.433678e+00  7.287307e+00  3.499139e+01  8.863561e+01  3.654672e+02  4.604072e+00  3.871752e+01  1.6181733926421277e+01
      2330  2.9125000000001053e+00  1.1778093854659258e-01  7.7296661447496862e-01  5.850862e-01  4.441481e+00  7.205373e+00  3.501766e+01  8.767505e+01  3.649803e+02  4.628852e+00  3.943704e+01  1.6437532118929091e+01
      2340  2.9250000000001073e+00  1.1773250678569262e-01  7.7685451708558129e-01  5.785532e-01  4.449759e+00  7.122165e+00  3.505304e+01  8.669829e+01  3.646337e+02  4.654544e+00  4.018832e+01  1.6696476479813683e+01
      2350  2.9375000000001092e+00  1.1768383140972637e-01  7.8076229975450273e-01  5.719513e-01  4.458517e+00  7.037659e+00  3.509780e+01  8.570423e+01  3.644335e+02  4.681162e+00  4.097182e+01  1.6958609498374202e+01
      2360  2.9500000000001112e+00  1.1763491117399542e-01  7.8469003317098440e-01  5.652816e-01  4.467764e+00  6.951829e+00  3.515222e+01  8.469174e+01  3.643860e+02  4.708717e+00  4.178805e+01  1.7223976871973040e+01
      2370  2.9625000000001132e+00  1.1758574482919736e-01  7.8863779401776446e-01  5.585450e-01  4.477505e+00  6.864652e+00  3.521659e+01  8.365965e+01  3.644976e+02  4.737223e+00  4.263750e+01  1.7492627707743967e+01
      2380  2.9750000000001151e+00  1.1753633112104517e-01  7.9260566513514907e-01  5.517425e-01  4.487747e+00  6.776103e+00  3.529120e+01  8.260677e+01  3.647749e+02  4.766694e+00  4.352072e+01  1.7764614729942544e+01
      2390  2.9875000000001171e+00  1.1748666878987783e-01  7.9659373568333847e-01  5.448752e-01  4.498495e+00  6.686160e+00  3.537633e+01  8.153187e+01  3.652251e+02  4.797143e+00  4.443826e+01  1.8039994492913980e+01
      2400  3.0000000000001190e+00  1.1743675657026063e-01  8.0060210130288034e-01  5.379441e-01  4.509755e+00  6.594799e+00  3.547228e+01  8.043368e+01  3.658552e+02  4.828587e+00  4.539071e+01  1.8318827599642951e+01
      2410  3.0125000000001210e+00  1.1738659319057416e-01  8.0463086427304298e-01  5.309502e-01  4.521533e+00  6.501998e+00  3.557933e+01  7.931092e+01  3.666727e+02  4.861042e+00  4.637871e+01  1.8601178925841406e+01
      2420  3.0250000000001229e+00  1.1733617737259565e-01  8.0868013366792790e-01  5.238947e-01  4.533832e+00  6.407736e+00  3.569776e+01  7.816230e+01  3.676853e+02  4.894526e+00  4.740294e+01  1.8887117849516518e+01
      2430  3.0375000000001249e+00  1.1728550783106846e-01  8.1275002551015452e-01  5.167787e-01  4.546657e+00  6.311994e+00  3.582787e+01  7.698649e+01  3.689009e+02  4.929058e+00  4.846413e+01  1.9176718485948857e+01
      2440  3.0500000000001268e+00  1.1723458327326448e-01  8.1684066292185165e-01  5.096032e-01  4.560013e+00  6.214752e+00  3.596994e+01  7.578217e+01  3.703277e+02  4.964661e+00  4.956309e+01  1.9470059927994747e+01
      2450  3.0625000000001288e+00  1.1718340239853429e-01  8.2095217627278105e-01  5.023695e-01  4.573902e+00  6.115995e+00  3.612424e+01  7.454800e+01  3.719739e+02  5.001357e+00  5.070071e+01  1.9767226491609904e+01
      2460  3.0750000000001307e+00  1.1713196389785030e-01  8.2508470332529715e-01  4.950788e-01  4.588328e+00  6.015705e+00  3.629107e+01  7.328265e+01  3.738482e+02  5.039171e+00  5.187796e+01  2.0068307966471327e+01
      2470  3.0875000000001327e+00  1.1708026645334071e-01  8.2923838937591476e-01  4.877322e-01  4.603294e+00  5.913869e+00  3.647070e+01  7.198479e+01  3.759594e+02  5.078131e+00  5.309591e+01  2.0373399871551904e+01
      2480  3.1000000000001346e+00  1.1702830873781374e-01  8.3341338739314530e-01  4.803310e-01  4.618803e+00  5.810476e+00  3.666340e+01  7.065309e+01  3.783163e+02  5.118267e+00  5.435573e+01  2.0682603715478056e+01
      2490  3.1125000000001366e+00  1.1697608941427398e-01  8.3760985815130951e-01  4.728765e-01  4.634856e+00  5.705515e+00  3.686944e+01  6.928625e+01  3.809282e+02  5.159613e+00  5.565874e+01  2.0996027261469884e+01
      2500  3.1250000000001386e+00  1.1692360713543079e-01  8.4182797035995249e-01  4.653700e-01  4.651455e+00  5.598978e+00  3.708907e+01  6.788300e+01  3.838043e+02  5.202205e+00  5.700638e+01  2.1313784796632447e+01
      2510  3.1375000000001405e+00  1.1687086054319840e-01  8.4606790078847605e-01  4.578128e-01  4.668601e+00  5.490861e+00  3.732257e+01  6.644208e+01  3.869540e+02  5.246083e+00  5.840027e+01  2.1635997405329860e+01
      2520  3.1500000000001425e+00  1.1681784826818810e-01  8.5032983438555265e-01  4.502062e-01  4.686295e+00  5.381161e+00  3.757017e+01  6.496228e+01  3.903868e+02  5.291290e+00  5.984216e+01  2.1962793246330701e+01
      2530  3.1625000000001444e+00  1.1676456892919385e-01  8.5461396439285942e-01  4.425516e-01  4.704538e+00  5.269877e+00  3.783213e+01  6.344243e+01  3.941123e+02  5.337873e+00  6.133402e+01  2.2294307833369150e+01
      2540  3.1750000000001464e+00  1.1671102113267033e-01  8.5892049245260782e-01  4.348505e-01  4.723329e+00  5.157012e+00  3.810867e+01  6.188142e+01  3.981400e+02  5.385886e+00  6.287804e+01  2.2630684318711090e+01
      2550  3.1875000000001483e+00  1.1665720347220498e-01  8.6324962870831012e-01  4.271043e-01  4.742668e+00  5.042572e+00  3.840002e+01  6.027821e+01  4.024797e+02  5.435384e+00  6.447660e+01  2.2972073779256071e+01
      2560  3.2000000000001503e+00  1.1660311452798347e-01  8.6760159189816077e-01  4.193144e-01  4.762555e+00  4.926566e+00  3.870640e+01  5.863179e+01  4.071409e+02  5.486430e+00  6.613237e+01  2.3318635504640685e+01
      2570  3.2125000000001522e+00  1.1654875286625016e-01  8.7197660944036059e-01  4.114825e-01  4.782987e+00  4.809004e+00  3.902800e+01  5.694128e+01  4.121332e+02  5.539090e+00  6.784826e+01  2.3670537286732486e+01
      2580  3.2250000000001542e+00  1.1649411703876283e-01  8.7637491750965846e-01  4.036099e-01  4.803963e+00  4.689902e+00  3.936503e+01  5.520585e+01  4.174659e+02  5.593439e+00  6.962750e+01  2.4027955709822617e+01
      2590  3.2375000000001561e+00  1.1643920558224373e-01  8.8079676110430771e-01  3.956983e-01  4.825482e+00  4.569278e+00  3.971765e+01  5.342478e+01  4.231485e+02  5.649556e+00  7.147364e+01  2.4391076440731666e+01
      2600  3.2500000000001581e+00  1.1638401701782566e-01  8.8524239410259464e-01  3.877493e-01  4.847540e+00  4.447155e+00  4.008605e+01  5.159744e+01  4.291901e+02  5.707527e+00  7.339061e+01  2.4760094517940740e+01
      2610  3.2625000000001600e+00  1.1632854985049608e-01  8.8971207930800122e-01  3.797645e-01  4.870135e+00  4.323557e+00  4.047037e+01  4.972334e+01  4.355995e+02  5.767447e+00  7.538271e+01  2.5135214638747374e+01
      2620  3.2750000000001620e+00  1.1627280256853834e-01  8.9420608848202565e-01  3.717456e-01  4.893263e+00  4.198513e+00  4.087076e+01  4.780208e+01  4.423855e+02  5.829416e+00  7.745466e+01  2.5516651443318064e+01
      2630  3.2875000000001640e+00  1.1621677364297005e-01  8.9872470236359714e-01  3.636943e-01  4.916921e+00  4.072055e+00  4.128733e+01  4.583340e+01  4.495562e+02  5.893547e+00  7.961170e+01  2.5904629794373786e+01
      2640  3.3000000000001659e+00  1.1616046152698356e-01  9.0326821067396090e-01  3.556123e-01  4.941104e+00  3.944221e+00  4.172019e+01  4.381719e+01  4.571197e+02  5.959958e+00  8.185953e+01  2.6299385051092582e+01
      2650  3.3125000000001679e+00  1.1610386465538296e-01  9.0783691210585116e-01  3.475015e-01  4.965808e+00  3.815049e+00  4.216945e+01  4.175347e+01  4.650835e+02  6.028777e+00  8.420449e+01  2.6701163335648239e+01
      2660  3.3250000000001698e+00  1.1604698144402545e-01  9.1243111429568680e-01  3.393635e-01  4.991028e+00  3.684583e+00  4.263516e+01  3.964243e+01  4.734548e+02  6.100146e+00  8.665349e+01  2.7110221790627136e+01
      2670  3.3375000000001718e+00  1.1598981028926363e-01  9.1705113377748992e-01  3.312003e-01  5.016759e+00  3.552870e+00  4.311739e+01  3.748439e+01  4.822399e+02  6.174214e+00  8.921419e+01  2.7526828825371936e+01
      2680  3.3500000000001737e+00  1.1593234956739053e-01  9.2169729591716520e-01  3.230137e-01  5.042995e+00  3.419961e+00  4.361618e+01  3.527988e+01  4.914451e+02  6.251145e+00  9.189501e+01  2.7951264349094654e+01
      2690  3.3625000000001757e+00  1.1587459763409108e-01  9.2636993482572449e-01  3.148056e-01  5.069729e+00  3.285911e+00  4.413154e+01  3.302957e+01  5.010757e+02  6.331114e+00  9.470526e+01  2.8383819988382800e+01
      2700  3.3750000000001776e+00  1.1581655282389841e-01  9.3106939325000715e-01  3.065780e-01  5.096956e+00  3.150776e+00  4.466348e+01  3.073432e+01  5.111365e+02  6.414311e+00  9.765520e+01  2.8824799286491452e+01
      2710  3.3875000000001796e+00  1.1575821344965866e-01  9.3579602243945104e-01  2.983328e-01  5.124668e+00  3.014619e+00  4.521198e+01  2.839518e+01  5.216316e+02  6.500941e+00  1.007562e+02  2.9274517881571015e+01
      2720  3.4000000000001815e+00  1.1569957780200350e-01  9.4055018198741791e-01  2.900721e-01  5.152859e+00  2.877503e+00  4.577700e+01  2.601338e+01  5.325644e+02  6.591225e+00  1.040209e+02  2.9733303660732638e+01
      2730  3.4125000000001835e+00  1.1564064414883549e-01  9.4533223964560109e-01  2.817978e-01  5.181520e+00  2.739498e+00  4.635849e+01  2.359035e+01  5.439375e+02  6.685401e+00  1.074632e+02  3.0201496886595198e+01
      2740  3.4250000000001855e+00  1.1558141073482393e-01  9.5014257111008105e-01  2.735121e-01  5.210643e+00  2.600673e+00  4.695636e+01  2.112770e+01  5.557529e+02  6.783725e+00  1.110988e+02  3.0679450292701635e+01
      2750  3.4375000000001874e+00  1.1552187578091598e-01  9.5498155977761390e-01  2.652170e-01  5.240221e+00  2.461103e+00  4.757052e+01  1.862726e+01  5.680114e+02  6.886475e+00  1.149449e+02  3.1167529143936957e+01
      2760  3.4500000000001894e+00  1.1546203748386373e-01  9.5984959647082313e-01  2.569146e-01  5.270244e+00  2.320863e+00  4.820085e+01  1.609102e+01  5.807134e+02  6.993948e+00  1.190209e+02  3.1666111257831517e+01
      2770  3.4625000000001913e+00  1.1540189401576999e-01  9.6474707913103630e-01  2.486072e-01  5.300703e+00  2.180034e+00  4.884722e+01  1.352118e+01  5.938581e+02  7.106466e+00  1.233485e+02  3.2175586982399082e+01
      2780  3.4750000000001933e+00  1.1534144352365377e-01  9.6967441247765873e-01  2.402968e-01  5.331589e+00  2.038697e+00  4.950946e+01  1.092015e+01  6.074440e+02  7.224375e+00  1.279520e+02  3.2696359125942749e+01
      2790  3.4875000000001952e+00  1.1528068412903732e-01  9.7463200763309155e-01  2.319857e-01  5.362893e+00  1.896935e+00  5.018740e+01  8.290486e+00  6.214688e+02  7.348047e+00  1.328585e+02  3.3228842834075579e+01
      2800  3.5000000000001972e+00  1.1521961392755993e-01  9.7962028171237403e-01  2.236761e-01  5.394603e+00  1.754833e+00  5.088084e+01  5.634963e+00  6.359292e+02  7.477885e+00  1.380987e+02  3.3773465409047496e+01
      2810  3.5125000000001991e+00  1.1515823098861634e-01  9.8463965737695935e-01  2.153703e-01  5.426710e+00  1.612479e+00  5.158958e+01  2.956510e+00  6.508210e+02  7.614318e+00  1.437072e+02  3.4330666066362923e+01
      2820  3.5250000000002011e+00  1.1509653335502527e-01  9.8969056235224928e-01  2.070705e-01  5.459202e+00  1.469960e+00  5.231336e+01  2.582247e-01  6.661392e+02  7.757812e+00  1.497229e+02  3.4900895623613096e+01
      2830  3.5375000000002030e+00  1.1503451904272897e-01  9.9477342890873122e-01  1.987789e-01  5.492069e+00  1.327366e+00  5.305194e+01 -2.456638e+00  6.818780e+02  7.908866e+00  1.561897e+02  3.5484616116454006e+01
      2840  3.5500000000002050e+00  1.1497218604052624e-01  9.9988869330697139e-01  1.904980e-01  5.525298e+00  1.184786e+00  5.380506e+01 -5.184679e+00  6.980307e+02  8.068015e+00  1.631573e+02  3.6082300336730036e+01
      2850  3.5625000000002069e+00  1.1490953230984148e-01  1.0050367952068449e+00  1.822300e-01  5.558878e+00  1.042310e+00  5.457241e+01 -7.922371e+00  7.145898e+02  8.235835e+00  1.706821e+02  3.6694431287899100e+01
      2860  3.5750000000002089e+00  1.1484655578453155e-01  1.0102181770419016e+00  1.739773e-01  5.592797e+00  9.000287e-01  5.535369e+01 -1.066607e+01  7.315472e+02  8.412942e+00  1.788275e+02  3.7321501553147343e+01
      2870  3.5875000000002109e+00  1.1478325437073299e-01  1.0154332833599848e+00  1.657421e-01  5.627041e+00  7.580302e-01  5.614859e+01 -1.341203e+01  7.488939e+02  8.599997e+00  1.876659e+02  3.7964012571913528e+01
      2880  3.6000000000002128e+00  1.1471962594675118e-01  1.0206825601316667e+00  1.575268e-01  5.661599e+00  6.164034e-01  5.695676e+01 -1.615644e+01  7.666203e+02  8.797707e+00  1.972788e+02  3.8622473820967237e+01
      2890  3.6125000000002148e+00  1.1465566836299419e-01  1.0259664540283842e+00  1.493339e-01  5.696456e+00  4.752355e-01  5.777786e+01 -1.889542e+01  7.847162e+02  9.006826e+00  2.077587e+02  3.9297401896715172e+01
      2900  3.6250000000002167e+00  1.1459137944195184e-01  1.0312854116725887e+00  1.411656e-01  5.731600e+00  3.346119e-01  5.861150e+01 -2.162504e+01  8.031708e+02  9.228159e+00  2.192103e+02  3.9989319496036160e+01
      2910  3.6375000000002187e+00  1.1452675697822307e-01  1.0366398788625499e+00  1.330242e-01  5.767016e+00  1.946162e-01  5.945731e+01 -2.434136e+01  8.219729e+02  9.462564e+00  2.317522e+02  4.0698754293683336e+01
      2920  3.6500000000002206e+00  1.1446179873859272e-01  1.0420302997748430e+00  1.249123e-01  5.802690e+00  5.532907e-02  6.031490e+01 -2.704048e+01  8.411106e+02  9.710951e+00  2.455181e+02  4.1426237715122348e+01
      2930  3.6625000000002226e+00  1.1439650246215780e-01  1.0474571161479207e+00  1.168320e-01  5.838607e+00 -8.317129e-02  6.118384e+01 -2.971848e+01  8.605719e+02  9.974288e+00  2.606591e+02  4.2172303604603442e+01
      2940  3.6750000000002245e+00  1.1433086586050606e-01  1.0529207664504314e+00  1.087859e-01  5.874753e+00 -2.208102e-01  6.206373e+01 -3.237155e+01  8.803442e+02  1.025360e+01  2.773458e+02  4.2937486789284939e+01
      2950  3.6875000000002265e+00  1.1426488661794634e-01  1.0584216850382715e+00  1.007762e-01  5.911112e+00 -3.575165e-01  6.295411e+01 -3.499595e+01  9.004150e+02  1.054996e+01  2.957697e+02  4.3722321541319310e+01
      2960  3.7000000000002284e+00  1.1419856239179295e-01  1.0639603013046581e+00  9.280523e-02  5.947668e+00 -4.932232e-01  6.385456e+01 -3.758803e+01  9.207711e+02  1.086450e+01  3.161463e+02  4.4527339940974478e+01
      2970  3.7125000000002304e+00  1.1413189081270150e-01  1.0695370388275978e+00  8.487544e-02  5.984407e+00 -6.278675e-01  6.476459e+01 -4.014433e+01  9.413996e+02  1.119842e+01  3.387166e+02  4.5353070145080068e+01
      2980  3.7250000000002323e+00  1.1406486948505991e-01  1.0751523145193875e+00  7.698915e-02  6.021310e+00 -7.613916e-01  6.568375e+01 -4.266154e+01  9.622872e+02  1.155297e+01  3.637506e+02  4.6200034566336889e+01
      2990  3.7375000000002343e+00  1.1399749598743052e-01  1.0808065377828082e+00  6.914869e-02  6.058363e+00 -8.937423e-01  6.661154e+01 -4.513653e+01  9.834207e+02  1.192944e+01  3.915487e+02  4.7068747970296911e+01
      3000  3.7500000000002363e+00  1.1392976787304676e-01  1.0865001096787252e+00  6.135640e-02  6.095549e+00 -1.024872e+00  6.754747e+01 -4.756644e+01  1.004787e+03  1.232918e+01  4.224452e+02  4.7959715498090922e+01
      3010  3.7625000000002382e+00  1.1386168267035900e-01  1.0922334221097658e+00  5.361462e-02  6.132849e+00 -1.154738e+00  6.849103e+01 -4.994863e+01  1.026372e+03  1.275358e+01  4.568100e+02  4.8873430624226245e+01
      3020  3.7750000000002402e+00  1.1379323788363244e-01  1.0980068570245909e+00  4.592570e-02  6.170248e+00 -1.283304e+00  6.944170e+01 -5.228076e+01  1.048163e+03  1.320409e+01  4.950518e+02  4.9810373059983164e+01
      3030  3.7875000000002421e+00  1.1372443099359315e-01  1.1038207856471585e+00  3.829198e-02  6.207727e+00 -1.410539e+00  7.039894e+01 -5.456077e+01  1.070146e+03  1.368216e+01  5.376196e+02  5.0771006614084250e+01
      3040  3.8000000000002441e+00  1.1365525945812274e-01  1.1096755677350256e+00  3.071582e-02  6.245268e+00 -1.536416e+00  7.136220e+01 -5.678694e+01  1.092309e+03  1.418929e+01  5.850053e+02  5.1755777023366356e+01
      3050  3.8125000000002460e+00  1.1358572071299539e-01  1.1155715508704653e+00  2.319958e-02  6.282854e+00 -1.660917e+00  7.233093e+01 -5.895790e+01  1.114638e+03  1.472699e+01  6.377454e+02  5.2765109767147315e+01
      3060  3.8250000000002480e+00  1.1351581217266253e-01  1.1215090697877272e+00  1.574564e-02  6.320465e+00 -1.784028e+00  7.330454e+01 -6.107262e+01  1.137119e+03  1.529678e+01  6.964217e+02  5.3799407879810076e+01
      3070  3.8375000000002499e+00  1.1344553123107319e-01  1.1274884457392567e+00  8.356401e-03  6.358084e+00 -1.905739e+00  7.428244e+01 -6.313045e+01  1.159739e+03  1.590019e+01  7.616630e+02  5.4859049776825607e+01
      3080  3.8500000000002519e+00  1.1337487526253784e-01  1.1335099859032376e+00  1.034300e-03  6.395691e+00 -2.026047e+00  7.526402e+01 -6.513112e+01  1.182485e+03  1.653870e+01  8.341443e+02  5.5944387109972538e+01
      3090  3.8625000000002538e+00  1.1330384162262341e-01  1.1395739828340639e+00 -6.218199e-03  6.433268e+00 -2.144954e+00  7.624865e+01 -6.707476e+01  1.205343e+03  1.721380e+01  9.145869e+02  5.7055742667883493e+01
      3100  3.8750000000002558e+00  1.1323242764908455e-01  1.1456807139568417e+00 -1.339859e-02  6.470795e+00 -2.262464e+00  7.723568e+01 -6.896187e+01  1.228299e+03  1.792690e+01  1.003757e+03  5.8193408338233759e+01
      3110  3.8875000000002577e+00  1.1316063066282299e-01  1.1518304411062164e+00 -2.050431e-02  6.508253e+00 -2.378586e+00  7.822445e+01 -7.079333e+01  1.251338e+03  1.867937e+01  1.102461e+03  5.9357643147887806e+01
      3120  3.9000000000002597e+00  1.1308844796887593e-01  1.1580234101090980e+00 -2.753273e-02  6.545622e+00 -2.493335e+00  7.921426e+01 -7.257040e+01  1.274445e+03  1.947251e+01  1.211547e+03  6.0548671397114425e+01
      3130  3.9125000000002617e+00  1.1301587685742773e-01  1.1642598504101123e+00 -3.448117e-02  6.582882e+00 -2.606723e+00  8.020442e+01 -7.429471e+01  1.297606e+03  2.030749e+01  1.331894e+03  6.1766680903583179e+01
      3140  3.9250000000002636e+00  1.1294291460484490e-01  1.1705399747378600e+00 -4.134686e-02  6.620015e+00 -2.718769e+00  8.119419e+01 -7.596821e+01  1.320804e+03  2.118539e+01  1.464411e+03  6.3011821371247734e+01
      3150  3.9375000000002656e+00  1.1286955847472982e-01  1.1768639788092052e+00 -4.812691e-02  6.656999e+00 -2.829489e+00  8.218282e+01 -7.759317e+01  1.344022e+03  2.210716e+01  1.610025e+03  6.4284202898416268e+01
      3160  3.9500000000002675e+00  1.1279580571899232e-01  1.1832320410681159e+00 -5.481837e-02  6.693816e+00 -2.938901e+00  8.316952e+01 -7.917216e+01  1.367244e+03  2.307357e+01  1.769678e+03  6.5583894638310326e+01
      3170  3.9625000000002695e+00  1.1272165357893642e-01  1.1896443224548447e+00 -6.141813e-02  6.730445e+00 -3.047020e+00  8.415350e+01 -8.070797e+01  1.390449e+03  2.408524e+01  1.944310e+03  6.6910923624231373e+01
      3180  3.9750000000002714e+00  1.1264709928636123e-01  1.1961009662004700e+00 -6.792297e-02  6.766867e+00 -3.153860e+00  8.513394e+01 -8.220360e+01  1.413620e+03  2.514259e+01  2.134854e+03  6.8265273770089095e+01
      3190  3.9875000000002734e+00  1.1257214006467285e-01  1.2026020976412308e+00 -7.432951e-02  6.803062e+00 -3.259431e+00  8.610998e+01 -8.366221e+01  1.436734e+03  2.624583e+01  2.342218e+03  6.9646885055535293e+01
      3200  4.0000000000002753e+00  1.1249677313000866e-01  1.2091478240464471e+00 -8.063424e-02  6.839010e+00 -3.363737e+00  8.708075e+01 -8.508707e+01  1.459770e+03  2.739492e+01  2.567275e+03  7.1055652903290550e+01
      3210  4.0125000000002728e+00  1.1242099569237116e-01  1.2157382344533367e+00 -8.683342e-02  6.874691e+00 -3.466778e+00  8.804536e+01 -8.648147e+01  1.482705e+03  2.858960e+01  2.810843e+03  7.2491427754477670e+01
      3220  4.0250000000002704e+00  1.1234480495677243e-01  1.2223733995015018e+00 -9.292317e-02  6.910088e+00 -3.568544e+00  8.900290e+01 -8.784869e+01  1.505514e+03  2.982932e+01  3.073675e+03  7.3954014845915623e+01
      3230  4.0375000000002679e+00  1.1226819812438976e-01  1.2290533712596865e+00 -9.889938e-02  6.945180e+00 -3.669017e+00  8.995242e+01 -8.919192e+01  1.528171e+03  3.111328e+01  3.356437e+03  7.5443174191403642e+01
      3240  4.0500000000002654e+00  1.1219117239373094e-01  1.2357781830369496e+00 -1.047577e-01  6.979950e+00 -3.768169e+00  9.089298e+01 -9.051419e+01  1.550648e+03  3.244037e+01  3.659691e+03  7.6958620767065185e+01
      3250  4.0625000000002629e+00  1.1211372496181363e-01  1.2425478491703812e+00 -1.104936e-01  7.014378e+00 -3.865960e+00  9.182361e+01 -9.181833e+01  1.572918e+03  3.380918e+01  3.983879e+03  7.8500024898866997e+01
      3260  4.0750000000002604e+00  1.1203585302535868e-01  1.2493623647814642e+00 -1.161023e-01  7.048448e+00 -3.962336e+00  9.274333e+01 -9.310681e+01  1.594950e+03  3.521799e+01  4.329305e+03  8.0067012848503708e+01
      3270  4.0875000000002579e+00  1.1195755378199858e-01  1.2562217054931522e+00 -1.215786e-01  7.082143e+00 -4.057229e+00  9.365117e+01 -9.438177e+01  1.616711e+03  3.666479e+01  4.696118e+03  8.1659167591984897e+01
      3280  4.1000000000002554e+00  1.1187882443150607e-01  1.2631258271000476e+00 -1.269171e-01  7.115446e+00 -4.150556e+00  9.454612e+01 -9.564487e+01  1.638171e+03  3.814721e+01  5.084292e+03  8.3276029783510737e+01
      3290  4.1125000000002530e+00  1.1179966217704559e-01  1.2700746651842989e+00 -1.321124e-01  7.148341e+00 -4.242217e+00  9.542720e+01 -9.689726e+01  1.659295e+03  3.966262e+01  5.493619e+03  8.4917098895603985e+01
      3300  4.1250000000002505e+00  1.1172006422644895e-01  1.2770681346702679e+00 -1.371583e-01  7.180813e+00 -4.332093e+00  9.629344e+01 -9.813951e+01  1.680048e+03  4.120804e+01  5.923685e+03  8.6581834525021733e+01
      3310  4.1375000000002480e+00  1.1164002779352236e-01  1.2841061293115281e+00 -1.420487e-01  7.212849e+00 -4.420048e+00  9.714388e+01 -9.937150e+01  1.700395e+03  4.278021e+01  6.373868e+03  8.8269657852716634e+01
      3320  4.1500000000002455e+00  1.1155955009938640e-01  1.2911885211043754e+00 -1.467768e-01  7.244436e+00 -4.505923e+00  9.797756e+01 -1.005924e+02  1.720301e+03  4.437557e+01  6.843321e+03  8.9979953245087628e+01
      3330  4.1625000000002430e+00  1.1147862837385684e-01  1.2983151596227558e+00 -1.513359e-01  7.275561e+00 -4.589544e+00  9.879359e+01 -1.018007e+02  1.739730e+03  4.599030e+01  7.330974e+03  9.1712069982971229e+01
      3340  4.1750000000002405e+00  1.1139725985686773e-01  1.3054858712702166e+00 -1.557186e-01  7.306215e+00 -4.670712e+00  9.959110e+01 -1.029940e+02  1.758645e+03  4.762033e+01  7.835525e+03  9.3465324104293344e+01
      3350  4.1875000000002380e+00  1.1131544179994544e-01  1.3127004584454161e+00 -1.599173e-01  7.336388e+00 -4.749209e+00  1.003693e+02 -1.041691e+02  1.777013e+03  4.926134e+01  8.355441e+03  9.5239000346029485e+01
      3360  4.2000000000002355e+00  1.1123317146773623e-01  1.3199586986185521e+00 -1.639242e-01  7.366072e+00 -4.824798e+00  1.011273e+02 -1.053220e+02  1.794798e+03  5.090884e+01  8.888968e+03  9.7032354171125149e+01
      3370  4.2125000000002331e+00  1.1115044613959606e-01  1.3272603433170218e+00 -1.677310e-01  7.395261e+00 -4.897221e+00  1.018646e+02 -1.064477e+02  1.811970e+03  5.255815e+01  9.434134e+03  9.8844613866281065e+01
      3380  4.2250000000002306e+00  1.1106726311124435e-01  1.3346051170195656e+00 -1.713290e-01  7.423950e+00 -4.966199e+00  1.025805e+02 -1.075405e+02  1.828497e+03  5.420446e+01  9.988763e+03  1.0067498269701731e+02
      3390  4.2375000000002281e+00  1.1098361969649220e-01  1.3419927159591034e+00 -1.747096e-01  7.452139e+00 -5.031437e+00  1.032745e+02 -1.085939e+02  1.844353e+03  5.584287e+01  1.055049e+04  1.0252264110716251e+02
      3400  4.2500000000002256e+00  1.1089951322904623e-01  1.3494228068354357e+00 -1.778634e-01  7.479825e+00 -5.092622e+00  1.039463e+02 -1.096005e+02  1.859513e+03  5.746844e+01  1.111680e+04  1.0438674895083466e+02
      3410  4.2625000000002231e+00  1.1081494106439720e-01  1.3568950254398571e+00 -1.807812e-01  7.507011e+00 -5.149425e+00  1.045956e+02 -1.105523e+02  1.873959e+03  5.907619e+01  1.168502e+04  1.0626644774608590e+02
      3420  4.2750000000002206e+00  1.1072990058179577e-01  1.3644089751947654e+00 -1.834531e-01  7.533701e+00 -5.201504e+00  1.052223e+02 -1.114406e+02  1.887674e+03  6.066120e+01  1.225238e+04  1.0816086294056930e+02
      3430  4.2875000000002181e+00  1.1064438918632349e-01  1.3719642256120348e+00 -1.858694e-01  7.559902e+00 -5.248505e+00  1.058266e+02 -1.122560e+02  1.900651e+03  6.221863e+01  1.281601e+04  1.1006910618088531e+02
      3440  4.3000000000002156e+00  1.1055840431106195e-01  1.3795603106749330e+00 -1.880201e-01  7.585623e+00 -5.290064e+00  1.064085e+02 -1.129889e+02  1.912887e+03  6.374375e+01  1.337303e+04  1.1199027757854017e+02
      3450  4.3125000000002132e+00  1.1047194341936488e-01  1.3871967271490306e+00 -1.898950e-01  7.610877e+00 -5.325811e+00  1.069686e+02 -1.136289e+02  1.924386e+03  6.523204e+01  1.392052e+04  1.1392346796671188e+02
      3460  4.3250000000002107e+00  1.1038500400723862e-01  1.3948729328283187e+00 -1.914838e-01  7.635679e+00 -5.355369e+00  1.075075e+02 -1.141656e+02  1.935162e+03  6.667918e+01  1.445561e+04  1.1586776114316801e+02
      3470  4.3375000000002082e+00  1.1029758360583442e-01  1.4025883447234833e+00 -1.927764e-01  7.660048e+00 -5.378362e+00  1.080261e+02 -1.145883e+02  1.945236e+03  6.808112e+01  1.497550e+04  1.1782223609567313e+02
      3480  4.3500000000002057e+00  1.1020967978405387e-01  1.4103423371999073e+00 -1.937625e-01  7.684005e+00 -5.394413e+00  1.085255e+02 -1.148861e+02  1.954637e+03  6.943414e+01  1.547749e+04  1.1978596920700357e+02
      3490  4.3625000000002032e+00  1.1012129015127460e-01  1.4181342400736336e+00 -1.944320e-01  7.707575e+00 -5.403147e+00  1.090069e+02 -1.150481e+02  1.963407e+03  7.073482e+01  1.595904e+04  1.2175803643719297e+02
      3500  4.3750000000002007e+00  1.1003241236019365e-01  1.4259633366741560e+00 -1.947751e-01  7.730786e+00 -5.404198e+00  1.094720e+02 -1.150635e+02  1.971595e+03  7.198017e+01  1.641778e+04  1.2373751548083359e+02
      3510  4.3875000000001982e+00  1.0994304410979511e-01  1.4338288618834629e+00 -1.947821e-01  7.753670e+00 -5.397204e+00  1.099226e+02 -1.149215e+02  1.979260e+03  7.316756e+01  1.685155e+04  1.2572348789709989e+02
      3520  4.4000000000001958e+00  1.0985318314843892e-01  1.4417300001615239e+00 -1.944435e-01  7.776262e+00 -5.381816e+00  1.103606e+02 -1.146114e+02  1.986472e+03  7.429481e+01  1.725846e+04  1.2771504120962420e+02
      3530  4.4125000000001933e+00  1.0976282727707419e-01  1.4496658835689511e+00 -1.937506e-01  7.798599e+00 -5.357693e+00  1.107884e+02 -1.141228e+02  1.993310e+03  7.536014e+01  1.763686e+04  1.2971127097244698e+02
      3540  4.4250000000001908e+00  1.0967197435257603e-01  1.4576355897983291e+00 -1.926947e-01  7.820723e+00 -5.324510e+00  1.112083e+02 -1.134452e+02  1.999863e+03  7.636223e+01  1.798539e+04  1.3171128279694634e+02
      3550  4.4375000000001883e+00  1.0958062229120519e-01  1.4656381402265399e+00 -1.912682e-01  7.842677e+00 -5.281955e+00  1.116231e+02 -1.125684e+02  2.006226e+03  7.730020e+01  1.830300e+04  1.3371419433301412e+02
      3560  4.4500000000001858e+00  1.0948876907218742e-01  1.4736724980011175e+00 -1.894636e-01  7.864507e+00 -5.229730e+00  1.120355e+02 -1.114822e+02  2.012505e+03  7.817355e+01  1.858894e+04  1.3571913719575346e+02
      3570  4.4625000000001833e+00  1.0939641274141236e-01  1.4817375661746848e+00 -1.872745e-01  7.886262e+00 -5.167553e+00  1.124485e+02 -1.101763e+02  2.018810e+03  7.898223e+01  1.884276e+04  1.3772525882676206e+02
      3580  4.4750000000001808e+00  1.0930355141524629e-01  1.4898321859024632e+00 -1.846952e-01  7.907990e+00 -5.095159e+00  1.128651e+02 -1.086407e+02  2.025257e+03  7.972653e+01  1.906433e+04  1.3973172427668538e+02
      3590  4.4875000000001783e+00  1.0921018328445621e-01  1.4979551347188842e+00 -1.817209e-01  7.929744e+00 -5.012296e+00  1.132886e+02 -1.068648e+02  2.031967e+03  8.040710e+01  1.925381e+04  1.4173771789326776e+02
      3600  4.5000000000001759e+00  1.0911630661823765e-01  1.5061051249104074e+00 -1.783476e-01  7.951575e+00 -4.918730e+00  1.137220e+02 -1.048382e+02  2.039065e+03  8.102486e+01  1.941163e+04  1.4374244489675829e+02
      3610  4.5125000000001734e+00  1.0902191976834195e-01  1.5142808020027556e+00 -1.745726e-01  7.973534e+00 -4.814241e+00  1.141687e+02 -1.025500e+02  2.046675e+03  8.158104e+01  1.953849e+04  1.4574513282234400e+02
      3620  4.5250000000001709e+00  1.0892702117329303e-01  1.5224807433819501e+00 -1.703939e-01  7.995673e+00 -4.698627e+00  1.146316e+02 -9.998915e+01  2.054924e+03  8.207705e+01  1.963531e+04  1.4774503280745208e+02
      3630  4.5375000000001684e+00  1.0883160936268670e-01  1.5307034570693603e+00 -1.658111e-01  8.018042e+00 -4.571702e+00  1.151140e+02 -9.714426e+01  2.063938e+03  8.251451e+01  1.970324e+04  1.4974142070040631e+02
      3640  4.5500000000001659e+00  1.0873568296156050e-01  1.5389473806721450e+00 -1.608246e-01  8.040690e+00 -4.433295e+00  1.156187e+02 -9.400363e+01  2.073841e+03  8.289514e+01  1.974358e+04  1.5173359796623072e+02
      3650  4.5625000000001634e+00  1.0863924069482359e-01  1.5472108805310485e+00 -1.554361e-01  8.063663e+00 -4.283255e+00  1.161488e+02 -9.055527e+01  2.084754e+03  8.322079e+01  1.975782e+04  1.5372089236544858e+02
      3660  4.5750000000001609e+00  1.0854228139173280e-01  1.5554922510880980e+00 -1.496486e-01  8.087005e+00 -4.121450e+00  1.167070e+02 -8.678701e+01  2.096797e+03  8.349335e+01  1.974754e+04  1.5570265838268156e+02
      3670  4.5875000000001585e+00  1.0844480399040096e-01  1.5637897144969974e+00 -1.434664e-01  8.110755e+00 -3.947770e+00  1.172957e+02 -8.268659e+01  2.110084e+03  8.371476e+01  1.971440e+04  1.5767827738376158e+02
      3680  4.6000000000001560e+00  1.0834680754232177e-01  1.5721014204988510e+00 -1.368951e-01  8.134949e+00 -3.762125e+00  1.179173e+02 -7.824177e+01  2.124725e+03  8.388697e+01  1.966016e+04  1.5964715748301967e+02
      3690  4.6125000000001535e+00  1.0824829121689254e-01  1.5804254465853478e+00 -1.299415e-01  8.159619e+00 -3.564454e+00  1.185740e+02 -7.344048e+01  2.140825e+03  8.401194e+01  1.958658e+04  1.6160873310636990e+02
      3700  4.6250000000001510e+00  1.0814925430591843e-01  1.5887597984705317e+00 -1.226136e-01  8.184792e+00 -3.354724e+00  1.192677e+02 -6.827102e+01  2.158485e+03  8.409161e+01  1.949544e+04  1.6356246424077656e+02
      3710  4.6375000000001485e+00  1.0804969622807607e-01  1.5971024108907277e+00 -1.149209e-01  8.210489e+00 -3.132931e+00  1.200000e+02 -6.272223e+01  2.177797e+03  8.412793e+01  1.938854e+04  1.6550783536654117e+02
      3720  4.6500000000001460e+00  1.0794961653331657e-01  1.6054511487502618e+00 -1.068740e-01  8.236726e+00 -2.899108e+00  1.207724e+02 -5.678366e+01  2.198852e+03  8.412287e+01  1.926762e+04  1.6744435407546652e+02
      3730  4.6625000000001435e+00  1.0784901490718662e-01  1.6138038086279651e+00 -9.848479e-02  8.263514e+00 -2.653321e+00  1.215860e+02 -5.044580e+01  2.221729e+03  8.407837e+01  1.913441e+04  1.6937154938516852e+02
      3740  4.6750000000001410e+00  1.0774789117504122e-01  1.6221581206564257e+00 -8.976614e-02  8.290857e+00 -2.395680e+00  1.224419e+02 -4.370019e+01  2.246506e+03  8.399644e+01  1.899059e+04  1.7128896976734859e+02
      3750  4.6875000000001386e+00  1.0764624530613134e-01  1.6305117507823899e+00 -8.073219e-02  8.318753e+00 -2.126331e+00  1.233406e+02 -3.653963e+01  2.273251e+03  8.387914e+01  1.883780e+04  1.7319618091549802e+02
      3760  4.7000000000001361e+00  1.0754407741753225e-01  1.6388623034127494e+00 -7.139803e-02  8.347197e+00 -1.845466e+00  1.242827e+02 -2.895826e+01  2.302026e+03  8.372858e+01  1.867760e+04  1.7509276328497930e+02
      3770  4.7125000000001336e+00  1.0744138777790072e-01  1.6472073244462548e+00 -6.177974e-02  8.376173e+00 -1.553318e+00  1.252683e+02 -2.095169e+01  2.332886e+03  8.354694e+01  1.851154e+04  1.7697830944543355e+02
      3780  4.7250000000001311e+00  1.0733817681102510e-01  1.6555443046864997e+00 -5.189424e-02  8.405664e+00 -1.250165e+00  1.262973e+02 -1.251704e+01  2.365879e+03  8.333651e+01  1.834106e+04  1.7885242129173037e+02
      3790  4.7375000000001286e+00  1.0723444509915382e-01  1.6638706836270529e+00 -4.175924e-02  8.435645e+00 -9.363259e-01  1.273694e+02 -3.652926e+00  2.401046e+03  8.309968e+01  1.816760e+04  1.8071470716491342e+02
      3800  4.7500000000001261e+00  1.0713019338607498e-01  1.6721838535949556e+00 -3.139311e-02  8.466087e+00 -6.121618e-01  1.284842e+02  5.640471e+00  2.438420e+03  8.283890e+01  1.799250e+04  1.8256477893865116e+02
      3810  4.7625000000001236e+00  1.0702542257992517e-01  1.6804811642340649e+00 -2.081480e-02  8.496955e+00 -2.780723e-01  1.296408e+02  1.536152e+01  2.478027e+03  8.255672e+01  1.781705e+04  1.8440224912928329e+02
      3820  4.7750000000001211e+00  1.0692013375570945e-01  1.6887599273055300e+00 -1.004370e-02  8.528211e+00  6.550697e-02  1.308383e+02  2.550720e+01  2.519888e+03  8.225579e+01  1.764251e+04  1.8622672808866000e+02
      3830  4.7875000000001187e+00  1.0681432815751067e-01  1.6970174217785088e+00  9.004295e-04  8.559811e+00  4.181076e-01  1.320756e+02  3.607317e+01  2.564016e+03  8.193876e+01  1.747004e+04  1.8803782133842461e+02
      3840  4.8000000000001162e+00  1.0670800720037307e-01  1.7052508991807338e+00  1.199758e-02  8.591710e+00  7.792322e-01  1.333513e+02  4.705391e+01  2.610421e+03  8.160834e+01  1.730074e+04  1.8983512710228993e+02
      3850  4.8125000000001137e+00  1.0660117247184395e-01  1.7134575891755379e+00  2.322763e-02  8.623858e+00  1.148359e+00  1.346639e+02  5.844287e+01  2.659105e+03  8.126720e+01  1.713566e+04  1.9161823408915512e+02
      3860  4.8250000000001112e+00  1.0649382573316048e-01  1.7216347053293906e+00  3.457039e-02  8.656202e+00  1.524945e+00  1.360119e+02  7.023253e+01  2.710070e+03  8.091802e+01  1.697575e+04  1.9338671957483416e+02
      3870  4.8375000000001087e+00  1.0638596892007021e-01  1.7297794510323763e+00  4.600575e-02  8.688691e+00  1.908431e+00  1.373934e+02  8.241457e+01  2.763313e+03  8.056335e+01  1.682190e+04  1.9514014782380298e+02
      3880  4.8500000000001062e+00  1.0627760414327996e-01  1.7378890255328532e+00  5.751376e-02  8.721268e+00  2.298245e+00  1.388066e+02  9.498000e+01  2.818830e+03  8.020568e+01  1.667492e+04  1.9687806888493731e+02
      3890  4.8625000000001037e+00  1.0616873368852209e-01  1.7459606300470838e+00  6.907469e-02  8.753879e+00  2.693809e+00  1.402497e+02  1.079192e+02  2.876617e+03  7.984735e+01  1.653552e+04  1.9860001778701110e+02
      3900  4.8750000000001013e+00  1.0605936001623958e-01  1.7539914739049212e+00  8.066913e-02  8.786467e+00  3.094537e+00  1.417207e+02  1.212221e+02  2.936671e+03  7.949056e+01  1.640434e+04  2.0030551415091881e+02
      3910  4.8875000000000988e+00  1.0594948576088654e-01  1.7619787806933271e+00  9.227804e-02  8.818979e+00  3.499842e+00  1.432178e+02  1.348781e+02  2.998990e+03  7.913730e+01  1.628194e+04  2.0199406222651132e+02
      3920  4.9000000000000963e+00  1.0583911372984441e-01  1.7699197943609741e+00  1.038828e-01  8.851359e+00  3.909138e+00  1.447390e+02  1.488763e+02  3.063573e+03  7.878941e+01  1.616879e+04  2.0366515135282518e+02
      3930  4.9125000000000938e+00  1.0572824690196056e-01  1.7778117852488553e+00  1.154654e-01  8.883554e+00  4.321843e+00  1.462823e+02  1.632053e+02  3.130423e+03  7.844850e+01  1.606528e+04  2.0531825683159954e+02
      3940  4.9250000000000913e+00  1.0561688842571208e-01  1.7856520560140863e+00  1.270083e-01  8.915514e+00  4.737377e+00  1.478461e+02  1.778534e+02  3.199545e+03  7.811599e+01  1.597172e+04  2.0695284119554890e+02
      3950  4.9375000000000888e+00  1.0550504161700341e-01  1.7934379474164917e+00  1.384944e-01  8.947188e+00  5.155167e+00  1.494284e+02  1.928086e+02  3.270946e+03  7.779311e+01  1.588838e+04  2.0856835584508144e+02
      3960  4.9500000000000863e+00  1.0539270995660839e-01  1.8011668439403101e+00  1.499076e-01  8.978528e+00  5.574648e+00  1.510276e+02  2.080582e+02  3.344634e+03  7.748087e+01  1.581541e+04  2.1016424302025300e+02
      3970  4.9625000000000838e+00  1.0527989708726468e-01  1.8088361792259993e+00  1.612320e-01  9.009489e+00  5.995261e+00  1.526420e+02  2.235894e+02  3.420620e+03  7.718011e+01  1.575294e+04  2.1173993806879488e+02
      3980  4.9750000000000814e+00  1.0516660681043816e-01  1.8164434412900687e+00  1.724528e-01  9.040026e+00  6.416455e+00  1.542699e+02  2.393887e+02  3.498913e+03  7.689150e+01  1.570101e+04  2.1329487196623796e+02
      3990  4.9875000000000789e+00  1.0505284308276462e-01  1.8239861775135695e+00  1.835557e-01  9.070098e+00  6.837687e+00  1.559098e+02  2.554420e+02  3.579519e+03  7.661554e+01  1.565963e+04  2.1482847404050506e+02
      4000  5.0000000000000764e+00  1.0493861001219153e-01  1.8314619993826282e+00  1.945271e-01  9.099663e+00  7.258423e+00  1.575600e+02  2.717347e+02  3.662442e+03  7.635259e+01  1.562872e+04  2.1634017485090405e+02
      4010  5.0125000000000739e+00  1.0482391185382718e-01  1.8388685869669472e+00  2.053544e-01  9.128683e+00  7.678139e+00  1.592191e+02  2.882515e+02  3.747680e+03  7.610286e+01  1.560817e+04  2.1782940917025147e+02
      4020  5.0250000000000714e+00  1.0470875300552282e-01  1.8462036931247037e+00  2.160254e-01  9.157119e+00  8.096316e+00  1.608855e+02  3.049762e+02  3.835222e+03  7.586647e+01  1.559780e+04  2.1929561901882963e+02
      4030  5.0375000000000689e+00  1.0459313800319650e-01  1.8534651474243891e+00  2.265292e-01  9.184935e+00  8.512449e+00  1.625573e+02  3.218920e+02  3.925047e+03  7.564338e+01  1.559740e+04  2.2073825669998470e+02
      4040  5.0500000000000664e+00  1.0447707151592553e-01  1.8606508597764504e+00  2.368552e-01  9.212094e+00  8.926038e+00  1.642331e+02  3.389810e+02  4.017122e+03  7.543348e+01  1.560667e+04  2.2215678778929811e+02
      4050  5.0625000000000639e+00  1.0436055834081609e-01  1.8677588237692213e+00  2.469939e-01  9.238561e+00  9.336597e+00  1.659108e+02  3.562247e+02  4.111400e+03  7.523655e+01  1.562527e+04  2.2355069403230814e+02
      4060  5.0750000000000615e+00  1.0424360339767894e-01  1.8747871197056085e+00  2.569366e-01  9.264299e+00  9.743646e+00  1.675885e+02  3.736034e+02  4.207816e+03  7.505227e+01  1.565282e+04  2.2491947610953989e+02
      4070  5.0875000000000590e+00  1.0412621172351992e-01  1.8817339173384799e+00  2.666753e-01  9.289274e+00  1.014672e+01  1.692642e+02  3.910963e+02  4.306289e+03  7.488025e+01  1.568886e+04  2.2626265623200709e+02
      4080  5.1000000000000565e+00  1.0400838846687266e-01  1.8885974783042516e+00  2.762030e-01  9.313449e+00  1.054536e+01  1.709355e+02  4.086817e+02  4.406715e+03  7.471997e+01  1.573286e+04  2.2757978053520497e+02
      4090  5.1125000000000540e+00  1.0389013888198687e-01  1.8953761582554984e+00  2.855132e-01  9.336787e+00  1.093913e+01  1.726000e+02  4.263368e+02  4.508973e+03  7.457085e+01  1.578426e+04  2.2887042124468832e+02
      4100  5.1250000000000515e+00  1.0377146832289269e-01  1.9020684086947570e+00  2.946005e-01  9.359254e+00  1.132759e+01  1.742549e+02  4.440374e+02  4.612917e+03  7.443222e+01  1.584241e+04  2.3013417859160268e+02
      4110  5.1375000000000490e+00  1.0365238223736073e-01  1.9086727785130595e+00  3.034601e-01  9.380812e+00  1.171033e+01  1.758975e+02  4.617586e+02  4.718379e+03  7.430331e+01  1.590663e+04  2.3137068246172728e+02
      4120  5.1500000000000465e+00  1.0353288616077425e-01  1.9151879152377824e+00  3.120881e-01  9.401424e+00  1.208694e+01  1.775248e+02  4.794738e+02  4.825168e+03  7.418327e+01  1.597616e+04  2.3257959376667608e+02
      4130  5.1625000000000441e+00  1.0341298570993236e-01  1.9216125659958860e+00  3.204812e-01  9.421053e+00  1.245702e+01  1.791333e+02  4.971558e+02  4.933073e+03  7.407115e+01  1.605019e+04  2.3376060553078301e+02
      4140  5.1750000000000416e+00  1.0329268657680259e-01  1.9279455781995960e+00  3.286368e-01  9.439663e+00  1.282020e+01  1.807199e+02  5.147759e+02  5.041857e+03  7.396594e+01  1.612788e+04  2.3491344369176443e+02
      4150  5.1875000000000391e+00  1.0317199452223798e-01  1.9341858999630421e+00  3.365532e-01  9.457218e+00  1.317611e+01  1.822808e+02  5.323045e+02  5.151264e+03  7.386651e+01  1.620831e+04  2.3603786761755148e+02
      4160  5.2000000000000366e+00  1.0305091536967702e-01  1.9403325802594518e+00  3.442291e-01  9.473680e+00  1.352440e+01  1.838125e+02  5.497108e+02  5.261020e+03  7.377168e+01  1.629055e+04  2.3713367034565675e+02
      4170  5.2125000000000341e+00  1.0292945499884180e-01  1.9463847688296820e+00  3.516639e-01  9.489016e+00  1.386474e+01  1.853111e+02  5.669633e+02  5.370828e+03  7.368019e+01  1.637363e+04  2.3820067855510942e+02
      4180  5.2250000000000316e+00  1.0280761933944929e-01  1.9523417158540852e+00  3.588576e-01  9.503192e+00  1.419680e+01  1.867728e+02  5.840295e+02  5.480379e+03  7.359072e+01  1.645653e+04  2.3923875228444402e+02
      4190  5.2375000000000291e+00  1.0268541436494907e-01  1.9582027714007315e+00  3.658109e-01  9.516175e+00  1.452028e+01  1.881936e+02  6.008762e+02  5.589348e+03  7.350189e+01  1.653824e+04  2.4024778441238288e+02
      4200  5.2500000000000266e+00  1.0256284608630445e-01  1.9639673846638364e+00  3.725246e-01  9.527934e+00  1.483489e+01  1.895696e+02  6.174697e+02  5.697397e+03  7.341227e+01  1.661773e+04  2.4122769992088058e+02
      4210  5.2625000000000242e+00  1.0243992054582550e-01  1.9696351030071573e+00  3.790004e-01  9.538443e+00  1.514034e+01  1.908969e+02  6.337760e+02  5.804180e+03  7.332043e+01  1.669397e+04  2.4217845496298168e+02
      4220  5.2750000000000217e+00  1.0231664381106825e-01  1.9752055708275222e+00  3.852403e-01  9.547674e+00  1.543639e+01  1.921716e+02  6.497607e+02  5.909346e+03  7.322487e+01  1.676592e+04  2.4310003576059702e+02
      4230  5.2875000000000192e+00  1.0219302196881104e-01  1.9806785282541450e+00  3.912468e-01  9.555605e+00  1.572279e+01  1.933899e+02  6.653896e+02  6.012537e+03  7.312411e+01  1.683257e+04  2.4399245735969080e+02
      4240  5.3000000000000167e+00  1.0206906111911450e-01  1.9860538096991878e+00  3.970224e-01  9.562216e+00  1.599931e+01  1.945483e+02  6.806287e+02  6.113397e+03  7.301668e+01  1.689294e+04  2.4485576227257599e+02
      4250  5.3125000000000142e+00  1.0194476736947998e-01  1.9913313422750039e+00  4.025706e-01  9.567491e+00  1.626575e+01  1.956432e+02  6.954445e+02  6.211572e+03  7.290111e+01  1.694605e+04  2.4569001903882804e+02
      4260  5.3250000000000117e+00  1.0182014682910664e-01  1.9965111440927767e+00  4.078947e-01  9.571415e+00  1.652194e+01  1.966713e+02  7.098041e+02  6.306713e+03  7.277598e+01  1.699099e+04  2.4649532073777672e+02
      4270  5.3375000000000092e+00  1.0169520560326230e-01  2.0015933224564275e+00  4.129986e-01  9.573981e+00  1.676769e+01  1.976296e+02  7.236759e+02  6.398479e+03  7.263990e+01  1.702687e+04  2.4727178348648613e+02
      4280  5.3500000000000068e+00  1.0156994978776661e-01  2.0065780719644870e+00  4.178864e-01  9.575182e+00  1.700288e+01  1.985152e+02  7.370294e+02  6.486544e+03  7.249154e+01  1.705288e+04  2.4801954495745429e+02
      4290  5.3625000000000043e+00  1.0144438546359781e-01  2.0114656725312261e+00  4.225624e-01  9.575017e+00  1.722738e+01  1.993256e+02  7.498355e+02  6.570593e+03  7.232966e+01  1.706824e+04  2.4873876294994702e+02
      4300  5.3750000000000018e+00  1.0131851869162413e-01  2.0162564873365292e+00  4.270312e-01  9.573488e+00  1.744110e+01  2.000585e+02  7.620673e+02  6.650330e+03  7.215307e+01  1.707226e+04  2.4942961404776170e+02
      4310  5.3874999999999993e+00  1.0119235550746596e-01  2.0209509607121889e+00  4.312977e-01  9.570603e+00  1.764397e+01  2.007119e+02  7.736995e+02  6.725479e+03  7.196068e+01  1.706430e+04  2.5009229239436138e+02
      4320  5.3999999999999968e+00  1.0106590191649220e-01  2.0255496159704371e+00  4.353670e-01  9.566372e+00  1.783594e+01  2.012844e+02  7.847093e+02  6.795787e+03  7.175151e+01  1.704380e+04  2.5072700861356432e+02
      4330  5.4124999999999943e+00  1.0093916388895274e-01  2.0300530531782210e+00  4.392442e-01  9.560810e+00  1.801700e+01  2.017745e+02  7.950763e+02  6.861025e+03  7.152467e+01  1.701030e+04  2.5133398890053894e+02
      4340  5.4249999999999918e+00  1.0081214735525387e-01  2.0344619468789777e+00  4.429348e-01  9.553936e+00  1.818716e+01  2.021814e+02  8.047828e+02  6.920991e+03  7.127939e+01  1.696338e+04  2.5191347430355486e+02
      4350  5.4374999999999893e+00  1.0068485820137489e-01  2.0387770437615895e+00  4.464445e-01  9.545773e+00  1.834645e+01  2.025045e+02  8.138139e+02  6.975512e+03  7.101502e+01  1.690275e+04  2.5246572021213208e+02
      4360  5.4499999999999869e+00  1.0055730226443489e-01  2.0429991602743924e+00  4.497788e-01  9.536348e+00  1.849494e+01  2.027437e+02  8.221577e+02  7.024443e+03  7.073102e+01  1.682817e+04  2.5299099606180030e+02
      4370  5.4624999999999844e+00  1.0042948532840815e-01  2.0471291801808218e+00  4.529438e-01  9.525690e+00  1.863272e+01  2.028990e+02  8.298054e+02  7.067672e+03  7.042698e+01  1.673952e+04  2.5348958525994402e+02
      4380  5.4749999999999819e+00  1.0030141311999623e-01  2.0511680520516729e+00  4.559454e-01  9.513834e+00  1.875993e+01  2.029710e+02  8.367512e+02  7.105117e+03  7.010263e+01  1.663674e+04  2.5396178533127070e+02
      4390  5.4874999999999794e+00  1.0017309130465707e-01  2.0551167866883278e+00  4.587897e-01  9.500816e+00  1.887669e+01  2.029606e+02  8.429927e+02  7.136727e+03  6.975779e+01  1.651987e+04  2.5440790827544808e+02
      4400  5.4999999999999769e+00  1.0004452548279909e-01  2.0589764544705274e+00  4.614830e-01  9.486676e+00  1.898320e+01  2.028690e+02  8.485304e+02  7.162487e+03  6.939243e+01  1.638904e+04  2.5482828112369734e+02
      4410  5.5124999999999744e+00  9.9915721186142128e-02  2.0627481826222884e+00  4.640315e-01  9.471457e+00  1.907966e+01  2.026977e+02  8.533682e+02  7.182408e+03  6.900665e+01  1.624446e+04  2.5522324667562808e+02
      4420  5.5249999999999719e+00  9.9786683874252463e-02  2.0664331523893877e+00  4.664415e-01  9.455203e+00  1.916630e+01  2.024486e+02  8.575131e+02  7.196536e+03  6.860064e+01  1.608642e+04  2.5559316439265936e+02
      4430  5.5374999999999694e+00  9.9657418931258193e-02  2.0700325961228976e+00  4.687196e-01  9.437963e+00  1.924336e+01  2.021238e+02  8.609750e+02  7.204946e+03  6.817473e+01  1.591530e+04  2.5593841142003157e+02
      4440  5.5499999999999670e+00  9.9527931662747829e-02  2.0735477942637264e+00  4.708722e-01  9.419786e+00  1.931113e+01  2.017257e+02  8.637668e+02  7.207741e+03  6.772935e+01  1.573155e+04  2.5625938370582077e+02
      4450  5.5624999999999645e+00  9.9398227292862684e-02  2.0769800722246119e+00  4.729056e-01  9.400722e+00  1.936991e+01  2.012571e+02  8.659042e+02  7.205053e+03  6.726504e+01  1.553569e+04  2.5655649718259349e+02
      4460  5.5749999999999620e+00  9.9268310961585629e-02  2.0803307971674108e+00  4.748265e-01  9.380823e+00  1.942002e+01  2.007208e+02  8.674054e+02  7.197038e+03  6.678245e+01  1.532830e+04  2.5683018897546236e+02
      4470  5.5874999999999595e+00  9.9138187722235843e-02  2.0836013746753914e+00  4.766414e-01  9.360143e+00  1.946180e+01  2.001198e+02  8.682911e+02  7.183878e+03  6.628231e+01  1.511002e+04  2.5708091859929448e+02
      4480  5.5999999999999570e+00  9.9007862539173944e-02  2.0867932453220264e+00  4.783566e-01  9.338737e+00  1.949559e+01  1.994577e+02  8.685843e+02  7.165775e+03  6.576546e+01  1.488156e+04  2.5730916910769730e+02
      4490  5.6124999999999545e+00  9.8877340285724605e-02  2.0899078811399598e+00  4.799787e-01  9.316659e+00  1.952178e+01  1.987377e+02  8.683099e+02  7.142952e+03  6.523279e+01  1.464367e+04  2.5751544815716812e+02
      4500  5.6249999999999520e+00  9.8746625742324179e-02  2.0929467819958494e+00  4.815142e-01  9.293965e+00  1.954075e+01  1.979635e+02  8.674948e+02  7.115649e+03  6.468529e+01  1.439713e+04  2.5770028895130190e+02
      4510  5.6374999999999496e+00  9.8615723594895538e-02  2.0959114718789911e+00  4.829692e-01  9.270710e+00  1.955290e+01  1.971387e+02  8.661672e+02  7.084120e+03  6.412400e+01  1.414276e+04  2.5786425103219398e+02
      4520  5.6499999999999471e+00  9.8484638433458907e-02  2.0988034951136436e+00  4.843503e-01  9.246949e+00  1.955862e+01  1.962673e+02  8.643568e+02  7.048634e+03  6.355005e+01  1.388142e+04  2.5800792088905695e+02
      4530  5.6624999999999446e+00  9.8353374750980896e-02  2.1016244125070567e+00  4.856636e-01  9.222737e+00  1.955833e+01  1.953530e+02  8.620946e+02  7.009470e+03  6.296457e+01  1.361398e+04  2.5813191235746530e+02
      4540  5.6749999999999421e+00  9.8221936942465754e-02  2.1043757974469424e+00  4.869152e-01  9.198129e+00  1.955246e+01  1.943998e+02  8.594121e+02  6.966912e+03  6.236879e+01  1.334132e+04  2.5823686678646516e+02
      4550  5.6874999999999396e+00  9.8090329304292359e-02  2.1070592319638974e+00  4.881113e-01  9.173179e+00  1.954143e+01  1.934116e+02  8.563419e+02  6.921255e+03  6.176393e+01  1.306434e+04  2.5832345295493656e+02
      4560  5.6999999999999371e+00  9.7958556033797398e-02  2.1096763027758270e+00  4.892578e-01  9.147940e+00  1.952566e+01  1.923923e+02  8.529167e+02  6.872793e+03  6.115127e+01  1.278393e+04  2.5839236672297619e+02
      4570  5.7124999999999346e+00  9.7826621229105251e-02  2.1122285973323431e+00  4.903607e-01  9.122465e+00  1.950557e+01  1.913459e+02  8.491697e+02  6.821826e+03  6.053209e+01  1.250097e+04  2.5844433040853960e+02
      4580  5.7249999999999321e+00  9.7694528889206392e-02  2.1147176998786001e+00  4.914255e-01  9.096804e+00  1.948161e+01  1.902762e+02  8.451342e+02  6.768649e+03  5.990769e+01  1.221633e+04  2.5848009188414170e+02
      4590  5.7374999999999297e+00  9.7562282914278889e-02  2.1171451875582044e+00  4.924580e-01  9.071008e+00  1.945418e+01  1.891870e+02  8.408430e+02  6.713558e+03  5.927940e+01  1.193088e+04  2.5850042339286261e+02
      4600  5.7499999999999272e+00  9.7429887106252583e-02  2.1195126265756818e+00  4.934638e-01  9.045125e+00  1.942372e+01  1.880822e+02  8.363291e+02  6.656846e+03  5.864852e+01  1.164545e+04  2.5850612008729286e+02
      4610  5.7624999999999247e+00  9.7297345169611069e-02  2.1218215684390009e+00  4.944480e-01  9.019204e+00  1.939064e+01  1.869655e+02  8.316248e+02  6.598798e+03  5.801636e+01  1.136083e+04  2.5849799829921778e+02
      4620  5.7749999999999222e+00  9.7164660712423689e-02  2.1240735463024096e+00  4.954161e-01  8.993290e+00  1.935534e+01  1.858404e+02  8.267619e+02  6.539694e+03  5.738421e+01  1.107781e+04  2.5847689355175999e+02
      4630  5.7874999999999197e+00  9.7031837247605626e-02  2.1262700714297811e+00  4.963730e-01  8.967429e+00  1.931824e+01  1.847105e+02  8.217715e+02  6.479807e+03  5.675336e+01  1.079712e+04  2.5844365832939826e+02
      4640  5.7999999999999172e+00  9.6898878194390539e-02  2.1284126297977659e+00  4.973238e-01  8.941664e+00  1.927972e+01  1.835792e+02  8.166838e+02  6.419400e+03  5.612506e+01  1.051946e+04  2.5839915962454540e+02
      4650  5.8124999999999147e+00  9.6765786880015428e-02  2.1305026788572752e+00  4.982732e-01  8.916036e+00  1.924018e+01  1.824498e+02  8.115283e+02  6.358727e+03  5.550056e+01  1.024549e+04  2.5834427628238876e+02
      4660  5.8249999999999122e+00  9.6632566541598228e-02  2.1325416444707836e+00  4.992258e-01  8.890587e+00  1.919998e+01  1.813254e+02  8.063333e+02  6.298031e+03  5.488104e+01  9.975823e+03  2.5827989616825909e+02
      4670  5.8374999999999098e+00  9.6499220328203295e-02  2.1345309180416505e+00  5.001862e-01  8.865356e+00  1.915950e+01  1.802092e+02  8.011263e+02  6.237546e+03  5.426770e+01  9.711024e+03  2.5820691318399514e+02
      4680  5.8499999999999073e+00  9.6365751303079963e-02  2.1364718538501064e+00  5.011586e-01  8.840378e+00  1.911909e+01  1.791041e+02  7.959335e+02  6.177493e+03  5.366165e+01  9.451620e+03  2.5812622416153368e+02
      4690  5.8624999999999048e+00  9.6232162446059005e-02  2.1383657666090641e+00  5.021472e-01  8.815692e+00  1.907909e+01  1.780129e+02  7.907800e+02  6.118082e+03  5.306401e+01  9.198089e+03  2.5803872566332808e+02
      4700  5.8749999999999023e+00  9.6098456656097134e-02  2.1402139292511486e+00  5.031560e-01  8.791330e+00  1.903984e+01  1.769382e+02  7.856898e+02  6.059512e+03  5.247583e+01  8.950861e+03  2.5794531072009516e+02
      4710  5.8874999999998998e+00  9.5964636753950311e-02  2.1420175709564488e+00  5.041887e-01  8.767326e+00  1.900164e+01  1.758827e+02  7.806856e+02  6.001969e+03  5.189811e+01  8.710324e+03  2.5784686553691449e+02
      4720  5.8999999999998973e+00  9.5830705484963571e-02  2.1437778754286758e+00  5.052489e-01  8.743711e+00  1.896480e+01  1.748487e+02  7.757891e+02  5.945630e+03  5.133184e+01  8.476818e+03  2.5774426619877374e+02
      4730  5.9124999999998948e+00  9.5696665521960531e-02  2.1454959794253439e+00  5.063402e-01  8.720514e+00  1.892962e+01  1.738385e+02  7.710205e+02  5.890656e+03  5.077792e+01  8.250640e+03  2.5763837540632073e+02
      4740  5.9249999999998924e+00  9.5562519468216894e-02  2.1471729715457499e+00  5.074657e-01  8.697764e+00  1.889637e+01  1.728544e+02  7.663990e+02  5.837202e+03  5.023724e+01  8.032048e+03  2.5753003927186001e+02
      4750  5.9374999999998899e+00  9.5428269860500847e-02  2.1488098912783986e+00  5.086285e-01  8.675486e+00  1.886530e+01  1.718982e+02  7.619425e+02  5.785407e+03  4.971063e+01  7.821257e+03  2.5742008420454687e+02
      4760  5.9499999999998874e+00  9.5293919172166383e-02  2.1504077283077128e+00  5.098315e-01  8.653705e+00  1.883667e+01  1.709719e+02  7.576678e+02  5.735402e+03  4.919886e+01  7.618444e+03  2.5730931391227125e+02
      4770  5.9624999999998849e+00  9.5159469816279915e-02  2.1519674220778020e+00  5.110773e-01  8.632446e+00  1.881071e+01  1.700773e+02  7.535903e+02  5.687307e+03  4.870267e+01  7.423750e+03  2.5719850654597650e+02
      4780  5.9749999999998824e+00  9.5024924148767967e-02  2.1534898616093998e+00  5.123684e-01  8.611728e+00  1.878763e+01  1.692159e+02  7.497244e+02  5.641231e+03  4.822273e+01  7.237285e+03  2.5708841201011330e+02
      4790  5.9874999999998799e+00  9.4890284471568054e-02  2.1549758855641770e+00  5.137072e-01  8.591572e+00  1.876763e+01  1.683894e+02  7.460835e+02  5.597274e+03  4.775967e+01  7.059123e+03  2.5697974946064784e+02
      4800  5.9999999999998774e+00  9.4755553035766535e-02  2.1564262825491523e+00  5.150955e-01  8.571996e+00  1.875090e+01  1.675991e+02  7.426795e+02  5.555526e+03  4.731406e+01  6.889313e+03  2.5687320500955911e+02
      4810  6.0124999999998749e+00  9.4620732044713607e-02  2.1578417916522259e+00  5.165354e-01  8.553015e+00  1.873760e+01  1.668462e+02  7.395235e+02  5.516068e+03  4.688645e+01  6.727874e+03  2.5676942965211504e+02
      4820  6.0249999999998725e+00  9.4485823657093473e-02  2.1592231031985660e+00  5.180285e-01  8.534646e+00  1.872789e+01  1.661319e+02  7.366254e+02  5.478972e+03  4.647729e+01  6.574803e+03  2.5666903743048169e+02
      4830  6.0374999999998700e+00  9.4350829989944526e-02  2.1605708597164788e+00  5.195763e-01  8.516900e+00  1.872190e+01  1.654571e+02  7.339940e+02  5.444302e+03  4.608702e+01  6.430073e+03  2.5657260384439957e+02
      4840  6.0499999999998675e+00  9.4215753121610693e-02  2.1618856570998828e+00  5.211800e-01  8.499788e+00  1.871976e+01  1.648229e+02  7.316371e+02  5.412113e+03  4.571600e+01  6.293637e+03  2.5648066451681746e+02
      4850  6.0624999999998650e+00  9.4080595094614694e-02  2.1631680459540878e+00  5.228406e-01  8.483319e+00  1.872155e+01  1.642299e+02  7.295614e+02  5.382453e+03  4.536455e+01  6.165431e+03  2.5639371411959070e+02
      4860  6.0749999999998625e+00  9.3945357918442690e-02  2.1644185331103727e+00  5.245589e-01  8.467501e+00  1.872738e+01  1.636787e+02  7.277728e+02  5.355361e+03  4.503294e+01  6.045373e+03  2.5631220556159894e+02
      4870  6.0874999999998600e+00  9.3810043572227914e-02  2.1656375832944033e+00  5.263357e-01  8.452339e+00  1.873730e+01  1.631700e+02  7.262759e+02  5.330870e+03  4.472136e+01  5.933365e+03  2.5623654943899862e+02
      4880  6.0999999999998575e+00  9.3674654007327898e-02  2.1668256209331007e+00  5.281714e-01  8.437836e+00  1.875137e+01  1.627040e+02  7.250746e+02  5.309005e+03  4.442998e+01  5.829298e+03  2.5616711374483344e+02
      4890  6.1124999999998550e+00  9.3539191149782000e-02  2.1679830320841660e+00  5.300661e-01  8.423994e+00  1.876963e+01  1.622812e+02  7.241714e+02  5.289784e+03  4.415888e+01  5.733049e+03  2.5610422383290296e+02
      4900  6.1249999999998526e+00  9.3403656902647070e-02  2.1691101664722261e+00  5.320199e-01  8.410812e+00  1.879210e+01  1.619015e+02  7.235683e+02  5.273216e+03  4.390811e+01  5.644484e+03  2.5604816262862215e+02
      4910  6.1374999999998501e+00  9.3268053148202315e-02  2.1702073396157164e+00  5.340326e-01  8.398287e+00  1.881877e+01  1.615650e+02  7.232661e+02  5.259307e+03  4.367766e+01  5.563458e+03  2.5599917107770213e+02
      4920  6.1499999999998476e+00  9.3132381750018756e-02  2.1712748350285018e+00  5.361039e-01  8.386414e+00  1.884964e+01  1.612717e+02  7.232646e+02  5.248052e+03  4.346744e+01  5.489819e+03  2.5595744882174111e+02
      4930  6.1624999999998451e+00  9.2996644554888860e-02  2.1723129064805518e+00  5.382332e-01  8.375188e+00  1.888468e+01  1.610212e+02  7.235626e+02  5.239442e+03  4.327733e+01  5.423401e+03  2.5592315508835225e+02
      4940  6.1749999999998426e+00  9.2860843394613507e-02  2.1733217803022487e+00  5.404197e-01  8.364599e+00  1.892382e+01  1.608132e+02  7.241581e+02  5.233459e+03  4.310713e+01  5.364034e+03  2.5589640978218381e+02
      4950  6.1874999999998401e+00  9.2724980087645098e-02  2.1743016577173657e+00  5.426626e-01  8.354636e+00  1.896702e+01  1.606473e+02  7.250481e+02  5.230078e+03  4.295660e+01  5.311538e+03  2.5587729476217521e+02
      4960  6.1999999999998376e+00  9.2589056440582823e-02  2.1752527171901459e+00  5.449607e-01  8.345288e+00  1.901420e+01  1.605228e+02  7.262285e+02  5.229268e+03  4.282543e+01  5.265723e+03  2.5586585528959529e+02
      4970  6.2124999999998352e+00  9.2453074249521733e-02  2.1761751167726269e+00  5.473128e-01  8.336539e+00  1.906526e+01  1.604390e+02  7.276944e+02  5.230991e+03  4.271327e+01  5.226393e+03  2.5586210163079949e+02
      4980  6.2249999999998327e+00  9.2317035301255262e-02  2.1770689964388219e+00  5.497175e-01  8.328372e+00  1.912008e+01  1.603949e+02  7.294398e+02  5.235200e+03  4.261968e+01  5.193343e+03  2.5586601079830552e+02
      4990  6.2374999999998302e+00  9.2180941374333233e-02  2.1779344803932275e+00  5.521731e-01  8.320770e+00  1.917855e+01  1.603896e+02  7.314578e+02  5.241842e+03  4.254421e+01  5.166361e+03  2.5587752841354103e+02
      5000  6.2499999999998277e+00  9.2044794239976566e-02  2.1787716793416774e+00  5.546780e-01  8.313711e+00  1.924052e+01  1.604219e+02  7.337405e+02  5.250857e+03  4.248631e+01  5.145226e+03  2.5589657067462613e+02
      5010  6.2624999999998252e+00  9.1908595662850437e-02  2.1795806927134977e+00  5.572302e-01  8.307172e+00  1.930585e+01  1.604906e+02  7.362791e+02  5.262175e+03  4.244542e+01  5.129708e+03  2.5592302641267599e+02
      5020  6.2749999999998227e+00  9.1772347401701343e-02  2.1803616108245816e+00  5.598277e-01  8.301131e+00  1.937436e+01  1.605943e+02  7.390639e+02  5.275721e+03  4.242091e+01  5.119573e+03  2.5595675922036727e+02
      5030  6.2874999999998202e+00  9.1636051209861291e-02  2.1811145169718413e+00  5.624684e-01  8.295561e+00  1.944587e+01  1.607315e+02  7.420841e+02  5.291412e+03  4.241210e+01  5.114573e+03  2.5599760963690011e+02
      5040  6.2999999999998177e+00  9.1499708835622903e-02  2.1818394894504110e+00  5.651500e-01  8.290434e+00  1.952019e+01  1.609005e+02  7.453281e+02  5.309156e+03  4.241828e+01  5.114458e+03  2.5604539737396487e+02
      5050  6.3124999999998153e+00  9.1363322022490714e-02  2.1825366034855502e+00  5.678702e-01  8.285721e+00  1.959711e+01  1.610996e+02  7.487832e+02  5.328854e+03  4.243868e+01  5.118967e+03  2.5609992356789303e+02
      5060  6.3249999999998128e+00  9.1226892509315649e-02  2.1832059330723914e+00  5.706263e-01  8.281392e+00  1.967642e+01  1.613269e+02  7.524361e+02  5.350400e+03  4.247251e+01  5.127832e+03  2.5616097304377706e+02
      5070  6.3374999999998103e+00  9.1090422030316545e-02  2.1838475527170891e+00  5.734159e-01  8.277415e+00  1.975789e+01  1.615804e+02  7.562723e+02  5.373680e+03  4.251893e+01  5.140778e+03  2.5622831657805438e+02
      5080  6.3499999999998078e+00  9.0953912314996957e-02  2.1844615390739843e+00  5.762362e-01  8.273756e+00  1.984128e+01  1.618581e+02  7.602768e+02  5.398573e+03  4.257709e+01  5.157526e+03  2.5630171314672407e+02
      5090  6.3624999999998053e+00  9.0817365087961940e-02  2.1850479724742140e+00  5.790845e-01  8.270381e+00  1.992635e+01  1.621578e+02  7.644335e+02  5.424949e+03  4.264609e+01  5.177787e+03  2.5638091214713290e+02
      5100  6.3749999999998028e+00  9.0680782068643634e-02  2.1856069383417358e+00  5.819579e-01  8.267254e+00  2.001283e+01  1.624772e+02  7.687256e+02  5.452675e+03  4.272503e+01  5.201269e+03  2.5646565558198290e+02
      5110  6.3874999999998003e+00  9.0544164970942503e-02  2.1861385284937702e+00  5.848536e-01  8.264340e+00  2.010047e+01  1.628139e+02  7.731357e+02  5.481606e+03  4.281298e+01  5.227675e+03  2.5655568019500311e+02
      5120  6.3999999999997979e+00  9.0407515502788707e-02  2.1866428423232409e+00  5.877684e-01  8.261600e+00  2.018901e+01  1.631655e+02  7.776457e+02  5.511595e+03  4.290900e+01  5.256704e+03  2.5665071954844626e+02
      5130  6.4124999999997954e+00  9.0270835365635752e-02  2.1871199878615419e+00  5.906995e-01  8.258997e+00  2.027815e+01  1.635295e+02  7.822368e+02  5.542488e+03  4.301213e+01  5.288053e+03  2.5675050603332329e+02
      5140  6.4249999999997929e+00  9.0134126253890737e-02  2.1875700827207276e+00  5.936436e-01  8.256492e+00  2.036763e+01  1.639034e+02  7.868896e+02  5.574125e+03  4.312142e+01  5.321414e+03  2.5685477280404177e+02
      5150  6.4374999999997904e+00  8.9997389854288470e-02  2.1879932549148378e+00  5.965978e-01  8.254047e+00  2.045715e+01  1.642843e+02  7.915843e+02  5.606341e+03  4.323592e+01  5.356483e+03  2.5696325562980240e+02
      5160  6.4499999999997879e+00  8.9860627845218977e-02  2.1883896435607286e+00  5.995588e-01  8.251622e+00  2.054644e+01  1.646699e+02  7.963007e+02  5.638966e+03  4.335467e+01  5.392952e+03  2.5707569465585550e+02
      5170  6.4624999999997854e+00  8.9723841896015386e-02  2.1887593994594634e+00  6.025235e-01  8.249179e+00  2.063521e+01  1.650572e+02  8.010181e+02  5.671828e+03  4.347674e+01  5.430517e+03  2.5719183606838408e+02
      5180  6.4749999999997829e+00  8.9587033666207946e-02  2.1891026855599143e+00  6.054887e-01  8.246677e+00  2.072316e+01  1.654436e+02  8.057158e+02  5.704751e+03  4.360118e+01  5.468877e+03  2.5731143365750239e+02
      5190  6.4874999999997804e+00  8.9450204804753339e-02  2.1894196773067698e+00  6.084511e-01  8.244077e+00  2.081001e+01  1.658263e+02  8.103726e+02  5.737555e+03  4.372709e+01  5.507734e+03  2.5743425027351987e+02
      5200  6.4999999999997780e+00  8.9313356949246428e-02  2.1897105628757823e+00  6.114076e-01  8.241342e+00  2.089547e+01  1.662026e+02  8.149674e+02  5.770061e+03  4.385358e+01  5.546795e+03  2.5756005917232386e+02
      5210  6.5124999999997755e+00  8.9176491725119059e-02  2.1899755432995813e+00  6.143549e-01  8.238431e+00  2.097925e+01  1.665697e+02  8.194790e+02  5.802088e+03  4.397977e+01  5.585775e+03  2.5768864524640082e+02
      5220  6.5249999999997730e+00  8.9039610744836017e-02  2.1902148324878770e+00  6.172898e-01  8.235309e+00  2.106108e+01  1.669250e+02  8.238862e+02  5.833454e+03  4.410483e+01  5.624397e+03  2.5781980613869968e+02
      5230  6.5374999999997705e+00  8.8902715607092009e-02  2.1904286571464122e+00  6.202092e-01  8.231936e+00  2.114067e+01  1.672656e+02  8.281681e+02  5.863978e+03  4.422794e+01  5.662390e+03  2.5795335323725908e+02
      5240  6.5499999999997680e+00  8.8765807896016874e-02  2.1906172565994217e+00  6.231098e-01  8.228278e+00  2.121775e+01  1.675891e+02  8.323040e+02  5.893482e+03  4.434833e+01  5.699499e+03  2.5808911254918092e+02
      5250  6.5624999999997655e+00  8.8628889180394993e-02  2.1907808825207509e+00  6.259885e-01  8.224298e+00  2.129206e+01  1.678927e+02  8.362735e+02  5.921789e+03  4.446525e+01  5.735475e+03  2.5822692545325987e+02
      5260  6.5749999999997630e+00  8.8491961012904144e-02  2.1909197985792477e+00  6.288421e-01  8.219962e+00  2.136332e+01  1.681740e+02  8.400566e+02  5.948724e+03  4.457801e+01  5.770085e+03  2.5836664933128560e+02
      5270  6.5874999999997605e+00  8.8355024929378745e-02  2.1910342800043434e+00  6.316675e-01  8.215236e+00  2.143130e+01  1.684304e+02  8.436339e+02  5.974120e+03  4.468594e+01  5.803109e+03  2.5850815807875745e+02
      5280  6.5999999999997581e+00  8.8218082448102711e-02  2.1911246130778430e+00  6.344616e-01  8.210089e+00  2.149574e+01  1.686596e+02  8.469864e+02  5.997809e+03  4.478842e+01  5.834341e+03  2.5865134249645587e+02
      5290  6.6124999999997556e+00  8.8081135069136895e-02  2.1911910945586541e+00  6.372214e-01  8.204490e+00  2.155641e+01  1.688593e+02  8.500962e+02  6.019635e+03  4.488488e+01  5.863591e+03  2.5879611056505388e+02
      5300  6.6249999999997531e+00  8.7944184273683196e-02  2.1912340310468017e+00  6.399439e-01  8.198409e+00  2.161308e+01  1.690272e+02  8.529455e+02  6.039443e+03  4.497479e+01  5.890685e+03  2.5894238760563337e+02
      5310  6.6374999999997506e+00  8.7807231523491208e-02  2.1912537382937618e+00  6.426261e-01  8.191819e+00  2.166553e+01  1.691613e+02  8.555180e+02  6.057089e+03  4.505767e+01  5.915465e+03  2.5909011632970584e+02
      5320  6.6499999999997481e+00  8.7670278260308585e-02  2.1912505404658478e+00  6.452650e-01  8.184692e+00  2.171357e+01  1.692595e+02  8.577977e+02  6.072433e+03  4.513309e+01  5.937791e+03  2.5923925678296035e+02
      5330  6.6624999999997456e+00  8.7533325905379433e-02  2.1912247693677314e+00  6.478579e-01  8.177005e+00  2.175700e+01  1.693200e+02  8.597700e+02  6.085346e+03  4.520065e+01  5.957541e+03  2.5938978618763559e+02
      5340  6.6749999999997431e+00  8.7396375858992237e-02  2.1911767636329800e+00  6.504018e-01  8.168734e+00  2.179563e+01  1.693410e+02  8.614211e+02  6.095708e+03  4.526002e+01  5.974610e+03  2.5954169868899874e+02
      5350  6.6874999999997407e+00  8.7259429500079005e-02  2.1911068678885699e+00  6.528939e-01  8.159858e+00  2.182929e+01  1.693209e+02  8.627382e+02  6.103407e+03  4.531090e+01  5.988910e+03  2.5969500501195955e+02
      5360  6.6999999999997382e+00  8.7122488185866390e-02  2.1910154319001864e+00  6.553315e-01  8.150358e+00  2.185783e+01  1.692583e+02  8.637096e+02  6.108342e+03  4.535305e+01  6.000373e+03  2.5984973203431929e+02
      5370  6.7124999999997357e+00  8.6985553251583067e-02  2.1909028097050198e+00  6.577120e-01  8.140214e+00  2.188110e+01  1.691517e+02  8.643249e+02  6.110421e+03  4.538627e+01  6.008946e+03  2.6000592228358931e+02
      5380  6.7249999999997332e+00  8.6848626010218463e-02  2.1907693587384585e+00  6.600326e-01  8.129411e+00  2.189897e+01  1.690000e+02  8.645748e+02  6.109563e+03  4.541039e+01  6.014595e+03  2.6016363336461825e+02
      5390  6.7374999999997307e+00  8.6711707752339148e-02  2.1906154389611463e+00  6.622909e-01  8.117936e+00  2.191131e+01  1.688020e+02  8.644510e+02  6.105699e+03  4.542531e+01  6.017302e+03  2.6032293732552949e+02
      5400  6.7499999999997282e+00  8.6574799745956860e-02  2.1904414119921332e+00  6.644841e-01  8.105774e+00  2.191802e+01  1.685569e+02  8.639466e+02  6.098769e+03  4.543096e+01  6.017066e+03  2.6048391996959572e+02
      5410  6.7624999999997257e+00  8.6437903236452243e-02  2.1902476402541056e+00  6.666100e-01  8.092916e+00  2.191901e+01  1.682639e+02  8.630559e+02  6.088726e+03  4.542730e+01  6.013899e+03  2.6064668012074316e+02
      5420  6.7749999999997232e+00  8.6301019446551122e-02  2.1900344861359042e+00  6.686660e-01  8.079352e+00  2.191419e+01  1.679223e+02  8.617742e+02  6.075532e+03  4.541434e+01  6.007831e+03  2.6081132885029518e+02
      5430  6.7874999999997208e+00  8.6164149576351337e-02  2.1898023111774441e+00  6.706497e-01  8.065076e+00  2.190350e+01  1.675316e+02  8.600983e+02  6.059163e+03  4.539213e+01  5.998903e+03  2.6097798867241897e+02
      5440  6.7999999999997183e+00  8.6027294803401683e-02  2.1895514752817626e+00  6.725589e-01  8.050081e+00  2.188687e+01  1.670914e+02  8.580259e+02  6.039603e+03  4.536073e+01  5.987170e+03  2.6114679271544117e+02
      5450  6.8124999999997158e+00  8.5890456282826821e-02  2.1892823359584290e+00  6.743913e-01  8.034365e+00  2.186426e+01  1.666016e+02  8.555560e+02  6.016848e+03  4.532026e+01  5.972700e+03  2.6131788387586454e+02
      5460  6.8249999999997133e+00  8.5753635147500659e-02  2.1889952476023820e+00  6.761446e-01  8.017924e+00  2.183564e+01  1.660621e+02  8.526889e+02  5.990905e+03  4.527085e+01  5.955570e+03  2.6149141396139515e+02
      5470  6.8374999999997108e+00  8.5616832508261645e-02  2.1886905608117271e+00  6.778168e-01  8.000760e+00  2.180098e+01  1.654728e+02  8.494258e+02  5.961790e+03  4.521266e+01  5.935866e+03  2.6166754282875570e+02
      5480  6.8499999999997083e+00  8.5480049454171148e-02  2.1883686217477822e+00  6.794057e-01  7.982872e+00  2.176029e+01  1.648340e+02  8.457690e+02  5.929532e+03  4.514588e+01  5.913683e+03  2.6184643752139328e+02
      5490  6.8624999999997058e+00  8.5343287052808844e-02  2.1880297715402550e+00  6.809093e-01  7.964264e+00  2.171355e+01  1.641460e+02  8.417220e+02  5.894167e+03  4.507071e+01  5.889126e+03  2.6202827141147998e+02
      5500  6.8749999999997033e+00  8.5206546350605011e-02  2.1876743457402363e+00  6.823257e-01  7.944941e+00  2.166078e+01  1.634092e+02  8.372892e+02  5.855741e+03  4.498736e+01  5.862301e+03  2.6221322334977935e+02
      5510  6.8874999999997009e+00  8.5069828373204509e-02  2.1873026738232455e+00  6.836529e-01  7.924908e+00  2.160200e+01  1.626241e+02  8.324760e+02  5.814308e+03  4.489608e+01  5.833323e+03  2.6240147682613139e+02
      5520  6.8999999999996984e+00  8.4933134125861467e-02  2.1869150787444971e+00  6.848891e-01  7.904173e+00  2.153724e+01  1.617915e+02  8.272887e+02  5.769933e+03  4.479711e+01  5.802308e+03  2.6259321914240047e+02
      5530  6.9124999999996959e+00  8.4796464593858173e-02  2.1865118765482370e+00  6.860325e-01  7.882744e+00  2.146654e+01  1.609119e+02  8.217346e+02  5.722686e+03  4.469072e+01  5.769376e+03  2.6278864059881869e+02
      5540  6.9249999999996934e+00  8.4659820742948588e-02  2.1860933760328689e+00  6.870814e-01  7.860631e+00  2.138996e+01  1.599865e+02  8.158216e+02  5.672645e+03  4.457715e+01  5.734649e+03  2.6298793369369531e+02
      5550  6.9374999999996909e+00  8.4523203519820470e-02  2.1856598784734897e+00  6.880342e-01  7.837847e+00  2.130755e+01  1.590160e+02  8.095585e+02  5.619898e+03  4.445669e+01  5.698248e+03  2.6319129233554855e+02
      5560  6.9499999999996884e+00  8.4386613852571235e-02  2.1852116774033408e+00  6.888893e-01  7.814403e+00  2.121938e+01  1.580015e+02  8.029548e+02  5.564534e+03  4.432960e+01  5.660294e+03  2.6339891106577733e+02
      5570  6.9624999999996859e+00  8.4250052651198795e-02  2.1847490584556573e+00  6.896453e-01  7.790313e+00  2.112553e+01  1.569442e+02  7.960207e+02  5.506652e+03  4.419615e+01  5.620906e+03  2.6361098428907775e+02
      5580  6.9749999999996835e+00  8.4113520808097850e-02  2.1842722992675854e+00  6.903007e-01  7.765593e+00  2.102607e+01  1.558453e+02  7.887669e+02  5.446355e+03  4.405660e+01  5.580203e+03  2.6382770550800768e+02
      5590  6.9874999999996810e+00  8.3977019198560723e-02  2.1837816694475851e+00  6.908542e-01  7.740259e+00  2.092110e+01  1.547061e+02  7.812047e+02  5.383751e+03  4.391121e+01  5.538299e+03  2.6404926655728769e+02
      5600  6.9999999999996785e+00  8.3840548681278923e-02  2.1832774306081983e+00  6.913045e-01  7.714327e+00  2.081070e+01  1.535279e+02  7.733459e+02  5.318950e+03  4.376025e+01  5.495304e+03  2.6427585683280802e+02
      5610  7.0124999999996760e+00  8.3704110098840434e-02  2.1827598364660692e+00  6.916506e-01  7.687816e+00  2.069500e+01  1.523122e+02  7.652028e+02  5.252068e+03  4.360395e+01  5.451324e+03  2.6450766250971770e+02
      5620  7.0249999999996735e+00  8.3567704278217039e-02  2.1822291330112540e+00  6.918912e-01  7.660744e+00  2.057408e+01  1.510603e+02  7.567879e+02  5.183224e+03  4.344255e+01  5.406461e+03  2.6474486574364369e+02
      5630  7.0374999999996710e+00  8.3431332031241798e-02  2.1816855587481654e+00  6.920254e-01  7.633132e+00  2.044807e+01  1.497740e+02  7.481143e+02  5.112539e+03  4.327627e+01  5.360811e+03  2.6498764384884174e+02
      5640  7.0499999999996685e+00  8.3294994155065930e-02  2.1811293450107936e+00  6.920524e-01  7.605000e+00  2.031708e+01  1.484547e+02  7.391952e+02  5.040135e+03  4.310533e+01  5.314463e+03  2.6523616844713797e+02
      5650  7.0624999999996660e+00  8.3158691432595855e-02  2.1805607163549454e+00  6.919714e-01  7.576369e+00  2.018123e+01  1.471041e+02  7.300441e+02  4.966137e+03  4.292992e+01  5.267502e+03  2.6549060458175643e+02
      5660  7.0749999999996636e+00  8.3022424632902825e-02  2.1799798910305537e+00  6.917815e-01  7.547261e+00  2.004066e+01  1.457237e+02  7.206745e+02  4.890671e+03  4.275022e+01  5.220006e+03  2.6575110979071928e+02
      5670  7.0874999999996611e+00  8.2886194511599273e-02  2.1793870815373801e+00  6.914823e-01  7.517699e+00  1.989550e+01  1.443154e+02  7.111004e+02  4.813862e+03  4.256639e+01  5.172045e+03  2.6601783313529370e+02
      5680  7.0999999999996586e+00  8.2750001811179336e-02  2.1787824952674995e+00  6.910732e-01  7.487706e+00  1.974587e+01  1.428808e+02  7.013356e+02  4.735839e+03  4.237860e+01  5.123684e+03  2.6629091418018606e+02
      5690  7.1124999999996561e+00  8.2613847261315126e-02  2.1781663352381271e+00  6.905538e-01  7.457305e+00  1.959192e+01  1.414216e+02  6.913941e+02  4.656727e+03  4.218696e+01  5.074981e+03  2.6657048192362845e+02
      5700  7.1249999999996536e+00  8.2477731579105526e-02  2.1775388009182928e+00  6.899238e-01  7.426521e+00  1.943380e+01  1.399396e+02  6.812898e+02  4.576651e+03  4.199161e+01  5.025987e+03  2.6685665367733498e+02
      5710  7.1374999999996511e+00  8.2341655469268568e-02  2.1769000891528156e+00  6.891830e-01  7.395378e+00  1.927163e+01  1.384366e+02  6.710367e+02  4.495737e+03  4.179263e+01  4.976748e+03  2.6714953389843907e+02
      5720  7.1499999999996486e+00  8.2205619624274931e-02  2.1762503951868557e+00  6.883312e-01  7.363901e+00  1.910559e+01  1.369142e+02  6.606486e+02  4.414109e+03  4.159011e+01  4.927300e+03  2.6744921297789119e+02
      5730  7.1624999999996461e+00  8.2069624724413398e-02  2.1755899137937869e+00  6.873685e-01  7.332115e+00  1.893580e+01  1.353744e+02  6.501393e+02  4.331887e+03  4.138411e+01  4.877677e+03  2.6775576599247626e+02
      5740  7.1749999999996437e+00  8.1933671437780811e-02  2.1749188405088002e+00  6.862950e-01  7.300044e+00  1.876243e+01  1.338189e+02  6.395225e+02  4.249193e+03  4.117469e+01  4.827904e+03  2.6806925143035454e+02
      5750  7.1874999999996412e+00  8.1797760420195056e-02  2.1742373729698068e+00  6.851107e-01  7.267714e+00  1.858562e+01  1.322494e+02  6.288116e+02  4.166144e+03  4.096187e+01  4.778002e+03  2.6838970990298264e+02
      5760  7.1999999999996387e+00  8.1661892315017734e-02  2.1735457123663156e+00  6.838160e-01  7.235151e+00  1.840553e+01  1.306677e+02  6.180199e+02  4.082856e+03  4.074568e+01  4.727986e+03  2.6871716285911100e+02
      5770  7.2124999999996362e+00  8.1526067752884263e-02  2.1728440649959890e+00  6.824113e-01  7.202380e+00  1.822232e+01  1.290755e+02  6.071604e+02  3.999440e+03  4.052611e+01  4.677864e+03  2.6905161131937729e+02
      5780  7.2249999999996337e+00  8.1390287351334231e-02  2.1721326439271467e+00  6.808969e-01  7.169425e+00  1.803615e+01  1.274746e+02  5.962460e+02  3.916008e+03  4.030317e+01  4.627644e+03  2.6939303465256035e+02
      5790  7.2374999999996312e+00  8.1254551714331893e-02  2.1714116707642837e+00  6.792734e-01  7.136313e+00  1.784716e+01  1.258667e+02  5.852892e+02  3.832665e+03  4.007681e+01  4.577325e+03  2.6974138941680019e+02
      5800  7.2499999999996287e+00  8.1118861431676487e-02  2.1706813775118663e+00  6.775414e-01  7.103067e+00  1.765553e+01  1.242535e+02  5.743024e+02  3.749515e+03  3.984701e+01  4.526905e+03  2.7009660829086039e+02
      5810  7.2624999999996263e+00  8.0983217078290815e-02  2.1699420085300707e+00  6.757014e-01  7.069714e+00  1.746140e+01  1.226367e+02  5.632973e+02  3.666658e+03  3.961372e+01  4.476377e+03  2.7045859912171562e+02
      5820  7.2749999999996238e+00  8.0847619213385818e-02  2.1691938225744618e+00  6.737542e-01  7.036277e+00  1.726493e+01  1.210178e+02  5.522857e+02  3.584189e+03  3.937689e+01  4.425732e+03  2.7082724411533178e+02
      5830  7.2874999999996213e+00  8.0712068379495280e-02  2.1684370949094527e+00  6.717006e-01  7.002780e+00  1.706629e+01  1.193986e+02  5.412788e+02  3.502202e+03  3.913644e+01  4.374957e+03  2.7120239919729062e+02
      5840  7.2999999999996188e+00  8.0576565101376549e-02  2.1676721194839490e+00  6.695413e-01  6.969247e+00  1.686563e+01  1.177805e+02  5.302875e+02  3.420785e+03  3.889231e+01  4.324039e+03  2.7158389356895259e+02
      5850  7.3124999999996163e+00  8.0441109884772752e-02  2.1668992111553647e+00  6.672772e-01  6.935702e+00  1.666310e+01  1.161651e+02  5.193223e+02  3.340022e+03  3.864442e+01  4.272962e+03  2.7197152948311719e+02
      5860  7.3249999999996138e+00  8.0305703215036883e-02  2.1661187079468802e+00  6.649092e-01  6.902167e+00  1.645886e+01  1.145539e+02  5.083934e+02  3.259994e+03  3.839269e+01  4.221710e+03  2.7236508226048272e+02
      5870  7.3374999999996113e+00  8.0170345555611686e-02  2.1653309733209287e+00  6.624380e-01  6.868665e+00  1.625306e+01  1.129484e+02  4.975104e+02  3.180777e+03  3.813704e+01  4.170264e+03  2.7276430056497190e+02
      5880  7.3499999999996088e+00  8.0035037346369589e-02  2.1645363984508195e+00  6.598646e-01  6.835217e+00  1.604586e+01  1.113499e+02  4.866828e+02  3.102444e+03  3.787739e+01  4.118607e+03  2.7316890695191637e+02
      5890  7.3624999999996064e+00  7.9899779001809473e-02  2.1637354044710446e+00  6.571898e-01  6.801845e+00  1.583740e+01  1.097598e+02  4.759194e+02  3.025061e+03  3.761364e+01  4.066723e+03  2.7357859869858436e+02
      5900  7.3749999999996039e+00  7.9764570909116234e-02  2.1629284446860870e+00  6.544145e-01  6.768569e+00  1.562784e+01  1.081795e+02  4.652287e+02  2.948692e+03  3.734572e+01  4.014593e+03  2.7399304892153947e+02
      5910  7.3874999999996014e+00  7.9629413426081014e-02  2.1621160067170284e+00  6.515395e-01  6.735410e+00  1.541731e+01  1.066102e+02  4.546187e+02  2.873397e+03  3.707356e+01  3.962202e+03  2.7441190798011070e+02
      5920  7.3999999999995989e+00  7.9494306878892348e-02  2.1612986145649105e+00  6.485657e-01  6.702386e+00  1.520596e+01  1.050530e+02  4.440970e+02  2.799230e+03  3.679707e+01  3.909535e+03  2.7483480515994034e+02
      5930  7.4124999999995964e+00  7.9359251559800670e-02  2.1604768305700470e+00  6.454938e-01  6.669517e+00  1.499393e+01  1.035092e+02  4.336708e+02  2.726242e+03  3.651621e+01  3.856581e+03  2.7526135062545518e+02
      5940  7.4249999999995939e+00  7.9224247724664354e-02  2.1596512572468227e+00  6.423245e-01  6.636820e+00  1.478135e+01  1.019799e+02  4.233469e+02  2.654480e+03  3.623091e+01  3.803328e+03  2.7569113762515121e+02
      5950  7.4374999999995914e+00  7.9089295590383940e-02  2.1588225389742224e+00  6.390586e-01  6.604313e+00  1.456836e+01  1.004661e+02  4.131314e+02  2.583984e+03  3.594113e+01  3.749769e+03  2.7612374492927540e+02
      5960  7.4499999999995890e+00  7.8954395332238567e-02  2.1579913635235770e+00  6.356966e-01  6.572014e+00  1.435508e+01  9.896885e+01  4.030303e+02  2.514794e+03  3.564683e+01  3.695898e+03  2.7655873947564436e+02
      5970  7.4624999999995865e+00  7.8819547081130092e-02  2.1571584634059726e+00  6.322390e-01  6.539937e+00  1.414165e+01  9.748902e+01  3.930490e+02  2.446942e+03  3.534801e+01  3.641711e+03  2.7699567919631301e+02
      5980  7.4749999999995840e+00  7.8684750920749544e-02  2.1563246170235688e+00  6.286865e-01  6.508100e+00  1.392817e+01  9.602752e+01  3.831923e+02  2.380458e+03  3.504465e+01  3.587211e+03  2.7743411599562245e+02
      5990  7.4874999999995815e+00  7.8550006884678961e-02  2.1554906496104778e+00  6.250393e-01  6.476516e+00  1.371476e+01  9.458517e+01  3.734650e+02  2.315369e+03  3.473677e+01  3.532400e+03  2.7787359884878822e+02
      6000  7.4999999999995790e+00  7.8415314953440868e-02  2.1546574339508413e+00  6.212979e-01  6.445201e+00  1.350154e+01  9.316276e+01  3.638711e+02  2.251695e+03  3.442439e+01  3.477286e+03  2.7831367698970365e+02
      6010  7.5124999999995765e+00  7.8280675051508833e-02  2.1538258908633376e+00  6.174626e-01  6.414169e+00  1.328861e+01  9.176100e+01  3.544143e+02  2.189455e+03  3.410756e+01  3.421879e+03  2.7875390315705806e+02
      6020  7.5249999999995740e+00  7.8146087044298665e-02  2.1529969894433760e+00  6.135335e-01  6.383434e+00  1.307607e+01  9.038055e+01  3.450979e+02  2.128662e+03  3.378635e+01  3.366194e+03  2.7919383686892172e+02
      6030  7.5374999999995715e+00  7.8011550735147261e-02  2.1521717470559443e+00  6.095109e-01  6.353009e+00  1.286401e+01  8.902203e+01  3.359247e+02  2.069330e+03  3.346084e+01  3.310247e+03  2.7963304769781115e+02
      6040  7.5499999999995691e+00  7.7877065862305209e-02  2.1513512290737133e+00  6.053948e-01  6.322906e+00  1.265253e+01  8.768600e+01  3.268974e+02  2.011463e+03  3.313114e+01  3.254060e+03  2.8007111852049309e+02
      6050  7.5624999999995666e+00  7.7742632095949490e-02  2.1505365483567322e+00  6.011852e-01  6.293140e+00  1.244170e+01  8.637298e+01  3.180180e+02  1.955069e+03  3.279738e+01  3.197657e+03  2.8050764871951583e+02
      6060  7.5749999999995641e+00  7.7608249035238899e-02  2.1497288644714385e+00  5.968821e-01  6.263722e+00  1.223160e+01  8.508345e+01  3.092881e+02  1.900147e+03  3.245969e+01  3.141065e+03  2.8094225731633020e+02
      6070  7.5874999999995616e+00  7.7473916205426999e-02  2.1489293826479954e+00  5.924855e-01  6.234666e+00  1.202230e+01  8.381783e+01  3.007093e+02  1.846697e+03  3.211825e+01  3.084315e+03  2.8137458601883674e+02
      6080  7.5999999999995591e+00  7.7339633055046070e-02  2.1481393524761243e+00  5.879953e-01  6.205983e+00  1.181387e+01  8.257653e+01  2.922825e+02  1.794715e+03  3.177324e+01  3.027441e+03  2.8180430216901794e+02
      6090  7.6124999999995566e+00  7.7205398953183166e-02  2.1473600663405752e+00  5.834113e-01  6.177687e+00  1.160637e+01  8.135990e+01  2.840082e+02  1.744196e+03  3.142487e+01  2.970478e+03  2.8223110157898236e+02
      6100  7.6249999999995541e+00  7.7071213186861040e-02  2.1465928575982853e+00  5.787335e-01  6.149790e+00  1.139983e+01  8.016828e+01  2.758868e+02  1.695130e+03  3.107337e+01  2.913466e+03  2.8265471124595388e+02
      6110  7.6374999999995516e+00  7.6937074958540325e-02  2.1458390984998035e+00  5.739616e-01  6.122305e+00  1.119431e+01  7.900197e+01  2.679182e+02  1.647510e+03  3.071897e+01  2.856443e+03  2.8307489193861181e+02
      6120  7.6499999999995492e+00  7.6802983383760862e-02  2.1451001978583570e+00  5.690957e-01  6.095246e+00  1.098985e+01  7.786127e+01  2.601020e+02  1.601322e+03  3.036194e+01  2.799454e+03  2.8349144064843841e+02
      6130  7.6624999999995467e+00  7.6668937488935551e-02  2.1443775984703524e+00  5.641355e-01  6.068626e+00  1.078646e+01  7.674644e+01  2.524374e+02  1.556555e+03  3.000256e+01  2.742542e+03  2.8390419290056104e+02
      6140  7.6749999999995442e+00  7.6534936209313439e-02  2.1436727742915576e+00  5.590811e-01  6.042460e+00  1.058418e+01  7.565776e+01  2.449232e+02  1.513196e+03  2.964111e+01  2.685751e+03  2.8431302491873464e+02
      6150  7.6874999999995417e+00  7.6400978387126450e-02  2.1429872273737596e+00  5.539324e-01  6.016762e+00  1.038301e+01  7.459549e+01  2.375581e+02  1.471229e+03  2.927791e+01  2.629129e+03  2.8471785563889762e+02
      6160  7.6999999999995392e+00  7.6267062769935778e-02  2.1423224845671229e+00  5.486896e-01  5.991548e+00  1.018296e+01  7.355989e+01  2.303401e+02  1.430641e+03  2.891326e+01  2.572721e+03  2.8511864856496197e+02
      6170  7.7124999999995367e+00  7.6133188009190403e-02  2.1416800939940179e+00  5.433527e-01  5.966833e+00  9.984035e+00  7.255124e+01  2.232671e+02  1.391418e+03  2.854751e+01  2.516574e+03  2.8551541345944844e+02
      6180  7.7249999999995342e+00  7.5999352659014266e-02  2.1410616213005698e+00  5.379221e-01  5.942635e+00  9.786223e+00  7.156983e+01  2.163365e+02  1.353545e+03  2.818097e+01  2.460735e+03  2.8590820786023090e+02
      6190  7.7374999999995318e+00  7.5865555175232552e-02  2.1404686456931397e+00  5.323981e-01  5.918970e+00  9.589509e+00  7.061597e+01  2.095453e+02  1.317010e+03  2.781399e+01  2.405249e+03  2.8629713841320483e+02
      6200  7.7499999999995293e+00  7.5731793914655038e-02  2.1399027557673365e+00  5.267813e-01  5.895858e+00  9.393870e+00  6.969000e+01  2.028904e+02  1.281799e+03  2.744691e+01  2.350161e+03  2.8668236200924298e+02
      6210  7.7624999999995268e+00  7.5598067134623678e-02  2.1393655451383715e+00  5.210725e-01  5.873317e+00  9.199279e+00  6.879230e+01  1.963679e+02  1.247902e+03  2.708008e+01  2.295516e+03  2.8706408671249829e+02
      6220  7.7749999999995243e+00  7.5464372992840353e-02  2.1388586078823235e+00  5.152725e-01  5.851366e+00  9.005699e+00  6.792325e+01  1.899738e+02  1.215310e+03  2.671384e+01  2.241356e+03  2.8744257246608066e+02
      6230  7.7874999999995218e+00  7.5330709547485886e-02  2.1383835337989860e+00  5.093824e-01  5.830027e+00  8.813091e+00  6.708332e+01  1.837036e+02  1.184015e+03  2.634854e+01  2.187722e+03  2.8781813156050345e+02
      6240  7.7999999999995193e+00  7.5197074757639162e-02  2.1379419035080538e+00  5.034036e-01  5.809321e+00  8.621408e+00  6.627298e+01  1.775525e+02  1.154014e+03  2.598451e+01  2.134653e+03  2.8819112885016341e+02
      6250  7.8124999999995168e+00  7.5063466484008481e-02  2.1375352833916286e+00  4.973376e-01  5.789270e+00  8.430601e+00  6.549278e+01  1.715151e+02  1.125303e+03  2.562208e+01  2.082185e+03  2.8856198170357231e+02
      6260  7.8249999999995143e+00  7.4929882489982502e-02  2.1371652203969318e+00  4.911863e-01  5.769895e+00  8.240615e+00  6.474330e+01  1.655859e+02  1.097883e+03  2.526159e+01  2.030352e+03  2.8893115967415298e+02
      6270  7.8374999999995119e+00  7.4796320443011266e-02  2.1368332367145135e+00  4.849519e-01  5.751222e+00  8.051396e+00  6.402515e+01  1.597588e+02  1.071758e+03  2.490335e+01  1.979187e+03  2.8929918388016137e+02
      6280  7.8499999999995094e+00  7.4662777916322365e-02  2.1365408243479740e+00  4.786368e-01  5.733272e+00  7.862886e+00  6.333903e+01  1.540275e+02  1.046936e+03  2.454766e+01  1.928719e+03  2.8966662608472808e+02
      6290  7.8624999999995069e+00  7.4529252390979808e-02  2.1362894395922973e+00  4.722439e-01  5.716070e+00  7.675029e+00  6.268564e+01  1.483853e+02  1.023426e+03  2.419481e+01  1.878974e+03  2.9003410747003630e+02
      6300  7.8749999999995044e+00  7.4395741258289891e-02  2.1360804974386380e+00  4.657763e-01  5.699640e+00  7.487769e+00  6.206576e+01  1.428253e+02  1.001242e+03  2.384510e+01  1.829976e+03  2.9040229710324508e+02
      6310  7.8874999999995019e+00  7.4262241822559819e-02  2.1359153659238950e+00  4.592376e-01  5.684007e+00  7.301053e+00  6.148018e+01  1.373402e+02  9.804016e+02  2.349878e+01  1.781746e+03  2.9077191009581543e+02
      6320  7.8999999999994994e+00  7.4128751304208790e-02  2.1357953604437956e+00  4.526317e-01  5.669194e+00  7.114835e+00  6.092972e+01  1.319228e+02  9.609256e+02  2.315611e+01  1.734303e+03  2.9114370546226490e+02
      6330  7.9124999999994969e+00  7.3995266843237165e-02  2.1357217380484808e+00  4.459631e-01  5.655225e+00  6.929075e+00  6.041525e+01  1.265655e+02  9.428374e+02  2.281733e+01  1.687662e+03  2.9151848368897316e+02
      6340  7.9249999999994944e+00  7.3861785503051280e-02  2.1356956917392242e+00  4.392364e-01  5.642124e+00  6.743739e+00  5.993763e+01  1.212608e+02  9.261641e+02  2.248266e+01  1.641835e+03  2.9189708402825488e+02
      6350  7.9374999999994920e+00  7.3728304274643303e-02  2.1357183447847459e+00  4.324570e-01  5.629915e+00  6.558807e+00  5.949773e+01  1.160013e+02  9.109350e+02  2.215232e+01  1.596835e+03  2.9228038153748349e+02
      6360  7.9499999999994895e+00  7.3594820081126985e-02  2.1357907450749094e+00  4.256305e-01  5.618619e+00  6.374270e+00  5.909642e+01  1.107797e+02  8.971818e+02  2.182651e+01  1.552668e+03  2.9266928388727177e+02
      6370  7.9624999999994870e+00  7.3461329782623971e-02  2.1359138595287774e+00  4.187631e-01  5.608259e+00  6.190133e+00  5.873457e+01  1.055890e+02  8.849381e+02  2.150540e+01  1.509341e+03  2.9306472796659301e+02
      6380  7.9749999999994845e+00  7.3327830181496717e-02  2.1360885685728230e+00  4.118613e-01  5.598855e+00  6.006419e+00  5.841298e+01  1.004224e+02  8.742384e+02  2.118919e+01  1.466858e+03  2.9346767631604581e+02
      6390  7.9874999999994820e+00  7.3194318027925240e-02  2.1363156607041094e+00  4.049322e-01  5.590426e+00  5.823166e+00  5.813246e+01  9.527371e+01  8.651181e+02  2.087802e+01  1.425221e+03  2.9387911342308638e+02
      6400  7.9999999999994795e+00  7.3060790025819444e-02  2.1365958271516305e+00  3.979833e-01  5.582993e+00  5.640436e+00  5.789373e+01  9.013746e+01  8.576122e+02  2.057206e+01  1.384432e+03  2.9430004191495578e+02
      6410  8.0124999999994859e+00  7.2927242839063058e-02  2.1369296566476876e+00  3.910224e-01  5.576570e+00  5.458309e+00  5.769745e+01  8.500876e+01  8.517548e+02  2.027145e+01  1.344490e+03  2.9473147868602115e+02
      6420  8.0249999999994923e+00  7.2793673098079270e-02  2.1373176303197026e+00  3.840578e-01  5.571175e+00  5.276889e+00  5.754423e+01  7.988366e+01  8.475784e+02  1.997633e+01  1.305393e+03  2.9517445099633477e+02
      6430  8.0374999999994987e+00  7.2660077406712528e-02  2.1377601167112461e+00  3.770982e-01  5.566822e+00  5.096304e+00  5.743457e+01  7.475916e+01  8.451128e+02  1.968684e+01  1.267139e+03  2.9562999257730007e+02
      6440  8.0499999999995051e+00  7.2526452349417167e-02  2.1382573669398517e+00  3.701524e-01  5.563524e+00  4.916705e+00  5.736887e+01  6.963341e+01  8.443844e+02  1.940311e+01  1.229726e+03  2.9609913977841228e+02
      6450  8.0624999999995115e+00  7.2392794498744056e-02  2.1388095099976812e+00  3.632299e-01  5.561291e+00  4.738268e+00  5.734742e+01  6.450574e+01  8.454153e+02  1.912528e+01  1.193150e+03  2.9658292778600190e+02
      6460  8.0749999999995179e+00  7.2259100423116160e-02  2.1394165482004159e+00  3.563399e-01  5.560134e+00  4.561195e+00  5.737043e+01  5.937681e+01  8.482228e+02  1.885348e+01  1.157409e+03  2.9708238694088101e+02
      6470  8.0874999999995243e+00  7.2125366694884341e-02  2.1400783527885676e+00  3.494923e-01  5.560061e+00  4.385708e+00  5.743795e+01  5.424867e+01  8.528181e+02  1.858786e+01  1.122500e+03  2.9759853917660359e+02
      6480  8.0999999999995307e+00  7.1991589898653022e-02  2.1407946596853669e+00  3.426968e-01  5.561078e+00  4.212056e+00  5.754993e+01  4.912483e+01  8.592062e+02  1.832855e+01  1.088421e+03  2.9813239459385835e+02
      6490  8.1124999999995371e+00  7.1857766639865372e-02  2.1415650654151395e+00  3.359631e-01  5.563191e+00  4.040508e+00  5.770617e+01  4.401026e+01  8.673851e+02  1.807571e+01  1.055169e+03  2.9868494817919810e+02
      6500  8.1249999999995435e+00  7.1723893553639576e-02  2.1423890231867757e+00  3.293012e-01  5.566403e+00  3.871350e+00  5.790639e+01  3.891147e+01  8.773454e+02  1.782950e+01  1.022744e+03  2.9925717666810726e+02
      6510  8.1374999999995499e+00  7.1589967313843914e-02  2.1432658391478219e+00  3.227206e-01  5.570717e+00  3.704890e+00  5.815014e+01  3.383647e+01  8.890703e+02  1.759010e+01  9.911476e+02  2.9985003554316251e+02
      6520  8.1499999999995563e+00  7.1455984642400175e-02  2.1441946688165343e+00  3.162309e-01  5.576134e+00  3.541446e+00  5.843689e+01  2.879469e+01  9.025349e+02  1.735770e+01  9.603804e+02  3.0046445614810960e+02
      6530  8.1624999999995627e+00  7.1321942318805162e-02  2.1451745137015199e+00  3.098414e-01  5.582655e+00  3.381350e+00  5.876600e+01  2.379700e+01  9.177068e+02  1.713252e+01  9.304465e+02  3.0110134288803368e+02
      6540  8.1749999999995691e+00  7.1187837189856162e-02  2.1462042181217291e+00  3.035608e-01  5.590278e+00  3.224940e+00  5.913670e+01  1.885557e+01  9.345462e+02  1.691478e+01  9.013512e+02  3.0176157047484014e+02
      6550  8.1874999999995755e+00  7.1053666179569874e-02  2.1472824662434067e+00  2.973978e-01  5.599001e+00  3.072559e+00  5.954816e+01  1.398372e+01  9.530059e+02  1.670474e+01  8.731026e+02  3.0244598116615839e+02
      6560  8.1999999999995818e+00  7.0919426299277832e-02  2.1484077793551597e+00  2.913601e-01  5.608823e+00  2.924548e+00  5.999947e+01  9.195875e+00  9.730323e+02  1.650270e+01  8.457109e+02  3.0315538193504273e+02
      6570  8.2124999999995882e+00  7.0785114657884993e-02  2.1495785134077021e+00  2.854551e-01  5.619740e+00  2.781245e+00  6.048966e+01  4.507297e+00  9.945660e+02  1.630898e+01  8.191899e+02  3.0389054149787313e+02
      6580  8.2249999999995946e+00  7.0650728472272314e-02  2.1507928568507158e+00  2.796895e-01  5.631748e+00  2.642978e+00  6.101771e+01 -6.603064e-02  1.017542e+03  1.612394e+01  7.935566e+02  3.0465218711927093e+02
      6590  8.2374999999996010e+00  7.0516265077825102e-02  2.1520488288059831e+00  2.740691e-01  5.644843e+00  2.510063e+00  6.158255e+01 -4.507624e+00  1.041892e+03  1.594799e+01  7.688324e+02  3.0544100110625800e+02
      6600  8.2499999999996074e+00  7.0381721939063127e-02  2.1533442776228804e+00  2.685989e-01  5.659021e+00  2.382797e+00  6.218311e+01 -8.800705e+00  1.067543e+03  1.578157e+01  7.450435e+02  3.0625761689999968e+02
      6610  8.2624999999996138e+00  7.0247096660347771e-02  2.1546768798696054e+00  2.632832e-01  5.674277e+00  2.261455e+00  6.281830e+01 -1.292841e+01  1.094421e+03  1.562520e+01  7.222217e+02  3.0710261467300649e+02
      6620  8.2749999999996202e+00  7.0112386996637438e-02  2.1560441398208106e+00  2.581251e-01  5.690606e+00  2.146288e+00  6.348705e+01 -1.687403e+01  1.122451e+03  1.547945e+01  7.004056e+02  3.0797651634335301e+02
      6630  8.2874999999996266e+00  6.9977590864257838e-02  2.1574433895093872e+00  2.531269e-01  5.708003e+00  2.037517e+00  6.418830e+01 -2.062116e+01  1.151555e+03  1.534494e+01  6.796413e+02  3.0887977992586434e+02
      6640  8.2999999999996330e+00  6.9842706351648437e-02  2.1588717894163585e+00  2.482898e-01  5.726463e+00  1.935330e+00  6.492099e+01 -2.415399e+01  1.181659e+03  1.522236e+01  6.599839e+02  3.0981279315393419e+02
      6650  8.3124999999996394e+00  6.9707731730045575e-02  2.1603263298785138e+00  2.436142e-01  5.745980e+00  1.839882e+00  6.568414e+01 -2.745741e+01  1.212689e+03  1.511250e+01  6.414984e+02  3.1077586632486492e+02
      6660  8.3249999999996458e+00  6.9572665464051220e-02  2.1618038332972738e+00  2.390991e-01  5.766547e+00  1.751290e+00  6.647677e+01 -3.051726e+01  1.244574e+03  1.501617e+01  6.242613e+02  3.1176922434654716e+02
      6670  8.3374999999996522e+00  6.9437506222037967e-02  2.1633009572345983e+00  2.347428e-01  5.788160e+00  1.669633e+00  6.729796e+01 -3.332043e+01  1.277244e+03  1.493428e+01  6.083620e+02  3.1279299799356897e+02
      6680  8.3499999999996586e+00  6.9302252886329227e-02  2.1648141984819045e+00  2.305424e-01  5.810812e+00  1.594952e+00  6.814684e+01 -3.585498e+01  1.310635e+03  1.486780e+01  5.939039e+02  3.1384721441594854e+02
      6690  8.3624999999996650e+00  6.9166904563093670e-02  2.1663398981855808e+00  2.264943e-01  5.834496e+00  1.527250e+00  6.902257e+01 -3.811030e+01  1.344686e+03  1.481778e+01  5.810062e+02  3.1493178698262722e+02
      6700  8.3749999999996714e+00  6.9031460591883448e-02  2.1678742481073883e+00  2.225939e-01  5.859204e+00  1.466490e+00  6.992437e+01 -4.007713e+01  1.379342e+03  1.478528e+01  5.698045e+02  3.1604650458334015e+02
      6710  8.3874999999996778e+00  6.8895920554744472e-02  2.1694132980899581e+00  2.188356e-01  5.884929e+00  1.412603e+00  7.085151e+01 -4.174763e+01  1.414551e+03  1.477143e+01  5.604517e+02  3.1719102055486456e+02
      6720  8.3999999999996842e+00  6.8760284284820589e-02  2.1709529647862538e+00  2.152134e-01  5.911663e+00  1.365481e+00  7.180330e+01 -4.311538e+01  1.450266e+03  1.477737e+01  5.531191e+02  3.1836484143900213e+02
      6730  8.4124999999996906e+00  6.8624551874371040e-02  2.1724890416976259e+00  2.117204e-01  5.939396e+00  1.324988e+00  7.277910e+01 -4.417537e+01  1.486447e+03  1.480426e+01  5.479958e+02  3.1956731581800449e+02
      6740  8.4249999999996970e+00  6.8488723682119862e-02  2.1740172105476887e+00  2.083494e-01  5.968117e+00  1.290962e+00  7.377829e+01 -4.492398e+01  1.523058e+03  1.485323e+01  5.452881e+02  3.2079762350633354e+02
      6750  8.4374999999997033e+00  6.8352800339851430e-02  2.1755330539996143e+00  2.050926e-01  5.997818e+00  1.263216e+00  7.480033e+01 -4.535884e+01  1.560069e+03  1.492536e+01  5.452188e+02  3.2205476540374599e+02
      6760  8.4499999999997097e+00  6.8216782758170322e-02  2.1770320697021730e+00  2.019421e-01  6.028485e+00  1.241544e+00  7.584471e+01 -4.547883e+01  1.597456e+03  1.502166e+01  5.480245e+02  3.2333755433192158e+02
      6770  8.4624999999997161e+00  6.8080672131342723e-02  2.1785096856266342e+00  1.988897e-01  6.060106e+00  1.225730e+00  7.691094e+01 -4.528386e+01  1.635200e+03  1.514306e+01  5.539525e+02  3.2464460718392741e+02
      6780  8.4749999999997225e+00  6.7944469941138647e-02  2.1799612766315164e+00  1.959275e-01  6.092668e+00  1.215548e+00  7.799862e+01 -4.477484e+01  1.673288e+03  1.529032e+01  5.632576e+02  3.2597433871178669e+02
      6790  8.4874999999997289e+00  6.7808177959606156e-02  2.1813821821677433e+00  1.930476e-01  6.126155e+00  1.210771e+00  7.910738e+01 -4.395343e+01  1.711713e+03  1.546409e+01  5.761965e+02  3.2732495726205229e+02
      6800  8.4999999999997353e+00  6.7671798250702797e-02  2.1827677250118502e+00  1.902424e-01  6.160553e+00  1.211175e+00  8.023688e+01 -4.282195e+01  1.750475e+03  1.566477e+01  5.930223e+02  3.2869446274282706e+02
      6810  8.5124999999997417e+00  6.7535333170729434e-02  2.1841132308916902e+00  1.875047e-01  6.195843e+00  1.216548e+00  8.138688e+01 -4.138318e+01  1.789578e+03  1.589260e+01  6.139782e+02  3.3008064706899250e+02
      6820  8.5249999999997481e+00  6.7398785367513536e-02  2.1854140488473148e+00  1.848282e-01  6.232009e+00  1.226689e+00  8.255716e+01 -3.964021e+01  1.829035e+03  1.614755e+01  6.392904e+02  3.3148109728680134e+02
      6830  8.5374999999997545e+00  6.7262157778300274e-02  2.1866655721502792e+00  1.822071e-01  6.269030e+00  1.241422e+00  8.374759e+01 -3.759626e+01  1.868863e+03  1.642933e+01  6.691607e+02  3.3289320152623759e+02
      6840  8.5499999999997609e+00  6.7125453626325104e-02  2.1878632595880276e+00  1.796364e-01  6.306887e+00  1.260592e+00  8.495808e+01 -3.525452e+01  1.909086e+03  1.673741e+01  7.037590e+02  3.3431415787152895e+02
      6850  8.5624999999997673e+00  6.6988676416049150e-02  2.1890026569063998e+00  1.771124e-01  6.345556e+00  1.284076e+00  8.618861e+01 -3.261804e+01  1.949735e+03  1.707097e+01  7.432162e+02  3.3574098617900631e+02
      6860  8.5749999999997737e+00  6.6851829927055267e-02  2.1900794181933607e+00  1.746321e-01  6.385015e+00  1.311782e+00  8.743922e+01 -2.968955e+01  1.990845e+03  1.742891e+01  7.876176e+02  3.3717054280909150e+02
      6870  8.5874999999997801e+00  6.6714918206615029e-02  2.1910893269799874e+00  1.721939e-01  6.425238e+00  1.343655e+00  8.871000e+01 -2.647138e+01  2.032459e+03  1.780987e+01  8.369969e+02  3.3859953817728552e+02
      6880  8.5999999999997865e+00  6.6577945560952284e-02  2.1920283168320833e+00  1.697972e-01  6.466198e+00  1.379675e+00  9.000108e+01 -2.296534e+01  2.074623e+03  1.821225e+01  8.913317e+02  3.4002455696923391e+02
      6890  8.6124999999997929e+00  6.6440916545240591e-02  2.1928924912058299e+00  1.674427e-01  6.507865e+00  1.419864e+00  9.131264e+01 -1.917267e+01  2.117390e+03  1.863421e+01  9.505401e+02  3.4144208080830629e+02
      6900  8.6249999999997993e+00  6.6303835952389034e-02  2.1936781423449583e+00  1.651325e-01  6.550209e+00  1.464281e+00  9.264487e+01 -1.509395e+01  2.160816e+03  1.907369e+01  1.014479e+03  3.4284851311161810e+02
      6910  8.6374999999998057e+00  6.6166708800682136e-02  2.1943817690043304e+00  1.628696e-01  6.593196e+00  1.513023e+00  9.399796e+01 -1.072911e+01  2.204961e+03  1.952848e+01  1.082945e+03  3.4424020582259988e+02
      6920  8.6499999999998121e+00  6.6029540320354754e-02  2.1950000927952233e+00  1.606585e-01  6.636790e+00  1.566226e+00  9.537211e+01 -6.077363e+00  2.249885e+03  1.999623e+01  1.155676e+03  3.4561348766550793e+02
      6930  8.6624999999998185e+00  6.5892335939192137e-02  2.1955300729616920e+00  1.585047e-01  6.680952e+00  1.624059e+00  9.676750e+01 -1.137238e+00  2.295655e+03  2.047449e+01  1.232353e+03  3.4696469353006239e+02
      6940  8.6749999999998249e+00  6.5755101267261473e-02  2.1959689194144278e+00  1.564148e-01  6.725639e+00  1.686724e+00  9.818426e+01  4.093416e+00  2.342334e+03  2.096074e+01  1.312608e+03  3.4829019456306042e+02
      6950  8.6874999999998312e+00  6.5617842080886293e-02  2.1963141038684997e+00  1.543964e-01  6.770809e+00  1.754452e+00  9.962246e+01  9.617399e+00  2.389988e+03  2.145246e+01  1.396033e+03  3.4958642851881172e+02
      6960  8.6999999999998376e+00  6.5480564305987810e-02  2.1965633689546453e+00  1.524580e-01  6.816413e+00  1.827497e+00  1.010821e+02  1.543812e+01  2.438681e+03  2.194715e+01  1.482181e+03  3.5084992990227101e+02
      6970  8.7124999999998440e+00  6.5343274000922547e-02  2.1967147351993854e+00  1.506088e-01  6.862401e+00  1.906135e+00  1.025631e+02  2.155956e+01  2.488477e+03  2.244238e+01  1.570586e+03  3.5207735942855516e+02
      6980  8.7249999999998504e+00  6.5205977338953280e-02  2.1967665057976040e+00  1.488587e-01  6.908718e+00  1.990656e+00  1.040653e+02  2.798618e+01  2.539437e+03  2.293584e+01  1.660761e+03  3.5326553232108222e+02
      6990  8.7374999999998568e+00  6.5068680590490938e-02  2.1967172691318111e+00  1.472181e-01  6.955310e+00  2.081364e+00  1.055884e+02  3.472291e+01  2.591620e+03  2.342534e+01  1.752222e+03  3.5441144497874848e+02
      7000  8.7499999999998632e+00  6.4931390105249717e-02  2.1965658990241983e+00  1.456978e-01  7.002117e+00  2.178566e+00  1.071320e+02  4.177505e+01  2.645080e+03  2.390887e+01  1.844484e+03  3.5551229956127605e+02
      7010  8.7624999999998696e+00  6.4794112294458417e-02  2.1963115527411334e+00  1.443086e-01  7.049076e+00  2.282570e+00  1.086956e+02  4.914822e+01  2.699871e+03  2.438461e+01  1.937084e+03  3.5656552607170471e+02
      7020  8.7749999999998760e+00  6.4656853613263884e-02  2.1959536668031805e+00  1.430617e-01  7.096125e+00  2.393684e+00  1.102786e+02  5.684828e+01  2.756040e+03  2.485099e+01  2.029581e+03  3.5756880155622002e+02
      7030  8.7874999999998824e+00  6.4519620543462691e-02  2.1954919506872148e+00  1.419680e-01  7.143196e+00  2.512206e+00  1.118803e+02  6.488125e+01  2.813632e+03  2.530663e+01  2.121568e+03  3.5852006609393624e+02
      7040  8.7999999999998888e+00  6.4382419576691191e-02  2.1949263785391628e+00  1.410383e-01  7.190224e+00  2.638422e+00  1.134997e+02  7.325329e+01  2.872688e+03  2.575040e+01  2.212676e+03  3.5941753531211214e+02
      7050  8.8124999999998952e+00  6.4245257198189298e-02  2.1942571790462138e+00  1.402831e-01  7.237138e+00  2.772604e+00  1.151361e+02  8.197059e+01  2.933245e+03  2.618142e+01  2.302582e+03  3.6025970923416861e+02
      7060  8.8249999999999016e+00  6.4108139871251926e-02  2.1934848236441460e+00  1.397125e-01  7.283870e+00  2.915005e+00  1.167883e+02  9.103929e+01  2.995337e+03  2.659903e+01  2.391007e+03  3.6104537734695464e+02
      7070  8.8374999999999080e+00  6.3971074022464366e-02  2.1926100132591073e+00  1.393362e-01  7.330350e+00  3.065859e+00  1.184553e+02  1.004655e+02  3.058993e+03  2.700281e+01  2.477722e+03  3.6177361985749104e+02
      7080  8.8499999999999144e+00  6.3834066027805850e-02  2.1916336638018961e+00  1.391632e-01  7.376507e+00  3.225373e+00  1.201361e+02  1.102550e+02  3.124242e+03  2.739253e+01  2.562544e+03  3.6244380519519763e+02
      7090  8.8624999999999208e+00  6.3697122199692660e-02  2.1905568906470454e+00  1.392017e-01  7.422275e+00  3.393733e+00  1.218293e+02  1.204136e+02  3.191106e+03  2.776814e+01  2.645338e+03  3.6305558390023856e+02
      7100  8.8749999999999272e+00  6.3560248775017300e-02  2.1893809923373291e+00  1.394597e-01  7.467584e+00  3.571097e+00  1.235339e+02  1.309466e+02  3.259608e+03  2.812978e+01  2.726007e+03  3.6360887911921128e+02
      7110  8.8874999999999336e+00  6.3423451904223466e-02  2.1881074337575939e+00  1.399439e-01  7.512368e+00  3.757594e+00  1.252487e+02  1.418591e+02  3.329766e+03  2.847770e+01  2.804493e+03  3.6410387400291484e+02
      7120  8.8999999999999400e+00  6.3286737641444255e-02  2.1867378290192017e+00  1.406607e-01  7.556565e+00  3.953329e+00  1.269724e+02  1.531556e+02  3.401598e+03  2.881226e+01  2.880769e+03  3.6454099636480208e+02
      7130  8.9124999999999464e+00  6.3150111935710504e-02  2.1852739242884538e+00  1.416156e-01  7.600113e+00  4.158376e+00  1.287039e+02  1.648402e+02  3.475119e+03  2.913391e+01  2.954836e+03  3.6492090101083301e+02
      7140  8.9249999999999527e+00  6.3013580623231383e-02  2.1837175807795881e+00  1.428132e-01  7.642954e+00  4.372783e+00  1.304420e+02  1.769163e+02  3.550341e+03  2.944316e+01  3.026711e+03  3.6524445019009164e+02
      7150  8.9374999999999591e+00  6.2877149420724698e-02  2.1820707581157373e+00  1.442576e-01  7.685034e+00  4.596568e+00  1.321857e+02  1.893870e+02  3.627276e+03  2.974051e+01  3.096428e+03  3.6551269263998859e+02
      7160  8.9499999999999655e+00  6.2740823919773134e-02  2.1803354982401579e+00  1.459520e-01  7.726301e+00  4.829723e+00  1.339339e+02  2.022541e+02  3.705933e+03  3.002648e+01  3.164024e+03  3.6572684170950271e+02
      7170  8.9624999999999719e+00  6.2604609582163295e-02  2.1785139100361350e+00  1.478990e-01  7.766709e+00  5.072211e+00  1.356857e+02  2.155191e+02  3.786321e+03  3.030158e+01  3.229542e+03  3.6588825303942366e+02
      7180  8.9749999999999783e+00  6.2468511736160109e-02  2.1766081547880218e+00  1.501006e-01  7.806215e+00  5.323970e+00  1.374401e+02  2.291823e+02  3.868443e+03  3.056625e+01  3.293018e+03  3.6599840226053539e+02
      7190  8.9874999999999847e+00  6.2332535573662806e-02  2.1746204325885330e+00  1.525579e-01  7.844782e+00  5.584910e+00  1.391962e+02  2.432430e+02  3.952303e+03  3.082088e+01  3.354482e+03  3.6605886314075497e+02
      7200  8.9999999999999911e+00  6.2196686148176292e-02  2.1725529697696295e+00  1.552717e-01  7.882376e+00  5.854913e+00  1.409533e+02  2.576995e+02  4.037902e+03  3.106578e+01  3.413951e+03  3.6607128657202401e+02
      7210  9.0124999999999975e+00  6.2060968373536606e-02  2.1704080074072531e+00  1.582419e-01  7.918969e+00  6.133836e+00  1.427106e+02  2.725487e+02  4.125234e+03  3.130119e+01  3.471426e+03  3.6603738073938968e+02
      7220  9.0250000000000039e+00  6.1925387023319699e-02  2.1681877909237230e+00  1.614681e-01  7.954537e+00  6.421510e+00  1.444675e+02  2.877864e+02  4.214292e+03  3.152725e+01  3.526893e+03  3.6595889276030113e+02
      7230  9.0375000000000103e+00  6.1789946730865873e-02  2.1658945607874642e+00  1.649494e-01  7.989061e+00  6.717737e+00  1.462233e+02  3.034067e+02  4.305063e+03  3.174399e+01  3.580317e+03  3.6583759202398295e+02
      7240  9.0500000000000167e+00  6.1654651989852531e-02  2.1635305442872430e+00  1.686841e-01  8.022527e+00  7.022295e+00  1.479775e+02  3.194021e+02  4.397529e+03  3.195138e+01  3.631640e+03  3.6567525540080391e+02
      7250  9.0625000000000231e+00  6.1519507155347028e-02  2.1610979483388597e+00  1.726701e-01  8.054925e+00  7.334931e+00  1.497294e+02  3.357637e+02  4.491663e+03  3.214925e+01  3.680786e+03  3.6547365443202125e+02
      7260  9.0750000000000295e+00  6.1384516445279876e-02  2.1585989532656260e+00  1.769051e-01  8.086250e+00  7.655365e+00  1.514785e+02  3.524805e+02  4.587431e+03  3.233739e+01  3.727657e+03  3.6523454455269541e+02
      7270  9.0875000000000359e+00  6.1249683942277179e-02  2.1560357074804912e+00  1.813858e-01  8.116500e+00  7.983289e+00  1.532242e+02  3.695394e+02  4.684791e+03  3.251546e+01  3.772135e+03  3.6495965634655369e+02
      7280  9.1000000000000423e+00  6.1115013595799753e-02  2.1534103229875812e+00  1.861088e-01  8.145678e+00  8.318365e+00  1.549661e+02  3.869256e+02  4.783689e+03  3.268308e+01  3.814081e+03  3.6465068878238964e+02
      7290  9.1125000000000487e+00  6.0980509224540187e-02  2.1507248716139205e+00  1.910701e-01  8.173791e+00  8.660224e+00  1.567033e+02  4.046217e+02  4.884059e+03  3.283978e+01  3.853339e+03  3.6430930433793282e+02
      7300  9.1250000000000551e+00  6.0846174519034728e-02  2.1479813818779903e+00  1.962650e-01  8.200846e+00  9.008465e+00  1.584354e+02  4.226082e+02  4.985823e+03  3.298505e+01  3.889739e+03  3.6393712587995662e+02
      7310  9.1375000000000615e+00  6.0712013044453957e-02  2.1451818364007975e+00  2.016886e-01  8.226857e+00  9.362655e+00  1.601614e+02  4.408630e+02  5.088886e+03  3.311834e+01  3.923096e+03  3.6353573513880986e+02
      7320  9.1500000000000679e+00  6.0578028243540083e-02  2.1423281697665639e+00  2.073350e-01  8.251838e+00  9.722330e+00  1.618806e+02  4.593616e+02  5.193139e+03  3.323905e+01  3.953216e+03  3.6310667259192195e+02
      7330  9.1625000000000743e+00  6.0444223439667280e-02  2.1394222667437410e+00  2.131982e-01  8.275805e+00  1.008699e+01  1.635918e+02  4.780768e+02  5.298456e+03  3.334657e+01  3.979899e+03  3.6265143855391051e+02
      7340  9.1750000000000806e+00  6.0310601840002802e-02  2.1364659607830223e+00  2.192713e-01  8.298775e+00  1.045609e+01  1.652941e+02  4.969787e+02  5.404689e+03  3.344029e+01  4.002939e+03  3.6217149526062252e+02
      7350  9.1875000000000870e+00  6.0177166538756800e-02  2.1334610327161081e+00  2.255468e-01  8.320766e+00  1.082908e+01  1.669860e+02  5.160348e+02  5.511674e+03  3.351960e+01  4.022134e+03  3.6166826973025326e+02
      7360  9.2000000000000934e+00  6.0043920520507797e-02  2.1304092095875711e+00  2.320168e-01  8.341798e+00  1.120534e+01  1.686660e+02  5.352098e+02  5.619222e+03  3.358392e+01  4.037283e+03  3.6114315718620003e+02
      7370  9.2125000000000998e+00  5.9910866663599370e-02  2.1273121635616654e+00  2.386725e-01  8.361888e+00  1.158423e+01  1.703324e+02  5.544655e+02  5.727127e+03  3.363268e+01  4.048198e+03  3.6059752483286564e+02
      7380  9.2250000000001062e+00  5.9778007743603492e-02  2.1241715108556720e+00  2.455045e-01  8.381054e+00  1.196507e+01  1.719833e+02  5.737613e+02  5.835154e+03  3.366537e+01  4.054701e+03  3.6003271578660991e+02
      7390  9.2375000000001126e+00  5.9645346436851307e-02  2.1209888106617778e+00  2.525029e-01  8.399311e+00  1.234716e+01  1.736163e+02  5.930537e+02  5.943051e+03  3.368153e+01  4.056629e+03  3.5945005297871552e+02
      7400  9.2500000000001190e+00  5.9512885324032191e-02  2.1177655640292086e+00  2.596567e-01  8.416675e+00  1.272974e+01  1.752291e+02  6.122967e+02  6.050538e+03  3.368077e+01  4.053843e+03  3.5885084286489058e+02
      7410  9.2625000000001254e+00  5.9380626893864259e-02  2.1145032126883589e+00  2.669546e-01  8.433157e+00  1.311203e+01  1.768187e+02  6.314419e+02  6.157314e+03  3.366275e+01  4.046226e+03  3.5823637879568452e+02
      7420  9.2750000000001318e+00  5.9248573546840481e-02  2.1112031378076366e+00  2.743845e-01  8.448766e+00  1.349322e+01  1.783822e+02  6.504383e+02  6.263053e+03  3.362725e+01  4.033688e+03  3.5760794392359338e+02
      7430  9.2875000000001382e+00  5.9116727599055376e-02  2.1078666586820916e+00  2.819335e-01  8.463506e+00  1.387247e+01  1.799162e+02  6.692331e+02  6.367408e+03  3.357410e+01  4.016172e+03  3.5696681354476033e+02
      7440  9.3000000000001446e+00  5.8985091286114212e-02  2.1044950313606239e+00  2.895882e-01  8.477381e+00  1.424888e+01  1.814169e+02  6.877713e+02  6.470009e+03  3.350323e+01  3.993649e+03  3.5631425679551705e+02
      7450  9.3125000000001510e+00  5.8853666767131059e-02  2.1010894472248420e+00  2.973343e-01  8.490386e+00  1.462158e+01  1.828805e+02  7.059963e+02  6.570467e+03  3.341469e+01  3.966129e+03  3.5565153764577616e+02
      7460  9.3250000000001574e+00  5.8722456128816033e-02  2.0976510315385610e+00  3.051572e-01  8.502515e+00  1.498962e+01  1.843025e+02  7.238500e+02  6.668374e+03  3.330859e+01  3.933653e+03  3.5497991515210447e+02
      7470  9.3375000000001638e+00  5.8591461389653182e-02  2.0941808419910668e+00  3.130414e-01  8.513756e+00  1.535205e+01  1.856785e+02  7.412731e+02  6.763306e+03  3.318518e+01  3.896303e+03  3.5430064295258649e+02
      7480  9.3500000000001702e+00  5.8460684504169594e-02  2.0906798672611955e+00  3.209712e-01  8.524091e+00  1.570793e+01  1.870036e+02  7.582055e+02  6.854825e+03  3.304478e+01  3.854193e+03  3.5361496800304707e+02
      7490  9.3625000000001766e+00  5.8330127367292386e-02  2.0871490256316867e+00  3.289300e-01  8.533498e+00  1.605626e+01  1.882726e+02  7.745866e+02  6.942481e+03  3.288780e+01  3.807475e+03  3.5292412856950767e+02
      7500  9.3750000000001830e+00  5.8199791818790432e-02  2.0835891636851782e+00  3.369011e-01  8.541949e+00  1.639605e+01  1.894802e+02  7.903556e+02  7.025819e+03  3.271478e+01  3.756335e+03  3.5222935150478133e+02
      7510  9.3875000000001894e+00  5.8069679647793311e-02  2.0800010551141952e+00  3.448672e-01  8.549411e+00  1.672632e+01  1.906209e+02  8.054521e+02  7.104379e+03  3.252630e+01  3.700990e+03  3.5153184884777079e+02
      7520  9.4000000000001958e+00  5.7939792597380919e-02  2.0763853996781463e+00  3.528109e-01  8.555846e+00  1.704606e+01  1.916888e+02  8.198163e+02  7.177701e+03  3.232306e+01  3.641689e+03  3.5083281379238423e+02
      7530  9.4125000000002021e+00  5.7810132369232763e-02  2.0727428223399529e+00  3.607143e-01  8.561211e+00  1.735430e+01  1.926783e+02  8.333897e+02  7.245331e+03  3.210582e+01  3.578708e+03  3.5013341607916317e+02
      7540  9.4250000000002085e+00  5.7680700628324262e-02  2.0690738726148084e+00  3.685597e-01  8.565458e+00  1.765006e+01  1.935834e+02  8.461152e+02  7.306822e+03  3.187540e+01  3.512345e+03  3.4943479686689312e+02
      7550  9.4375000000002149e+00  5.7551499007657041e-02  2.0653790241626453e+00  3.763290e-01  8.568535e+00  1.793237e+01  1.943980e+02  8.579380e+02  7.361746e+03  3.163269e+01  3.442923e+03  3.4873806314404209e+02
      7560  9.4500000000002213e+00  5.7422529113005230e-02  2.0616586746550221e+00  3.840043e-01  8.570387e+00  1.820031e+01  1.951164e+02  8.688059e+02  7.409690e+03  3.137861e+01  3.370776e+03  3.4804428174103708e+02
      7570  9.4625000000002277e+00  5.7293792527661883e-02  2.0579131459460220e+00  3.915679e-01  8.570954e+00  1.845298e+01  1.957326e+02  8.786697e+02  7.450268e+03  3.111414e+01  3.296257e+03  3.4735447300463841e+02
      7580  9.4750000000002341e+00  5.7165290817163546e-02  2.0541426845755746e+00  3.990023e-01  8.570176e+00  1.868951e+01  1.962410e+02  8.874840e+02  7.483125e+03  3.084027e+01  3.219722e+03  3.4666960419531159e+02
      7590  9.4875000000002405e+00  5.7037025533972538e-02  2.0503474626325260e+00  4.062902e-01  8.567990e+00  1.890908e+01  1.966362e+02  8.952072e+02  7.507940e+03  3.055802e+01  3.141537e+03  3.4599058266792326e+02
      7600  9.5000000000002469e+00  5.6908998222093589e-02  2.0465275790031536e+00  4.134150e-01  8.564332e+00  1.911094e+01  1.969131e+02  9.018027e+02  7.524433e+03  3.026842e+01  3.062067e+03  3.4531824889558027e+02
      7610  9.5125000000002533e+00  5.6781210421599185e-02  2.0426830610297300e+00  4.203605e-01  8.559140e+00  1.929438e+01  1.970669e+02  9.072387e+02  7.532370e+03  2.997249e+01  2.981673e+03  3.4465336939634102e+02
      7620  9.5250000000002597e+00  5.6653663673038486e-02  2.0388138666020406e+00  4.271112e-01  8.552351e+00  1.945876e+01  1.970933e+02  9.114890e+02  7.531568e+03  2.967125e+01  2.900712e+03  3.4399662962295639e+02
      7630  9.5375000000002661e+00  5.6526359521700646e-02  2.0349198867029776e+00  4.336523e-01  8.543906e+00  1.960352e+01  1.969885e+02  9.145335e+02  7.521895e+03  2.936568e+01  2.819532e+03  3.4334862687698785e+02
      7640  9.5500000000002725e+00  5.6399299521705429e-02  2.0310009484275628e+00  4.399702e-01  8.533750e+00  1.972818e+01  1.967494e+02  9.163582e+02  7.503280e+03  2.905677e+01  2.738467e+03  3.4270986331050489e+02
      7650  9.5625000000002789e+00  5.6272485239888030e-02  2.0270568184921203e+00  4.460520e-01  8.521831e+00  1.983235e+01  1.963735e+02  9.169560e+02  7.475712e+03  2.874545e+01  2.657837e+03  3.4208073908120036e+02
      7660  9.5750000000002853e+00  5.6145918259451040e-02  2.0230872072480648e+00  4.518860e-01  8.508105e+00  1.991572e+01  1.958589e+02  9.163266e+02  7.439244e+03  2.843260e+01  2.577944e+03  3.4146154572996278e+02
      7670  9.5875000000002917e+00  5.6019600183347756e-02  2.0190917732112008e+00  4.574618e-01  8.492534e+00  1.997809e+01  1.952048e+02  9.144769e+02  7.393992e+03  2.811907e+01  2.499071e+03  3.4085245985357159e+02
      7680  9.6000000000002981e+00  5.5893532637366898e-02  2.0150701281142314e+00  4.627702e-01  8.475088e+00  2.001937e+01  1.944109e+02  9.114209e+02  7.340138e+03  2.780567e+01  2.421481e+03  3.4025353714902042e+02
      7690  9.6125000000003045e+00  5.5767717272884453e-02  2.0110218424858579e+00  4.678036e-01  8.455747e+00  2.003956e+01  1.934780e+02  9.071800e+02  7.277929e+03  2.749311e+01  2.345413e+03  3.3966470690981356e+02
      7700  9.6250000000003109e+00  5.5642155769251557e-02  2.0069464517552000e+00  4.725556e-01  8.434501e+00  2.003877e+01  1.924077e+02  9.017830e+02  7.207674e+03  2.718209e+01  2.271083e+03  3.3908576705807525e+02
      7710  9.6375000000003173e+00  5.5516849835782763e-02  2.0028434628751972e+00  4.770215e-01  8.411353e+00  2.001724e+01  1.912025e+02  8.952656e+02  7.129745e+03  2.687320e+01  2.198681e+03  3.3851637979931542e+02
      7720  9.6500000000003237e+00  5.5391801213316057e-02  1.9987123614529450e+00  4.811985e-01  8.386315e+00  1.997530e+01  1.898660e+02  8.876705e+02  7.044570e+03  2.656699e+01  2.128372e+03  3.3795606798889679e+02
      7730  9.6625000000003300e+00  5.5267011675310944e-02  1.9945526193686951e+00  4.850850e-01  8.359414e+00  1.991341e+01  1.884025e+02  8.790468e+02  6.952629e+03  2.626393e+01  2.060298e+03  3.3740421230047491e+02
      7740  9.6750000000003364e+00  5.5142483028455862e-02  1.9903637028587438e+00  4.886817e-01  8.330691e+00  1.983213e+01  1.868173e+02  8.694499e+02  6.854450e+03  2.596442e+01  1.994569e+03  3.3686004928679699e+02
      7750  9.6875000000003428e+00  5.5018217112756722e-02  1.9861450810303700e+00  4.919906e-01  8.300200e+00  1.973212e+01  1.851166e+02  8.589408e+02  6.750601e+03  2.566879e+01  1.931273e+03  3.3632267042207582e+02
      7760  9.7000000000003492e+00  5.4894215801080649e-02  1.9818962347698985e+00  4.950158e-01  8.268008e+00  1.961416e+01  1.833074e+02  8.475852e+02  6.641685e+03  2.537731e+01  1.870470e+03  3.3579102221266112e+02
      7770  9.7125000000003556e+00  5.4770480998132587e-02  1.9776166659972023e+00  4.977633e-01  8.234198e+00  1.947912e+01  1.813973e+02  8.354535e+02  6.528329e+03  2.509016e+01  1.812195e+03  3.3526390745887056e+02
      7780  9.7250000000003620e+00  5.4647014638842618e-02  1.9733059072126722e+00  5.002407e-01  8.198866e+00  1.932796e+01  1.793947e+02  8.226193e+02  6.411177e+03  2.480747e+01  1.756454e+03  3.3473998774554155e+02
      7790  9.7375000000003684e+00  5.4523818686150298e-02  1.9689635312747373e+00  5.024574e-01  8.162120e+00  1.916174e+01  1.773087e+02  8.091592e+02  6.290885e+03  2.452929e+01  1.703233e+03  3.3421778723221996e+02
      7800  9.7500000000003748e+00  5.4400895128172227e-02  1.9645891613385316e+00  5.044249e-01  8.124084e+00  1.898158e+01  1.751488e+02  7.951513e+02  6.168104e+03  2.425564e+01  1.652492e+03  3.3369569780580559e+02
      7810  9.7625000000003812e+00  5.4278245974745100e-02  1.9601824808788255e+00  5.061562e-01  8.084890e+00  1.878866e+01  1.729247e+02  7.806751e+02  6.043479e+03  2.398646e+01  1.604168e+03  3.3317198564900889e+02
      7820  9.7750000000003876e+00  5.4155873253341993e-02  1.9557432437131350e+00  5.076659e-01  8.044685e+00  1.858426e+01  1.706466e+02  7.658099e+02  5.917638e+03  2.372166e+01  1.558179e+03  3.3264479926706571e+02
      7830  9.7875000000003940e+00  5.4033779004364686e-02  1.9512712839339956e+00  5.089702e-01  8.003621e+00  1.836965e+01  1.683248e+02  7.506344e+02  5.791184e+03  2.346110e+01  1.514426e+03  3.3211217900281048e+02
      7840  9.8000000000004004e+00  5.3911965275820532e-02  1.9467665256531164e+00  5.100870e-01  7.961863e+00  1.814618e+01  1.659698e+02  7.352256e+02  5.664688e+03  2.320464e+01  1.472791e+03  3.3157206805629147e+02
      7850  9.8125000000004068e+00  5.3790434117398908e-02  1.9422289924544078e+00  5.110354e-01  7.919580e+00  1.791520e+01  1.635917e+02  7.196581e+02  5.538682e+03  2.295209e+01  1.433149e+03  3.3102232500962521e+02
      7860  9.8250000000004132e+00  5.3669187573968838e-02  1.9376588164478010e+00  5.118356e-01  7.876946e+00  1.767809e+01  1.612007e+02  7.040033e+02  5.413656e+03  2.270328e+01  1.395360e+03  3.3046073784054607e+02
      7870  9.8375000000004196e+00  5.3548227678525809e-02  1.9330562468118930e+00  5.125091e-01  7.834140e+00  1.743622e+01  1.588068e+02  6.883290e+02  5.290053e+03  2.245804e+01  1.359283e+03  3.2988503938907439e+02
      7880  9.8500000000004260e+00  5.3427556444624678e-02  1.9284216577104250e+00  5.130782e-01  7.791341e+00  1.719096e+01  1.564193e+02  6.726986e+02  5.168264e+03  2.221622e+01  1.324774e+03  3.2929292422074451e+02
      7890  9.8625000000004324e+00  5.3307175858338864e-02  1.9237555554660919e+00  5.135659e-01  7.748729e+00  1.694365e+01  1.540473e+02  6.571708e+02  5.048630e+03  2.197771e+01  1.291690e+03  3.2868206680698137e+02
      7900  9.8750000000004388e+00  5.3187087869798852e-02  1.9190585848748549e+00  5.139959e-01  7.706481e+00  1.669560e+01  1.516993e+02  6.417991e+02  4.931441e+03  2.174241e+01  1.259896e+03  3.2805014091835761e+02
      7910  9.8875000000004452e+00  5.3067294384365367e-02  1.9143315345457708e+00  5.143921e-01  7.664771e+00  1.644811e+01  1.493832e+02  6.266322e+02  4.816934e+03  2.151032e+01  1.229265e+03  3.2739484009990827e+02
      7920  9.9000000000004515e+00  5.2947797253502120e-02  1.9095753411545524e+00  5.147788e-01  7.623766e+00  1.620240e+01  1.471064e+02  6.117130e+02  4.705297e+03  2.128147e+01  1.199684e+03  3.2671389906949639e+02
      7930  9.9125000000004579e+00  5.2828598265419989e-02  1.9047910925047751e+00  5.151799e-01  7.583629e+00  1.595967e+01  1.448753e+02  5.970795e+02  4.596673e+03  2.105595e+01  1.171056e+03  3.2600511585097848e+02
      7940  9.9250000000004643e+00  5.2709699135568937e-02  1.8999800292984266e+00  5.156194e-01  7.544512e+00  1.572104e+01  1.426959e+02  5.827645e+02  4.491161e+03  2.083395e+01  1.143302e+03  3.2526637442409123e+02
      7950  9.9375000000004707e+00  5.2591101497063017e-02  1.8951435455275842e+00  5.161206e-01  7.506558e+00  1.548759e+01  1.405736e+02  5.687962e+02  4.388823e+03  2.061569e+01  1.116363e+03  3.2449566764331684e+02
      7960  9.9500000000004771e+00  5.2472806891124914e-02  1.8902831874118002e+00  5.167064e-01  7.469900e+00  1.526031e+01  1.385127e+02  5.551980e+02  4.289684e+03  2.040149e+01  1.090200e+03  3.2369112014952543e+02
      7970  9.9625000000004835e+00  5.2354816757644806e-02  1.8854006508208256e+00  5.173986e-01  7.434658e+00  1.504016e+01  1.365173e+02  5.419896e+02  4.193743e+03  2.019171e+01  1.064795e+03  3.2285101097188021e+02
      7980  9.9750000000004899e+00  5.2237132425948608e-02  1.8804977771398717e+00  5.182184e-01  7.400942e+00  1.482800e+01  1.345905e+02  5.291868e+02  4.100973e+03  1.998678e+01  1.040147e+03  3.2197379549472424e+02
      7990  9.9875000000004963e+00  5.2119755105873543e-02  1.8755765475546122e+00  5.191854e-01  7.368848e+00  1.462466e+01  1.327350e+02  5.168027e+02  4.011329e+03  1.978716e+01  1.016276e+03  3.2105812644613138e+02
      8000  1.0000000000000503e+01  5.2002685879251241e-02  1.8706390757550133e+00  5.203182e-01  7.338459e+00  1.443088e+01  1.309530e+02  5.048477e+02  3.924752e+03  1.959334e+01  9.932142e+02  3.2010287355293525e+02
