         0  0.0000000000000000e+00  1.2500000000000000e-01  3.7500000000000000e-01 -0.000000e+00  3.375000e+00 -0.000000e+00  1.562500e+01 -0.000000e+00  8.374023e+01  3.375000e+00  1.562500e+01  1.1250000000000000e+00
        10  1.2499999999999999e-02  1.2498828173471668e-01  3.7497094746320175e-01  6.628751e-03  3.375075e+00  6.628871e-02  1.562648e+01  5.437978e-01  8.375773e+01  3.374704e+00  1.562236e+01  1.1249616619071823e+00
        20  2.5000000000000005e-02  1.2497656418868222e-01  3.7495409712937744e-01  1.325688e-02  3.375301e+00  1.325785e-01  1.563092e+01  1.087744e+00  8.381022e+01  3.373816e+00  1.561447e+01  1.1250575510104297e+00
        30  3.7500000000000012e-02  1.2496484698068062e-01  3.7494944244460415e-01  1.988460e-02  3.375677e+00  1.988786e-01  1.563833e+01  1.632055e+00  8.389773e+01  3.372339e+00  1.560134e+01  1.1252876563485201e+00
        40  5.0000000000000024e-02  1.2495312972967156e-01  3.7495697858364502e-01  2.651212e-02  3.376203e+00  2.651985e-01  1.564869e+01  2.176948e+00  8.402028e+01  3.370278e+00  1.558302e+01  1.1256520205968512e+00
        50  6.2500000000000028e-02  1.2494141205473666e-01  3.7497670244460568e-01  3.313964e-02  3.376880e+00  3.315473e-01  1.566202e+01  2.722638e+00  8.417794e+01  3.367636e+00  1.555957e+01  1.1261507400149413e+00
        60  7.5000000000000039e-02  1.2492969357502547e-01  3.7500861264321705e-01  3.976737e-02  3.377708e+00  3.979344e-01  1.567832e+01  3.269341e+00  8.437080e+01  3.364422e+00  1.553107e+01  1.1267839644182875e+00
        70  8.7500000000000050e-02  1.2491797390970208e-01  3.7505270950674591e-01  4.639549e-02  3.378686e+00  4.643690e-01  1.569758e+01  3.817275e+00  8.459894e+01  3.360643e+00  1.549761e+01  1.1275518971745877e+00
        80  1.0000000000000006e-01  1.2490625267789167e-01  3.7510899506753470e-01  5.302422e-02  3.379814e+00  5.308604e-01  1.571982e+01  4.366654e+00  8.486250e+01  3.356309e+00  1.545930e+01  1.1284547952243633e+00
        90  1.1250000000000007e-01  1.2489452949862745e-01  3.7517747305617627e-01  5.965372e-02  3.381094e+00  5.974176e-01  1.574503e+01  4.917695e+00  8.516161e+01  3.351432e+00  1.541625e+01  1.1294929691260669e+00
       100  1.2500000000000008e-01  1.2488280399079783e-01  3.7525814889432585e-01  6.628420e-02  3.382524e+00  6.640498e-01  1.577322e+01  5.470614e+00  8.549644e+01  3.346023e+00  1.536862e+01  1.1306667831258068e+00
       110  1.3750000000000009e-01  1.2487107577309359e-01  3.7535102968715428e-01  7.291583e-02  3.384105e+00  7.307662e-01  1.580440e+01  6.025628e+00  8.586716e+01  3.340096e+00  1.531655e+01  1.1319766552518422e+00
       120  1.5000000000000011e-01  1.2485934446395533e-01  3.7545612421545049e-01  7.954878e-02  3.385838e+00  7.975758e-01  1.583857e+01  6.582954e+00  8.627398e+01  3.333667e+00  1.526020e+01  1.1334230574340611e+00
       130  1.6250000000000012e-01  1.2484760968152163e-01  3.7557344292737649e-01  8.618322e-02  3.387722e+00  8.644875e-01  1.587574e+01  7.142807e+00  8.671712e+01  3.326751e+00  1.519976e+01  1.1350065156486933e+00
       140  1.7500000000000013e-01  1.2483587104357687e-01  3.7570299792988393e-01  9.281929e-02  3.389757e+00  9.315103e-01  1.591591e+01  7.705404e+00  8.719682e+01  3.319366e+00  1.513541e+01  1.1367276100885297e+00
       150  1.8750000000000014e-01  1.2482412816749960e-01  3.7584480297979650e-01  9.945716e-02  3.391944e+00  9.986532e-01  1.595910e+01  8.270963e+00  8.771335e+01  3.311530e+00  1.506737e+01  1.1385869753589848e+00
       160  2.0000000000000015e-01  1.2481238067021139e-01  3.7599887347456973e-01  1.060970e-01  3.394283e+00  1.065925e+00  1.600532e+01  8.839701e+00  8.826699e+01  3.303262e+00  1.499583e+01  1.1405853007003637e+00
       170  2.1250000000000016e-01  1.2480062816812557e-01  3.7616522644273181e-01  1.127388e-01  3.396774e+00  1.133334e+00  1.605456e+01  9.411834e+00  8.885803e+01  3.294584e+00  1.492102e+01  1.1427233302367361e+00
       180  2.2500000000000017e-01  1.2478887027709659e-01  3.7634388053401940e-01  1.193828e-01  3.399418e+00  1.200889e+00  1.610685e+01  9.987580e+00  8.948681e+01  3.285517e+00  1.484319e+01  1.1450018632518641e+00
       190  2.3750000000000018e-01  1.2477710661236946e-01  3.7653485600921305e-01  1.260292e-01  3.402214e+00  1.268599e+00  1.616219e+01  1.056716e+01  9.015365e+01  3.276082e+00  1.476256e+01  1.1474217544926608e+00
       200  2.5000000000000017e-01  1.2476533678852986e-01  3.7673817472968540e-01  1.326779e-01  3.405164e+00  1.336473e+00  1.622060e+01  1.115078e+01  9.085892e+01  3.266304e+00  1.467938e+01  1.1499839145007076e+00
       210  2.6249999999999990e-01  1.2475356041945411e-01  3.7695386014667109e-01  1.393291e-01  3.408266e+00  1.404518e+00  1.628207e+01  1.173867e+01  9.160299e+01  3.256205e+00  1.459392e+01  1.1526893099723845e+00
       220  2.7499999999999963e-01  1.2474177711826004e-01  3.7718193729026861e-01  1.459828e-01  3.411522e+00  1.472743e+00  1.634663e+01  1.233104e+01  9.238625e+01  3.245811e+00  1.450643e+01  1.1555389641482112e+00
       230  2.8749999999999937e-01  1.2472998649725750e-01  3.7742243275818582e-01  1.526391e-01  3.414931e+00  1.541156e+00  1.641429e+01  1.292812e+01  9.320913e+01  3.235147e+00  1.441718e+01  1.1585339572320392e+00
       240  2.9999999999999910e-01  1.2471818816790012e-01  3.7767537470424045e-01  1.592981e-01  3.418494e+00  1.609765e+00  1.648506e+01  1.353011e+01  9.407206e+01  3.224238e+00  1.432645e+01  1.1616754268407723e+00
       250  3.1249999999999883e-01  1.2470638174073648e-01  3.7794079282662735e-01  1.659598e-01  3.422211e+00  1.678579e+00  1.655895e+01  1.413724e+01  9.497547e+01  3.213111e+00  1.423451e+01  1.1649645684853145e+00
       260  3.2499999999999857e-01  1.2469456682536233e-01  3.7821871835596393e-01  1.726242e-01  3.426083e+00  1.747604e+00  1.663597e+01  1.474973e+01  9.591984e+01  3.201792e+00  1.414163e+01  1.1684026360835238e+00
       270  3.3749999999999830e-01  1.2468274303037312e-01  3.7850918404312733e-01  1.792913e-01  3.430109e+00  1.816850e+00  1.671614e+01  1.536778e+01  9.690566e+01  3.190309e+00  1.404810e+01  1.1719909425059312e+00
       280  3.4999999999999803e-01  1.2467090996331645e-01  3.7881222414689381e-01  1.859610e-01  3.434290e+00  1.886322e+00  1.679948e+01  1.599162e+01  9.793341e+01  3.178688e+00  1.395420e+01  1.1757308601550831e+00
       290  3.6249999999999777e-01  1.2465906723064554e-01  3.7912787442139589e-01  1.926335e-01  3.438625e+00  1.956029e+00  1.688598e+01  1.662147e+01  9.900361e+01  3.166957e+00  1.386021e+01  1.1796238215793504e+00
       300  3.7499999999999750e-01  1.2464721443767236e-01  3.7945617210340660e-01  1.993086e-01  3.443115e+00  2.025978e+00  1.697568e+01  1.725754e+01  1.001168e+02  3.155144e+00  1.376642e+01  1.1836713201221285e+00
       310  3.8749999999999724e-01  1.2463535118852212e-01  3.7979715589946805e-01  2.059862e-01  3.447761e+00  2.096175e+00  1.706858e+01  1.790005e+01  1.012735e+02  3.143277e+00  1.367311e+01  1.1878749106073607e+00
       320  3.9999999999999697e-01  1.2462347708608718e-01  3.8015086597287262e-01  2.126663e-01  3.452562e+00  2.166629e+00  1.716469e+01  1.854921e+01  1.024743e+02  3.131383e+00  1.358055e+01  1.1922362100623838e+00
       330  4.1249999999999670e-01  1.2461159173198189e-01  3.8051734393051528e-01  2.193488e-01  3.457518e+00  2.237344e+00  1.726403e+01  1.920523e+01  1.037198e+02  3.119490e+00  1.348904e+01  1.1967568984790971e+00
       340  4.2499999999999644e-01  1.2459969472649798e-01  3.8089663280962471e-01  2.260336e-01  3.462629e+00  2.308329e+00  1.736661e+01  1.986833e+01  1.050106e+02  3.107626e+00  1.339883e+01  1.2014387196145442e+00
       350  4.3749999999999617e-01  1.2458778566856001e-01  3.8128877706439146e-01  2.327205e-01  3.467896e+00  2.379589e+00  1.747245e+01  2.053873e+01  1.063471e+02  3.095817e+00  1.331022e+01  1.2062834818319865e+00
       360  4.4999999999999590e-01  1.2457586415568110e-01  3.8169382255250200e-01  2.394093e-01  3.473317e+00  2.451129e+00  1.758156e+01  2.121662e+01  1.077302e+02  3.084092e+00  1.322347e+01  1.2112930589836244e+00
       370  4.6249999999999564e-01  1.2456392978391991e-01  3.8211181652159609e-01  2.461000e-01  3.478894e+00  2.522957e+00  1.769396e+01  2.190223e+01  1.091603e+02  3.072477e+00  1.313884e+01  1.2164693913361522e+00
       380  4.7499999999999537e-01  1.2455198214783704e-01  3.8254280759565645e-01  2.527923e-01  3.484627e+00  2.595078e+00  1.780965e+01  2.259576e+01  1.106381e+02  3.060999e+00  1.305660e+01  1.2218144865403537e+00
       390  4.8749999999999510e-01  1.2454002084045233e-01  3.8298684576134451e-01  2.594861e-01  3.490513e+00  2.667496e+00  1.792864e+01  2.329741e+01  1.121643e+02  3.049684e+00  1.297700e+01  1.2273304206460216e+00
       400  4.9999999999999484e-01  1.2452804545320276e-01  3.8344398235429894e-01  2.661809e-01  3.496555e+00  2.740217e+00  1.805096e+01  2.400739e+01  1.137396e+02  3.038558e+00  1.290030e+01  1.2330193391634998e+00
       410  5.1249999999999463e-01  1.2451605557590041e-01  3.8391427004540324e-01  2.728767e-01  3.502751e+00  2.813245e+00  1.817661e+01  2.472590e+01  1.153644e+02  3.027646e+00  1.282675e+01  1.2388834581731938e+00
       420  5.2499999999999436e-01  1.2450405079669107e-01  3.8439776282703919e-01  2.795732e-01  3.509101e+00  2.886586e+00  1.830560e+01  2.545315e+01  1.170397e+02  3.016973e+00  1.275658e+01  1.2449250654844493e+00
       430  5.3749999999999409e-01  1.2449203070201317e-01  3.8489451599933561e-01  2.862699e-01  3.515605e+00  2.960243e+00  1.843794e+01  2.618932e+01  1.187659e+02  3.006564e+00  1.269003e+01  1.2511465218452307e+00
       440  5.4999999999999383e-01  1.2447999487655712e-01  3.8540458615642675e-01  2.929667e-01  3.522262e+00  3.034220e+00  1.857365e+01  2.693461e+01  1.205438e+02  2.996441e+00  1.262734e+01  1.2575502622040728e+00
       450  5.6249999999999356e-01  1.2446794290322535e-01  3.8592803117272889e-01  2.996632e-01  3.529071e+00  3.108521e+00  1.871273e+01  2.768921e+01  1.223740e+02  2.986629e+00  1.256872e+01  1.2641387970258398e+00
       460  5.7499999999999329e-01  1.2445587436309240e-01  3.8646491018924722e-01  3.063590e-01  3.536033e+00  3.183148e+00  1.885519e+01  2.845331e+01  1.242573e+02  2.977149e+00  1.251439e+01  1.2709147136628580e+00
       470  5.8749999999999303e-01  1.2444378883536532e-01  3.8701528359992493e-01  3.130538e-01  3.543146e+00  3.258105e+00  1.900103e+01  2.922710e+01  1.261942e+02  2.968023e+00  1.246456e+01  1.2778806777830252e+00
       480  5.9999999999999276e-01  1.2443168589734543e-01  3.8757921303804405e-01  3.197470e-01  3.550410e+00  3.333394e+00  1.915028e+01  3.001074e+01  1.281856e+02  2.959272e+00  1.241944e+01  1.2850394348565868e+00
       490  6.1249999999999249e-01  1.2441956512438940e-01  3.8815676136268590e-01  3.264383e-01  3.557824e+00  3.409017e+00  1.930291e+01  3.080442e+01  1.302320e+02  2.950916e+00  1.237922e+01  1.2923938117032596e+00
       500  6.2499999999999223e-01  1.2440742608987096e-01  3.8874799264526294e-01  3.331273e-01  3.565387e+00  3.484975e+00  1.945896e+01  3.160830e+01  1.323342e+02  2.942975e+00  1.234409e+01  1.2999467181014828e+00
       510  6.3749999999999196e-01  1.2439526836514378e-01  3.8935297215613202e-01  3.398135e-01  3.573098e+00  3.561270e+00  1.961840e+01  3.242255e+01  1.344927e+02  2.935467e+00  1.231425e+01  1.3077011484615939e+00
       520  6.4999999999999170e-01  1.2438309151950390e-01  3.8997176635129294e-01  3.464963e-01  3.580956e+00  3.637903e+00  1.978126e+01  3.324732e+01  1.367083e+02  2.928410e+00  1.228985e+01  1.3156601835648050e+00
       530  6.6249999999999143e-01  1.2437089512015310e-01  3.9060444285918433e-01  3.531752e-01  3.588960e+00  3.714873e+00  1.994752e+01  3.408278e+01  1.389815e+02  2.921820e+00  1.227108e+01  1.3238269923698645e+00
       540  6.7499999999999116e-01  1.2435867873216229e-01  3.9125107046758301e-01  3.598497e-01  3.597108e+00  3.792182e+00  2.011719e+01  3.492906e+01  1.413131e+02  2.915715e+00  1.225810e+01  1.3322048338894004e+00
       550  6.8749999999999090e-01  1.2434644191843557e-01  3.9191171911061268e-01  3.665192e-01  3.605400e+00  3.869827e+00  2.029026e+01  3.578631e+01  1.437037e+02  2.910108e+00  1.225106e+01  1.3407970591379439e+00
       560  6.9999999999999063e-01  1.2433418423967474e-01  3.9258645985586921e-01  3.731831e-01  3.613834e+00  3.947808e+00  2.046672e+01  3.665465e+01  1.461538e+02  2.905016e+00  1.225011e+01  1.3496071131537029e+00
       570  7.1249999999999036e-01  1.2432190525434413e-01  3.9327536489166831e-01  3.798408e-01  3.622408e+00  4.026124e+00  2.064658e+01  3.753422e+01  1.486640e+02  2.900449e+00  1.225541e+01  1.3586385370962419e+00
       580  7.2499999999999010e-01  1.2430960451863531e-01  3.9397850751441887e-01  3.864917e-01  3.631121e+00  4.104772e+00  2.082982e+01  3.842512e+01  1.512349e+02  2.896423e+00  1.226708e+01  1.3678949704222143e+00
       590  7.3749999999998983e-01  1.2429728158643330e-01  3.9469596211612867e-01  3.931351e-01  3.639970e+00  4.183749e+00  2.101644e+01  3.932748e+01  1.538671e+02  2.892947e+00  1.228525e+01  1.3773801531414345e+00
       600  7.4999999999998956e-01  1.2428493600928224e-01  3.9542780417204421e-01  3.997702e-01  3.648955e+00  4.263052e+00  2.120641e+01  4.024137e+01  1.565610e+02  2.890033e+00  1.231005e+01  1.3870979281555662e+00
       610  7.6249999999998930e-01  1.2427256733635152e-01  3.9617411022842980e-01  4.063964e-01  3.658073e+00  4.342678e+00  2.139973e+01  4.116691e+01  1.593172e+02  2.887690e+00  1.234160e+01  1.3970522436818023e+00
       620  7.7499999999998903e-01  1.2426017511440310e-01  3.9693495789048627e-01  4.130130e-01  3.667322e+00  4.422621e+00  2.159638e+01  4.210415e+01  1.621361e+02  2.885928e+00  1.238000e+01  1.4072471557639608e+00
       630  7.8749999999998876e-01  1.2424775888775794e-01  3.9771042581041177e-01  4.196191e-01  3.676700e+00  4.502878e+00  2.179633e+01  4.305318e+01  1.650182e+02  2.884755e+00  1.242537e+01  1.4176868308734916e+00
       640  7.9999999999998850e-01  1.2423531819826381e-01  3.9850059367560586e-01  4.262140e-01  3.686205e+00  4.583442e+00  2.199957e+01  4.401404e+01  1.679637e+02  2.884177e+00  1.247780e+01  1.4283755486029486e+00
       650  8.1249999999998823e-01  1.2422285258526324e-01  3.9930554219701947e-01  4.327969e-01  3.695834e+00  4.664306e+00  2.220608e+01  4.498678e+01  1.709732e+02  2.884200e+00  1.253737e+01  1.4393177044545307e+00
       660  8.2499999999998797e-01  1.2421036158556129e-01  4.0012535309764358e-01  4.393669e-01  3.705585e+00  4.745464e+00  2.241582e+01  4.597145e+01  1.740468e+02  2.884831e+00  1.260418e+01  1.4505178127263985e+00
       670  8.3749999999998770e-01  1.2419784473339460e-01  4.0096010910114738e-01  4.459232e-01  3.715455e+00  4.826909e+00  2.262876e+01  4.696804e+01  1.771849e+02  2.886073e+00  1.267831e+01  1.4619805094995137e+00
       680  8.4999999999998743e-01  1.2418530156039981e-01  4.0180989392064903e-01  4.524650e-01  3.725441e+00  4.908632e+00  2.284488e+01  4.797658e+01  1.803877e+02  2.887930e+00  1.275982e+01  1.4737105557277992e+00
       690  8.6249999999998717e-01  1.2417273159558330e-01  4.0267479224763197e-01  4.589912e-01  3.735540e+00  4.990624e+00  2.306413e+01  4.899705e+01  1.836552e+02  2.890404e+00  1.284879e+01  1.4857128404345401e+00
       700  8.7499999999998690e-01  1.2416013436529034e-01  4.0355488974099224e-01  4.655010e-01  3.745750e+00  5.072875e+00  2.328648e+01  5.002943e+01  1.869878e+02  2.893497e+00  1.294526e+01  1.4979923840179570e+00
       710  8.8749999999998663e-01  1.2414750939317525e-01  4.0445027301621950e-01  4.719935e-01  3.756068e+00  5.155375e+00  2.351188e+01  5.107369e+01  1.903853e+02  2.897211e+00  1.304930e+01  1.5105543416689919e+00
       720  8.9999999999998637e-01  1.2413485620017170e-01  4.0536102963470338e-01  4.784677e-01  3.766489e+00  5.238113e+00  2.374030e+01  5.212976e+01  1.938479e+02  2.901545e+00  1.316095e+01  1.5234040069043966e+00
       730  9.1249999999998610e-01  1.2412217430446297e-01  4.0628724809316308e-01  4.849225e-01  3.777011e+00  5.321077e+00  2.397167e+01  5.319759e+01  1.973753e+02  2.906498e+00  1.328025e+01  1.5365468152182920e+00
       740  9.2499999999998583e-01  1.2410946322145341e-01  4.0722901781319382e-01  4.913570e-01  3.787629e+00  5.404254e+00  2.420595e+01  5.427708e+01  2.009676e+02  2.912068e+00  1.340722e+01  1.5499883478554328e+00
       750  9.3749999999998557e-01  1.2409672246373925e-01  4.0818642913092146e-01  4.977702e-01  3.798342e+00  5.487631e+00  2.444309e+01  5.536812e+01  2.046244e+02  2.918254e+00  1.354190e+01  1.5637343357094793e+00
       760  9.4999999999998530e-01  1.2408395154108039e-01  4.0915957328676039e-01  5.041609e-01  3.809144e+00  5.571194e+00  2.468301e+01  5.647060e+01  2.083455e+02  2.925052e+00  1.368430e+01  1.5777906633496597e+00
       770  9.6249999999998503e-01  1.2407114996037222e-01  4.1014854241526577e-01  5.105282e-01  3.820031e+00  5.654927e+00  2.492567e+01  5.758438e+01  2.121306e+02  2.932457e+00  1.383442e+01  1.5921633731792537e+00
       780  9.7499999999998477e-01  1.2405831722561779e-01  4.1115342953507239e-01  5.168709e-01  3.831001e+00  5.738816e+00  2.517098e+01  5.870929e+01  2.159791e+02  2.940465e+00  1.399228e+01  1.6068586697294127e+00
       790  9.8749999999998450e-01  1.2404545283790046e-01  4.1217432853891134e-01  5.231880e-01  3.842047e+00  5.822843e+00  2.541889e+01  5.984515e+01  2.198906e+02  2.949070e+00  1.415786e+01  1.6218829240918888e+00
       800  9.9999999999998423e-01  1.2403255629535651e-01  4.1321133418369310e-01  5.294782e-01  3.853167e+00  5.906991e+00  2.566931e+01  6.099176e+01  2.238644e+02  2.958265e+00  1.433114e+01  1.6372426784943142e+00
       810  1.0124999999999840e+00  1.2401962709314848e-01  4.1426454208064750e-01  5.357405e-01  3.864356e+00  5.991242e+00  2.592216e+01  6.214891e+01  2.278998e+02  2.968044e+00  1.451211e+01  1.6529446510217156e+00
       820  1.0249999999999837e+00  1.2400666472343859e-01  4.1533404868551216e-01  5.419737e-01  3.875609e+00  6.075577e+00  2.617737e+01  6.331634e+01  2.319961e+02  2.978399e+00  1.470074e+01  1.6689957404880418e+00
       830  1.0374999999999834e+00  1.2399366867536236e-01  4.1641995128875381e-01  5.481766e-01  3.886922e+00  6.159976e+00  2.643484e+01  6.449379e+01  2.361523e+02  2.989320e+00  1.489697e+01  1.6854030314614961e+00
       840  1.0499999999999832e+00  1.2398063843500277e-01  4.1752234800581256e-01  5.543480e-01  3.898289e+00  6.244419e+00  2.669449e+01  6.568098e+01  2.403674e+02  3.000798e+00  1.510076e+01  1.7021737994475417e+00
       850  1.0624999999999829e+00  1.2396757348536458e-01  4.1864133776735785e-01  5.604867e-01  3.909706e+00  6.328885e+00  2.695621e+01  6.687759e+01  2.446403e+02  3.012824e+00  1.531205e+01  1.7193155162334961e+00
       860  1.0749999999999826e+00  1.2395447330634900e-01  4.1977702030953939e-01  5.665915e-01  3.921168e+00  6.413350e+00  2.721990e+01  6.808329e+01  2.489697e+02  3.025386e+00  1.553077e+01  1.7368358553986543e+00
       870  1.0874999999999824e+00  1.2394133737472883e-01  4.2092949616422470e-01  5.726611e-01  3.932669e+00  6.497792e+00  2.748547e+01  6.929772e+01  2.533545e+02  3.038473e+00  1.575684e+01  1.7547426979939222e+00
       880  1.0999999999999821e+00  1.2392816516412328e-01  4.2209886664920393e-01  5.786942e-01  3.944205e+00  6.582188e+00  2.775280e+01  7.052051e+01  2.577931e+02  3.052072e+00  1.599016e+01  1.7730441383949838e+00
       890  1.1124999999999818e+00  1.2391495614497412e-01  4.2328523385834965e-01  5.846897e-01  3.955770e+00  6.666512e+00  2.802177e+01  7.175125e+01  2.622840e+02  3.066172e+00  1.623063e+01  1.7917484903330267e+00
       900  1.1249999999999816e+00  1.2390170978452120e-01  4.2448870065171984e-01  5.906461e-01  3.967358e+00  6.750740e+00  2.829228e+01  7.298950e+01  2.668255e+02  3.080758e+00  1.647814e+01  1.8108642931070615e+00
       910  1.1374999999999813e+00  1.2388842554677870e-01  4.2570937064558229e-01  5.965623e-01  3.978964e+00  6.834844e+00  2.856420e+01  7.423483e+01  2.714157e+02  3.095818e+00  1.673256e+01  1.8304003179819011e+00
       920  1.1499999999999810e+00  1.2387510289251184e-01  4.2694734820234992e-01  6.024369e-01  3.990582e+00  6.918798e+00  2.883739e+01  7.548674e+01  2.760529e+02  3.111335e+00  1.699376e+01  1.8503655747758256e+00
       930  1.1624999999999808e+00  1.2386174127921359e-01  4.2820273842041096e-01  6.082685e-01  4.002207e+00  7.002575e+00  2.911174e+01  7.674474e+01  2.807350e+02  3.127295e+00  1.726159e+01  1.8707693186419434e+00
       940  1.1749999999999805e+00  1.2384834016108169e-01  4.2947564712383263e-01  6.140559e-01  4.013831e+00  7.086146e+00  2.938710e+01  7.800830e+01  2.854598e+02  3.143682e+00  1.753588e+01  1.8916210570472283e+00
       950  1.1874999999999802e+00  1.2383489898899618e-01  4.3076618085192769e-01  6.197977e-01  4.025451e+00  7.169481e+00  2.966334e+01  7.927687e+01  2.902250e+02  3.160480e+00  1.781646e+01  1.9129305569531887e+00
       960  1.1999999999999800e+00  1.2382141721049744e-01  4.3207444684866403e-01  6.254926e-01  4.037058e+00  7.252551e+00  2.994031e+01  8.054986e+01  2.950282e+02  3.177673e+00  1.810314e+01  1.9347078522020211e+00
       970  1.2124999999999797e+00  1.2380789426976421e-01  4.3340055305190067e-01  6.311392e-01  4.048648e+00  7.335325e+00  3.021787e+01  8.182669e+01  2.998669e+02  3.195242e+00  1.839573e+01  1.9569632511120241e+00
       980  1.2249999999999794e+00  1.2379432960759169e-01  4.3474460808243154e-01  6.367362e-01  4.060214e+00  7.417772e+00  3.049585e+01  8.310672e+01  3.047384e+02  3.213170e+00  1.869400e+01  1.9797073442859781e+00
       990  1.2374999999999792e+00  1.2378072266137109e-01  4.3610672123282423e-01  6.422821e-01  4.071749e+00  7.499861e+00  3.077412e+01  8.438930e+01  3.096400e+02  3.231440e+00  1.899774e+01  2.0029510126360437e+00
      1000  1.2499999999999789e+00  1.2376707286506813e-01  4.3748700245602901e-01  6.477757e-01  4.083248e+00  7.581557e+00  3.105250e+01  8.567376e+01  3.145687e+02  3.250031e+00  1.930671e+01  2.0267054356285961e+00
      1010  1.2624999999999786e+00  1.2375337964920299e-01  4.3888556235374709e-01  6.532155e-01  4.094703e+00  7.662829e+00  3.133083e+01  8.695941e+01  3.195214e+02  3.268926e+00  1.962064e+01  2.0509820997522361e+00
      1020  1.2749999999999784e+00  1.2373964244083012e-01  4.4030251216453625e-01  6.586002e-01  4.106109e+00  7.743643e+00  3.160895e+01  8.824553e+01  3.244950e+02  3.288105e+00  1.993928e+01  2.0757928072120397e+00
      1030  1.2874999999999781e+00  1.2372586066351834e-01  4.4173796375163760e-01  6.639284e-01  4.117458e+00  7.823965e+00  3.188669e+01  8.953137e+01  3.294863e+02  3.307547e+00  2.026234e+01  2.1011496848528690e+00
      1040  1.2999999999999778e+00  1.2371203373733168e-01  4.4319202959050863e-01  6.691986e-01  4.128745e+00  7.903760e+00  3.216387e+01  9.081618e+01  3.344918e+02  3.327233e+00  2.058953e+01  2.1270651933142810e+00
      1050  1.3124999999999776e+00  1.2369816107881065e-01  4.4466482275603758e-01  6.744096e-01  4.139963e+00  7.982992e+00  3.244031e+01  9.209916e+01  3.395080e+02  3.347143e+00  2.092054e+01  2.1535521364193575e+00
      1060  1.3249999999999773e+00  1.2368424210095305e-01  4.4615645690942934e-01  6.795599e-01  4.151104e+00  8.061627e+00  3.271584e+01  9.337952e+01  3.445313e+02  3.367255e+00  2.125505e+01  2.1806236707993567e+00
      1070  1.3374999999999770e+00  1.2367027621319665e-01  4.4766704628474219e-01  6.846482e-01  4.162163e+00  8.139628e+00  3.299028e+01  9.465644e+01  3.495579e+02  3.387549e+00  2.159274e+01  2.2082933157557951e+00
      1080  1.3499999999999768e+00  1.2365626282140074e-01  4.4919670567505759e-01  6.896730e-01  4.173132e+00  8.216959e+00  3.326344e+01  9.592907e+01  3.545840e+02  3.408003e+00  2.193325e+01  2.2365749633611176e+00
      1090  1.3624999999999765e+00  1.2364220132782971e-01  4.5074555041826708e-01  6.946331e-01  4.184005e+00  8.293584e+00  3.353512e+01  9.719657e+01  3.596056e+02  3.428597e+00  2.227623e+01  2.2654828887986871e+00
      1100  1.3749999999999762e+00  1.2362809113113533e-01  4.5231369638246099e-01  6.995270e-01  4.194776e+00  8.369466e+00  3.380516e+01  9.845805e+01  3.646188e+02  3.449307e+00  2.262130e+01  2.2950317609422792e+00
      1110  1.3874999999999760e+00  1.2361393162634123e-01  4.5390125995090141e-01  7.043533e-01  4.205438e+00  8.444568e+00  3.407334e+01  9.971263e+01  3.696193e+02  3.470113e+00  2.296809e+01  2.3252366531748083e+00
      1120  1.3999999999999757e+00  1.2359972220482636e-01  4.5550835800656103e-01  7.091108e-01  4.215984e+00  8.518852e+00  3.433949e+01  1.009594e+02  3.746029e+02  3.490993e+00  2.331621e+01  2.3561130544452826e+00
      1130  1.4124999999999754e+00  1.2358546225431002e-01  4.5713510791621770e-01  7.137980e-01  4.226407e+00  8.592282e+00  3.460340e+01  1.021975e+02  3.795654e+02  3.511925e+00  2.366526e+01  2.3876768805624509e+00
      1140  1.4249999999999752e+00  1.2357115115883718e-01  4.5878162751409018e-01  7.184137e-01  4.236701e+00  8.664820e+00  3.486488e+01  1.034259e+02  3.845024e+02  3.532887e+00  2.401481e+01  2.4199444857227936e+00
      1150  1.4374999999999749e+00  1.2355678829876320e-01  4.6044803508498849e-01  7.229564e-01  4.246861e+00  8.736429e+00  3.512375e+01  1.046438e+02  3.894094e+02  3.553857e+00  2.436446e+01  2.4529326742697481e+00
      1160  1.4499999999999746e+00  1.2354237305074114e-01  4.6213444934698628e-01  7.274249e-01  4.256878e+00  8.807072e+00  3.537979e+01  1.058502e+02  3.942821e+02  3.574813e+00  2.471378e+01  2.4866587126802839e+00
      1170  1.4624999999999744e+00  1.2352790478770810e-01  4.6384098943358248e-01  7.318179e-01  4.266747e+00  8.876712e+00  3.563283e+01  1.070441e+02  3.991158e+02  3.595733e+00  2.506233e+01  2.5211403417738811e+00
      1180  1.4749999999999741e+00  1.2351338287887191e-01  4.6556777487535028e-01  7.361340e-01  4.276462e+00  8.945311e+00  3.588265e+01  1.082247e+02  4.039060e+02  3.616596e+00  2.540967e+01  2.5563957891381262e+00
      1190  1.4874999999999738e+00  1.2349880668969991e-01  4.6731492558106230e-01  7.403720e-01  4.286016e+00  9.012833e+00  3.612908e+01  1.093909e+02  4.086481e+02  3.637380e+00  2.575535e+01  2.5924437817639876e+00
      1200  1.4999999999999736e+00  1.2348417558190684e-01  4.6908256181827407e-01  7.445306e-01  4.295403e+00  9.079242e+00  3.637191e+01  1.105418e+02  4.133375e+02  3.658063e+00  2.609893e+01  2.6293035588826892e+00
      1210  1.5124999999999733e+00  1.2346948891344424e-01  4.7087080419336658e-01  7.486085e-01  4.304618e+00  9.144502e+00  3.661096e+01  1.116765e+02  4.179696e+02  3.678625e+00  2.643994e+01  2.6669948849949665e+00
      1220  1.5249999999999730e+00  1.2345474603848976e-01  4.7267977363103031e-01  7.526046e-01  4.313655e+00  9.208576e+00  3.684603e+01  1.127940e+02  4.225397e+02  3.699045e+00  2.677793e+01  2.7055380630820292e+00
      1230  1.5374999999999728e+00  1.2343994630743828e-01  4.7450959135318749e-01  7.565175e-01  4.322507e+00  9.271431e+00  3.707693e+01  1.138933e+02  4.270433e+02  3.719302e+00  2.711245e+01  2.7449539479863501e+00
      1240  1.5499999999999725e+00  1.2342508906689216e-01  4.7636037885734611e-01  7.603462e-01  4.331170e+00  9.333030e+00  3.730349e+01  1.149737e+02  4.314757e+02  3.739376e+00  2.744304e+01  2.7852639599487712e+00
      1250  1.5624999999999722e+00  1.2341017365965318e-01  4.7823225789438223e-01  7.640893e-01  4.339638e+00  9.393340e+00  3.752552e+01  1.160341e+02  4.358324e+02  3.759246e+00  2.776925e+01  2.8264900982869006e+00
      1260  1.5749999999999720e+00  1.2339519942471554e-01  4.8012535044573973e-01  7.677458e-01  4.347905e+00  9.452328e+00  3.774283e+01  1.170736e+02  4.401089e+02  3.778894e+00  2.809061e+01  2.8686549551982119e+00
      1270  1.5874999999999717e+00  1.2338016569725797e-01  4.8203977870005554e-01  7.713145e-01  4.355967e+00  9.509961e+00  3.795526e+01  1.180913e+02  4.443008e+02  3.798301e+00  2.840669e+01  2.9117817296692969e+00
      1280  1.5999999999999714e+00  1.2336507180863869e-01  4.8397566502920281e-01  7.747943e-01  4.363819e+00  9.566206e+00  3.816264e+01  1.190864e+02  4.484036e+02  3.817448e+00  2.871703e+01  2.9558942414711757e+00
      1290  1.6124999999999712e+00  1.2334991708638930e-01  4.8593313196375376e-01  7.781840e-01  4.371456e+00  9.621033e+00  3.836479e+01  1.200580e+02  4.524130e+02  3.836318e+00  2.902121e+01  3.0010169452183320e+00
      1300  1.6249999999999709e+00  1.2333470085421039e-01  4.8791230216786768e-01  7.814827e-01  4.378874e+00  9.674412e+00  3.856155e+01  1.210052e+02  4.563249e+02  3.854892e+00  2.931880e+01  3.0471749444674261e+00
      1310  1.6374999999999706e+00  1.2331942243196792e-01  4.8991329841360454e-01  7.846892e-01  4.386068e+00  9.726312e+00  3.875276e+01  1.219273e+02  4.601351e+02  3.873155e+00  2.960938e+01  3.0943940058292880e+00
      1320  1.6499999999999704e+00  1.2330408113569023e-01  4.9193624355467497e-01  7.878025e-01  4.393034e+00  9.776706e+00  3.893828e+01  1.228235e+02  4.638396e+02  3.891090e+00  2.989253e+01  3.1427005730658033e+00
      1330  1.6624999999999701e+00  1.2328867627756566e-01  4.9398126049962893e-01  7.908217e-01  4.399769e+00  9.825566e+00  3.911796e+01  1.236929e+02  4.674345e+02  3.908682e+00  3.016788e+01  3.1921217811409024e+00
      1340  1.6749999999999698e+00  1.2327320716594153e-01  4.9604847218450465e-01  7.937458e-01  4.406268e+00  9.872866e+00  3.929165e+01  1.245348e+02  4.709160e+02  3.925917e+00  3.043503e+01  3.2426854701926047e+00
      1350  1.6874999999999696e+00  1.2325767310532339e-01  4.9813800154493176e-01  7.965737e-01  4.412529e+00  9.918581e+00  3.945923e+01  1.253486e+02  4.742806e+02  3.942779e+00  3.069362e+01  3.2944201993906814e+00
      1360  1.6999999999999693e+00  1.2324207339637569e-01  5.0024997148772776e-01  7.993046e-01  4.418549e+00  9.962686e+00  3.962056e+01  1.261336e+02  4.775247e+02  3.959258e+00  3.094329e+01  3.3473552606419479e+00
      1370  1.7124999999999690e+00  1.2322640733592319e-01  5.0238450486198438e-01  8.019377e-01  4.424324e+00  1.000516e+01  3.977553e+01  1.268890e+02  4.806452e+02  3.975339e+00  3.118373e+01  3.4015206921027561e+00
      1380  1.7249999999999688e+00  1.2321067421695298e-01  5.0454172442967449e-01  8.044719e-01  4.429852e+00  1.004598e+01  3.992403e+01  1.276144e+02  4.836388e+02  3.991013e+00  3.141461e+01  3.4569472914556805e+00
      1390  1.7374999999999685e+00  1.2319487332861787e-01  5.0672175283580490e-01  8.069066e-01  4.435130e+00  1.008513e+01  4.006594e+01  1.283090e+02  4.865027e+02  4.006268e+00  3.163565e+01  3.5136666289047698e+00
      1400  1.7499999999999682e+00  1.2317900395624005e-01  5.0892471257812966e-01  8.092408e-01  4.440158e+00  1.012258e+01  4.020118e+01  1.289725e+02  4.892340e+02  4.021094e+00  3.184656e+01  3.5717110598411739e+00
      1410  1.7624999999999680e+00  1.2316306538131702e-01  5.1115072597646527e-01  8.114739e-01  4.444932e+00  1.015832e+01  4.032965e+01  1.296043e+02  4.918303e+02  4.035484e+00  3.204710e+01  3.6311137371282651e+00
      1420  1.7749999999999677e+00  1.2314705688152656e-01  5.1339991514163208e-01  8.136050e-01  4.449453e+00  1.019234e+01  4.045127e+01  1.302039e+02  4.942892e+02  4.049430e+00  3.223705e+01  3.6919086229528588e+00
      1430  1.7874999999999674e+00  1.2313097773073478e-01  5.1567240194405484e-01  8.156335e-01  4.453717e+00  1.022462e+01  4.056597e+01  1.307710e+02  4.966085e+02  4.062925e+00  3.241620e+01  3.7541305001865064e+00
      1440  1.7999999999999672e+00  1.2311482719900323e-01  5.1796830798207372e-01  8.175586e-01  4.457726e+00  1.025514e+01  4.067369e+01  1.313051e+02  4.987864e+02  4.075963e+00  3.258438e+01  3.8178149831982915e+00
      1450  1.8124999999999669e+00  1.2309860455259811e-01  5.2028775454998888e-01  8.193797e-01  4.461477e+00  1.028389e+01  4.077438e+01  1.318060e+02  5.008211e+02  4.088540e+00  3.274143e+01  3.8829985280581378e+00
      1460  1.8249999999999666e+00  1.2308230905400121e-01  5.2263086260590264e-01  8.210962e-01  4.464972e+00  1.031087e+01  4.086798e+01  1.322733e+02  5.027112e+02  4.100653e+00  3.288723e+01  3.9497184420672733e+00
      1470  1.8374999999999664e+00  1.2306593996191904e-01  5.2499775273939564e-01  8.227075e-01  4.468210e+00  1.033606e+01  4.095446e+01  1.327068e+02  5.044554e+02  4.112298e+00  3.302168e+01  4.0180128925501757e+00
      1480  1.8499999999999661e+00  1.2304949653129665e-01  5.2738854513909084e-01  8.242129e-01  4.471192e+00  1.035946e+01  4.103380e+01  1.331064e+02  5.060529e+02  4.123475e+00  3.314473e+01  4.0879209148402600e+00
      1490  1.8624999999999658e+00  1.2303297801332963e-01  5.2980335956018176e-01  8.256121e-01  4.473918e+00  1.038107e+01  4.110598e+01  1.334719e+02  5.075027e+02  4.134183e+00  3.325632e+01  4.1594824193896240e+00
      1500  1.8749999999999656e+00  1.2301638365547830e-01  5.3224231529194821e-01  8.269044e-01  4.476390e+00  1.040087e+01  4.117099e+01  1.338031e+02  5.088045e+02  4.144422e+00  3.335645e+01  4.2327381979314165e+00
      1510  1.8874999999999653e+00  1.2299971270148315e-01  5.3470553112536856e-01  8.280894e-01  4.478609e+00  1.041886e+01  4.122883e+01  1.341001e+02  5.099578e+02  4.154196e+00  3.344515e+01  4.3077299286217468e+00
      1520  1.8999999999999651e+00  1.2298296439138030e-01  5.3719312532086561e-01  8.291666e-01  4.480577e+00  1.043504e+01  4.127952e+01  1.343628e+02  5.109628e+02  4.163506e+00  3.352245e+01  4.3845001800869401e+00
      1530  1.9124999999999648e+00  1.2296613796151921e-01  5.3970521557627693e-01  8.301357e-01  4.482296e+00  1.044942e+01  4.132307e+01  1.345914e+02  5.118196e+02  4.172357e+00  3.358843e+01  4.4630924143009025e+00
      1540  1.9249999999999645e+00  1.2294923264458013e-01  5.4224191899512253e-01  8.309962e-01  4.483769e+00  1.046199e+01  4.135951e+01  1.347857e+02  5.125286e+02  4.180754e+00  3.364322e+01  4.5435509882165821e+00
      1550  1.9374999999999643e+00  1.2293224766959364e-01  5.4480335205525476e-01  8.317478e-01  4.484999e+00  1.047276e+01  4.138889e+01  1.349461e+02  5.130906e+02  4.188704e+00  3.368695e+01  4.6259211540753515e+00
      1560  1.9499999999999640e+00  1.2291518226196026e-01  5.4738963057798795e-01  8.323901e-01  4.485988e+00  1.048173e+01  4.141125e+01  1.350726e+02  5.135065e+02  4.196213e+00  3.371978e+01  4.7102490583179417e+00
      1570  1.9624999999999637e+00  1.2289803564347186e-01  5.5000086969777118e-01  8.329229e-01  4.486740e+00  1.048891e+01  4.142665e+01  1.351656e+02  5.137773e+02  4.203291e+00  3.374193e+01  4.7965817390215362e+00
      1580  1.9749999999999635e+00  1.2288080703233308e-01  5.5263718383254323e-01  8.333458e-01  4.487259e+00  1.049430e+01  4.143516e+01  1.352252e+02  5.139046e+02  4.209946e+00  3.375362e+01  4.8849671217878834e+00
      1590  1.9874999999999632e+00  1.2286349564318455e-01  5.5529868665485049e-01  8.336587e-01  4.487550e+00  1.049791e+01  4.143685e+01  1.352517e+02  5.138899e+02  4.216190e+00  3.375511e+01  4.9754540140091885e+00
      1600  1.9999999999999629e+00  1.2284610068712659e-01  5.5798549106381901e-01  8.338613e-01  4.487616e+00  1.049976e+01  4.143181e+01  1.352456e+02  5.137350e+02  4.222035e+00  3.374671e+01  5.0680920974403589e+00
      1610  2.0124999999999647e+00  1.2282862137174347e-01  5.6069770915813144e-01  8.339534e-01  4.487463e+00  1.049985e+01  4.142014e+01  1.352072e+02  5.134420e+02  4.227492e+00  3.372872e+01  5.1629319190085994e+00
      1620  2.0249999999999666e+00  1.2281105690112898e-01  5.6343545221010227e-01  8.339349e-01  4.487095e+00  1.049819e+01  4.140193e+01  1.351369e+02  5.130131e+02  4.232576e+00  3.370150e+01  5.2600248797942992e+00
      1630  2.0374999999999686e+00  1.2279340647591296e-01  5.6619883064096832e-01  8.338056e-01  4.486519e+00  1.049480e+01  4.137731e+01  1.350351e+02  5.124507e+02  4.237303e+00  3.366543e+01  5.3594232221209683e+00
      1640  2.0499999999999705e+00  1.2277566929328758e-01  5.6898795399754865e-01  8.335653e-01  4.485740e+00  1.048970e+01  4.134638e+01  1.349025e+02  5.117575e+02  4.241687e+00  3.362091e+01  5.4611800146962759e+00
      1650  2.0624999999999725e+00  1.2275784454703563e-01  5.7180293093037604e-01  8.332141e-01  4.484765e+00  1.048289e+01  4.130927e+01  1.347395e+02  5.109363e+02  4.245745e+00  3.356839e+01  5.5653491357508136e+00
      1660  2.0749999999999744e+00  1.2273993142755835e-01  5.7464386917346122e-01  8.327517e-01  4.483599e+00  1.047439e+01  4.126613e+01  1.345466e+02  5.099899e+02  4.249496e+00  3.350833e+01  5.6719852541273843e+00
      1670  2.0874999999999764e+00  1.2272192912190499e-01  5.7751087552581504e-01  8.321783e-01  4.482250e+00  1.046423e+01  4.121708e+01  1.343245e+02  5.089217e+02  4.252958e+00  3.344122e+01  5.7811438082791922e+00
      1680  2.0999999999999783e+00  1.2270383681380125e-01  5.8040405583489285e-01  8.314937e-01  4.480725e+00  1.045242e+01  4.116229e+01  1.340738e+02  5.077348e+02  4.256152e+00  3.336758e+01  5.8928809831430220e+00
      1690  2.1124999999999803e+00  1.2268565368368024e-01  5.8332351498209101e-01  8.306979e-01  4.479031e+00  1.043897e+01  4.110191e+01  1.337951e+02  5.064327e+02  4.259097e+00  3.328795e+01  6.0072536848605065e+00
      1700  2.1249999999999822e+00  1.2266737890871227e-01  5.8626935687047466e-01  8.297910e-01  4.477176e+00  1.042392e+01  4.103609e+01  1.334892e+02  5.050190e+02  4.261815e+00  3.320291e+01  6.1243195133295929e+00
      1710  2.1374999999999842e+00  1.2264901166283580e-01  5.8924168441487823e-01  8.287730e-01  4.475168e+00  1.040727e+01  4.096502e+01  1.331566e+02  5.034974e+02  4.264329e+00  3.311306e+01  6.2441367325769983e+00
      1720  2.1499999999999861e+00  1.2263055111678850e-01  5.9224059953454855e-01  8.276439e-01  4.473015e+00  1.038905e+01  4.088887e+01  1.327981e+02  5.018717e+02  4.266661e+00  3.301902e+01  6.3667642389526540e+00
      1730  2.1624999999999881e+00  1.2261199643813822e-01  5.9526620314851608e-01  8.264038e-01  4.470726e+00  1.036927e+01  4.080782e+01  1.324145e+02  5.001458e+02  4.268837e+00  3.292143e+01  6.4922615271575852e+00
      1740  2.1749999999999901e+00  1.2259334679131430e-01  5.9831859517382813e-01  8.250528e-01  4.468310e+00  1.034797e+01  4.072205e+01  1.320064e+02  4.983237e+02  4.270880e+00  3.282097e+01  6.6206886541279815e+00
      1750  2.1874999999999920e+00  1.2257460133763878e-01  6.0139787452686455e-01  8.235910e-01  4.465776e+00  1.032517e+01  4.063176e+01  1.315747e+02  4.964096e+02  4.272816e+00  3.271834e+01  6.7521062008103439e+00
      1760  2.1999999999999940e+00  1.2255575923535812e-01  6.0450413912788292e-01  8.220185e-01  4.463133e+00  1.030087e+01  4.053716e+01  1.311200e+02  4.944075e+02  4.274673e+00  3.261426e+01  6.8865752318752822e+00
      1770  2.2124999999999959e+00  1.2253681963967333e-01  6.0763748590898481e-01  8.203354e-01  4.460391e+00  1.027512e+01  4.043843e+01  1.306433e+02  4.923219e+02  4.276476e+00  3.250947e+01  7.0241572534308343e+00
      1780  2.2249999999999979e+00  1.2251778170277144e-01  6.1079801082569718e-01  8.185420e-01  4.457561e+00  1.024792e+01  4.033579e+01  1.301452e+02  4.901569e+02  4.278253e+00  3.240475e+01  7.1649141688105873e+00
      1790  2.2374999999999998e+00  1.2249864457385536e-01  6.1398580887234100e-01  8.166383e-01  4.454651e+00  1.021931e+01  4.022945e+01  1.296265e+02  4.879168e+02  4.280034e+00  3.230088e+01  7.3089082325259467e+00
      1800  2.2500000000000018e+00  1.2247940739917369e-01  6.1720097410138930e-01  8.146245e-01  4.451674e+00  1.018930e+01  4.011963e+01  1.290880e+02  4.856062e+02  4.281846e+00  3.219870e+01  7.4562020024880331e+00
      1810  2.2625000000000037e+00  1.2246006932205018e-01  6.2044359964699858e-01  8.125008e-01  4.448639e+00  1.015792e+01  4.000654e+01  1.285305e+02  4.832295e+02  4.283720e+00  3.209903e+01  7.6068582906197522e+00
      1820  2.2750000000000057e+00  1.2244062948291104e-01  6.2371377775291237e-01  8.102674e-01  4.445557e+00  1.012519e+01  3.989042e+01  1.279548e+02  4.807909e+02  4.285685e+00  3.200274e+01  7.7609401119956756e+00
      1830  2.2875000000000076e+00  1.2242108701931328e-01  6.2701159980492704e-01  8.079246e-01  4.442440e+00  1.009113e+01  3.977148e+01  1.273617e+02  4.782951e+02  4.287773e+00  3.191072e+01  7.9185106326637058e+00
      1840  2.3000000000000096e+00  1.2240144106597034e-01  6.3033715636812360e-01  8.054725e-01  4.439299e+00  1.005576e+01  3.964996e+01  1.267519e+02  4.757465e+02  4.290014e+00  3.182388e+01  8.0796331163204602e+00
      1850  2.3125000000000115e+00  1.2238169075477723e-01  6.3369053722904156e-01  8.029113e-01  4.436145e+00  1.001910e+01  3.952608e+01  1.261261e+02  4.731496e+02  4.292441e+00  3.174316e+01  8.2443708700298206e+00
      1860  2.3250000000000135e+00  1.2236183521483446e-01  6.3707183144302348e-01  8.002413e-01  4.432991e+00  9.981169e+00  3.940010e+01  1.254851e+02  4.705087e+02  4.295086e+00  3.166953e+01  8.4127871891922421e+00
      1870  2.3375000000000155e+00  1.2234187357246927e-01  6.4048112738689977e-01  7.974628e-01  4.429848e+00  9.941993e+00  3.927223e+01  1.248297e+02  4.678285e+02  4.297980e+00  3.160396e+01  8.5849453019912794e+00
      1880  2.3500000000000174e+00  1.2232180495125680e-01  6.4391851281721879e-01  7.945759e-01  4.426729e+00  9.901587e+00  3.914274e+01  1.241605e+02  4.651132e+02  4.301158e+00  3.154746e+01  8.7609083135625987e+00
      1890  2.3625000000000194e+00  1.2230162847203790e-01  6.4738407493422623e-01  7.915810e-01  4.423646e+00  9.859968e+00  3.901185e+01  1.234783e+02  4.623674e+02  4.304652e+00  3.150108e+01  8.9407391501499163e+00
      1900  2.3750000000000213e+00  1.2228134325293585e-01  6.5087790045176819e-01  7.884784e-01  4.420612e+00  9.817154e+00  3.887982e+01  1.227836e+02  4.595953e+02  4.308496e+00  3.146587e+01  9.1245005035314790e+00
      1910  2.3875000000000233e+00  1.2226094840936992e-01  6.5440007567333880e-01  7.852682e-01  4.417639e+00  9.773159e+00  3.874690e+01  1.220771e+02  4.568015e+02  4.312724e+00  3.144292e+01  9.3122547760207564e+00
      1920  2.4000000000000252e+00  1.2224044305406720e-01  6.5795068657444267e-01  7.819508e-01  4.414740e+00  9.727999e+00  3.861334e+01  1.213595e+02  4.539902e+02  4.317370e+00  3.143335e+01  9.5040640263646132e+00
      1930  2.4125000000000272e+00  1.2221982629707166e-01  6.6152981889147155e-01  7.785265e-01  4.411928e+00  9.681687e+00  3.847938e+01  1.206313e+02  4.511657e+02  4.322470e+00  3.143829e+01  9.6999899168819290e+00
      1940  2.4250000000000291e+00  1.2219909724574979e-01  6.6513755821727871e-01  7.749955e-01  4.409218e+00  9.634235e+00  3.834530e+01  1.198931e+02  4.483323e+02  4.328056e+00  3.145891e+01  9.9000936622058209e+00
      1950  2.4375000000000311e+00  1.2217825500479342e-01  6.6877399010363525e-01  7.713582e-01  4.406621e+00  9.585655e+00  3.821133e+01  1.191453e+02  4.454943e+02  4.334165e+00  3.149641e+01  1.0104435980012983e+01
      1960  2.4500000000000330e+00  1.2215729867621990e-01  6.7243920017077330e-01  7.676149e-01  4.404152e+00  9.535955e+00  3.807776e+01  1.183886e+02  4.426559e+02  4.340831e+00  3.155200e+01  1.0313077044142611e+01
      1970  2.4625000000000350e+00  1.2213622735936761e-01  6.7613327422415193e-01  7.637659e-01  4.401824e+00  9.485143e+00  3.794483e+01  1.176233e+02  4.398212e+02  4.348089e+00  3.162695e+01  1.0526076440529335e+01
      1980  2.4750000000000369e+00  1.2211504015088803e-01  6.7985629837867068e-01  7.598115e-01  4.399652e+00  9.433226e+00  3.781281e+01  1.168497e+02  4.369945e+02  4.355975e+00  3.172252e+01  1.0743493126392597e+01
      1990  2.4875000000000389e+00  1.2209373614473511e-01  6.8360835919047136e-01  7.557520e-01  4.397648e+00  9.380209e+00  3.768198e+01  1.160684e+02  4.341800e+02  4.364522e+00  3.184002e+01  1.0965385393146402e+01
      2000  2.5000000000000409e+00  1.2207231443214826e-01  6.8738954379651229e-01  7.515878e-01  4.395828e+00  9.326094e+00  3.755260e+01  1.152796e+02  4.313816e+02  4.373766e+00  3.198079e+01  1.1191810833512385e+01
      2010  2.5125000000000428e+00  1.2205077410163212e-01  6.9119994006208252e-01  7.473192e-01  4.394204e+00  9.270884e+00  3.742495e+01  1.144836e+02  4.286036e+02  4.383742e+00  3.214618e+01  1.1422826313339996e+01
      2020  2.5250000000000448e+00  1.2202911423893166e-01  6.9503963673641733e-01  7.429465e-01  4.392793e+00  9.214578e+00  3.729931e+01  1.136805e+02  4.258500e+02  4.394485e+00  3.233760e+01  1.1658487948655797e+01
      2030  2.5375000000000467e+00  1.2200733392700203e-01  6.9890872361656842e-01  7.384702e-01  4.391607e+00  9.157172e+00  3.717594e+01  1.128707e+02  4.231251e+02  4.406029e+00  3.255645e+01  1.1898851088485255e+01
      2040  2.5500000000000487e+00  1.2198543224597304e-01  7.0280729171970135e-01  7.338905e-01  4.390661e+00  9.098664e+00  3.705515e+01  1.120541e+02  4.204329e+02  4.418409e+00  3.280418e+01  1.2143970304008722e+01
      2050  2.5625000000000506e+00  1.2196340827310785e-01  7.0673543346395318e-01  7.292079e-01  4.389970e+00  9.039047e+00  3.693722e+01  1.112309e+02  4.177777e+02  4.431658e+00  3.308226e+01  1.2393899384633134e+01
      2060  2.5750000000000526e+00  1.2194126108275725e-01  7.1069324285802571e-01  7.244227e-01  4.389548e+00  8.978312e+00  3.682243e+01  1.104011e+02  4.151635e+02  4.445809e+00  3.339218e+01  1.2648691341580255e+01
      2070  2.5875000000000545e+00  1.2191898974630570e-01  7.1468081569961861e-01  7.195353e-01  4.389410e+00  8.916450e+00  3.671109e+01  1.095646e+02  4.125947e+02  4.460897e+00  3.373546e+01  1.2908398419611496e+01
      2080  2.6000000000000565e+00  1.2189659333211296e-01  7.1869824978289754e-01  7.145461e-01  4.389571e+00  8.853448e+00  3.660350e+01  1.087213e+02  4.100755e+02  4.476954e+00  3.411365e+01  1.3173072117528093e+01
      2090  2.6125000000000584e+00  1.2187407090544822e-01  7.2274564511509665e-01  7.094555e-01  4.390045e+00  8.789292e+00  3.649997e+01  1.078710e+02  4.076104e+02  4.494012e+00  3.452830e+01  1.3442763218105332e+01
      2100  2.6250000000000604e+00  1.2185142152841744e-01  7.2682310414240014e-01  7.042639e-01  4.390847e+00  8.723964e+00  3.640080e+01  1.070134e+02  4.052038e+02  4.512102e+00  3.498099e+01  1.3717521828136883e+01
      2110  2.6375000000000624e+00  1.2182864425988310e-01  7.3093073198525615e-01  6.989717e-01  4.391991e+00  8.657447e+00  3.630631e+01  1.061484e+02  4.028603e+02  4.531256e+00  3.547332e+01  1.3997397429285906e+01
      2120  2.6500000000000643e+00  1.2180573815537747e-01  7.3506863668322586e-01  6.935794e-01  4.393493e+00  8.589719e+00  3.621683e+01  1.052754e+02  4.005845e+02  4.551504e+00  3.600689e+01  1.4282438940457224e+01
      2130  2.6625000000000663e+00  1.2178270226700713e-01  7.3923692944951747e-01  6.880874e-01  4.395366e+00  8.520757e+00  3.613270e+01  1.043940e+02  3.983815e+02  4.572875e+00  3.658334e+01  1.4572694792424432e+01
      2140  2.6750000000000682e+00  1.2175953564334956e-01  7.4343572493532339e-01  6.824962e-01  4.397627e+00  8.450536e+00  3.605423e+01  1.035036e+02  3.962560e+02  4.595398e+00  3.720428e+01  1.4868213015464185e+01
      2150  2.6875000000000702e+00  1.2173623732934177e-01  7.4766514150409114e-01  6.768062e-01  4.400289e+00  8.379029e+00  3.598179e+01  1.026037e+02  3.942135e+02  4.619101e+00  3.787136e+01  1.5169041340770061e+01
      2160  2.7000000000000721e+00  1.2171280636615962e-01  7.5192530151583903e-01  6.710180e-01  4.403367e+00  8.306206e+00  3.591573e+01  1.016936e+02  3.922592e+02  4.644010e+00  3.858619e+01  1.5475227316435843e+01
      2170  2.7125000000000741e+00  1.2168924179108873e-01  7.5621633162166380e-01  6.651321e-01  4.406876e+00  8.232036e+00  3.585640e+01  1.007724e+02  3.903988e+02  4.670152e+00  3.935042e+01  1.5786818438819786e+01
      2180  2.7250000000000760e+00  1.2166554263738498e-01  7.6053836306854139e-01  6.591489e-01  4.410829e+00  8.156484e+00  3.580417e+01  9.983930e+01  3.886384e+02  4.697551e+00  4.016567e+01  1.6103862300119324e+01
      2190  2.7375000000000780e+00  1.2164170793412690e-01  7.6489153201455917e-01  6.530690e-01  4.415242e+00  8.079516e+00  3.575943e+01  9.889335e+01  3.869839e+02  4.726230e+00  4.103354e+01  1.6426406753007047e+01
      2200  2.7500000000000799e+00  1.2161773670605627e-01  7.6927597985468732e-01  6.468930e-01  4.420129e+00  8.001094e+00  3.572257e+01  9.793348e+01  3.854421e+02  4.756213e+00  4.195563e+01  1.6754500093198470e+01
      2210  2.7625000000000819e+00  1.2159362797341002e-01  7.7369185355724424e-01  6.406215e-01  4.425504e+00  7.921178e+00  3.569397e+01  9.695857e+01  3.840197e+02  4.787521e+00  4.293350e+01  1.7088191260845697e+01
      2220  2.7750000000000838e+00  1.2156938075173998e-01  7.7813930601113401e-01  6.342550e-01  4.431380e+00  7.839727e+00  3.567405e+01  9.596736e+01  3.827240e+02  4.820173e+00  4.396871e+01  1.7427530061668353e+01
      2230  2.7875000000000858e+00  1.2154499405172328e-01  7.8261849638404324e-01  6.277941e-01  4.437773e+00  7.756698e+00  3.566322e+01  9.495854e+01  3.815627e+02  4.854190e+00  4.506276e+01  1.7772567408762779e+01
      2240  2.8000000000000878e+00  1.2152046687895912e-01  7.8712959049167230e-01  6.212396e-01  4.444695e+00  7.672048e+00  3.566192e+01  9.393066e+01  3.805439e+02  4.889588e+00  4.621713e+01  1.8123355586047413e+01
      2250  2.8125000000000897e+00  1.2149579823375639e-01  7.9167276117817054e-01  6.145921e-01  4.452159e+00  7.585729e+00  3.567059e+01  9.288221e+01  3.796761e+02  4.926385e+00  4.743326e+01  1.8479948534332131e+01
      2260  2.8250000000000917e+00  1.2147098711090708e-01  7.9624818870789327e-01  6.078523e-01  4.460181e+00  7.497695e+00  3.568967e+01  9.181154e+01  3.789684e+02  4.964595e+00  4.871253e+01  1.8842402161022974e+01
      2270  2.8375000000000936e+00  1.2144603249944833e-01  8.0085606116861907e-01  6.010209e-01  4.468772e+00  7.407897e+00  3.571963e+01  9.071693e+01  3.784305e+02  5.004233e+00  5.005627e+01  1.9210774674502183e+01
      2280  2.8500000000000956e+00  1.2142093338241215e-01  8.0549657488637261e-01  5.940986e-01  4.477945e+00  7.316287e+00  3.576094e+01  8.959653e+01  3.780725e+02  5.045311e+00  5.146578e+01  1.9585126944252718e+01
      2290  2.8625000000000975e+00  1.2139568873656036e-01  8.1016993485199507e-01  5.870864e-01  4.487713e+00  7.222814e+00  3.581409e+01  8.844843e+01  3.779052e+02  5.087844e+00  5.294228e+01  1.9965522887826932e+01
      2300  2.8750000000000995e+00  1.2137029753210779e-01  8.1487635515959378e-01  5.799848e-01  4.498088e+00  7.127427e+00  3.587956e+01  8.727057e+01  3.779402e+02  5.131840e+00  5.448694e+01  2.0352029885792732e+01
      2310  2.8875000000001014e+00  1.2134475873243072e-01  8.1961605945704541e-01  5.727950e-01  4.509083e+00  7.030076e+00  3.595788e+01  8.606081e+01  3.781895e+02  5.177311e+00  5.610087e+01  2.0744719225824596e+01
      2320  2.9000000000001034e+00  1.2131907129376060e-01  8.2438928140866119e-01  5.655176e-01  4.520709e+00  6.930710e+00  3.604956e+01  8.481692e+01  3.786659e+02  5.224267e+00  5.778512e+01  2.1143666577145652e+01
      2330  2.9125000000001053e+00  1.2129323416486439e-01  8.2919626517020373e-01  5.581537e-01  4.532977e+00  6.829276e+00  3.615512e+01  8.353656e+01  3.793830e+02  5.272717e+00  5.954069e+01  2.1548952496565612e+01
      2340  2.9250000000001073e+00  1.2126724628670826e-01  8.3403726587635685e-01  5.507041e-01  4.545900e+00  6.725726e+00  3.627510e+01  8.221731e+01  3.803551e+02  5.322670e+00  6.136851e+01  2.1960662967402563e+01
      2350  2.9375000000001092e+00  1.2124110659210813e-01  8.3891255014083677e-01  5.431700e-01  4.559486e+00  6.620008e+00  3.641007e+01  8.085663e+01  3.815974e+02  5.374135e+00  6.326948e+01  2.2378889972621298e+01
      2360  2.9500000000001112e+00  1.2121481400536184e-01  8.4382239656924130e-01  5.355524e-01  4.573747e+00  6.512073e+00  3.656056e+01  7.945192e+01  3.831258e+02  5.427122e+00  6.524446e+01  2.2803732103569786e+01
      2370  2.9625000000001132e+00  1.2118836744186631e-01  8.4876709628478841e-01  5.278523e-01  4.588693e+00  6.401875e+00  3.672716e+01  7.800050e+01  3.849570e+02  5.481641e+00  6.729426e+01  2.3235295205744880e+01
      2380  2.9750000000001151e+00  1.2116176580771836e-01  8.5374695346705987e-01  5.200709e-01  4.604334e+00  6.289366e+00  3.691043e+01  7.649960e+01  3.871086e+02  5.537702e+00  6.941971e+01  2.3673693063074250e+01
      2390  2.9875000000001171e+00  1.2113500799929840e-01  8.5876228590385617e-01  5.122094e-01  4.620677e+00  6.174502e+00  3.711096e+01  7.494639e+01  3.895990e+02  5.595318e+00  7.162160e+01  2.4119048122255393e+01
      2400  3.0000000000001190e+00  1.2110809290283582e-01  8.6381342555622898e-01  5.042690e-01  4.637732e+00  6.057242e+00  3.732934e+01  7.333798e+01  3.924477e+02  5.654503e+00  7.390079e+01  2.4571492258754063e+01
      2410  3.0125000000001210e+00  1.2108101939395724e-01  8.6890071913678413e-01  4.962511e-01  4.655508e+00  5.937546e+00  3.756615e+01  7.167143e+01  3.956748e+02  5.715275e+00  7.625814e+01  2.5031167586124965e+01
      2420  3.0250000000001229e+00  1.2105378633721686e-01  8.7402452870126490e-01  4.881569e-01  4.674011e+00  5.815378e+00  3.782200e+01  6.994379e+01  3.993013e+02  5.777652e+00  7.869461e+01  2.5498227310380816e+01
      2430  3.0375000000001249e+00  1.2102639258560671e-01  8.7918523225340139e-01  4.799880e-01  4.693250e+00  5.690704e+00  3.809748e+01  6.815203e+01  4.033491e+02  5.841659e+00  8.121128e+01  2.5972836631201535e+01
      2440  3.0500000000001268e+00  1.2099883698004933e-01  8.8438322436299943e-01  4.717457e-01  4.713231e+00  5.563496e+00  3.839319e+01  6.629317e+01  4.078410e+02  5.907323e+00  8.380936e+01  2.6455173691839775e+01
      2450  3.0625000000001288e+00  1.2097111834887050e-01  8.8961891679716831e-01  4.634316e-01  4.733959e+00  5.433730e+00  3.870974e+01  6.436419e+01  4.128004e+02  5.974677e+00  8.649025e+01  2.6945430579646011e+01
      2460  3.0750000000001307e+00  1.2094323550725083e-01  8.9489273916447609e-01  4.550473e-01  4.755442e+00  5.301384e+00  3.904771e+01  6.236212e+01  4.182517e+02  6.043761e+00  8.925562e+01  2.7443814379199519e+01
      2470  3.0875000000001327e+00  1.2091518725665913e-01  9.0020513957185089e-01  4.465944e-01  4.777683e+00  5.166444e+00  3.940770e+01  6.028402e+01  4.242197e+02  6.114619e+00  9.210740e+01  2.7950548280092860e+01
      2480  3.1000000000001346e+00  1.2088697238426332e-01  9.0555658529385830e-01  4.380748e-01  4.800688e+00  5.028900e+00  3.979029e+01  5.812701e+01  4.307302e+02  6.187306e+00  9.504792e+01  2.8465872741476264e+01
      2490  3.1125000000001366e+00  1.2085858966232063e-01  9.1094756345393546e-01  4.294901e-01  4.824462e+00  4.888748e+00  4.019607e+01  5.588829e+01  4.378093e+02  6.261886e+00  9.807994e+01  2.8990046715518325e+01
      2500  3.1250000000001386e+00  1.2083003784754777e-01  9.1637858171704256e-01  4.208423e-01  4.849006e+00  4.745990e+00  4.062559e+01  5.356517e+01  4.454838e+02  6.338432e+00  1.012067e+02  2.9523348931980845e+01
      2510  3.1375000000001405e+00  1.2080131568046630e-01  9.2185016899303529e-01  4.121334e-01  4.874325e+00  4.600637e+00  4.107943e+01  5.115511e+01  4.537810e+02  6.417029e+00  1.044321e+02  3.0066079246141221e+01
      2520  3.1500000000001425e+00  1.2077242188472882e-01  9.2736287614993163e-01  4.033653e-01  4.900421e+00  4.452704e+00  4.155810e+01  4.865569e+01  4.627282e+02  6.497777e+00  1.077608e+02  3.0618560052306051e+01
      2530  3.1625000000001444e+00  1.2074335516642178e-01  9.3291727673605240e-01  3.945401e-01  4.927296e+00  4.302215e+00  4.206216e+01  4.606470e+01  4.723533e+02  6.580788e+00  1.111981e+02  3.1181137765165939e+01
      2540  3.1750000000001464e+00  1.2071411421334442e-01  9.3851396770984552e-01  3.856602e-01  4.954952e+00  4.149202e+00  4.259209e+01  4.338014e+01  4.826841e+02  6.666192e+00  1.147504e+02  3.1754184371211434e+01
      2550  3.1875000000001483e+00  1.2068469769426630e-01  9.4415357017592427e-01  3.767276e-01  4.983389e+00  3.993705e+00  4.314839e+01  4.060026e+01  4.937484e+02  6.754140e+00  1.184251e+02  3.2338099052384912e+01
      2560  3.2000000000001503e+00  1.2065510425816146e-01  9.4983673012569136e-01  3.677449e-01  5.012608e+00  3.835772e+00  4.373152e+01  3.772358e+01  5.055738e+02  6.844801e+00  1.222310e+02  3.2933309884055674e+01
      2570  3.2125000000001522e+00  1.2062533253341851e-01  9.5556411918052719e-01  3.587145e-01  5.042609e+00  3.675462e+00  4.434193e+01  3.474893e+01  5.181878e+02  6.938366e+00  1.261783e+02  3.3540275609287150e+01
      2580  3.2250000000001542e+00  1.2059538112702840e-01  9.6133643533535029e-01  3.496388e-01  5.073390e+00  3.512841e+00  4.498003e+01  3.167550e+01  5.316173e+02  7.035056e+00  1.302786e+02  3.4159487491193339e+01
      2590  3.2375000000001561e+00  1.2056524862374872e-01  9.6715440369986039e-01  3.405206e-01  5.104952e+00  3.347985e+00  4.564620e+01  2.850283e+01  5.458886e+02  7.135116e+00  1.345456e+02  3.4791471244961812e+01
      2600  3.2500000000001581e+00  1.2053493358524546e-01  9.7301877723456076e-01  3.313626e-01  5.137293e+00  3.180980e+00  4.634082e+01  2.523089e+01  5.610273e+02  7.238827e+00  1.389952e+02  3.5436789050829546e+01
      2610  3.2625000000001600e+00  1.2050443454920991e-01  9.7893033747812352e-01  3.221675e-01  5.170411e+00  3.011924e+00  4.706420e+01  2.186011e+01  5.770579e+02  7.346502e+00  1.436457e+02  3.6096041648939320e+01
      2620  3.2750000000001620e+00  1.2047375002845596e-01  9.8488989526228843e-01  3.129383e-01  5.204303e+00  2.840921e+00  4.781665e+01  1.839138e+01  5.940041e+02  7.458494e+00  1.485181e+02  3.6769870516551791e+01
      2630  3.2875000000001640e+00  1.2044287850999277e-01  9.9089829140997532e-01  3.036779e-01  5.238966e+00  2.668089e+00  4.859844e+01  1.482613e+01  6.118881e+02  7.575201e+00  1.536370e+02  3.7458960127537857e+01
      2640  3.3000000000001659e+00  1.2041181845407735e-01  9.9695639741182274e-01  2.943896e-01  5.274399e+00  2.493555e+00  4.940979e+01  1.116634e+01  6.307307e+02  7.697067e+00  1.590305e+02  3.8164040293405961e+01
      2650  3.3125000000001679e+00  1.2038056829324609e-01  1.0030651160757262e+00  2.850764e-01  5.310596e+00  2.317456e+00  5.025091e+01  7.414573e+00  6.505513e+02  7.824590e+00  1.647314e+02  3.8885888584314500e+01
      2660  3.3250000000001698e+00  1.2034912643132656e-01  1.0092253821435111e+00  2.757417e-01  5.347555e+00  2.139941e+00  5.112197e+01  3.574010e+00  6.713674e+02  7.958330e+00  1.707772e+02  3.9625332827556115e+01
      2670  3.3375000000001718e+00  1.2031749124242959e-01  1.0154381628681151e+00  2.663887e-01  5.385272e+00  1.961169e+00  5.202310e+01 -3.515075e-01  6.931949e+02  8.098909e+00  1.772120e+02  4.0383253679861404e+01
      2680  3.3500000000001737e+00  1.2028566106992629e-01  1.0217044585441739e+00  2.570211e-01  5.423743e+00  1.781307e+00  5.295442e+01 -4.357460e+00  7.160475e+02  8.247026e+00  1.840866e+02  4.1160587268528857e+01
      2690  3.3625000000001757e+00  1.2025363422540711e-01  1.0280253029841515e+00  2.476423e-01  5.462962e+00  1.600537e+00  5.391599e+01 -8.438621e+00  7.399371e+02  8.403461e+00  1.914603e+02  4.1958327894811966e+01
      2700  3.3750000000001776e+00  1.2022140898762784e-01  1.0344017639315750e+00  2.382560e-01  5.502926e+00  1.419046e+00  5.490786e+01 -1.258903e+01  7.648733e+02  8.569083e+00  1.994023e+02  4.2777530791177348e+01
      2710  3.3875000000001796e+00  1.2018898360144416e-01  1.0408349434022455e+00  2.288659e-01  5.543630e+00  1.237034e+00  5.593006e+01 -1.680197e+01  7.908638e+02  8.744864e+00  2.079934e+02  4.3619314921936201e+01
      2720  3.4000000000001815e+00  1.2015635627673640e-01  1.0473259779437292e+00  2.194758e-01  5.585069e+00  1.054709e+00  5.698259e+01 -2.106995e+01  8.179140e+02  8.931886e+00  2.173286e+02  4.4484865814350556e+01
      2730  3.4125000000001835e+00  1.2012352518732734e-01  1.0538760388027664e+00  2.100896e-01  5.627238e+00  8.722898e-01  5.806541e+01 -2.538470e+01  8.460272e+02  9.131356e+00  2.275195e+02  4.5375438404582162e+01
      2740  3.4250000000001855e+00  1.2009048846989703e-01  1.0604863319897493e+00  2.007112e-01  5.670133e+00  6.900017e-01  5.917850e+01 -2.973716e+01  8.752047e+02  9.344619e+00  2.386975e+02  4.6292359879788755e+01
      2750  3.4375000000001874e+00  1.2005724422289656e-01  1.0671580982288951e+00  1.913447e-01  5.713749e+00  5.080789e-01  6.032180e+01 -3.411745e+01  9.054461e+02  9.573171e+00  2.510182e+02  4.7237032494265002e+01
      2760  3.4500000000001894e+00  1.2002379050546597e-01  1.0738926127824389e+00  1.819943e-01  5.758082e+00  3.267630e-01  6.149525e+01 -3.851490e+01  9.367488e+02  9.818677e+00  2.646654e+02  4.8210936333790848e+01
      2770  3.4625000000001913e+00  1.1999012533635992e-01  1.0806911851368022e+00  1.726639e-01  5.803126e+00  1.463023e-01  6.269879e+01 -4.291806e+01  9.691090e+02  1.008299e+01  2.798574e+02  4.9215631998298925e+01
      2780  3.4750000000001933e+00  1.1995624669288460e-01  1.0875551585386651e+00  1.633578e-01  5.848878e+00 -3.304905e-02  6.393235e+01 -4.731467e+01  1.002522e+03  1.036815e+01  2.968534e+02  5.0252763168667386e+01
      2790  3.4875000000001952e+00  1.1992215250985207e-01  1.0944859093688519e+00  1.540803e-01  5.895334e+00 -2.110320e-01  6.519589e+01 -5.169173e+01  1.036980e+03  1.067644e+01  3.159615e+02  5.1324059018919222e+01
      2800  3.5000000000001972e+00  1.1988784067855725e-01  1.1014848463421791e+00  1.448357e-01  5.942490e+00 -3.873832e-01  6.648936e+01 -5.603551e+01  1.072478e+03  1.101037e+01  3.375485e+02  5.2431336430482190e+01
      2810  3.5125000000001991e+00  1.1985330904578317e-01  1.1085534095219167e+00  1.356283e-01  5.990342e+00 -5.618367e-01  6.781275e+01 -6.033155e+01  1.109009e+03  1.137272e+01  3.620506e+02  5.3576501960520801e+01
      2820  3.5250000000002011e+00  1.1981855541283791e-01  1.1156930691381155e+00  1.264623e-01  6.038887e+00 -7.341244e-01  6.916606e+01 -6.456477e+01  1.146566e+03  1.176655e+01  3.899870e+02  5.4761553511838208e+01
      2830  3.5375000000002030e+00  1.1978357753463438e-01  1.1229053242000415e+00  1.173422e-01  6.088123e+00 -9.039778e-01  7.054934e+01 -6.871945e+01  1.185143e+03  1.219523e+01  4.219749e+02  5.5988581647615348e+01
      2840  3.5500000000002050e+00  1.1974837311881469e-01  1.1301917008941536e+00  1.082724e-01  6.138048e+00 -1.071129e+00  7.196268e+01 -7.277934e+01  1.224735e+03  1.266243e+01  4.587471e+02  5.7259770490485266e+01
      2850  3.5625000000002069e+00  1.1971293982492964e-01  1.1375537507605016e+00  9.925709e-02  6.188659e+00 -1.235312e+00  7.340620e+01 -7.672771e+01  1.265342e+03  1.317218e+01  5.011724e+02  5.8577398142304681e+01
      2860  3.5750000000002089e+00  1.1967727526367788e-01  1.1449930486421542e+00  9.030072e-02  6.239955e+00 -1.396266e+00  7.488012e+01 -8.054740e+01  1.306963e+03  1.372887e+01  5.502781e+02  5.9943836558690634e+01
      2870  3.5875000000002109e+00  1.1964137699621168e-01  1.1525111904042975e+00  8.140761e-02  6.291936e+00 -1.553733e+00  7.638467e+01 -8.422098e+01  1.349602e+03  1.433725e+01  6.072757e+02  6.1361550811101750e+01
      2880  3.6000000000002128e+00  1.1960524253352067e-01  1.1601097904217992e+00  7.258203e-02  6.344602e+00 -1.707463e+00  7.792020e+01 -8.773077e+01  1.393268e+03  1.500245e+01  6.735895e+02  6.2833097669149161e+01
      2890  3.6125000000002148e+00  1.1956886933589456e-01  1.1677904788365452e+00  6.382826e-02  6.397951e+00 -1.857216e+00  7.948709e+01 -9.105899e+01  1.437974e+03  1.572997e+01  7.508873e+02  6.4361123437054232e+01
      2900  3.6250000000002167e+00  1.1953225481247622e-01  1.1755548985883566e+00  5.515051e-02  6.451986e+00 -2.002761e+00  8.108584e+01 -9.418786e+01  1.483739e+03  1.652571e+01  8.411140e+02  6.5948360980842708e+01
      2910  3.6375000000002187e+00  1.1949539632091208e-01  1.1834047022261984e+00  4.655295e-02  6.506707e+00 -2.143879e+00  8.271701e+01 -9.709975e+01  1.530588e+03  1.739592e+01  9.465260e+02  6.7597625887044245e+01
      2920  3.6500000000002206e+00  1.1945829116710416e-01  1.1913415485090064e+00  3.803969e-02  6.562117e+00 -2.280365e+00  8.438127e+01 -9.977726e+01  1.578555e+03  1.834720e+01  1.069728e+03  6.9311811699376349e+01
      2930  3.6625000000002226e+00  1.1942093660507115e-01  1.1993670988084724e+00  2.961476e-02  6.618216e+00 -2.412030e+00  8.607936e+01 -1.022034e+02  1.627679e+03  1.938645e+01  1.213708e+03  7.1093884187079098e+01
      2940  3.6750000000002245e+00  1.1938332983692659e-01  1.2074830133288703e+00  2.128216e-02  6.675007e+00 -2.538703e+00  8.781214e+01 -1.043619e+02  1.678009e+03  2.052087e+01  1.381874e+03  7.2946874607172418e+01
      2950  3.6875000000002265e+00  1.1934546801297581e-01  1.2156909471617372e+00  1.304580e-02  6.732493e+00 -2.660231e+00  8.958052e+01 -1.062368e+02  1.729604e+03  2.175785e+01  1.578082e+03  7.4873871932766534e+01
      2960  3.7000000000002284e+00  1.1930734823194034e-01  1.2239925461958134e+00  4.909531e-03  6.790677e+00 -2.776484e+00  9.138553e+01 -1.078135e+02  1.782530e+03  2.310494e+01  1.806668e+03  7.6878014030506364e+01
      2970  3.7125000000002304e+00  1.1926896754130997e-01  1.2323894429050022e+00 -3.122879e-03  6.849560e+00 -2.887351e+00  9.322825e+01 -1.090781e+02  1.836864e+03  2.456974e+01  2.072461e+03  7.8962477782055430e+01
      2980  3.7250000000002323e+00  1.1923032293783024e-01  1.2408832520392512e+00 -1.104771e-02  6.909145e+00 -2.992747e+00  9.510986e+01 -1.100181e+02  1.892691e+03  2.615981e+01  2.380801e+03  8.1130468156992720e+01
      2990  3.7375000000002343e+00  1.1919141136812461e-01  1.2494755662451267e+00 -1.886130e-02  6.969434e+00 -3.092611e+00  9.703157e+01 -1.106222e+02  1.950106e+03  2.788258e+01  2.737531e+03  8.3385206257363109e+01
      3000  3.7500000000002363e+00  1.1915222972945332e-01  1.2581679516442110e+00 -2.656005e-02  7.030428e+00 -3.186908e+00  9.899463e+01 -1.108808e+02  2.009215e+03  2.974521e+01  3.148983e+03  8.5729916367172507e+01
      3010  3.7625000000002382e+00  1.1911277487061295e-01  1.2669619433987209e+00 -3.414039e-02  7.092127e+00 -3.275628e+00  1.010003e+02 -1.107860e+02  2.070128e+03  3.175443e+01  3.621944e+03  8.8167812053119434e+01
      3020  3.7750000000002402e+00  1.1907304359297234e-01  1.2758590412943860e+00 -4.159877e-02  7.154530e+00 -3.358790e+00  1.030499e+02 -1.103316e+02  2.132965e+03  3.391644e+01  4.163607e+03  9.0702081375644767e+01
      3030  3.7875000000002421e+00  1.1903303265164700e-01  1.2848607053709882e+00 -4.893166e-02  7.217634e+00 -3.436436e+00  1.051447e+02 -1.095135e+02  2.197851e+03  3.623673e+01  4.781491e+03  9.3335871281816011e+01
      3040  3.8000000000002441e+00  1.1899273875680833e-01  1.2939683516308522e+00 -5.613553e-02  7.281434e+00 -3.508638e+00  1.072858e+02 -1.083298e+02  2.264915e+03  3.871995e+01  5.483353e+03  9.6072271263531562e+01
      3050  3.8125000000002460e+00  1.1895215857512538e-01  1.3031833478550277e+00 -6.320678e-02  7.345925e+00 -3.575489e+00  1.094743e+02 -1.067808e+02  2.334290e+03  4.136972e+01  6.277068e+03  9.8914296376006746e+01
      3060  3.8250000000002480e+00  1.1891128873133608e-01  1.3125070095560400e+00 -7.014178e-02  7.411096e+00 -3.637109e+00  1.117112e+02 -1.048692e+02  2.406106e+03  4.418854e+01  7.170489e+03  1.0186486972243678e+02
      3070  3.8375000000002499e+00  1.1887012580994073e-01  1.3219405960945989e+00 -7.693679e-02  7.476934e+00 -3.693638e+00  1.139972e+02 -1.025999e+02  2.480493e+03  4.717760e+01  8.171292e+03  1.0492680452117187e+02
      3080  3.8500000000002519e+00  1.1882866635701636e-01  1.3314853069859507e+00 -8.358796e-02  7.543425e+00 -3.745236e+00  1.163330e+02 -9.998038e+01  2.557574e+03  5.033669e+01  9.286801e+03  1.0810278588168295e+02
      3090  3.8625000000002538e+00  1.1878690688214077e-01  1.3411422784192688e+00 -9.009125e-02  7.610548e+00 -3.792079e+00  1.187188e+02 -9.702068e+01  2.637463e+03  5.366406e+01  1.052379e+04  1.1139535242508789e+02
      3100  3.8750000000002558e+00  1.1874484386042267e-01  1.3509125800108843e+00 -9.644244e-02  7.678278e+00 -3.834356e+00  1.211546e+02 -9.373307e+01  2.720260e+03  5.715637e+01  1.188831e+04  1.1480687789405545e+02
      3110  3.8875000000002577e+00  1.1870247373463039e-01  1.3607972118090872e+00 -1.026370e-01  7.746586e+00 -3.872264e+00  1.236400e+02 -9.013222e+01  2.806051e+03  6.080862e+01  1.338546e+04  1.1833955290546552e+02
      3120  3.9000000000002597e+00  1.1865979291740841e-01  1.3707971015647082e+00 -1.086702e-01  7.815439e+00 -3.906002e+00  1.261742e+02 -8.623496e+01  2.894899e+03  6.461410e+01  1.501919e+04  1.2199536700721035e+02
      3130  3.9125000000002617e+00  1.1861679779357533e-01  1.3809131022779428e+00 -1.145369e-01  7.884796e+00 -3.935769e+00  1.287560e+02 -8.206011e+01  2.986841e+03  6.856438e+01  1.679215e+04  1.2577609120780265e+02
      3140  3.9250000000002636e+00  1.1857348472249506e-01  1.3911459900274874e+00 -1.202314e-01  7.954611e+00 -3.961753e+00  1.313834e+02 -7.762824e+01  3.081886e+03  7.264935e+01  1.870544e+04  1.2968326115378380e+02
      3150  3.9375000000002656e+00  1.1852985004050960e-01  1.4014964620834973e+00 -1.257478e-01  8.024832e+00 -3.984128e+00  1.340542e+02 -7.296136e+01  3.180007e+03  7.685724e+01  2.075854e+04  1.3371816113497263e+02
      3160  3.9500000000002675e+00  1.1848589006342773e-01  1.4119651353008871e+00 -1.310795e-01  8.095400e+00 -4.003044e+00  1.367653e+02 -6.808254e+01  3.281140e+03  8.117473e+01  2.294910e+04  1.3788180910094630e+02
      3170  3.9625000000002695e+00  1.1844160108905892e-01  1.4225525447842096e+00 -1.362192e-01  8.166249e+00 -4.018622e+00  1.395132e+02 -6.301546e+01  3.385177e+03  8.558701e+01  2.527288e+04  1.4217494287332863e+02
      3180  3.9750000000002714e+00  1.1839697939978525e-01  1.4332591428098032e+00 -1.411590e-01  8.237306e+00 -4.030943e+00  1.422934e+02 -5.778399e+01  3.491964e+03  9.007792e+01  2.772369e+04  1.4659800773690094e+02
      3190  3.9875000000002734e+00  1.1835202126516237e-01  1.4440852979852197e+00 -1.458905e-01  8.308491e+00 -4.040041e+00  1.451009e+02 -5.241157e+01  3.601295e+03  9.463007e+01  3.029330e+04  1.5115114558770625e+02
      3200  4.0000000000002753e+00  1.1830672294454402e-01  1.4550312946201802e+00 -1.504042e-01  8.379718e+00 -4.045895e+00  1.479301e+02 -4.692071e+01  3.712913e+03  9.922503e+01  3.297151e+04  1.5583418580754520e+02
      3210  4.0125000000002728e+00  1.1826108068972295e-01  1.4660973322774933e+00 -1.546898e-01  8.450891e+00 -4.048423e+00  1.507742e+02 -4.133235e+01  3.826507e+03  1.038435e+02  3.574612e+04  1.6064663802106375e+02
      3220  4.0250000000002704e+00  1.1821509074758318e-01  1.4772835254669276e+00 -1.587362e-01  8.521912e+00 -4.047470e+00  1.536263e+02 -3.566528e+01  3.941709e+03  1.084653e+02  3.860307e+04  1.6558768687347967e+02
      3230  4.0375000000002679e+00  1.1816874936276051e-01  1.4885899034396519e+00 -1.625312e-01  8.592671e+00 -4.042807e+00  1.564783e+02 -2.993556e+01  4.058096e+03  1.130699e+02  4.152653e+04  1.7065618894353997e+02
      3240  4.0500000000002654e+00  1.1812205278030768e-01  1.5000164100363160e+00 -1.660618e-01  8.663059e+00 -4.034123e+00  1.593217e+02 -2.415601e+01  4.175195e+03  1.176365e+02  4.449901e+04  1.7585067187737911e+02
      3250  4.0625000000002629e+00  1.1807499724836415e-01  1.5115629035376794e+00 -1.693138e-01  8.732957e+00 -4.021024e+00  1.621475e+02 -1.833576e+01  4.292481e+03  1.221438e+02  4.750164e+04  1.8116933579451199e+02
      3260  4.0750000000002604e+00  1.1802757902083248e-01  1.5232291564638090e+00 -1.722722e-01  8.802245e+00 -4.003031e+00  1.649461e+02 -1.247994e+01  4.409385e+03  1.265709e+02  5.051426e+04  1.8661005697756389e+02
      3270  4.0875000000002579e+00  1.1797979436005855e-01  1.5350148552657539e+00 -1.749209e-01  8.870801e+00 -3.979581e+00  1.677077e+02 -6.589533e+00  4.525305e+03  1.308969e+02  5.351580e+04  1.9217039381304480e+02
      3280  4.1000000000002554e+00  1.1793163953952915e-01  1.5469195998532215e+00 -1.772427e-01  8.938501e+00 -3.950035e+00  1.704222e+02 -6.613869e-01  4.639612e+03  1.351015e+02  5.648444e+04  1.9784759490240353e+02
      3290  4.1125000000002530e+00  1.1788311084658239e-01  1.5589429029026314e+00 -1.792200e-01  9.005223e+00 -3.913684e+00  1.730797e+02  5.311497e+00  4.751660e+03  1.391650e+02  5.939798e+04  2.0363860921196226e+02
      3300  4.1250000000002505e+00  1.1783420458514657e-01  1.5710841888927234e+00 -1.808341e-01  9.070850e+00 -3.869761e+00  1.756702e+02  1.133948e+01  4.860808e+03  1.430686e+02  6.223413e+04  2.0954009807873098e+02
      3310  4.1375000000002480e+00  1.1778491707851323e-01  1.5833427928195527e+00 -1.820659e-01  9.135269e+00 -3.817458e+00  1.781845e+02  1.743554e+01  4.966427e+03  1.467944e+02  6.497083e+04  2.1554844883849165e+02
      3320  4.1500000000002455e+00  1.1773524467215572e-01  1.5957179585493280e+00 -1.828957e-01  9.198376e+00 -3.755944e+00  1.806140e+02  2.361429e+01  5.067927e+03  1.503259e+02  6.758663e+04  2.2165978979527202e+02
      3330  4.1625000000002430e+00  1.1768518373660423e-01  1.6082088367762739e+00 -1.833037e-01  9.260079e+00 -3.684390e+00  1.829512e+02  2.989077e+01  5.164766e+03  1.536481e+02  7.006099e+04  2.2787000621002136e+02
      3340  4.1750000000002405e+00  1.1763473067039432e-01  1.6208144825634565e+00 -1.832704e-01  9.320303e+00 -3.601988e+00  1.851897e+02  3.627919e+01  5.256478e+03  1.567473e+02  7.237463e+04  2.3417475695406429e+02
      3350  4.1875000000002380e+00  1.1758388190309407e-01  1.6335338524572356e+00 -1.827764e-01  9.378986e+00 -3.507985e+00  1.873249e+02  4.279154e+01  5.342687e+03  1.596121e+02  7.450986e+04  2.4056949145283534e+02
      3360  4.2000000000002355e+00  1.1753263389843226e-01  1.6463658011804381e+00 -1.818031e-01  9.436093e+00 -3.401699e+00  1.893538e+02  4.943634e+01  5.423123e+03  1.622328e+02  7.645083e+04  2.4704946654105504e+02
      3370  4.2125000000002331e+00  1.1748098315753393e-01  1.6593090779252735e+00 -1.803329e-01  9.491608e+00 -3.282550e+00  1.912758e+02  5.621754e+01  5.497638e+03  1.646017e+02  7.818383e+04  2.5360976286503953e+02
      3380  4.2250000000002306e+00  1.1742892622227880e-01  1.6723623222837645e+00 -1.783496e-01  9.545543e+00 -3.150078e+00  1.930922e+02  6.313381e+01  5.566216e+03  1.667136e+02  7.969744e+04  2.6024530050458100e+02
      3390  4.2375000000002281e+00  1.1737645967879165e-01  1.6855240598709824e+00 -1.758386e-01  9.597938e+00 -3.003953e+00  1.948066e+02  7.017831e+01  5.628976e+03  1.685652e+02  8.098272e+04  2.6695085354808822e+02
      3400  4.2500000000002256e+00  1.1732358016107323e-01  1.6987926977132179e+00 -1.727874e-01  9.648863e+00 -2.843985e+00  1.964252e+02  7.733906e+01  5.686169e+03  1.701558e+02  8.203328e+04  2.7372106344223312e+02
      3410  4.2625000000002231e+00  1.1727028435478018e-01  1.7121665194893816e+00 -1.691859e-01  9.698416e+00 -2.670116e+00  1.979562e+02  8.459993e+01  5.738177e+03  1.714867e+02  8.284534e+04  2.8055045105108400e+02
      3420  4.2750000000002206e+00  1.1721656900115199e-01  1.7256436807279909e+00 -1.650262e-01  9.746722e+00 -2.482409e+00  1.994097e+02  9.194234e+01  5.785492e+03  1.725615e+02  8.341770e+04  2.8743342749793749e+02
      3430  4.2875000000002181e+00  1.1716243090109162e-01  1.7392222040733158e+00 -1.603033e-01  9.793934e+00 -2.281022e+00  2.007977e+02  9.934756e+01  5.828704e+03  1.733858e+02  8.375169e+04  2.9436430402115315e+02
      3440  4.3000000000002156e+00  1.1710786691938856e-01  1.7528999747417671e+00 -1.550148e-01  9.840228e+00 -2.066174e+00  2.021336e+02  1.067995e+02  5.868475e+03  1.739668e+02  8.385111e+04  3.0133730124587089e+02
      3450  4.3125000000002132e+00  1.1705287398908387e-01  1.7666747362925128e+00 -1.491610e-01  9.885796e+00 -1.838101e+00  2.034316e+02  1.142875e+02  5.905520e+03  1.743138e+02  8.372214e+04  3.0834655844556096e+02
      3460  4.3250000000002107e+00  1.1699744911595815e-01  1.7805440868339653e+00 -1.427447e-01  9.930845e+00 -1.597015e+00  2.047063e+02  1.218097e+02  5.940577e+03  1.744371e+02  8.337326e+04  3.1538614352682265e+02
      3470  4.3375000000002082e+00  1.1694158938313302e-01  1.7945054757799739e+00 -1.357711e-01  9.975588e+00 -1.343055e+00  2.059727e+02  1.293753e+02  5.974394e+03  1.743485e+02  8.281513e+04  3.2245006460036126e+02
      3480  4.3500000000002057e+00  1.1688529195576502e-01  1.8085562012558822e+00 -1.282473e-01  1.002024e+01 -1.076247e+00  2.072452e+02  1.370066e+02  6.007706e+03  1.740609e+02  8.206054e+04  3.2953228408174931e+02
      3490  4.3625000000002032e+00  1.1682855408580861e-01  1.8226934082362372e+00 -1.201822e-01  1.006502e+01 -7.964750e-01  2.085377e+02  1.447406e+02  6.041227e+03  1.735878e+02  8.112430e+04  3.3662673627802258e+02
      3500  4.3750000000002007e+00  1.1677137311682768e-01  1.8369140874729377e+00 -1.115861e-01  1.011011e+01 -5.034579e-01  2.098634e+02  1.526289e+02  6.075648e+03  1.729436e+02  8.002309e+04  3.4372734934327246e+02
      3510  4.3875000000001982e+00  1.1671374648882755e-01  1.8512150752471419e+00 -1.024702e-01  1.015572e+01 -1.967514e-01  2.112346e+02  1.607365e+02  6.111634e+03  1.721429e+02  7.877530e+04  3.5082807231595274e+02
      3520  4.4000000000001958e+00  1.1665567174308183e-01  1.8655930539517824e+00 -9.284663e-02  1.020200e+01  1.242392e-01  2.126628e+02  1.691404e+02  6.149840e+03  1.712011e+02  7.740073e+04  3.5792290767815183e+02
      3530  4.4125000000001933e+00  1.1659714652693046e-01  1.8800445534861538e+00 -8.272803e-02  1.024911e+01  4.602273e-01  2.141586e+02  1.779266e+02  6.190913e+03  1.701332e+02  7.592027e+04  3.6500594950894595e+02
      3540  4.4250000000001908e+00  1.1653816859851970e-01  1.8945659534220936e+00 -7.212757e-02  1.029717e+01  8.120003e-01  2.157322e+02  1.871862e+02  6.235516e+03  1.689545e+02  7.435543e+04  3.7207142685844269e+02
      3550  4.4375000000001883e+00  1.1647873583146442e-01  1.9091534858844386e+00 -6.105894e-02  1.034629e+01  1.180364e+00  2.173934e+02  1.970120e+02  6.284329e+03  1.676800e+02  7.272782e+04  3.7911375147759054e+02
      3560  4.4500000000001858e+00  1.1641884621940927e-01  1.9238032390782780e+00 -4.953649e-02  1.039656e+01  1.566085e+00  2.191512e+02  2.074943e+02  6.338065e+03  1.663242e+02  7.105864e+04  3.8612756854333782e+02
      3570  4.4625000000001833e+00  1.1635849788046955e-01  1.9385111613927390e+00 -3.757546e-02  1.044803e+01  1.969826e+00  2.210148e+02  2.187174e+02  6.397466e+03  1.649009e+02  6.936811e+04  3.9310780856883974e+02
      3580  4.4750000000001808e+00  1.1629768906153490e-01  1.9532730660152409e+00 -2.519225e-02  1.050075e+01  2.392098e+00  2.229925e+02  2.307562e+02  6.463294e+03  1.634234e+02  6.767503e+04  4.0004973833538594e+02
      3590  4.4875000000001783e+00  1.1623641814242024e-01  1.9680846360000728e+00 -1.240468e-02  1.055474e+01  2.833213e+00  2.250922e+02  2.436741e+02  6.536319e+03  1.619039e+02  6.599644e+04  4.0694900847269884e+02
      3600  4.5000000000001759e+00  1.1617468363985191e-01  1.9829414297491754e+00  7.676828e-04  1.060999e+01  3.293252e+00  2.273209e+02  2.575211e+02  6.617291e+03  1.603542e+02  6.434739e+04  4.1380169528113100e+02
      3610  4.5125000000001734e+00  1.1611248421127311e-01  1.9978388868776367e+00  1.430338e-02  1.066648e+01  3.772051e+00  2.296843e+02  2.723341e+02  6.706908e+03  1.587853e+02  6.274092e+04  4.2060433454913772e+02
      3620  4.5250000000001709e+00  1.1604981865846054e-01  2.0127723344492447e+00  2.817894e-02  1.072416e+01  4.269200e+00  2.321864e+02  2.881369e+02  6.805781e+03  1.572079e+02  6.118812e+04  4.2735394546631920e+02
      3630  4.5375000000001684e+00  1.1598668593093922e-01  2.0277369935760365e+00  4.236884e-02  1.078296e+01  4.784061e+00  2.348295e+02  3.049421e+02  6.914402e+03  1.556324e+02  5.969831e+04  4.3404804323847446e+02
      3640  4.5500000000001659e+00  1.1592308512918409e-01  2.0427279863772636e+00  5.684565e-02  1.084279e+01  5.315799e+00  2.376132e+02  3.227537e+02  7.033112e+03  1.540693e+02  5.827922e+04  4.4068463962947862e+02
      3650  4.5625000000001634e+00  1.1585901550759801e-01  2.0577403432873358e+00  7.158022e-02  1.090352e+01  5.863425e+00  2.405349e+02  3.415702e+02  7.162078e+03  1.525292e+02  5.693721e+04  4.4726223132546716e+02
      3660  4.5750000000001609e+00  1.1579447647725526e-01  2.0727690106894436e+00  8.654195e-02  1.096501e+01  6.425854e+00  2.435892e+02  3.613883e+02  7.301288e+03  1.510229e+02  5.567742e+04  4.5377977667490330e+02
      3670  4.5875000000001585e+00  1.1572946760840223e-01  2.0878088588324455e+00  1.016991e-01  1.102710e+01  7.001959e+00  2.467682e+02  3.822065e+02  7.450550e+03  1.495611e+02  5.450390e+04  4.6023666194285829e+02
      3680  4.6000000000001560e+00  1.1566398863270612e-01  2.1028546899670117e+00  1.170192e-01  1.108962e+01  7.590641e+00  2.500615e+02  4.040290e+02  7.609512e+03  1.481545e+02  5.341959e+04  4.6663265867998524e+02
      3690  4.6125000000001535e+00  1.1559803944524696e-01  2.1179012466156868e+00  1.324692e-01  1.115239e+01  8.190878e+00  2.534568e+02  4.268681e+02  7.777698e+03  1.468128e+02  5.242636e+04  4.7296787411468961e+02
      3700  4.6250000000001510e+00  1.1553162010625172e-01  2.1329432198737788e+00  1.480159e-01  1.121521e+01  8.801781e+00  2.569405e+02  4.507469e+02  7.954552e+03  1.455449e+02  5.152504e+04  4.7924269661891242e+02
      3710  4.6375000000001485e+00  1.1546473084256870e-01  2.1479752576286426e+00  1.636259e-01  1.127788e+01  9.422622e+00  2.604981e+02  4.756998e+02  8.139490e+03  1.443581e+02  5.071544e+04  4.8545773828197440e+02
      3720  4.6500000000001460e+00  1.1539737204888890e-01  2.1629919725846651e+00  1.792660e-01  1.134024e+01  1.005286e+01  2.641150e+02  5.017728e+02  8.331958e+03  1.432581e+02  4.999639e+04  4.9161377647709509e+02
      3730  4.6625000000001435e+00  1.1532954428872212e-01  2.1779879499937178e+00  1.949034e-01  1.140210e+01  1.069212e+01  2.677775e+02  5.290223e+02  8.531493e+03  1.422483e+02  4.936595e+04  4.9771169605764868e+02
      3740  4.6750000000001410e+00  1.1526124829513600e-01  2.1929577550145103e+00  2.105052e-01  1.146330e+01  1.134021e+01  2.714734e+02  5.575129e+02  8.737777e+03  1.413301e+02  4.882155e+04  5.0375243351602830e+02
      3750  4.6875000000001386e+00  1.1519248497127325e-01  2.2078959396599567e+00  2.260390e-01  1.152371e+01  1.199703e+01  2.751927e+02  5.873149e+02  8.950676e+03  1.405030e+02  4.836018e+04  5.0973692411854250e+02
      3760  4.7000000000001361e+00  1.1512325539065904e-01  2.2227970493347078e+00  2.414728e-01  1.158320e+01  1.266255e+01  2.789282e+02  6.185007e+02  9.170277e+03  1.397647e+02  4.797864e+04  5.1566605273133030e+02
      3770  4.7125000000001336e+00  1.1505356079730880e-01  2.2376556290144118e+00  2.567748e-01  1.164169e+01  1.333677e+01  2.826759e+02  6.511413e+02  9.396910e+03  1.391118e+02  4.767373e+04  5.2154060880248358e+02
      3780  4.7250000000001311e+00  1.1498340260564761e-01  2.2524662291679567e+00  2.719140e-01  1.169911e+01  1.401962e+01  2.864349e+02  6.853028e+02  9.631146e+03  1.385399e+02  4.744239e+04  5.2736124578198815e+02
      3790  4.7375000000001286e+00  1.1491278240024962e-01  2.2672234115703152e+00  2.868599e-01  1.175541e+01  1.471092e+01  2.902077e+02  7.210436e+02  9.873795e+03  1.380444e+02  4.728188e+04  5.3312844515017798e+02
      3800  4.7500000000001261e+00  1.1484170193539138e-01  2.2819217551920929e+00  3.015831e-01  1.181057e+01  1.541035e+01  2.939999e+02  7.584111e+02  1.012588e+04  1.376205e+02  4.718982e+04  5.3884248518383401e+02
      3810  4.7625000000001236e+00  1.1477016313441965e-01  2.2965558623781979e+00  3.160551e-01  1.186458e+01  1.611742e+01  2.978195e+02  7.974404e+02  1.038860e+04  1.372636e+02  4.716427e+04  5.4450341460470884e+02
      3820  4.7750000000001211e+00  1.1469816808891801e-01  2.3111203655393688e+00  3.302487e-01  1.191746e+01  1.683142e+01  3.016767e+02  8.381528e+02  1.066331e+04  1.369698e+02  4.720371e+04  5.5011103131019956e+02
      3830  4.7875000000001187e+00  1.1462571905765261e-01  2.3256099345743713e+00  3.441386e-01  1.196923e+01  1.755146e+01  3.055832e+02  8.805561e+02  1.095142e+04  1.367354e+02  4.730704e+04  5.5566486645788234e+02
      3840  4.8000000000001162e+00  1.1455281846527274e-01  2.3400192852167971e+00  3.577009e-01  1.201991e+01  1.827646e+01  3.095512e+02  9.246444e+02  1.125440e+04  1.365575e+02  4.747349e+04  5.6116417424159999e+02
      3850  4.8125000000001137e+00  1.1447946890073248e-01  2.3543431884597679e+00  3.709137e-01  1.206953e+01  1.900523e+01  3.135930e+02  9.704004e+02  1.157369e+04  1.364338e+02  4.770257e+04  5.6660792773430239e+02
      3860  4.8250000000001112e+00  1.1440567311540031e-01  2.3685764811558592e+00  3.837573e-01  1.211811e+01  1.973642e+01  3.177199e+02  1.017796e+03  1.191068e+04  1.363623e+02  4.799401e+04  5.7199482116336958e+02
      3870  4.8375000000001087e+00  1.1433143402081693e-01  2.3827140778231710e+00  3.962141e-01  1.216568e+01  2.046864e+01  3.219420e+02  1.066796e+03  1.226661e+04  1.363416e+02  4.834760e+04  5.7732327891418265e+02
      3880  4.8500000000001062e+00  1.1425675468606672e-01  2.3967509836143388e+00  4.082687e-01  1.221222e+01  2.120045e+01  3.262675e+02  1.117357e+03  1.264256e+04  1.363706e+02  4.876315e+04  5.8259147142115387e+02
      3890  4.8625000000001037e+00  1.1418163833472612e-01  2.4106823083307409e+00  4.199077e-01  1.225775e+01  2.193043e+01  3.307019e+02  1.169433e+03  1.303944e+04  1.364481e+02  4.924037e+04  5.8779733790456476e+02
      3900  4.8750000000001013e+00  1.1410608834135966e-01  2.4245032812931777e+00  4.311201e-01  1.230221e+01  2.265717e+01  3.352482e+02  1.222971e+03  1.345790e+04  1.365734e+02  4.977875e+04  5.9293861565702116e+02
      3910  4.8875000000000988e+00  1.1403010822754132e-01  2.4382092668184754e+00  4.418969e-01  1.234559e+01  2.337933e+01  3.399066e+02  1.277919e+03  1.389836e+04  1.367454e+02  5.037748e+04  5.9801287529436559e+02
      3920  4.9000000000000963e+00  1.1395370165738619e-01  2.4517957800033261e+00  4.522309e-01  1.238781e+01  2.409563e+01  3.446740e+02  1.334216e+03  1.436100e+04  1.369630e+02  5.103537e+04  6.0301756108731649e+02
      3930  4.9125000000000938e+00  1.1387687243258972e-01  2.4652585024852951e+00  4.621169e-01  1.242879e+01  2.480483e+01  3.495448e+02  1.391800e+03  1.484571e+04  1.372249e+02  5.175073e+04  6.0795003521133924e+02
      3940  4.9250000000000913e+00  1.1379962448697656e-01  2.4785932978374814e+00  4.715513e-01  1.246846e+01  2.550578e+01  3.545104e+02  1.450600e+03  1.535213e+04  1.375293e+02  5.252134e+04  6.1280762452112583e+02
      3950  4.9375000000000888e+00  1.1372196188058209e-01  2.4917962262585962e+00  4.805320e-01  1.250669e+01  2.619736e+01  3.595595e+02  1.510536e+03  1.587964e+04  1.378740e+02  5.334437e+04  6.1758766829789795e+02
      3960  4.9500000000000863e+00  1.1364388879328845e-01  2.5048635582425454e+00  4.890585e-01  1.254339e+01  2.687848e+01  3.646788e+02  1.571520e+03  1.642736e+04  1.382563e+02  5.421634e+04  6.2228756534907211e+02
      3970  4.9625000000000838e+00  1.1356540951805350e-01  2.5177917869482220e+00  4.971314e-01  1.257843e+01  2.754807e+01  3.698526e+02  1.633445e+03  1.699417e+04  1.386728e+02  5.513310e+04  6.2690481886791190e+02
      3980  4.9750000000000814e+00  1.1348652845377827e-01  2.5305776390380230e+00  5.047521e-01  1.261168e+01  2.820504e+01  3.750636e+02  1.696193e+03  1.757871e+04  1.391197e+02  5.608986e+04  6.3143707758167773e+02
      3990  4.9875000000000789e+00  1.1340725009786128e-01  2.5432180838088492e+00  5.119232e-01  1.264301e+01  2.884830e+01  3.802928e+02  1.759625e+03  1.817936e+04  1.395923e+02  5.708113e+04  6.3588217191673016e+02
      4000  5.0000000000000764e+00  1.1332757903849694e-01  2.5557103404982096e+00  5.186481e-01  1.267229e+01  2.947671e+01  3.855199e+02  1.823584e+03  1.879429e+04  1.400852e+02  5.810084e+04  6.4023814416656830e+02
      4010  5.0125000000000739e+00  1.1324751994677536e-01  2.5680518837070201e+00  5.249305e-01  1.269939e+01  3.008906e+01  3.907235e+02  1.887892e+03  1.942141e+04  1.405927e+02  5.914232e+04  6.4450327193854469e+02
      4020  5.0250000000000714e+00  1.1316707756864344e-01  2.5802404469378657e+00  5.307748e-01  1.272418e+01  3.068411e+01  3.958813e+02  1.952351e+03  2.005842e+04  1.411083e+02  6.019838e+04  6.4867608445162261e+02
      4030  5.0375000000000689e+00  1.1308625671678289e-01  2.5922740242997953e+00  5.361859e-01  1.274656e+01  3.126055e+01  4.009702e+02  2.016740e+03  2.070281e+04  1.416250e+02  6.126139e+04  6.5275537153866082e+02
      4040  5.0500000000000664e+00  1.1300506226246480e-01  2.6041508704780476e+00  5.411688e-01  1.276639e+01  3.181700e+01  4.059667e+02  2.080819e+03  2.135183e+04  1.421356e+02  6.232328e+04  6.5674018545640695e+02
      4050  5.0625000000000639e+00  1.1292349912742884e-01  2.6158694991075744e+00  5.457291e-01  1.278357e+01  3.235202e+01  4.108468e+02  2.144330e+03  2.200254e+04  1.426322e+02  6.337569e+04  6.6062983581541494e+02
      4060  5.0750000000000615e+00  1.1284157227583889e-01  2.6274286797236046e+00  5.498724e-01  1.279802e+01  3.286414e+01  4.155863e+02  2.206998e+03  2.265180e+04  1.431071e+02  6.440996e+04  6.6442387810841205e+02
      4070  5.0875000000000590e+00  1.1275928670635042e-01  2.6388274334897850e+00  5.536047e-01  1.280964e+01  3.335186e+01  4.201610e+02  2.268532e+03  2.329631e+04  1.435523e+02  6.541723e+04  6.6812209644300992e+02
      4080  5.1000000000000565e+00  1.1267664744433074e-01  2.6500650279248523e+00  5.569324e-01  1.281835e+01  3.381365e+01  4.245468e+02  2.328632e+03  2.393262e+04  1.439599e+02  6.638852e+04  6.7172448118038881e+02
      4090  5.1125000000000540e+00  1.1259365953425453e-01  2.6611409708622791e+00  5.598621e-01  1.282410e+01  3.424800e+01  4.287200e+02  2.386988e+03  2.455716e+04  1.443220e+02  6.731476e+04  6.7523120225474509e+02
      4100  5.1250000000000515e+00  1.1251032803229870e-01  2.6720550038837247e+00  5.624007e-01  1.282682e+01  3.465342e+01  4.326576e+02  2.443288e+03  2.516626e+04  1.446311e+02  6.818689e+04  6.7864257900702569e+02
      4110  5.1375000000000490e+00  1.1242665799914590e-01  2.6828070954658205e+00  5.645558e-01  1.282648e+01  3.502849e+01  4.363373e+02  2.497217e+03  2.575625e+04  1.448797e+02  6.899591e+04  6.8195904741717368e+02
      4120  5.1500000000000465e+00  1.1234265449300422e-01  2.6933974340712599e+00  5.663351e-01  1.282304e+01  3.537184e+01  4.397380e+02  2.548469e+03  2.632343e+04  1.450609e+02  6.973299e+04  6.8518112566438788e+02
      4130  5.1625000000000441e+00  1.1225832256284150e-01  2.7038264213988867e+00  5.677472e-01  1.281650e+01  3.568224e+01  4.428398e+02  2.596743e+03  2.686415e+04  1.451682e+02  7.038957e+04  6.8830937898460161e+02
      4140  5.1750000000000416e+00  1.1217366724182375e-01  2.7140946659838083e+00  5.688011e-01  1.280685e+01  3.595858e+01  4.456246e+02  2.641753e+03  2.737488e+04  1.451956e+02  7.095741e+04  6.9134438482479914e+02
      4150  5.1875000000000391e+00  1.1208869354094726e-01  2.7242029773086611e+00  5.695065e-01  1.279411e+01  3.619989e+01  4.480759e+02  2.683232e+03  2.785224e+04  1.451377e+02  7.142876e+04  6.9428669930971444e+02
      4160  5.2000000000000366e+00  1.1200340644284384e-01  2.7341523605506928e+00  5.698738e-01  1.277829e+01  3.640539e+01  4.501795e+02  2.720935e+03  2.829304e+04  1.449894e+02  7.179643e+04  6.9713682603119162e+02
      4170  5.2125000000000341e+00  1.1191781089573934e-01  2.7439440120492455e+00  5.699141e-01  1.275944e+01  3.657449e+01  4.519235e+02  2.754642e+03  2.869436e+04  1.447467e+02  7.205390e+04  6.9989518813826101e+02
      4180  5.2250000000000316e+00  1.1183191180754215e-01  2.7535793155349659e+00  5.696394e-01  1.273761e+01  3.670681e+01  4.532983e+02  2.784165e+03  2.905360e+04  1.444060e+02  7.219546e+04  7.0256210464200547e+02
      4190  5.2375000000000291e+00  1.1174571404003693e-01  2.7630598391175338e+00  5.690622e-01  1.271287e+01  3.680219e+01  4.542970e+02  2.809349e+03  2.936849e+04  1.439645e+02  7.221630e+04  7.0513777175166888e+02
      4200  5.2500000000000266e+00  1.1165922240316108e-01  2.7723873329859097e+00  5.681959e-01  1.268529e+01  3.686072e+01  4.549157e+02  2.830075e+03  2.963716e+04  1.434200e+02  7.211259e+04  7.0762224992732774e+02
      4210  5.2625000000000242e+00  1.1157244164934260e-01  2.7815637277342029e+00  5.670548e-01  1.265498e+01  3.688270e+01  4.551529e+02  2.846261e+03  2.985816e+04  1.427712e+02  7.188159e+04  7.1001545717378360e+02
      4220  5.2750000000000217e+00  1.1148537646788290e-01  2.7905911331909565e+00  5.656536e-01  1.262202e+01  3.686867e+01  4.550104e+02  2.857866e+03  3.003049e+04  1.420176e+02  7.152167e+04  7.1231716891574877e+02
      4230  5.2875000000000192e+00  1.1139803147936846e-01  2.7994718375993957e+00  5.640081e-01  1.258656e+01  3.681942e+01  4.544927e+02  2.864887e+03  3.015360e+04  1.411592e+02  7.103243e+04  7.1452702459430657e+02
      4240  5.3000000000000167e+00  1.1131041123010708e-01  2.8082083069741968e+00  5.621343e-01  1.254869e+01  3.673595e+01  4.536068e+02  2.867363e+03  3.022743e+04  1.401971e+02  7.041464e+04  7.1664454091822859e+02
      4250  5.3125000000000142e+00  1.1122252018658065e-01  2.8168031844451611e+00  5.600491e-01  1.250858e+01  3.661948e+01  4.523628e+02  2.865371e+03  3.025237e+04  1.391327e+02  6.967030e+04  7.1866913150077346e+02
      4260  5.3250000000000117e+00  1.1113436272992450e-01  2.8252592893919313e+00  5.577699e-01  1.246636e+01  3.647141e+01  4.507731e+02  2.859025e+03  3.022929e+04  1.379686e+02  6.880260e+04  7.2060013242244463e+02
      4270  5.3375000000000092e+00  1.1104594315043739e-01  2.8335796161751650e+00  5.553144e-01  1.242218e+01  3.629336e+01  4.488526e+02  2.848475e+03  3.015949e+04  1.367075e+02  6.781590e+04  7.2243683309094331e+02
      4280  5.3500000000000068e+00  1.1095726564213951e-01  2.8417673322783821e+00  5.527011e-01  1.237621e+01  3.608709e+01  4.466182e+02  2.833904e+03  3.004467e+04  1.353532e+02  6.671561e+04  7.2417851162777868e+02
      4290  5.3625000000000043e+00  1.1086833429740191e-01  2.8498257756900580e+00  5.499484e-01  1.232862e+01  3.585452e+01  4.440889e+02  2.815526e+03  2.988694e+04  1.339099e+02  6.550820e+04  7.2582447390117238e+02
      4300  5.3750000000000018e+00  1.1077915310166948e-01  2.8577584513763354e+00  5.470753e-01  1.227957e+01  3.559768e+01  4.412853e+02  2.793580e+03  2.968873e+04  1.323822e+02  6.420103e+04  7.2737409524938414e+02
      4310  5.3874999999999993e+00  1.1068972592831162e-01  2.8655690267197151e+00  5.441010e-01  1.222923e+01  3.531873e+01  4.382294e+02  2.768327e+03  2.945278e+04  1.307754e+02  6.280224e+04  7.2882686389764785e+02
      4320  5.3999999999999968e+00  1.1060005653363167e-01  2.8732613258270971e+00  5.410448e-01  1.217779e+01  3.501989e+01  4.349444e+02  2.740049e+03  2.918207e+04  1.290951e+02  6.132068e+04  7.3018242506427100e+02
      4330  5.4124999999999943e+00  1.1051014855207324e-01  2.8808393226401665e+00  5.379263e-01  1.212542e+01  3.470347e+01  4.314542e+02  2.709041e+03  2.887979e+04  1.273471e+02  5.976575e+04  7.3144062477379589e+02
      4340  5.4249999999999918e+00  1.1042000549166095e-01  2.8883071328110512e+00  5.347652e-01  1.207230e+01  3.437179e+01  4.277834e+02  2.675610e+03  2.854928e+04  1.255377e+02  5.814722e+04  7.3260155244378120e+02
      4350  5.4374999999999893e+00  1.1032963072971556e-01  2.8956690043360873e+00  5.315811e-01  1.201861e+01  3.402724e+01  4.239570e+02  2.640069e+03  2.819397e+04  1.236735e+02  5.647518e+04  7.3366558138153505e+02
      4360  5.4499999999999869e+00  1.1023902750887847e-01  2.9029293069680642e+00  5.283939e-01  1.196451e+01  3.367219e+01  4.200001e+02  2.602733e+03  2.781736e+04  1.217608e+02  5.475981e+04  7.3463340641342450e+02
      4370  5.4624999999999844e+00  1.1014819893348858e-01  2.9100925204537500e+00  5.252233e-01  1.191019e+01  3.330900e+01  4.159373e+02  2.563920e+03  2.742292e+04  1.198066e+02  5.301132e+04  7.3550607796670647e+02
      4380  5.4749999999999819e+00  1.1005714796634249e-01  2.9171632216662857e+00  5.220891e-01  1.185582e+01  3.294003e+01  4.117933e+02  2.523940e+03  2.701412e+04  1.178174e+02  5.123974e+04  7.3628503202791717e+02
      4390  5.4874999999999794e+00  1.0996587742587242e-01  2.9241460707227085e+00  5.190111e-01  1.180156e+01  3.256760e+01  4.075918e+02  2.483099e+03  2.659431e+04  1.158000e+02  4.945489e+04  7.3697211550821248e+02
      4400  5.4999999999999769e+00  1.0987438998377491e-01  2.9310457961935565e+00  5.160089e-01  1.174757e+01  3.219397e+01  4.033562e+02  2.441691e+03  2.616675e+04  1.137610e+02  4.766616e+04  7.3756960665131658e+02
      4410  5.5124999999999744e+00  1.0978268816311185e-01  2.9378671795257540e+00  5.131020e-01  1.169402e+01  3.182136e+01  3.991086e+02  2.400002e+03  2.573455e+04  1.117069e+02  4.588252e+04  7.3808023022128407e+02
      4420  5.5249999999999719e+00  1.0969077433690992e-01  2.9446150388106189e+00  5.103099e-01  1.164105e+01  3.145193e+01  3.948703e+02  2.358302e+03  2.530064e+04  1.096442e+02  4.411234e+04  7.3850716730287297e+02
      4430  5.5374999999999694e+00  1.0959865072727633e-01  2.9512942120369186e+00  5.076516e-01  1.158882e+01  3.108776e+01  3.906615e+02  2.316846e+03  2.486776e+04  1.075788e+02  4.236337e+04  7.3885405963605376e+02
      4440  5.5499999999999670e+00  1.0950631940504246e-01  2.9579095399739885e+00  5.051461e-01  1.153747e+01  3.073088e+01  3.865013e+02  2.275874e+03  2.443845e+04  1.055166e+02  4.064267e+04  7.3912500848717718e+02
      4450  5.5624999999999645e+00  1.0941378228994890e-01  2.9644658488329667e+00  5.028119e-01  1.148714e+01  3.038320e+01  3.824075e+02  2.235608e+03  2.401503e+04  1.034634e+02  3.895654e+04  7.3932456813292652e+02
      4460  5.5749999999999620e+00  1.0932104115137069e-01  2.9709679328546170e+00  5.006671e-01  1.143795e+01  3.004660e+01  3.783966e+02  2.196255e+03  2.359961e+04  1.014244e+02  3.731055e+04  7.3945773409953688e+02
      4470  5.5874999999999595e+00  1.0922809760958903e-01  2.9774205369712523e+00  4.987295e-01  1.139004e+01  2.972283e+01  3.744841e+02  2.158003e+03  2.319408e+04  9.940459e+01  3.570948e+04  7.3952992635969929e+02
      4480  5.5999999999999570e+00  1.0913495313759942e-01  2.9838283396869851e+00  4.970160e-01  1.134352e+01  2.941359e+01  3.706842e+02  2.121026e+03  2.280012e+04  9.740878e+01  3.415736e+04  7.3954696774400827e+02
      4490  5.6124999999999545e+00  1.0904160906345042e-01  2.9901959363163324e+00  4.955432e-01  1.129851e+01  2.912047e+01  3.670101e+02  2.085479e+03  2.241921e+04  9.544134e+01  3.265746e+04  7.3951505787338954e+02
      4500  5.6249999999999520e+00  1.0894806657309995e-01  2.9965278227151608e+00  4.943266e-01  1.125511e+01  2.884498e+01  3.634737e+02  2.051503e+03  2.205264e+04  9.350637e+01  3.121234e+04  7.3944074296438203e+02
      4510  5.6374999999999496e+00  1.0885432671376830e-01  3.0028283796311324e+00  4.933809e-01  1.121343e+01  2.858856e+01  3.600863e+02  2.019224e+03  2.170154e+04  9.160769e+01  2.982389e+04  7.3933088190099795e+02
      4520  5.6499999999999471e+00  1.0876039039777155e-01  3.0091018577923112e+00  4.927200e-01  1.117357e+01  2.835252e+01  3.568580e+02  1.988756e+03  2.136686e+04  8.974883e+01  2.849338e+04  7.3919260900495124e+02
      4530  5.6624999999999446e+00  1.0866625840680678e-01  3.0153523638437569e+00  4.923565e-01  1.113562e+01  2.813812e+01  3.537982e+02  1.960198e+03  2.104944e+04  8.793305e+01  2.722151e+04  7.3903329397045400e+02
      4540  5.6749999999999421e+00  1.0857193139666030e-01  3.0215838472317440e+00  4.923017e-01  1.109967e+01  2.794649e+01  3.509158e+02  1.933641e+03  2.075000e+04  8.616338e+01  2.600849e+04  7.3886049945967557e+02
      4550  5.6874999999999396e+00  1.0847740990231458e-01  3.0278000881240099e+00  4.925658e-01  1.106579e+01  2.777869e+01  3.482188e+02  1.909163e+03  2.046915e+04  8.444262e+01  2.485408e+04  7.3868193687982375e+02
      4560  5.6999999999999371e+00  1.0838269434341040e-01  3.0340046864433821e+00  4.931574e-01  1.103408e+01  2.763569e+01  3.457151e+02  1.886833e+03  2.020744e+04  8.277339e+01  2.375768e+04  7.3850542088155930e+02
      4570  5.7124999999999346e+00  1.0828778503003664e-01  3.0402010520797589e+00  4.940836e-01  1.100459e+01  2.751832e+01  3.434118e+02  1.866714e+03  1.996536e+04  8.115810e+01  2.271839e+04  7.3833882313006723e+02
      4580  5.7249999999999321e+00  1.0819268216880580e-01  3.0463923963328146e+00  4.953498e-01  1.097741e+01  2.742736e+01  3.413160e+02  1.848860e+03  1.974334e+04  7.959902e+01  2.173505e+04  7.3819002590375021e+02
      4590  5.7374999999999297e+00  1.0809738586917690e-01  3.0525817246252722e+00  4.969597e-01  1.095260e+01  2.736344e+01  3.394345e+02  1.833320e+03  1.954181e+04  7.809827e+01  2.080631e+04  7.3806687607021593e+02
      4600  5.7499999999999272e+00  1.0800189614998684e-01  3.0587718305141829e+00  4.989154e-01  1.093021e+01  2.732711e+01  3.377737e+02  1.820135e+03  1.936118e+04  7.665783e+01  1.993070e+04  7.3797713997459573e+02
      4610  5.7624999999999247e+00  1.0790621294614697e-01  3.0649652910146825e+00  5.012169e-01  1.091031e+01  2.731881e+01  3.363399e+02  1.809343e+03  1.920184e+04  7.527955e+01  1.910665e+04  7.3792845975076864e+02
      4620  5.7749999999999222e+00  1.0781033611546754e-01  3.0711644632393651e+00  5.038624e-01  1.089295e+01  2.733884e+01  3.351393e+02  1.800976e+03  1.906421e+04  7.396518e+01  1.833255e+04  7.3792831153221300e+02
      4630  5.7874999999999197e+00  1.0771426544556324e-01  3.0773714823446321e+00  5.068484e-01  1.087817e+01  2.738742e+01  3.341778e+02  1.795063e+03  1.894871e+04  7.271632e+01  1.760676e+04  7.3798396599623322e+02
      4640  5.7999999999999172e+00  1.0761800066080669e-01  3.0835882607653140e+00  5.101694e-01  1.086601e+01  2.746462e+01  3.334611e+02  1.791626e+03  1.885576e+04  7.153446e+01  1.692765e+04  7.3810245162412366e+02
      4650  5.8124999999999147e+00  1.0752154142928300e-01  3.0898164887090886e+00  5.138180e-01  1.085651e+01  2.757042e+01  3.329944e+02  1.790687e+03  1.878580e+04  7.042094e+01  1.629366e+04  7.3829052100208935e+02
      4660  5.8249999999999122e+00  1.0742488736971148e-01  3.0960576358741498e+00  5.177851e-01  1.084968e+01  2.770466e+01  3.327828e+02  1.792260e+03  1.873926e+04  6.937697e+01  1.570326e+04  7.3855462042454826e+02
      4670  5.8374999999999098e+00  1.0732803805829391e-01  3.1023129543463810e+00  5.220598e-01  1.084555e+01  2.786708e+01  3.328307e+02  1.796358e+03  1.871659e+04  6.840358e+01  1.515499e+04  7.3890086299513212e+02
      4680  5.8499999999999073e+00  1.0723099303545595e-01  3.1085834826264551e+00  5.266295e-01  1.084413e+01  2.805728e+01  3.331420e+02  1.802985e+03  1.871823e+04  6.750165e+01  1.464747e+04  7.3933500535320627e+02
      4690  5.8624999999999048e+00  1.0713375181244381e-01  3.1148700507325486e+00  5.314802e-01  1.084541e+01  2.827476e+01  3.337199e+02  1.812146e+03  1.874460e+04  6.667183e+01  1.417942e+04  7.3986242808717827e+02
      4700  5.8749999999999023e+00  1.0703631387774723e-01  3.1211732863211630e+00  5.365961e-01  1.084938e+01  2.851888e+01  3.345670e+02  1.823835e+03  1.879608e+04  6.591459e+01  1.374962e+04  7.4048811983247481e+02
      4710  5.8874999999998998e+00  1.0693867870331472e-01  3.1274936217657916e+00  5.419604e-01  1.085601e+01  2.878891e+01  3.356846e+02  1.838046e+03  1.887304e+04  6.523017e+01  1.335696e+04  7.4121666499380945e+02
      4720  5.8999999999998973e+00  1.0684084575053446e-01  3.1338313021319646e+00  5.475549e-01  1.086528e+01  2.908401e+01  3.370734e+02  1.854761e+03  1.897578e+04  6.461855e+01  1.300041e+04  7.4205223498013424e+02
      4730  5.9124999999998948e+00  1.0674281447595195e-01  3.1401863939862014e+00  5.533602e-01  1.087714e+01  2.940320e+01  3.387329e+02  1.873961e+03  1.910455e+04  6.407947e+01  1.267898e+04  7.4299858279763532e+02
      4740  5.9249999999998924e+00  1.0664458433670020e-01  3.1465587949761149e+00  5.593563e-01  1.089153e+01  2.974543e+01  3.406615e+02  1.895615e+03  1.925954e+04  6.361242e+01  1.239179e+04  7.4405904081265248e+02
      4750  5.9374999999998899e+00  1.0654615479562074e-01  3.1529482441189645e+00  5.655221e-01  1.090838e+01  3.010953e+01  3.428563e+02  1.919688e+03  1.944086e+04  6.321661e+01  1.213798e+04  7.4523652147280961e+02
      4760  5.9499999999998874e+00  1.0644752532604966e-01  3.1593543327356746e+00  5.718361e-01  1.092760e+01  3.049424e+01  3.453135e+02  1.946134e+03  1.964852e+04  6.289100e+01  1.191676e+04  7.4653352076098668e+02
      4770  5.9624999999998849e+00  1.0634869541625691e-01  3.1657765159673779e+00  5.782760e-01  1.094912e+01  3.089820e+01  3.480276e+02  1.974900e+03  1.988247e+04  6.263425e+01  1.172735e+04  7.4795212415272636e+02
      4780  5.9749999999998824e+00  1.0624966457351320e-01  3.1722141248106355e+00  5.848196e-01  1.097283e+01  3.131999e+01  3.509925e+02  2.005922e+03  2.014252e+04  6.244480e+01  1.156899e+04  7.4949401485226451e+02
      4790  5.9874999999998799e+00  1.0615043232777710e-01  3.1786663786064744e+00  5.914443e-01  1.099862e+01  3.175808e+01  3.542003e+02  2.039127e+03  2.042843e+04  6.232083e+01  1.144092e+04  7.5116048409408450e+02
      4800  5.9999999999998774e+00  1.0605099823498293e-01  3.1851323979163899e+00  5.981276e-01  1.102637e+01  3.221090e+01  3.576425e+02  2.074435e+03  2.073981e+04  6.226029e+01  1.134236e+04  7.5295244331438971e+02
      4810  6.0124999999998749e+00  1.0595136187992220e-01  3.1916112177157969e+00  6.048471e-01  1.105596e+01  3.267679e+01  3.613091e+02  2.111751e+03  2.107619e+04  6.226091e+01  1.127253e+04  7.5487043801787956e+02
      4820  6.0249999999998725e+00  1.0585152287870983e-01  3.1981018008322075e+00  6.115808e-01  1.108727e+01  3.315405e+01  3.651895e+02  2.150975e+03  2.143701e+04  6.232022e+01  1.123059e+04  7.5691466318784455e+02
      4830  6.0374999999998700e+00  1.0575148088082553e-01  3.2046030515510409e+00  6.183072e-01  1.112015e+01  3.364094e+01  3.692721e+02  2.191995e+03  2.182158e+04  6.243561e+01  1.121569e+04  7.5908498010987478e+02
      4840  6.0499999999998675e+00  1.0565123557072881e-01  3.2111138293076364e+00  6.250054e-01  1.115447e+01  3.413569e+01  3.735445e+02  2.234691e+03  2.222914e+04  6.260430e+01  1.122690e+04  7.6138093449917847e+02
      4850  6.0624999999998650e+00  1.0555078666904753e-01  3.2176329623785942e+00  6.316552e-01  1.119011e+01  3.463649e+01  3.779938e+02  2.278933e+03  2.265884e+04  6.282338e+01  1.126325e+04  7.6380177583739419e+02
      4860  6.0749999999998625e+00  1.0545013393333856e-01  3.2241592614808581e+00  6.382376e-01  1.122691e+01  3.514155e+01  3.826065e+02  2.324587e+03  2.310976e+04  6.308987e+01  1.132374e+04  7.6634647783509536e+02
      4870  6.0874999999998600e+00  1.0534927715842513e-01  3.2306915331810733e+00  6.447343e-01  1.126474e+01  3.564907e+01  3.873690e+02  2.371510e+03  2.358091e+04  6.340072e+01  1.140729e+04  7.6901375994038244e+02
      4880  6.0999999999998575e+00  1.0524821617632162e-01  3.2372285930138474e+00  6.511283e-01  1.130348e+01  3.615728e+01  3.922674e+02  2.419555e+03  2.407125e+04  6.375284e+01  1.151278e+04  7.7180210981143978e+02
      4890  6.1124999999998550e+00  1.0514695085575247e-01  3.2437692782026546e+00  6.574040e-01  1.134299e+01  3.666444e+01  3.972879e+02  2.468574e+03  2.457971e+04  6.414313e+01  1.163908e+04  7.7470980666200956e+02
      4900  6.1249999999998526e+00  1.0504548110128289e-01  3.2503124598745958e+00  6.635469e-01  1.138314e+01  3.716887e+01  4.024169e+02  2.518413e+03  2.510520e+04  6.456855e+01  1.178498e+04  7.7773494537401075e+02
      4910  6.1374999999998501e+00  1.0494380685207504e-01  3.2568570546581110e+00  6.695439e-01  1.142381e+01  3.766895e+01  4.076409e+02  2.568923e+03  2.564663e+04  6.502609e+01  1.194928e+04  7.8087546125221400e+02
      4920  6.1499999999998476e+00  1.0484192808029445e-01  3.2634020355525917e+00  6.753836e-01  1.146489e+01  3.816314e+01  4.129473e+02  2.619955e+03  2.620294e+04  6.551282e+01  1.213078e+04  7.8412915527359485e+02
      4930  6.1624999999998451e+00  1.0473984478918977e-01  3.2699464419599571e+00  6.810556e-01  1.150625e+01  3.865001e+01  4.183237e+02  2.671364e+03  2.677311e+04  6.602597e+01  1.232827e+04  7.8749371966044134e+02
      4940  6.1749999999998426e+00  1.0463755701087182e-01  3.2764893887719082e+00  6.865514e-01  1.154780e+01  3.912822e+01  4.237587e+02  2.723012e+03  2.735618e+04  6.656289e+01  1.254059e+04  7.9096676358371417e+02
      4950  6.1874999999998401e+00  1.0453506480382664e-01  3.2830300744109540e+00  6.918635e-01  1.158943e+01  3.959656e+01  4.292416e+02  2.774769e+03  2.795126e+04  6.712113e+01  1.276661e+04  7.9454583878327935e+02
      4960  6.1999999999998376e+00  1.0443236825019378e-01  3.2895677877311558e+00  6.969862e-01  1.163103e+01  4.005393e+01  4.347629e+02  2.826514e+03  2.855758e+04  6.769842e+01  1.300526e+04  7.9822846487632330e+02
      4970  6.2124999999998352e+00  1.0432946745284748e-01  3.2961019136922616e+00  7.019146e-01  1.167253e+01  4.049936e+01  4.403137e+02  2.878139e+03  2.917448e+04  6.829274e+01  1.325559e+04  8.0201215411605870e+02
      4980  6.2249999999998327e+00  1.0422636253232243e-01  3.3026319377317872e+00  7.066452e-01  1.171382e+01  4.093202e+01  4.458865e+02  2.929546e+03  2.980143e+04  6.890233e+01  1.351672e+04  8.0589443536035969e+02
      4990  6.2374999999998302e+00  1.0412305362362202e-01  3.3091574487712982e+00  7.111757e-01  1.175483e+01  4.135120e+01  4.514745e+02  2.980652e+03  3.043805e+04  6.952565e+01  1.378792e+04  8.0987287701497030e+02
      5000  6.2499999999998277e+00  1.0401954087295667e-01  3.3156781408054781e+00  7.155042e-01  1.179546e+01  4.175632e+01  4.570722e+02  3.031388e+03  3.108410e+04  7.016148e+01  1.406860e+04  8.1394510872780472e+02
      5010  6.2624999999998252e+00  1.0391582443445238e-01  3.3221938130368396e+00  7.196300e-01  1.183564e+01  4.214689e+01  4.626749e+02  3.081696e+03  3.173951e+04  7.080882e+01  1.435832e+04  8.1810884162903619e+02
      5020  6.2749999999998227e+00  1.0381190446688175e-01  3.3287043685326454e+00  7.235526e-01  1.187529e+01  4.252254e+01  4.682787e+02  3.131536e+03  3.240437e+04  7.146697e+01  1.465682e+04  8.2236188693444046e+02
      5030  6.2874999999998202e+00  1.0370778113045663e-01  3.3352098113955773e+00  7.272720e-01  1.191432e+01  4.288299e+01  4.738805e+02  3.180878e+03  3.307890e+04  7.213547e+01  1.496400e+04  8.2670217275536720e+02
      5040  6.2999999999998177e+00  1.0360345458373475e-01  3.3417102424539871e+00  7.307881e-01  1.195265e+01  4.322801e+01  4.794778e+02  3.229704e+03  3.376345e+04  7.281411e+01  1.527995e+04  8.3112775898526752e+02
      5050  6.3124999999998153e+00  1.0349892498068364e-01  3.3482058534921544e+00  7.341009e-01  1.199021e+01  4.355744e+01  4.850684e+02  3.278006e+03  3.445852e+04  7.350287e+01  1.560495e+04  8.3563685015817691e+02
      5060  6.3249999999998128e+00  1.0339419246794511e-01  3.3546969200551922e+00  7.372100e-01  1.202689e+01  4.387113e+01  4.906503e+02  3.325783e+03  3.516467e+04  7.420192e+01  1.593943e+04  8.4022780619650860e+02
      5070  6.3374999999998103e+00  1.0328925718234905e-01  3.3611837928768518e+00  7.401144e-01  1.206262e+01  4.416892e+01  4.962215e+02  3.373040e+03  3.588255e+04  7.491160e+01  1.628399e+04  8.4489915098258541e+02
      5080  6.3499999999998078e+00  1.0318411924871392e-01  3.3676668879918656e+00  7.428126e-01  1.209730e+01  4.445067e+01  5.017796e+02  3.419784e+03  3.661282e+04  7.563233e+01  1.663938e+04  8.4964957869906618e+02
      5090  6.3624999999998053e+00  1.0307877877797687e-01  3.3741466756072334e+00  7.453020e-01  1.213082e+01  4.471615e+01  5.073215e+02  3.466020e+03  3.735612e+04  7.636462e+01  1.700647e+04  8.5447795788720623e+02
      5100  6.3749999999998028e+00  1.0297323586568932e-01  3.3806236678191746e+00  7.475790e-01  1.216309e+01  4.496509e+01  5.128435e+02  3.511749e+03  3.811305e+04  7.710902e+01  1.738621e+04  8.5938333316869216e+02
      5110  6.3874999999998003e+00  1.0286749059091217e-01  3.3870984052741990e+00  7.496387e-01  1.219398e+01  4.519713e+01  5.183406e+02  3.556964e+03  3.888406e+04  7.786609e+01  1.777967e+04  8.6436492456721408e+02
      5120  6.3999999999997979e+00  1.0276154301554602e-01  3.3935714428844621e+00  7.514751e-01  1.222336e+01  4.541180e+01  5.238063e+02  3.601647e+03  3.966947e+04  7.863633e+01  1.818791e+04  8.6942212435112231e+02
      5130  6.4124999999997954e+00  1.0265539318411722e-01  3.4000433347181058e+00  7.530806e-01  1.225112e+01  4.560849e+01  5.292326e+02  3.645763e+03  4.046935e+04  7.942021e+01  1.861206e+04  8.7455449130017507e+02
      5140  6.4249999999997929e+00  1.0254904112404915e-01  3.4065146181963617e+00  7.544462e-01  1.227710e+01  4.578648e+01  5.346095e+02  3.689258e+03  4.128349e+04  8.021809e+01  1.905320e+04  8.7976174227943397e+02
      5150  6.4374999999997904e+00  1.0244248684643723e-01  3.4129857977389166e+00  7.555614e-01  1.230116e+01  4.594487e+01  5.399246e+02  3.732057e+03  4.211134e+04  8.103023e+01  1.951239e+04  8.8504374098402468e+02
      5160  6.4499999999997879e+00  1.0233573034733923e-01  3.4194573280090639e+00  7.564145e-01  1.232314e+01  4.608263e+01  5.451637e+02  3.774058e+03  4.295193e+04  8.185680e+01  1.999062e+04  8.9040048370216266e+02
      5170  6.4624999999997854e+00  1.0222877160959504e-01  3.4259295969190608e+00  7.569921e-01  1.234286e+01  4.619855e+01  5.503096e+02  3.815131e+03  4.380387e+04  8.269780e+01  2.048880e+04  8.9583208193237169e+02
      5180  6.4749999999997829e+00  1.0212161060517913e-01  3.4324029085647108e+00  7.572796e-01  1.236016e+01  4.629130e+01  5.553429e+02  3.855116e+03  4.466521e+04  8.355316e+01  2.100773e+04  9.0133874168687385e+02
      5190  6.4874999999997804e+00  1.0201424729808431e-01  3.4388774662659944e+00  7.572613e-01  1.237484e+01  4.635936e+01  5.602412e+02  3.893821e+03  4.553350e+04  8.442266e+01  2.154811e+04  9.0692073931773291e+02
      5200  6.4999999999997780e+00  1.0190668164773159e-01  3.4453533558975296e+00  7.569205e-01  1.238671e+01  4.640109e+01  5.649798e+02  3.931020e+03  4.640566e+04  8.530598e+01  2.211051e+04  9.1257839371791249e+02
      5210  6.5124999999997755e+00  1.0179891361289367e-01  3.4518305296985523e+00  7.562397e-01  1.239559e+01  4.641473e+01  5.695312e+02  3.966455e+03  4.727803e+04  8.620271e+01  2.269537e+04  9.1831203477634142e+02
      5220  6.5249999999997730e+00  1.0169094315611651e-01  3.4583087907572043e+00  7.552006e-01  1.240125e+01  4.639840e+01  5.738653e+02  3.999832e+03  4.814628e+04  8.711236e+01  2.330301e+04  9.2412196800595962e+02
      5230  6.5374999999997705e+00  1.0158277024860891e-01  3.4647877783677399e+00  7.537851e-01  1.240351e+01  4.635017e+01  5.779499e+02  4.030829e+03  4.900545e+04  8.803436e+01  2.393363e+04  9.3000843531635530e+02
      5240  6.5499999999997680e+00  1.0147439487557726e-01  3.4712669544619104e+00  7.519746e-01  1.240216e+01  4.626800e+01  5.817504e+02  4.059092e+03  4.984995e+04  8.896809e+01  2.458730e+04  9.3597157196854175e+02
      5250  6.5624999999997655e+00  1.0136581704196208e-01  3.4777455913172042e+00  7.497510e-01  1.239699e+01  4.614988e+01  5.852304e+02  4.084240e+03  5.067358e+04  8.991287e+01  2.526398e+04  9.4201135982755955e+02
      5260  6.5749999999997630e+00  1.0125703677853791e-01  3.4842227607450251e+00  7.470968e-01  1.238781e+01  4.599375e+01  5.883518e+02  4.105869e+03  5.146952e+04  9.086796e+01  2.596353e+04  9.4812757711839231e+02
      5270  6.5874999999997605e+00  1.0114805414832438e-01  3.4906973249605202e+00  7.439955e-01  1.237442e+01  4.579763e+01  5.910752e+02  4.123557e+03  5.223045e+04  9.183255e+01  2.668566e+04  9.5431974499000114e+02
      5280  6.5999999999997581e+00  1.0103886925325370e-01  3.4971679293339091e+00  7.404316e-01  1.235664e+01  4.555959e+01  5.933602e+02  4.136867e+03  5.294853e+04  9.280574e+01  2.742999e+04  9.6058707129929098e+02
      5290  6.6124999999997556e+00  1.0092948224103503e-01  3.5036329972195075e+00  7.363916e-01  1.233428e+01  4.527778e+01  5.951660e+02  4.145355e+03  5.361553e+04  9.378650e+01  2.819597e+04  9.6692839213845593e+02
      5300  6.6249999999997531e+00  1.0081989331214176e-01  3.5100907270544979e+00  7.318636e-01  1.230719e+01  4.495051e+01  5.964514e+02  4.148572e+03  5.422289e+04  9.477362e+01  2.898286e+04  9.7334211174263487e+02
      5310  6.6374999999997506e+00  1.0071010272685434e-01  3.5165390919134771e+00  7.268381e-01  1.227520e+01  4.457626e+01  5.971755e+02  4.146078e+03  5.476180e+04  9.576569e+01  2.978970e+04  9.7982614152630538e+02
      5320  6.6499999999997481e+00  1.0060011081227618e-01  3.5229758416995267e+00  7.213080e-01  1.223819e+01  4.415368e+01  5.972981e+02  4.137441e+03  5.522333e+04  9.676098e+01  3.061528e+04  9.8637783910318569e+02
      5330  6.6624999999997456e+00  1.0048991796923680e-01  3.5293985081438981e+00  7.152691e-01  1.219602e+01  4.368168e+01  5.967800e+02  4.122249e+03  5.559855e+04  9.775742e+01  3.145800e+04  9.9299394824193246e+02
      5340  6.6749999999997431e+00  1.0037952467899283e-01  3.5358044127796817e+00  7.087201e-01  1.214860e+01  4.315938e+01  5.955836e+02  4.100117e+03  5.587860e+04  9.875247e+01  3.231588e+04  9.9967054079564309e+02
      5350  6.6874999999997407e+00  1.0026893150963280e-01  3.5421906780448040e+00  7.016630e-01  1.209583e+01  4.258622e+01  5.936731e+02  4.070693e+03  5.605488e+04  9.974309e+01  3.318640e+04  1.0064029617145463e+03
      5360  6.6999999999997382e+00  1.0015813912208198e-01  3.5485542416600198e+00  6.941030e-01  1.203764e+01  4.196189e+01  5.910150e+02  4.033668e+03  5.611916e+04  1.007256e+02  3.406648e+04  1.0131857783069869e+03
      5370  6.7124999999997357e+00  1.0004714827560829e-01  3.5548918744159081e+00  6.860489e-01  1.197399e+01  4.128644e+01  5.875789e+02  3.988781e+03  5.606374e+04  1.016958e+02  3.495237e+04  1.0200127349531975e+03
      5380  6.7249999999997332e+00  9.9935959832713347e-02  3.5612002014892461e+00  6.775127e-01  1.190484e+01  4.056022e+01  5.833376e+02  3.935829e+03  5.588155e+04  1.026486e+02  3.583957e+04  1.0268767145009149e+03
      5390  6.7374999999997307e+00  9.9824574763305793e-02  3.5674757273931825e+00  6.685101e-01  1.183018e+01  3.978395e+01  5.782675e+02  3.874673e+03  5.556638e+04  1.035782e+02  3.672283e+04  1.0337697075841097e+03
      5400  6.7499999999997282e+00  9.9712994148032516e-02  3.5737148646457380e+00  6.590600e-01  1.175004e+01  3.895869e+01  5.723495e+02  3.805245e+03  5.511298e+04  1.044781e+02  3.759609e+04  1.0406827911100927e+03
      5410  6.7624999999997257e+00  9.9601219180660144e-02  3.5799139662165880e+00  6.491848e-01  1.166443e+01  3.808591e+01  5.655696e+02  3.727557e+03  5.451723e+04  1.053412e+02  3.845250e+04  1.0476061171619897e+03
      5420  6.7749999999997232e+00  9.9489251169377610e-02  3.5860693617807970e+00  6.389097e-01  1.157343e+01  3.716742e+01  5.579192e+02  3.641706e+03  5.377635e+04  1.061595e+02  3.928452e+04  1.0545289135687556e+03
      5430  6.7874999999997208e+00  9.9377091536912265e-02  3.5921773977688822e+00  6.282632e-01  1.147712e+01  3.620545e+01  5.493957e+02  3.547881e+03  5.288899e+04  1.069245e+02  4.008394e+04  1.0614394974103800e+03
      5440  6.7999999999997183e+00  9.9264741819332494e-02  3.5982344811522151e+00  6.172763e-01  1.137561e+01  3.520262e+01  5.400039e+02  3.446364e+03  5.185543e+04  1.076273e+02  4.084208e+04  1.0683253027561004e+03
      5450  6.8124999999997158e+00  9.9152203663425309e-02  3.6042371268402893e+00  6.059824e-01  1.126907e+01  3.416193e+01  5.297556e+02  3.337542e+03  5.067768e+04  1.082586e+02  4.154994e+04  1.0751729239809201e+03
      5460  6.8249999999997133e+00  9.9039478822541938e-02  3.6101820084884437e+00  5.944171e-01  1.115766e+01  3.308681e+01  5.186714e+02  3.221897e+03  4.935964e+04  1.088090e+02  4.219839e+04  1.0819681760676481e+03
      5470  6.8374999999997108e+00  9.8926569150802973e-02  3.6160660124200295e+00  5.826177e-01  1.104160e+01  3.198105e+01  5.067802e+02  3.100018e+03  4.790717e+04  1.092693e+02  4.277840e+04  1.0886961733699527e+03
      5480  6.8499999999997083e+00  9.8813476595577335e-02  3.6218862942546544e+00  5.706233e-01  1.092116e+01  3.084883e+01  4.941206e+02  2.972589e+03  4.632811e+04  1.096301e+02  4.328129e+04  1.0953414283694306e+03
      5490  6.8624999999997058e+00  9.8700203188154742e-02  3.6276403377029003e+00  5.584737e-01  1.079664e+01  2.969468e+01  4.807406e+02  2.840390e+03  4.463232e+04  1.098827e+02  4.369887e+04  1.1018879719808560e+03
      5500  6.8749999999997033e+00  9.8586751032556763e-02  3.6333260148404638e+00  5.462100e-01  1.066837e+01  2.852344e+01  4.666984e+02  2.704285e+03  4.283160e+04  1.100190e+02  4.402372e+04  1.1083194969097794e+03
      5510  6.8874999999997009e+00  9.8473122292452586e-02  3.6389416470131870e+00  5.338732e-01  1.053674e+01  2.734024e+01  4.520615e+02  2.565209e+03  4.093959e+04  1.100315e+02  4.424927e+04  1.1146195254017100e+03
      5520  6.8999999999996984e+00  9.8359319176172383e-02  3.6444860653551863e+00  5.215049e-01  1.040218e+01  2.615043e+01  4.369068e+02  2.424158e+03  3.897155e+04  1.099136e+02  4.436996e+04  1.1207716023930395e+03
      5530  6.9124999999996959e+00  9.8245343919853775e-02  3.6499586697331776e+00  5.091462e-01  1.026516e+01  2.495955e+01  4.213198e+02  2.282165e+03  3.694412e+04  1.096597e+02  4.438129e+04  1.1267595145305727e+03
      5540  6.9249999999996934e+00  9.8131198768785385e-02  3.6553594847724731e+00  4.968375e-01  1.012619e+01  2.377318e+01  4.053935e+02  2.140283e+03  3.487499e+04  1.092652e+02  4.427984e+04  1.1325675347231079e+03
      5550  6.9374999999996909e+00  9.8016885957065536e-02  3.6606892114870675e+00  4.846185e-01  9.985826e+00  2.259694e+01  3.892270e+02  1.999561e+03  3.278254e+04  1.087268e+02  4.406330e+04  1.1381806907940661e+03
      5560  6.9499999999996884e+00  9.7902407685735465e-02  3.6659492729428509e+00  4.725275e-01  9.844629e+00  2.143636e+01  3.729239e+02  1.861020e+03  3.068539e+04  1.080421e+02  4.373041e+04  1.1435850554091637e+03
      5570  6.9624999999996859e+00  9.7787766099601200e-02  3.6711418523462713e+00  4.606013e-01  9.703200e+00  2.029678e+01  3.565903e+02  1.725629e+03  2.860195e+04  1.072102e+02  4.328093e+04  1.1487680527821672e+03
      5580  6.9749999999996835e+00  9.7672963263000456e-02  3.6762699219851789e+00  4.488747e-01  9.562150e+00  1.918326e+01  3.403325e+02  1.594285e+03  2.655000e+04  1.062311e+02  4.271557e+04  1.1537187757781260e+03
      5590  6.9874999999996810e+00  9.7558001134830513e-02  3.6813372615680855e+00  4.373804e-01  9.422093e+00  1.810051e+01  3.242552e+02  1.467788e+03  2.454622e+04  1.051061e+02  4.203601e+04  1.1584283050477748e+03
      5600  6.9999999999996785e+00  9.7442881543182452e-02  3.6863484647218305e+00  4.261485e-01  9.283638e+00  1.705274e+01  3.084589e+02  1.346828e+03  2.260582e+04  1.038379e+02  4.124486e+04  1.1628900198929721e+03
      5610  7.0124999999996760e+00  9.7327606159969549e-02  3.6913089327181288e+00  4.152065e-01  9.147378e+00  1.604367e+01  2.930381e+02  1.231971e+03  2.074219e+04  1.024301e+02  4.034564e+04  1.1670998888749702e+03
      5620  7.0249999999996735e+00  9.7212176475959464e-02  3.6962248549021735e+00  4.045790e-01  9.013882e+00  1.507640e+01  2.780792e+02  1.123651e+03  1.896664e+04  1.008878e+02  3.934287e+04  1.1710567269512139e+03
      5630  7.0374999999996710e+00  9.7096593776625814e-02  3.7011031757778645e+00  3.942876e-01  8.883680e+00  1.415339e+01  2.636590e+02  1.022167e+03  1.728823e+04  9.921704e+01  3.824208e+04  1.1747624053815744e+03
      5640  7.0499999999996685e+00  9.6980859119228949e-02  3.7059515492407389e+00  3.843504e-01  8.757260e+00  1.327644e+01  2.498432e+02  9.276836e+02  1.571371e+04  9.742513e+01  3.704984e+04  1.1782220009742475e+03
      5650  7.0624999999996660e+00  9.6864973311519276e-02  3.7107782810114824e+00  3.747824e-01  8.635060e+00  1.244668e+01  2.366860e+02  8.402424e+02  1.424750e+04  9.552050e+01  3.577386e+04  1.1814438725825435e+03
      5660  7.0749999999996636e+00  9.6748936892396428e-02  3.7155922608715719e+00  3.655955e-01  8.517457e+00  1.166458e+01  2.242291e+02  7.597683e+02  1.289181e+04  9.351270e+01  3.442293e+04  1.1844396551693030e+03
      5670  7.0874999999996611e+00  9.6632750114824473e-02  3.7204028867976824e+00  3.567980e-01  8.404769e+00  1.092998e+01  2.125024e+02  6.860859e+02  1.164683e+04  9.141227e+01  3.300695e+04  1.1872241651726679e+03
      5680  7.0999999999996586e+00  9.6516412931208176e-02  3.7252199834936031e+00  3.483955e-01  8.297250e+00  1.024216e+01  2.015236e+02  6.189351e+02  1.051092e+04  8.923072e+01  3.153687e+04  1.1898152151669181e+03
      5690  7.1124999999996561e+00  9.6399924981368013e-02  3.7300537180907858e+00  3.403903e-01  8.195090e+00  9.599892e+00  1.912997e+02  5.579890e+02  9.480878e+03  8.698038e+01  3.002453e+04  1.1922333406345099e+03
      5700  7.1249999999996536e+00  9.6283285583156353e-02  3.7349145159056927e+00  3.327825e-01  8.098416e+00  9.001534e+00  1.818274e+02  5.028708e+02  8.552272e+03  8.467426e+01  2.848251e+04  1.1945014466829691e+03
      5710  7.1374999999996511e+00  9.6166493725665478e-02  3.7398129790879859e+00  3.255696e-01  8.007297e+00  8.445085e+00  1.730948e+02  4.531710e+02  7.719695e+03  8.232592e+01  2.692388e+04  1.1966443873322116e+03
      5720  7.1499999999996486e+00  9.6049548064903068e-02  3.7447598107681404e+00  3.187473e-01  7.921746e+00  7.928292e+00  1.650825e+02  4.084628e+02  6.977064e+03  7.994922e+01  2.536197e+04  1.1986884941422272e+03
      5730  7.1624999999996461e+00  9.5932446921717318e-02  3.7497657469291172e+00  3.123097e-01  7.841726e+00  7.448734e+00  1.577650e+02  3.683152e+02  6.317878e+03  7.755819e+01  2.381001e+04  1.2006610740736382e+03
      5740  7.1749999999996437e+00  9.5815188281710872e-02  3.7548414977109101e+00  3.062497e-01  7.767159e+00  7.003895e+00  1.511124e+02  3.323042e+02  5.735450e+03  7.516677e+01  2.228084e+04  1.2025898982985998e+03
      5750  7.1874999999996412e+00  9.5697769796826010e-02  3.7599976992455226e+00  3.005596e-01  7.697930e+00  6.591247e+00  1.450913e+02  3.000222e+02  5.223102e+03  7.278860e+01  2.078660e+04  1.2045027040618584e+03
      5760  7.1999999999996387e+00  9.5580188788263201e-02  3.7652448764556503e+00  2.952313e-01  7.633895e+00  6.208307e+00  1.396662e+02  2.710837e+02  4.774326e+03  7.043680e+01  1.933844e+04  1.2064267306344541e+03
      5770  7.2124999999996362e+00  9.5462442250394228e-02  3.7705934165770940e+00  2.902568e-01  7.574888e+00  5.852693e+00  1.348010e+02  2.451304e+02  4.382899e+03  6.812380e+01  1.794624e+04  1.2083883080488158e+03
      5780  7.2249999999996337e+00  9.5344526855346015e-02  3.7760535525246812e+00  2.856280e-01  7.520726e+00  5.522164e+00  1.304590e+02  2.218334e+02  4.042976e+03  6.586109e+01  1.661845e+04  1.2104125139092962e+03
      5790  7.2374999999996312e+00  9.5226438957970255e-02  3.7816353546491395e+00  2.813378e-01  7.471219e+00  5.214651e+00  1.266045e+02  2.008945e+02  3.749143e+03  6.365916e+01  1.536191e+04  1.2125229094604447e+03
      5800  7.2499999999996287e+00  9.5108174600961756e-02  3.7873487289552821e+00  2.773793e-01  7.426171e+00  4.928266e+00  1.232028e+02  1.820454e+02  3.496446e+03  6.152726e+01  1.418181e+04  1.2147413616103959e+03
      5810  7.2624999999996263e+00  9.4989729519964913e-02  3.7932034194891444e+00  2.737464e-01  7.385386e+00  4.661317e+00  1.202211e+02  1.650469e+02  3.280404e+03  5.947342e+01  1.308165e+04  1.2170879530635812e+03
      5820  7.2749999999996238e+00  9.4871099148570892e-02  3.7992090123630962e+00  2.704334e-01  7.348672e+00  4.412298e+00  1.176281e+02  1.496865e+02  3.096997e+03  5.750430e+01  1.206332e+04  1.2195809783725535e+03
      5830  7.2874999999996213e+00  9.4752278623200056e-02  3.8053749387776366e+00  2.674353e-01  7.315844e+00  4.179876e+00  1.153949e+02  1.357760e+02  2.942650e+03  5.562525e+01  1.112718e+04  1.2222370197531450e+03
      5840  7.2999999999996188e+00  9.4633262787939251e-02  3.8117104744147343e+00  2.647469e-01  7.286724e+00  3.962878e+00  1.134945e+02  1.231488e+02  2.814201e+03  5.384024e+01  1.027225e+04  1.2250710930322712e+03
      5850  7.3124999999996163e+00  9.4514046199489540e-02  3.8182247327168506e+00  2.623632e-01  7.261145e+00  3.760263e+00  1.119019e+02  1.116568e+02  2.708869e+03  5.215199e+01  9.496338e+03  1.2280968511729088e+03
      5860  7.3249999999996138e+00  9.4394623132447064e-02  3.8249266498197048e+00  2.602786e-01  7.238948e+00  3.571103e+00  1.105942e+02  1.011675e+02  2.624214e+03  5.056198e+01  8.796278e+03  1.2313268304829160e+03
      5870  7.3374999999996113e+00  9.4274987585214756e-02  3.8318249592677964e+00  2.584867e-01  7.219986e+00  3.394553e+00  1.095501e+02  9.156158e+01  2.558103e+03  4.907055e+01  8.168131e+03  1.2347727228979245e+03
      5880  7.3499999999996088e+00  9.4155133286878634e-02  3.8389281550959997e+00  2.569801e-01  7.204119e+00  3.229833e+00  1.087500e+02  8.273023e+01  2.508667e+03  4.767703e+01  7.607388e+03  1.2384456566846748e+03
      5890  7.3624999999996064e+00  9.4035053705435606e-02  3.8462444423949598e+00  2.557498e-01  7.191219e+00  3.076207e+00  1.081760e+02  7.457317e+01  2.474265e+03  4.637985e+01  7.109166e+03  1.2423564676024421e+03
      5900  7.3749999999996039e+00  9.3914742057767550e-02  3.8537816750701870e+00  2.547851e-01  7.181164e+00  2.932968e+00  1.078113e+02  6.699712e+01  2.453451e+03  4.517663e+01  6.668381e+03  1.2465159430525050e+03
      5910  7.3874999999996014e+00  9.3794191321754303e-02  3.8615472811337894e+00  2.540735e-01  7.173837e+00  2.799424e+00  1.076402e+02  5.991472e+01  2.444942e+03  4.406432e+01  6.279905e+03  1.2509350230823090e+03
      5920  7.3999999999995989e+00  9.3673394250909051e-02  3.8695481765033950e+00  2.536004e-01  7.169132e+00  2.674902e+00  1.076483e+02  5.324400e+01  2.447592e+03  4.303932e+01  5.938691e+03  1.2556249442905562e+03
      5930  7.4124999999995964e+00  9.3552343391863246e-02  3.8777906688983323e+00  2.533490e-01  7.166947e+00  2.558740e+00  1.078220e+02  4.690832e+01  2.460366e+03  4.209760e+01  5.639872e+03  1.2605973156379150e+03
      5940  7.4249999999995939e+00  9.3431031104986156e-02  3.8862803539856010e+00  2.533004e-01  7.167183e+00  2.450296e+00  1.081488e+02  4.083693e+01  2.482326e+03  4.123474e+01  5.378839e+03  1.2658641187700835e+03
      5950  7.4374999999995914e+00  9.3309449588336174e-02  3.8950220064128049e+00  2.534339e-01  7.169752e+00  2.348957e+00  1.086171e+02  3.496573e+01  2.512616e+03  4.044613e+01  5.151288e+03  1.2714376295074562e+03
      5960  7.4499999999995890e+00  9.3187590905056975e-02  3.9040194687460170e+00  2.537268e-01  7.174569e+00  2.254152e+00  1.092161e+02  2.923853e+01  2.550455e+03  3.972697e+01  4.953254e+03  1.2773302614039301e+03
      5970  7.4624999999995865e+00  9.3065447014237718e-02  3.9132755415915139e+00  2.541552e-01  7.181558e+00  2.165362e+00  1.099361e+02  2.360838e+01  2.595132e+03  3.907241e+01  4.781128e+03  1.2835543364614368e+03
      5980  7.4749999999995840e+00  9.2943009805141114e-02  3.9227918783084168e+00  2.546934e-01  7.190651e+00  2.082136e+00  1.107686e+02  1.803902e+01  2.646008e+03  3.847762e+01  4.631660e+03  1.2901217919495884e+03
      5990  7.4874999999995815e+00  9.2820271134606600e-02  3.9325688877131020e+00  2.553154e-01  7.201790e+00  2.004103e+00  1.117058e+02  1.250620e+01  2.702516e+03  3.793788e+01  4.501961e+03  1.2970438355959561e+03
      6000  7.4999999999995790e+00  9.2697222867324444e-02  3.9426056480360439e+00  2.559943e-01  7.214927e+00  1.930981e+00  1.127416e+02  6.998837e+00  2.764171e+03  3.744869e+01  4.389494e+03  1.3043305640062702e+03
      6010  7.5124999999995765e+00  9.2573856918584108e-02  3.9528998351281701e+00  2.567029e-01  7.230026e+00  1.862585e+00  1.138707e+02  1.519814e+00  2.830570e+03  3.700584e+01  4.292073e+03  1.3119905609298246e+03
      6020  7.5249999999995740e+00  9.2450165299006973e-02  3.9634476675403030e+00  2.574145e-01  7.247064e+00  1.798834e+00  1.150892e+02 -3.913580e+00  2.901400e+03  3.660549e+01  4.207858e+03  1.3200304928485177e+03
      6030  7.5374999999995715e+00  9.2326140160700260e-02  3.9742438706336758e+00  2.581027e-01  7.266030e+00  1.739744e+00  1.163946e+02 -9.269698e+00  2.976444e+03  3.624429e+01  4.135356e+03  1.3284547193409815e+03
      6040  7.5499999999995691e+00  9.2201773844214699e-02  3.9852816613422863e+00  2.587423e-01  7.286924e+00  1.685434e+00  1.177852e+02 -1.450304e+01  3.055577e+03  3.591944e+01  4.073430e+03  1.3372649348078014e+03
      6050  7.5624999999995666e+00  9.2077058925637417e-02  3.9965527546222965e+00  2.593091e-01  7.309759e+00  1.636111e+00  1.192610e+02 -1.955524e+01  3.138773e+03  3.562877e+01  4.021302e+03  1.3464598565314984e+03
      6060  7.5749999999995641e+00  9.1951988263139370e-02  4.0080473920126218e+00  2.597808e-01  7.334558e+00  1.592068e+00  1.208225e+02 -2.435642e+01  3.226093e+03  3.537076e+01  3.978569e+03  1.3560349718080604e+03
      6070  7.5874999999995616e+00  9.1826555042282557e-02  4.0197543921178882e+00  2.601369e-01  7.361352e+00  1.553667e+00  1.224716e+02 -2.882697e+01  3.317683e+03  3.514461e+01  3.945213e+03  1.3659823541694700e+03
      6080  7.5999999999995591e+00  9.1700752819416642e-02  4.0316612222324171e+00  2.603596e-01  7.390178e+00  1.521329e+00  1.242105e+02 -3.287953e+01  3.413764e+03  3.495024e+01  3.921614e+03  1.3762905556775368e+03
      6090  7.6124999999995566e+00  9.1574575562524241e-02  4.0437540897727073e+00  2.604334e-01  7.421079e+00  1.495519e+00  1.260424e+02 -3.642115e+01  3.514619e+03  3.478827e+01  3.908558e+03  1.3869445790737495e+03
      6100  7.6249999999995541e+00  9.1448017688918526e-02  4.0560180516936768e+00  2.603459e-01  7.454097e+00  1.476733e+00  1.279706e+02 -3.935553e+01  3.620577e+03  3.465995e+01  3.907239e+03  1.3979259303830988e+03
      6110  7.6374999999995516e+00  9.1321074099271773e-02  4.0684371396447894e+00  2.600880e-01  7.489276e+00  1.465483e+00  1.299988e+02 -4.158517e+01  3.732008e+03  3.456716e+01  3.919256e+03  1.4092127495495552e+03
      6120  7.6499999999995492e+00  9.1193740207517901e-02  4.0809944982882023e+00  2.596537e-01  7.526657e+00  1.462289e+00  1.321308e+02 -4.301347e+01  3.849298e+03  3.451228e+01  3.946600e+03  1.4207800139694905e+03
      6130  7.6624999999995467e+00  9.1066011966264959e-02  4.0936725339556936e+00  2.590408e-01  7.566280e+00  1.467664e+00  1.343703e+02 -4.354654e+01  3.972849e+03  3.449808e+01  3.991630e+03  1.4325998075056236e+03
      6140  7.6749999999995442e+00  9.0937885887437869e-02  4.1064530706693860e+00  2.582503e-01  7.608179e+00  1.482109e+00  1.367208e+02 -4.309474e+01  4.103058e+03  3.452766e+01  4.057042e+03  1.4446416457973423e+03
      6150  7.6874999999995417e+00  9.0809359057970745e-02  4.1193175104879529e+00  2.572869e-01  7.652383e+00  1.506111e+00  1.391857e+02 -4.157398e+01  4.240320e+03  3.460431e+01  4.145830e+03  1.4568728474859777e+03
      6160  7.6999999999995392e+00  9.0680429150461664e-02  4.1322469951614327e+00  2.561584e-01  7.698917e+00  1.540134e+00  1.417677e+02 -3.890655e+01  4.385014e+03  3.473137e+01  4.261235e+03  1.4692589403592767e+03
      6170  7.7124999999995367e+00  9.0551094428791695e-02  4.1452225661741418e+00  2.548756e-01  7.747800e+00  1.584628e+00  1.444695e+02 -3.502169e+01  4.537509e+03  3.491220e+01  4.406693e+03  1.4817640913618161e+03
      6180  7.7249999999995342e+00  9.0421353748807887e-02  4.1582253204171780e+00  2.534518e-01  7.799046e+00  1.640026e+00  1.472932e+02 -2.985578e+01  4.698165e+03  3.515000e+01  4.585769e+03  1.4943515498552135e+03
      6190  7.7374999999995318e+00  9.0291206554241554e-02  4.1712365589477454e+00  2.519026e-01  7.852665e+00  1.706751e+00  1.502406e+02 -2.335213e+01  4.867332e+03  3.544781e+01  4.802096e+03  1.5069840943529512e+03
      6200  7.7499999999995293e+00  9.0160652868117794e-02  4.1842379265516936e+00  2.502449e-01  7.908659e+00  1.785215e+00  1.533131e+02 -1.546055e+01  5.045362e+03  3.580837e+01  5.059295e+03  1.5196244740899226e+03
      6210  7.7624999999995268e+00  9.0029693279973455e-02  4.1972115401171557e+00  2.484963e-01  7.967022e+00  1.875827e+00  1.565119e+02 -6.136642e+00  5.232615e+03  3.623409e+01  5.360896e+03  1.5322358380999669e+03
      6220  7.7749999999995243e+00  8.9898328929262722e-02  4.2101401041416082e+00  2.466747e-01  8.027743e+00  1.978983e+00  1.598377e+02  4.659094e+00  5.429472e+03  3.672698e+01  5.710249e+03  1.5447821458533847e+03
      6230  7.7874999999995218e+00  8.9766561485372251e-02  4.2230070120243015e+00  2.447971e-01  8.090797e+00  2.095066e+00  1.632911e+02  1.696224e+01  5.636338e+03  3.728858e+01  6.110418e+03  1.5572285548510381e+03
      6240  7.7999999999995193e+00  8.9634393124706835e-02  4.2357964321314761e+00  2.428792e-01  8.156144e+00  2.224427e+00  1.668724e+02  3.080538e+01  5.853661e+03  3.791989e+01  6.564068e+03  1.5695417818016231e+03
      6250  7.8124999999995168e+00  8.9501826505334336e-02  4.2484933779586482e+00  2.409344e-01  8.223729e+00  2.367368e+00  1.705819e+02  4.621888e+01  6.081937e+03  3.862131e+01  7.073334e+03  1.5816904350623272e+03
      6260  7.8249999999995143e+00  8.9368864739690676e-02  4.2610837620453124e+00  2.389735e-01  8.293478e+00  2.524112e+00  1.744191e+02  6.323132e+01  6.321722e+03  3.939247e+01  7.639677e+03  1.5936453168561525e+03
      6270  7.8374999999995119e+00  8.9235511365857167e-02  4.2735544336171802e+00  2.370038e-01  8.365291e+00  2.694777e+00  1.783836e+02  8.186960e+01  6.573635e+03  4.023219e+01  8.263722e+03  1.6053796943590339e+03
      6280  7.8499999999995094e+00  8.9101770317911042e-02  4.2858932002377204e+00  2.350292e-01  8.439046e+00  2.879337e+00  1.824741e+02  1.021585e+02  6.838368e+03  4.113829e+01  8.945091e+03  1.6168695390528928e+03
      6290  7.8624999999995069e+00  8.8967645895844133e-02  4.2980888340390964e+00  2.330493e-01  8.514594e+00  3.077592e+00  1.866890e+02  1.241198e+02  7.116679e+03  4.210751e+01  9.682226e+03  1.6280937337485366e+03
      6300  7.8749999999995044e+00  8.8833142735515819e-02  4.3101310633748184e+00  2.310600e-01  8.591763e+00  3.289141e+00  1.910258e+02  1.477710e+02  7.409397e+03  4.313532e+01  1.047221e+04  1.6390342463861375e+03
      6310  7.8874999999995019e+00  8.8698265779083796e-02  4.3220105509904077e+00  2.290533e-01  8.670354e+00  3.513364e+00  1.954812e+02  1.731243e+02  7.717406e+03  4.421588e+01  1.131062e+04  1.6496762691298163e+03
      6320  7.8999999999994994e+00  8.8563020246308036e-02  4.3337188600511762e+00  2.270176e-01  8.750152e+00  3.749415e+00  2.000511e+02  2.001850e+02  8.041643e+03  4.534193e+01  1.219136e+04  1.6600083204228831e+03
      6330  7.9124999999994969e+00  8.8427411607088585e-02  4.3452484095975885e+00  2.249385e-01  8.830929e+00  3.996238e+00  2.047307e+02  2.289511e+02  8.383082e+03  4.650481e+01  1.310661e+04  1.6700223066391370e+03
      6340  7.9249999999994944e+00  8.8291445555536446e-02  4.3565924212257769e+00  2.227990e-01  8.912451e+00  4.252593e+00  2.095144e+02  2.594135e+02  8.742729e+03  4.769448e+01  1.404674e+04  1.6797135388770837e+03
      6350  7.9374999999994920e+00  8.8155127985821938e-02  4.3677448590126815e+00  2.205808e-01  8.994487e+00  4.517105e+00  2.143968e+02  2.915576e+02  9.121616e+03  4.889969e+01  1.500039e+04  1.6890806994710094e+03
      6360  7.9499999999994895e+00  8.8018464969978810e-02  4.3787003649243514e+00  2.182648e-01  9.076823e+00  4.788325e+00  2.193724e+02  3.253655e+02  9.520806e+03  5.010820e+01  1.595457e+04  1.6981257521492250e+03
      6370  7.9624999999994870e+00  8.7881462737763608e-02  4.3894541921524555e+00  2.158324e-01  9.159266e+00  5.064814e+00  2.244368e+02  3.608207e+02  9.941407e+03  5.130703e+01  1.689491e+04  1.7068537896981964e+03
      6380  7.9749999999994845e+00  8.7744127658598806e-02  4.4000021390105397e+00  2.132664e-01  9.241663e+00  5.345218e+00  2.295867e+02  3.979126e+02  1.038459e+04  5.248291e+01  1.780600e+04  1.7152728137505394e+03
      6390  7.9874999999994820e+00  8.7606466225535098e-02  4.4103404861661479e+00  2.105520e-01  9.323903e+00  5.628359e+00  2.348213e+02  4.366423e+02  1.085164e+04  5.362267e+01  1.867182e+04  1.7233934431650036e+03
      6400  7.9999999999994795e+00  8.7468485041085758e-02  4.4204659400637336e+00  2.076777e-01  9.405934e+00  5.913312e+00  2.401424e+02  4.770289e+02  1.134395e+04  5.471376e+01  1.947632e+04  1.7312285506524272e+03
      6410  8.0124999999994859e+00  8.7330190804697186e-02  4.4303755853689557e+00  2.046364e-01  9.487763e+00  6.199476e+00  2.455553e+02  5.191133e+02  1.186311e+04  5.574473e+01  2.020404e+04  1.7387928320147869e+03
      6420  8.0249999999994923e+00  8.7191590301526053e-02  4.4400668490931610e+00  2.014260e-01  9.569466e+00  6.486620e+00  2.510689e+02  5.629631e+02  1.241088e+04  5.670577e+01  2.084081e+04  1.7461023186723153e+03
      6430  8.0374999999994987e+00  8.7052690392125459e-02  4.4495374786862723e+00  1.980501e-01  9.651189e+00  6.774914e+00  2.566963e+02  6.086731e+02  1.298926e+04  5.758911e+01  2.137444e+04  1.7531738518813038e+03
      6440  8.0499999999995051e+00  8.6913498002575432e-02  4.4587855357633934e+00  1.945183e-01  9.733145e+00  7.064926e+00  2.624547e+02  6.563650e+02  1.360047e+04  5.838945e+01  2.179540e+04  1.7600245456303837e+03
      6450  8.0624999999995115e+00  8.6774020114550349e-02  4.4678094062162517e+00  1.908464e-01  9.815615e+00  7.357601e+00  2.683651e+02  7.061833e+02  1.424692e+04  5.910424e+01  2.209745e+04  1.7666712735639026e+03
      6460  8.0749999999995179e+00  8.6634263754821417e-02  4.4766078262418922e+00  1.870567e-01  9.898936e+00  7.654212e+00  2.744520e+02  7.582889e+02  1.493120e+04  5.973382e+01  2.227808e+04  1.7731302217894915e+03
      6470  8.0874999999995243e+00  8.6494235983717041e-02  4.4851799223385402e+00  1.831771e-01  9.983497e+00  7.956281e+00  2.807426e+02  8.128498e+02  1.565595e+04  6.028148e+01  2.233885e+04  1.7794165520609156e+03
      6480  8.0999999999995307e+00  8.6353943882161499e-02  4.4935252616753942e+00  1.792416e-01  1.006972e+01  8.265489e+00  2.872661e+02  8.700295e+02  1.642386e+04  6.075333e+01  2.228550e+04  1.7855442165562574e+03
      6490  8.1124999999995371e+00  8.6213394537042104e-02  4.5016439076167343e+00  1.752887e-01  1.015806e+01  8.583573e+00  2.940524e+02  9.299737e+02  1.723748e+04  6.115802e+01  2.212784e+04  1.7915259548398542e+03
      6500  8.1249999999995435e+00  8.6072595024845697e-02  4.5095364738070431e+00  1.713613e-01  1.024898e+01  8.912206e+00  3.011313e+02  9.927959e+02  1.809909e+04  6.150638e+01  2.187942e+04  1.7973734853654682e+03
      6510  8.1374999999995499e+00  8.5931552393722965e-02  4.5172041693620297e+00  1.675053e-01  1.034292e+01  9.252891e+00  3.085309e+02  1.058562e+03  1.901058e+04  6.181091e+01  2.155697e+04  1.8030978795118513e+03
      6520  8.1499999999995563e+00  8.5790273644381687e-02  4.5246488275953896e+00  1.637688e-01  1.044031e+01  9.606840e+00  3.162766e+02  1.127277e+03  1.997326e+04  6.208529e+01  2.117971e+04  1.8087100789113279e+03
      6530  8.1624999999995627e+00  8.5648765710426636e-02  4.5318729114906935e+00  1.602007e-01  1.054155e+01  9.974885e+00  3.243898e+02  1.198867e+03  2.098765e+04  6.234377e+01  2.076853e+04  1.8142214913924950e+03
      6540  8.1749999999995691e+00  8.5507035438964152e-02  4.5388794908185295e+00  1.568498e-01  1.064696e+01  1.035739e+01  3.328861e+02  1.273170e+03  2.205334e+04  6.260072e+01  2.034507e+04  1.8196445823265065e+03
      6550  8.1874999999995755e+00  8.5365089572402492e-02  4.5456721882581492e+00  1.537636e-01  1.075679e+01  1.075417e+01  3.417750e+02  1.349925e+03  2.316874e+04  6.287009e+01  1.993089e+04  1.8249933709027125e+03
      6560  8.1999999999995818e+00  8.5222934732420139e-02  4.5522550948261209e+00  1.509870e-01  1.087124e+01  1.116448e+01  3.510581e+02  1.428758e+03  2.433095e+04  6.316507e+01  1.954664e+04  1.8302837473060854e+03
      6570  8.2124999999995882e+00  8.5080577407017244e-02  4.5586326579534129e+00  1.485617e-01  1.099038e+01  1.158697e+01  3.607281e+02  1.509182e+03  2.553554e+04  6.349770e+01  1.921138e+04  1.8355335467033581e+03
      6580  8.2249999999995946e+00  8.4938023941415239e-02  4.5648095482789026e+00  1.465253e-01  1.111418e+01  1.201973e+01  3.707685e+02  1.590593e+03  2.677643e+04  6.387858e+01  1.894202e+04  1.8407623464035673e+03
      6590  8.2374999999996010e+00  8.4795280533347922e-02  4.5707905132765072e+00  1.449110e-01  1.124253e+01  1.246028e+01  3.811529e+02  1.672269e+03  2.804579e+04  6.431663e+01  1.875284e+04  1.8459909884654771e+03
      6600  8.2499999999996074e+00  8.4652353233010985e-02  4.5765802269667972e+00  1.437467e-01  1.137517e+01  1.290570e+01  3.918443e+02  1.753386e+03  2.933405e+04  6.481874e+01  1.865512e+04  1.8512408653404480e+03
      6610  8.2624999999996138e+00  8.4509247947644361e-02  4.5821831450918662e+00  1.430552e-01  1.151177e+01  1.335268e+01  4.027962e+02  1.833023e+03  3.062993e+04  6.538952e+01  1.865688e+04  1.8565330351968432e+03
      6620  8.2749999999996202e+00  8.4365970450440766e-02  4.5876033743265205e+00  1.428547e-01  1.165186e+01  1.379766e+01  4.139523e+02  1.910193e+03  3.192068e+04  6.603096e+01  1.876264e+04  1.8618872522231045e+03
      6630  8.2874999999996266e+00  8.4222526393224376e-02  4.5928445625569969e+00  1.431582e-01  1.179489e+01  1.423700e+01  4.252485e+02  1.983869e+03  3.319242e+04  6.674209e+01  1.897319e+04  1.8673210035107577e+03
      6640  8.2999999999996330e+00  8.4078921322159716e-02  4.5979098152562754e+00  1.439750e-01  1.194023e+01  1.466713e+01  4.366144e+02  2.053026e+03  3.443064e+04  6.751872e+01  1.928541e+04  1.8728486384598539e+03
      6650  8.3124999999996394e+00  8.3935160695621541e-02  4.6028016408141648e+00  1.453107e-01  1.208717e+01  1.508475e+01  4.479758e+02  2.116690e+03  3.562090e+04  6.835324e+01  1.969224e+04  1.8784806613426890e+03
      6660  8.3249999999996458e+00  8.3791249903307163e-02  4.6075219255978173e+00  1.471680e-01  1.223496e+01  1.548703e+01  4.592577e+02  2.173993e+03  3.674973e+04  6.923453e+01  2.018261e+04  1.8842232362229840e+03
      6670  8.3374999999996522e+00  8.3647194285672313e-02  4.6120719377135870e+00  1.495478e-01  1.238282e+01  1.587184e+01  4.703880e+02  2.224239e+03  3.780555e+04  7.014803e+01  2.074160e+04  1.8900779297287841e+03
      6680  8.3499999999996586e+00  8.3502999152828217e-02  4.6164523570105080e+00  1.524500e-01  1.252997e+01  1.623793e+01  4.813011e+02  2.266964e+03  3.877978e+04  7.107606e+01  2.135077e+04  1.8960416946731646e+03
      6690  8.3624999999996650e+00  8.3358669802135577e-02  4.6206633278374847e+00  1.558743e-01  1.267564e+01  1.658516e+01  4.919416e+02  2.302002e+03  3.966780e+04  7.199834e+01  2.198868e+04  1.9021070786852640e+03
      6700  8.3749999999996714e+00  8.3214211533847227e-02  4.6247045304007353e+00  1.598208e-01  1.281911e+01  1.691463e+01  5.022677e+02  2.329534e+03  4.046986e+04  7.289267e+01  2.263167e+04  1.9082626280634390e+03
      6710  8.3874999999996778e+00  8.3069629664286715e-02  4.6285752662122226e+00  1.642909e-01  1.295972e+01  1.722885e+01  5.122542e+02  2.350125e+03  4.119158e+04  7.373599e+01  2.325481e+04  1.9144934479404330e+03
      6720  8.3999999999996842e+00  8.2924929536199385e-02  4.6322745530223539e+00  1.692879e-01  1.309687e+01  1.753176e+01  5.218932e+02  2.364739e+03  4.184412e+04  7.450539e+01  2.383309e+04  1.9207818745151478e+03
      6730  8.4124999999996906e+00  8.2780116526047678e-02  4.6358012247764258e+00  1.748172e-01  1.323007e+01  1.782878e+01  5.311945e+02  2.374720e+03  4.244375e+04  7.517947e+01  2.434271e+04  1.9271082120217607e+03
      6740  8.4249999999996970e+00  8.2635196048158499e-02  4.6391540325499676e+00  1.808859e-01  1.335889e+01  1.812664e+01  5.401833e+02  2.381750e+03  4.301086e+04  7.573960e+01  2.476236e+04  1.9334514848582949e+03
      6750  8.4374999999997033e+00  8.2490173555749918e-02  4.6423317431557507e+00  1.875036e-01  1.348298e+01  1.843322e+01  5.488964e+02  2.387765e+03  4.356842e+04  7.617117e+01  2.507449e+04  1.9397901531922266e+03
      6760  8.4499999999997097e+00  8.2345054538944903e-02  4.6453332332272792e+00  1.946807e-01  1.360204e+01  1.875720e+01  5.573769e+02  2.394850e+03  4.413998e+04  7.646478e+01  2.526637e+04  1.9461027388575637e+03
      6770  8.4624999999997161e+00  8.2199844519928525e-02  4.6481575780728619e+00  2.024284e-01  1.371579e+01  1.910766e+01  5.656665e+02  2.405110e+03  4.474740e+04  7.661706e+01  2.533082e+04  1.9523683091562445e+03
      6780  8.4749999999997225e+00  8.2054549045405059e-02  4.6508041363751884e+00  2.107575e-01  1.382397e+01  1.949355e+01  5.737981e+02  2.420526e+03  4.540856e+04  7.663123e+01  2.526670e+04  1.9585667718757215e+03
      6790  8.4874999999997289e+00  8.1909173676435812e-02  4.6532726336815431e+00  2.196769e-01  1.392625e+01  1.992313e+01  5.817873e+02  2.442815e+03  4.613530e+04  7.651712e+01  2.507889e+04  1.9646789481689916e+03
      6800  8.4999999999997353e+00  8.1763723975633945e-02  4.6555632492677947e+00  2.291930e-01  1.402228e+01  2.040337e+01  5.896257e+02  2.473297e+03  4.693177e+04  7.629065e+01  2.477804e+04  1.9706864127437491e+03
      6810  8.5124999999997417e+00  8.1618205491518520e-02  4.6576767119697218e+00  2.393085e-01  1.411160e+01  2.093945e+01  5.972748e+02  2.512786e+03  4.779347e+04  7.597265e+01  2.437978e+04  1.9765711229568612e+03
      6820  8.5249999999997481e+00  8.1472623739665115e-02  4.6596144105585768e+00  2.500215e-01  1.419365e+01  2.153424e+01  6.046634e+02  2.561520e+03  4.870697e+04  7.558699e+01  2.390379e+04  1.9823148971329235e+03
      6830  8.5374999999997545e+00  8.1326984180116607e-02  4.6613785228860447e+00  2.613256e-01  1.426780e+01  2.218810e+01  6.116880e+02  2.619122e+03  4.965052e+04  7.515827e+01  2.337228e+04  1.9878988421839369e+03
      6840  8.5499999999997609e+00  8.1181292190444190e-02  4.6629721652254350e+00  2.732097e-01  1.433337e+01  2.289870e+01  6.182168e+02  2.684616e+03  5.059536e+04  7.470896e+01  2.280838e+04  1.9933028637639716e+03
      6850  8.5624999999997673e+00  8.1035553033853097e-02  4.6643995591398690e+00  2.856589e-01  1.438964e+01  2.366123e+01  6.240984e+02  2.756488e+03  5.150774e+04  7.425660e+01  2.223397e+04  1.9985054103773775e+03
      6860  8.5749999999997737e+00  8.0889771821890014e-02  4.6656662082638114e+00  2.986551e-01  1.443593e+01  2.446873e+01  6.291734e+02  2.832803e+03  5.235157e+04  7.381127e+01  2.166752e+04  2.0034835987978370e+03
      6870  8.5874999999997801e+00  8.0743953471629229e-02  4.6667790722988460e+00  3.121781e-01  1.447169e+01  2.531268e+01  6.332892e+02  2.911352e+03  5.309133e+04  7.337386e+01  2.112189e+04  2.0082138376124444e+03
      6880  8.5999999999997865e+00  8.0598102657684412e-02  4.6677467211734518e+00  3.262066e-01  1.449650e+01  2.618365e+01  6.363160e+02  2.989838e+03  5.369519e+04  7.293545e+01  2.060266e+04  2.0126730091050349e+03
      6890  8.6124999999997929e+00  8.0452223759967273e-02  4.6685794495891777e+00  3.407187e-01  1.451022e+01  2.707214e+01  6.381614e+02  3.066063e+03  5.413775e+04  7.247801e+01  2.010723e+04  2.0168401930116636e+03
      6900  8.6249999999997993e+00  8.0306320808756507e-02  4.6692893317930464e+00  3.556919e-01  1.451299e+01  2.796919e+01  6.387824e+02  3.138101e+03  5.440233e+04  7.197655e+01  1.962534e+04  2.0206988301938468e+03
      6910  8.6374999999998057e+00  8.0160397429228022e-02  4.6698901987572983e+00  3.711028e-01  1.450526e+01  2.886694e+01  6.381922e+02  3.204436e+03  5.448213e+04  7.140229e+01  1.914075e+04  2.0242391449051365e+03
      6920  8.6499999999998121e+00  8.0014456788095337e-02  4.6703975249230076e+00  3.869259e-01  1.448781e+01  2.975903e+01  6.364613e+02  3.264036e+03  5.438034e+04  7.072650e+01  1.863418e+04  2.0274605866379554e+03
      6930  8.6624999999998185e+00  7.9868501545295997e-02  4.6708282186974888e+00  4.031318e-01  1.446168e+01  3.064061e+01  6.337105e+02  3.316366e+03  5.410911e+04  6.992435e+01  1.808680e+04  2.0303740289421642e+03
      6940  8.6749999999998249e+00  7.9722533813716703e-02  4.6712003190076299e+00  4.196856e-01  1.442816e+01  3.150824e+01  6.301003e+02  3.361339e+03  5.368744e+04  6.897825e+01  1.748368e+04  2.0330034788685380e+03
      6950  8.6874999999998312e+00  7.9576555129754104e-02  4.6715326082292670e+00  4.365452e-01  1.438866e+01  3.235960e+01  6.258140e+02  3.399219e+03  5.313870e+04  6.788002e+01  1.681630e+04  2.0353871040011104e+03
      6960  8.6999999999998376e+00  7.9430566437069264e-02  4.6718441586171382e+00  4.536597e-01  1.434464e+01  3.319297e+01  6.210414e+02  3.430499e+03  5.248788e+04  6.663176e+01  1.608391e+04  2.0375774635759260e+03
      6970  8.7124999999998440e+00  7.9284568085278284e-02  4.6721538341202047e+00  4.709688e-01  1.429749e+01  3.400684e+01  6.159622e+02  3.455779e+03  5.175929e+04  6.524537e+01  1.529338e+04  2.0396409200759781e+03
      6980  8.7249999999998504e+00  7.9138559844599513e-02  4.6724797717817914e+00  4.884028e-01  1.424841e+01  3.479935e+01  6.107326e+02  3.475660e+03  5.097480e+04  6.374093e+01  1.445781e+04  2.0416562914250749e+03
      6990  8.7374999999998568e+00  7.8992540936705796e-02  4.6728388668459484e+00  5.058829e-01  1.419841e+01  3.556800e+01  6.054759e+02  3.490663e+03  5.015286e+04  6.214432e+01  1.359441e+04  2.0437128684943220e+03
      7000  8.7499999999998632e+00  7.8846510081318294e-02  4.6732462836290152e+00  5.233224e-01  1.414817e+01  3.630930e+01  6.002779e+02  3.501185e+03  4.930807e+04  6.048465e+01  1.272210e+04  2.0459079612374931e+03
      7010  8.7624999999998696e+00  7.8700465557425478e-02  4.6737150107851919e+00  5.406286e-01  1.409806e+01  3.701866e+01  5.951861e+02  3.507478e+03  4.845133e+04  5.879172e+01  1.185932e+04  2.0483441490783912e+03
      7020  8.7749999999998760e+00  7.8554405277506636e-02  4.6742554754500656e+00  5.577043e-01  1.404815e+01  3.769040e+01  5.902113e+02  3.509650e+03  4.759017e+04  5.709401e+01  1.102242e+04  2.0511264019521991e+03
      7030  8.7874999999998824e+00  7.8408326872743211e-02  4.6748752264542555e+00  5.744503e-01  1.399821e+01  3.831781e+01  5.853330e+02  3.507681e+03  4.672925e+04  5.541716e+01  1.022469e+04  2.0543592150659515e+03
      7040  8.7999999999998888e+00  7.8262227786954436e-02  4.6755786927726222e+00  5.907669e-01  1.394777e+01  3.889342e+01  5.805041e+02  3.501443e+03  4.587087e+04  5.378307e+01  9.475975e+03  2.0581438706350409e+03
      7050  8.8124999999998952e+00  7.8116105376859146e-02  4.6763670198536476e+00  6.065570e-01  1.389618e+01  3.940931e+01  5.756581e+02  3.490723e+03  4.501542e+04  5.220949e+01  8.782833e+03  2.0625759097378768e+03
      7060  8.8249999999999016e+00  7.7969957016222627e-02  4.6772379835536473e+00  6.217276e-01  1.384267e+01  3.985747e+01  5.707154e+02  3.475251e+03  4.416176e+04  5.070997e+01  8.148903e+03  2.0677428709255846e+03
      7070  8.8374999999999080e+00  7.7823780201505918e-02  4.6781859790724347e+00  6.361929e-01  1.378642e+01  4.023025e+01  5.655900e+02  3.454727e+03  4.330763e+04  4.929403e+01  7.575413e+03  2.0737223310118611e+03
      7080  8.8499999999999144e+00  7.7677572656737429e-02  4.6792020804832761e+00  6.498760e-01  1.372663e+01  4.052075e+01  5.601963e+02  3.428851e+03  4.245005e+04  4.796743e+01  7.061641e+03  2.0805802675107834e+03
      7090  8.8624999999999208e+00  7.7531332435488168e-02  4.6802741650817081e+00  6.627120e-01  1.366257e+01  4.072330e+01  5.544549e+02  3.397359e+03  4.158578e+04  4.673250e+01  6.605275e+03  2.0883697504403181e+03
      7100  8.8749999999999272e+00  7.7385058018035552e-02  4.6813870957641370e+00  6.746500e-01  1.359364e+01  4.083377e+01  5.482990e+02  3.360059e+03  4.071177e+04  4.558850e+01  6.202673e+03  2.0971299622340462e+03
      7110  8.8874999999999336e+00  7.7238748402014570e-02  4.6825229539299906e+00  6.856555e-01  1.351944e+01  4.084998e+01  5.416791e+02  3.316866e+03  3.982562e+04  4.453199e+01  5.849059e+03  2.1068855369519356e+03
      7120  8.8999999999999400e+00  7.7092403185105421e-02  4.6836613149530439e+00  6.957124e-01  1.343974e+01  4.077194e+01  5.345679e+02  3.267837e+03  3.892607e+04  4.355733e+01  5.538724e+03  2.1176462028897377e+03
      7130  8.9124999999999464e+00  7.6946022638554185e-02  4.6847795580878246e+00  7.048244e-01  1.335461e+01  4.060200e+01  5.269627e+02  3.213202e+03  3.801338e+04  4.265727e+01  5.265301e+03  2.1294067055946366e+03
      7140  8.9249999999999527e+00  7.6799607770575998e-02  4.6858532027803346e+00  7.130159e-01  1.326434e+01  4.034499e+01  5.188879e+02  3.153378e+03  3.708959e+04  4.182372e+01  5.022150e+03  2.1421469813058789e+03
      7150  8.9374999999999591e+00  7.6653160378938379e-02  4.6868562637546551e+00  7.203328e-01  1.316950e+01  4.000814e+01  5.103952e+02  3.088983e+03  3.615870e+04  4.104859e+01  4.802842e+03  2.1558325445577270e+03
      7160  8.9499999999999655e+00  7.6506683092247854e-02  4.6877616179432433e+00  7.268416e-01  1.307091e+01  3.960100e+01  5.015621e+02  3.020826e+03  3.522660e+04  4.032475e+01  4.601682e+03  2.1704150490885859e+03
      7170  8.9624999999999719e+00  7.6360179399664052e-02  4.6885413772795053e+00  7.326286e-01  1.296965e+01  3.913516e+01  4.924899e+02  2.949890e+03  3.430096e+04  3.964687e+01  4.414189e+03  2.1858329794240722e+03
      7180  8.9749999999999783e+00  7.6213653668940534e-02  4.6891672624950447e+00  7.377973e-01  1.286696e+01  3.862393e+01  4.832990e+02  2.877302e+03  3.339089e+04  3.901213e+01  4.237436e+03  2.2020124324733597e+03
      7190  8.9874999999999847e+00  7.6067111152815836e-02  4.6896109742393435e+00  7.424663e-01  1.276429e+01  3.808193e+01  4.741247e+02  2.804295e+03  3.250654e+04  3.842081e+01  4.070168e+03  2.2188679546670519e+03
      7200  8.9999999999999911e+00  7.5920557983889289e-02  4.6898445589253850e+00  7.467650e-01  1.266316e+01  3.752462e+01  4.651115e+02  2.732162e+03  3.165865e+04  3.787643e+01  3.912725e+03  2.2363034103074115e+03
      7210  9.0124999999999975e+00  7.5774001158166793e-02  4.6898407675585307e+00  7.508293e-01  1.256517e+01  3.696781e+01  4.564071e+02  2.662216e+03  3.085814e+04  3.738586e+01  3.766773e+03  2.2542128698758843e+03
      7220  9.0250000000000039e+00  7.5627448507524231e-02  4.6895734063171171e+00  7.547975e-01  1.247191e+01  3.642718e+01  4.481576e+02  2.595743e+03  3.011567e+04  3.695912e+01  3.634999e+03  2.2724815214104779e+03
      7230  9.0375000000000103e+00  7.5480908661356261e-02  4.6890176777583124e+00  7.588047e-01  1.238492e+01  3.591780e+01  4.405021e+02  2.533975e+03  2.944139e+04  3.660904e+01  3.520849e+03  2.2909866217566464e+03
      7240  9.0500000000000167e+00  7.5334390997732717e-02  4.6881505112169046e+00  7.629785e-01  1.230560e+01  3.545376e+01  4.335690e+02  2.478056e+03  2.884467e+04  3.635080e+01  3.428429e+03  2.3095985156068195e+03
      7250  9.0625000000000231e+00  7.5187905584422510e-02  4.6869508803069957e+00  7.674341e-01  1.223521e+01  3.504776e+01  4.274728e+02  2.429026e+03  2.833402e+04  3.620124e+01  3.362589e+03  2.3281817572510786e+03
      7260  9.0750000000000295e+00  7.5041463110240986e-02  4.6854001045242866e+00  7.722710e-01  1.217480e+01  3.471085e+01  4.223112e+02  2.387809e+03  2.791707e+04  3.617791e+01  3.329121e+03  2.3465963719562806e+03
      7270  9.0875000000000359e+00  7.4895074807270076e-02  4.6834821309068575e+00  7.775700e-01  1.212516e+01  3.445220e+01  4.181640e+02  2.355205e+03  2.760051e+04  3.629770e+01  3.334920e+03  2.3646992906639784e+03
      7280  9.1000000000000423e+00  7.4748752364657750e-02  4.6811837906681770e+00  7.833909e-01  1.208685e+01  3.427894e+01  4.150914e+02  2.331882e+03  2.739017e+04  3.657510e+01  3.387878e+03  2.3823459836057045e+03
      7290  9.1125000000000487e+00  7.4602507834865744e-02  4.6784950247732748e+00  7.897717e-01  1.206016e+01  3.419608e+01  4.131333e+02  2.318377e+03  2.729100e+04  3.702014e+01  3.496306e+03  2.3993923062195058e+03
      7300  9.1250000000000551e+00  7.4456353533440989e-02  4.6754090716597236e+00  7.967283e-01  1.204511e+01  3.420645e+01  4.123092e+02  2.315091e+03  2.730705e+04  3.763630e+01  3.667793e+03  2.4156965552205615e+03
      7310  9.1375000000000615e+00  7.4310301933609046e-02  4.6719226097629027e+00  8.042555e-01  1.204144e+01  3.431076e+01  4.126176e+02  2.322278e+03  2.744141e+04  3.841872e+01  3.907582e+03  2.4311217144619777e+03
      7320  9.1500000000000679e+00  7.4164365557216810e-02  4.6680358472349681e+00  8.123280e-01  1.204867e+01  3.450768e+01  4.140364e+02  2.340047e+03  2.769606e+04  3.935314e+01  4.216779e+03  2.4455378497676943e+03
      7330  9.1625000000000743e+00  7.4018556863792911e-02  4.6637525513238893e+00  8.209017e-01  1.206610e+01  3.479398e+01  4.165236e+02  2.368349e+03  2.807172e+04  4.041578e+01  4.590861e+03  2.4588245896334811e+03
      7340  9.1750000000000806e+00  7.3872888139725576e-02  4.6590800104213947e+00  8.299161e-01  1.209282e+01  3.516468e+01  4.200178e+02  2.406979e+03  2.856773e+04  4.157451e+01  5.018969e+03  2.4708736054892006e+03
      7350  9.1875000000000870e+00  7.3727371389750690e-02  4.6540289229639162e+00  8.392957e-01  1.212777e+01  3.561324e+01  4.244401e+02  2.455571e+03  2.918187e+04  4.279100e+01  5.484297e+03  2.4815909830568639e+03
      7360  9.2000000000000934e+00  7.3582018233109267e-02  4.6486132093508559e+00  8.489521e-01  1.216975e+01  3.613172e+01  4.296959e+02  2.513601e+03  2.991029e+04  4.402373e+01  5.965628e+03  2.4908993584975938e+03
      7370  9.2125000000000998e+00  7.3436839806797771e-02  4.6428497459486389e+00  8.587864e-01  1.221747e+01  3.671091e+01  4.356765e+02  2.580385e+03  3.074735e+04  4.523136e+01  6.439723e+03  2.4987396840171232e+03
      7380  9.2250000000001062e+00  7.3291846678317327e-02  4.6367580240509314e+00  8.686913e-01  1.226953e+01  3.734050e+01  4.422612e+02  2.655083e+03  3.168562e+04  4.637604e+01  6.884080e+03  2.5050724919729364e+03
      7390  9.2375000000001126e+00  7.3147048770164327e-02  4.6303597411408788e+00  8.785537e-01  1.232450e+01  3.800919e+01  4.493195e+02  2.736697e+03  3.271569e+04  4.742608e+01  7.279465e+03  2.5098785477182446e+03
      7400  9.2500000000001190e+00  7.3002455298003810e-02  4.6236783365084415e+00  8.882581e-01  1.238088e+01  3.870478e+01  4.567117e+02  2.824070e+03  3.382610e+04  4.835781e+01  7.611778e+03  2.5131588199912380e+03
      7410  9.2625000000001254e+00  7.2858074724020241e-02  4.6167384876157929e+00  8.976898e-01  1.243718e+01  3.941436e+01  4.642903e+02  2.915880e+03  3.500308e+04  4.915640e+01  7.872967e+03  2.5149337504347095e+03
      7420  9.2750000000001318e+00  7.2713914726374687e-02  4.6095655869259105e+00  9.067387e-01  1.249191e+01  4.012450e+01  4.719008e+02  3.010636e+03  3.623034e+04  4.981569e+01  8.061014e+03  2.5152418640278270e+03
      7430  9.2875000000001382e+00  7.2569982185044901e-02  4.6021852206681935e+00  9.153036e-01  1.254360e+01  4.082150e+01  4.793820e+02  3.106686e+03  3.748878e+04  5.033719e+01  8.179138e+03  2.5141378204097468e+03
      7440  9.3000000000001446e+00  7.2426283183655696e-02  4.5946226708901818e+00  9.232958e-01  1.259085e+01  4.149176e+01  4.865680e+02  3.202224e+03  3.875642e+04  5.072859e+01  8.234549e+03  2.5116900527586199e+03
      7450  9.3125000000001510e+00  7.2282823026260337e-02  4.5869024601261916e+00  9.306434e-01  1.263234e+01  4.212215e+01  4.932905e+02  3.295321e+03  4.000838e+04  5.100198e+01  8.237026e+03  2.5079781681987838e+03
      7460  9.3250000000001574e+00  7.2139606267488623e-02  4.5790479544014175e+00  9.372937e-01  1.266691e+01  4.270048e+01  4.993823e+02  3.383971e+03  4.121723e+04  5.117214e+01  8.197589e+03  2.5030902880980102e+03
      7470  9.3375000000001638e+00  7.1996636754046425e-02  4.5710810356097387e+00  9.432166e-01  1.269356e+01  4.321607e+01  5.046831e+02  3.466150e+03  4.235368e+04  5.125498e+01  8.127409e+03  2.4971204887948493e+03
      7480  9.3500000000001702e+00  7.1853917675300652e-02  4.5630218491924728e+00  9.484053e-01  1.271150e+01  4.366020e+01  5.090464e+02  3.539902e+03  4.338758e+04  5.126627e+01  8.037021e+03  2.4901664686677650e+03
      7490  9.3625000000001766e+00  7.1711451620559724e-02  4.5548886281047274e+00  9.528772e-01  1.272023e+01  4.402661e+01  5.123470e+02  3.603430e+03  4.428932e+04  5.122070e+01  7.935820e+03  2.4823275234817170e+03
      7500  9.3750000000001830e+00  7.1569240640707341e-02  4.5466975897651434e+00  9.566732e-01  1.271951e+01  4.431192e+01  5.144892e+02  3.655196e+03  4.503138e+04  5.113117e+01  7.831761e+03  2.4737028669668252e+03
      7510  9.3875000000001894e+00  7.1427286312005983e-02  4.5384628993327523e+00  9.598550e-01  1.270943e+01  4.451591e+01  5.154141e+02  3.694013e+03  4.559006e+04  5.100842e+01  7.731219e+03  2.4643902938646206e+03
      7520  9.4000000000001958e+00  7.1285589800126115e-02  4.5301966903704072e+00  9.625028e-01  1.269038e+01  4.464162e+01  5.151057e+02  3.719135e+03  4.594708e+04  5.086079e+01  7.638913e+03  2.4544851522041040e+03
      7530  9.4125000000002021e+00  7.1144151922763729e-02  4.5219091327241223e+00  9.647100e-01  1.266305e+01  4.469530e+01  5.135940e+02  3.730315e+03  4.609098e+04  5.069416e+01  7.557888e+03  2.4440795710424245e+03
      7540  9.4250000000002085e+00  7.1002973209530890e-02  4.5136085371960695e+00  9.665789e-01  1.262840e+01  4.468614e+01  5.109563e+02  3.727843e+03  4.601812e+04  5.051210e+01  7.489535e+03  2.4332618783436151e+03
      7550  9.4375000000002149e+00  7.0862053958121868e-02  4.5053014871940436e+00  9.682144e-01  1.258762e+01  4.462579e+01  5.073136e+02  3.712545e+03  4.573323e+04  5.031616e+01  7.433675e+03  2.4221161388760802e+03
      7560  9.4500000000002213e+00  7.0721394286047165e-02  4.4969929888755349e+00  9.697184e-01  1.254202e+01  4.452769e+01  5.028259e+02  3.685759e+03  4.524936e+04  5.010631e+01  7.388721e+03  2.4107217424062010e+03
      7570  9.4625000000002277e+00  7.0580994177460846e-02  4.4886866332108708e+00  9.711840e-01  1.249302e+01  4.440625e+01  4.976822e+02  3.649256e+03  4.458730e+04  4.988141e+01  7.351941e+03  2.3991529772192062e+03
      7580  9.4750000000002341e+00  7.0440853524784366e-02  4.4803847656764422e+00  9.726899e-01  1.244197e+01  4.427590e+01  4.920896e+02  3.605149e+03  4.377443e+04  4.963992e+01  7.319814e+03  2.3874785337282106e+03
      7590  9.4875000000002405e+00  7.0300972164918124e-02  4.4720886616970796e+00  9.742966e-01  1.239018e+01  4.415014e+01  4.862600e+02  3.555750e+03  4.284307e+04  4.938039e+01  7.288459e+03  2.3757608988712354e+03
      7600  9.5000000000002469e+00  7.0161349909861892e-02  4.4637987081644992e+00  9.760425e-01  1.233873e+01  4.404049e+01  4.803952e+02  3.503421e+03  4.182841e+04  4.910201e+01  7.254082e+03  2.3640556256332225e+03
      7610  9.5125000000002533e+00  7.0021986571529873e-02  4.4555145929921709e+00  9.779423e-01  1.228849e+01  4.395568e+01  4.746732e+02  3.450398e+03  4.076606e+04  4.880496e+01  7.213395e+03  2.3524104937284533e+03
      7620  9.5250000000002597e+00  6.9882881980465036e-02  4.4472355053495178e+00  9.799865e-01  1.224000e+01  4.390087e+01  4.692349e+02  3.398617e+03  3.968955e+04  4.849045e+01  7.163944e+03  2.3408646157205712e+03
      7630  9.5375000000002661e+00  6.9744035998086748e-02  4.4389603486469795e+00  9.821422e-01  1.219353e+01  4.387720e+01  4.641734e+02  3.349550e+03  3.862775e+04  4.816057e+01  7.104288e+03  2.3294475831746208e+03
      7640  9.5500000000002725e+00  6.9605448522068319e-02  4.4306879663884562e+00  9.843557e-01  1.214898e+01  4.388165e+01  4.595273e+02  3.304083e+03  3.760270e+04  4.781787e+01  7.034009e+03  2.3181787825447304e+03
      7650  9.5625000000002789e+00  6.9467119484481352e-02  4.4224173778007883e+00  9.865560e-01  1.210598e+01  4.390712e+01  4.552787e+02  3.262434e+03  3.662794e+04  4.746464e+01  6.953538e+03  2.3070670311156309e+03
      7660  9.5750000000002853e+00  6.9329048842503072e-02  4.4141480161356377e+00  9.886590e-01  1.206391e+01  4.394303e+01  4.513557e+02  3.224142e+03  3.570776e+04  4.710218e+01  6.863830e+03  2.2961106805406775e+03
      7670  9.5875000000002917e+00  6.9191236561775227e-02  4.4058799584466550e+00  9.905730e-01  1.202193e+01  4.397606e+01  4.476407e+02  3.188128e+03  3.483741e+04  4.673011e+01  6.765942e+03  2.2852983036909300e+03
      7680  9.6000000000002981e+00  6.9053682592898444e-02  4.3976141323622215e+00  9.922033e-01  1.197911e+01  4.399117e+01  4.439827e+02  3.152821e+03  3.400434e+04  4.634586e+01  6.660602e+03  2.2746100201077988e+03
      7690  9.6125000000003045e+00  6.8916386842034771e-02  4.3893524837571478e+00  9.934577e-01  1.193444e+01  4.397279e+01  4.402126e+02  3.116345e+03  3.319042e+04  4.594449e+01  6.547875e+03  2.2640194341234865e+03
      7700  9.6250000000003109e+00  6.8779349137090134e-02  4.3810980898665219e+00  9.942511e-01  1.188697e+01  4.390595e+01  4.361592e+02  3.076729e+03  3.237464e+04  4.551898e+01  6.426997e+03  2.2534960719113997e+03
      7710  9.6375000000003173e+00  6.8642569191385838e-02  4.3728552054428977e+00  9.945092e-01  1.183584e+01  4.377733e+01  4.316652e+02  3.032119e+03  3.153605e+04  4.506083e+01  6.296435e+03  2.2430081266570260e+03
      7720  9.6500000000003237e+00  6.8506046567043066e-02  4.3646292346919671e+00  9.941712e-01  1.178031e+01  4.357612e+01  4.266001e+02  2.980967e+03  3.065644e+04  4.456109e+01  6.154165e+03  2.2325252705566095e+03
      7730  9.6625000000003300e+00  6.8369780640430658e-02  4.3564266281602695e+00  9.931925e-01  1.171986e+01  4.329458e+01  4.208696e+02  2.922165e+03  2.972239e+04  4.401136e+01  5.998089e+03  2.2220212784936998e+03
      7740  9.6750000000003364e+00  6.8233770571950014e-02  4.3482547104718829e+00  9.915446e-01  1.165416e+01  4.292835e+01  4.144207e+02  2.855128e+03  2.872647e+04  4.340496e+01  5.826514e+03  2.2114762327833696e+03
      7750  9.6875000000003428e+00  6.8098015282143723e-02  4.3401214507904626e+00  9.892158e-01  1.158310e+01  4.247649e+01  4.072423e+02  2.779800e+03  2.766764e+04  4.273777e+01  5.638572e+03  2.2008781348123603e+03
      7760  9.7000000000003492e+00  6.7962513435673777e-02  4.3320351922976243e+00  9.862102e-01  1.150676e+01  4.194120e+01  3.993624e+02  2.696620e+03  2.655073e+04  4.200883e+01  5.434497e+03  2.1902238253664459e+03
      7770  9.7125000000003556e+00  6.7827263434162247e-02  4.3240043593618571e+00  9.825459e-01  1.142542e+01  4.132747e+01  3.908427e+02  2.606439e+03  2.538543e+04  4.122052e+01  5.215726e+03  2.1795191962721033e+03
      7780  9.7250000000003620e+00  6.7692263418292875e-02  4.3160371613450410e+00  9.782534e-01  1.133950e+01  4.064256e+01  3.817708e+02  2.510416e+03  2.418490e+04  4.037851e+01  4.984817e+03  2.1687787484006781e+03
      7790  9.7375000000003684e+00  6.7557511278998589e-02  4.3081413104216786e+00  9.733732e-01  1.124958e+01  3.989541e+01  3.722528e+02  2.409908e+03  2.296435e+04  3.949126e+01  4.745225e+03  2.1580246057266918e+03
      7800  9.7500000000003748e+00  6.7423004677063234e-02  4.3003237678510580e+00  9.679539e-01  1.115629e+01  3.909610e+01  3.624050e+02  2.306359e+03  2.173959e+04  3.856946e+01  4.500988e+03  2.1472851276330230e+03
      7810  9.7625000000003812e+00  6.7288741070067395e-02  4.2925905294264917e+00  9.620495e-01  1.106036e+01  3.825527e+01  3.523473e+02  2.201215e+03  2.052597e+04  3.762522e+01  4.256394e+03  2.1365932723163282e+03
      7820  9.7750000000003876e+00  6.7154717745337877e-02  4.2849464568786573e+00  9.557178e-01  1.096253e+01  3.738371e+01  3.421972e+02  2.095847e+03  1.933746e+04  3.667135e+01  4.015660e+03  2.1259848566435071e+03
      7830  9.7875000000003940e+00  6.7020931857404778e-02  4.2773951582793304e+00  9.490181e-01  1.086356e+01  3.649193e+01  3.320655e+02  1.991500e+03  1.818612e+04  3.572061e+01  3.782677e+03  2.1154968376152638e+03
      7840  9.8000000000004004e+00  6.6887380468431332e-02  4.2699389172833975e+00  9.420103e-01  1.076417e+01  3.558986e+01  3.220528e+02  1.889260e+03  1.708183e+04  3.478515e+01  3.560826e+03  2.1051657134564962e+03
      7850  9.8125000000004068e+00  6.6754060590122649e-02  4.2625786685189428e+00  9.347535e-01  1.066508e+01  3.468664e+01  3.122475e+02  1.790039e+03  1.603219e+04  3.387596e+01  3.352871e+03  2.0950261132901292e+03
      7860  9.8250000000004132e+00  6.6620969225740151e-02  4.2553140146285298e+00  9.273046e-01  1.056694e+01  3.379050e+01  3.027251e+02  1.694569e+03  1.504262e+04  3.300261e+01  3.160926e+03  2.0851096170563692e+03
      7870  9.8375000000004196e+00  6.6488103411001698e-02  4.2481432793291019e+00  9.197187e-01  1.047033e+01  3.290863e+01  2.935475e+02  1.603414e+03  1.411653e+04  3.217303e+01  2.986481e+03  2.0754438240858753e+03
      7880  9.8500000000004260e+00  6.6355460252842446e-02  4.2410635902951581e+00  9.120479e-01  1.037580e+01  3.204717e+01  2.847639e+02  1.516979e+03  1.325564e+04  3.139343e+01  2.830460e+03  2.0660516705312575e+03
      7890  9.8625000000004324e+00  6.6223036965197477e-02  4.2340709855576932e+00  9.043413e-01  1.028381e+01  3.121128e+01  2.764113e+02  1.435530e+03  1.246021e+04  3.066837e+01  2.693312e+03  2.0569509827717270e+03
      7900  9.8750000000004388e+00  6.6090830901172029e-02  4.2271605373285377e+00  8.966455e-01  1.019476e+01  3.040514e+01  2.685161e+02  1.359215e+03  1.172934e+04  3.000083e+01  2.575106e+03  2.0481542453938364e+03
      7910  9.8875000000004452e+00  6.5958839581140932e-02  4.2203264875996913e+00  8.890039e-01  1.010898e+01  2.963207e+01  2.610948e+02  1.288082e+03  1.106126e+04  2.939239e+01  2.475626e+03  2.0396685575847055e+03
      7920  9.9000000000004515e+00  6.5827060716493663e-02  4.2135623904407344e+00  8.814574e-01  1.002677e+01  2.889461e+01  2.541563e+02  1.222099e+03  1.045352e+04  2.884343e+01  2.394452e+03  2.0314957498420486e+03
      7930  9.9125000000004579e+00  6.5695492228882393e-02  4.2068612565590069e+00  8.740447e-01  9.948331e+00  2.819464e+01  2.477025e+02  1.161173e+03  9.903272e+03  2.835329e+01  2.331036e+03  2.0236326329692006e+03
      7940  9.9250000000004643e+00  6.5564132264969474e-02  4.2002156963468087e+00  8.668020e-01  9.873858e+00  2.753347e+01  2.417301e+02  1.105167e+03  9.407379e+03  2.792048e+01  2.284757e+03  2.0160713526815355e+03
      7950  9.9375000000004707e+00  6.5432979206765080e-02  4.1936180582867033e+00  8.597633e-01  9.803485e+00  2.691196e+01  2.362317e+02  1.053914e+03  8.962597e+03  2.754287e+01  2.254962e+03  2.0087998252636639e+03
      7960  9.9500000000004771e+00  6.5302031677747160e-02  4.1870605601969384e+00  8.529609e-01  9.737314e+00  2.633059e+01  2.311971e+02  1.007225e+03  8.565676e+03  2.721783e+01  2.240994e+03  2.0018022321997985e+03
      7970  9.9625000000004835e+00  6.5171288545016179e-02  4.1805354113624720e+00  8.464251e-01  9.675416e+00  2.578958e+01  2.266137e+02  9.649054e+02  8.213443e+03  2.694238e+01  2.242217e+03  1.9950595542898700e+03
      7980  9.9750000000004899e+00  6.5040748917794725e-02  4.1740349241063468e+00  8.401842e-01  9.617838e+00  2.528894e+01  2.224680e+02  9.267584e+02  7.902864e+03  2.671331e+01  2.258020e+03  1.9885501282993102e+03
      7990  9.9875000000004963e+00  6.4910412142619001e-02  4.1675516138061939e+00  8.342648e-01  9.564606e+00  2.482851e+01  2.187455e+02  8.925911e+02  7.631088e+03  2.652725e+01  2.287825e+03  1.9822502115754501e+03
      8000  1.0000000000000503e+01  6.4780277795592131e-02  4.1610782867538889e+00  8.286916e-01  9.515726e+00  2.440806e+01  2.154317e+02  8.622194e+02  7.395470e+03  2.638080e+01  2.331092e+03  1.9761345422484735e+03
