         0  0.0000000000000000e+00  1.2500000000000000e-01  3.7500000000000000e-01 -0.000000e+00  3.375000e+00 -0.000000e+00  1.562500e+01 -0.000000e+00  8.374023e+01  3.375000e+00  1.562500e+01  1.1250000000000000e+00
        10  1.2499999999999999e-02  1.2499414073054184e-01  3.7498852511815706e-01  6.628958e-03  3.375075e+00  6.629078e-02  1.562648e+01  5.438148e-01  8.375773e+01  3.374704e+00  1.562236e+01  1.1250144002121638e+00
        20  2.5000000000000005e-02  1.2498828154706461e-01  3.7498925454391102e-01  1.325771e-02  3.375301e+00  1.325868e-01  1.563092e+01  1.087812e+00  8.381023e+01  3.373816e+00  1.561447e+01  1.1251630659779861e+00
        30  3.7500000000000012e-02  1.2498242225889034e-01  3.7500218629908189e-01  1.988647e-02  3.375677e+00  1.988973e-01  1.563833e+01  1.632209e+00  8.389776e+01  3.372339e+00  1.560133e+01  1.1254460321380422e+00
        40  5.0000000000000024e-02  1.2497656267535598e-01  3.7502732013528600e-01  2.651544e-02  3.376204e+00  2.652317e-01  1.564870e+01  2.177221e+00  8.402035e+01  3.370276e+00  1.558301e+01  1.1258633872521284e+00
        50  6.2500000000000028e-02  1.2497070260578705e-01  3.7506465753079088e-01  3.314483e-02  3.376881e+00  3.315992e-01  1.566203e+01  2.723065e+00  8.417808e+01  3.367634e+00  1.555955e+01  1.1264152736035586e+00
        60  7.5000000000000039e-02  1.2496484185947056e-01  3.7511420168697884e-01  3.977483e-02  3.377709e+00  3.980092e-01  1.567834e+01  3.269958e+00  8.437104e+01  3.364418e+00  1.553103e+01  1.1271018872279455e+00
        70  8.7500000000000050e-02  1.2495898024562777e-01  3.7517595752444710e-01  4.640566e-02  3.378687e+00  4.644709e-01  1.569761e+01  3.818116e+00  8.459933e+01  3.360637e+00  1.549755e+01  1.1279234779665228e+00
        80  1.0000000000000006e-01  1.2495311757338787e-01  3.7524993167872711e-01  5.303750e-02  3.379817e+00  5.309936e-01  1.571986e+01  4.367756e+00  8.486308e+01  3.356300e+00  1.545921e+01  1.1288803495441415e+00
        90  1.1250000000000007e-01  1.2494725365176097e-01  3.7533613249563630e-01  5.967054e-02  3.381097e+00  5.975865e-01  1.574509e+01  4.919096e+00  8.516243e+01  3.351418e+00  1.541613e+01  1.1299728596720715e+00
       100  1.2500000000000008e-01  1.2494138828961164e-01  3.7543457002626901e-01  6.630498e-02  3.382529e+00  6.642587e-01  1.577331e+01  5.472351e+00  8.549756e+01  3.346005e+00  1.536846e+01  1.1312014201758493e+00
       110  1.3750000000000009e-01  1.2493552129563217e-01  3.7554525602161931e-01  7.294099e-02  3.384112e+00  7.310194e-01  1.580452e+01  6.027739e+00  8.586866e+01  3.340072e+00  1.531633e+01  1.1325664971483684e+00
       120  1.5000000000000011e-01  1.2492965247831643e-01  3.7566820392685768e-01  7.957874e-02  3.385846e+00  7.978777e-01  1.583873e+01  6.585478e+00  8.627594e+01  3.333636e+00  1.525993e+01  1.1340686111285438e+00
       130  1.6250000000000012e-01  1.2492378164593286e-01  3.7580342887525831e-01  8.621840e-02  3.387732e+00  8.648426e-01  1.587595e+01  7.145786e+00  8.671962e+01  3.326712e+00  1.519942e+01  1.1357083373058270e+00
       140  1.7500000000000013e-01  1.2491790860649891e-01  3.7595094768178017e-01  9.286013e-02  3.389770e+00  9.319232e-01  1.591617e+01  7.708880e+00  8.719996e+01  3.319318e+00  1.513499e+01  1.1374863057509887e+00
       150  1.8750000000000014e-01  1.2491203316775462e-01  3.7611077883632038e-01  9.950408e-02  3.391960e+00  9.991282e-01  1.595943e+01  8.274978e+00  8.771722e+01  3.311472e+00  1.506685e+01  1.1394032016735274e+00
       160  2.0000000000000015e-01  1.2490615513713622e-01  3.7628294249664335e-01  1.061504e-01  3.394303e+00  1.066467e+00  1.600571e+01  8.844298e+00  8.827170e+01  3.303193e+00  1.499521e+01  1.1414597657061969e+00
       170  2.1250000000000016e-01  1.2490027432175053e-01  3.7646746048098639e-01  1.127992e-01  3.396798e+00  1.133947e+00  1.605503e+01  9.417061e+00  8.886371e+01  3.294503e+00  1.492030e+01  1.1436567942171196e+00
       180  2.2500000000000017e-01  1.2489439052834946e-01  3.7666435626036693e-01  1.194506e-01  3.399446e+00  1.201579e+00  1.610741e+01  9.993483e+00  8.949357e+01  3.285421e+00  1.484234e+01  1.1459951396500252e+00
       190  2.3750000000000018e-01  1.2488850356330336e-01  3.7687365495058806e-01  1.261048e-01  3.402247e+00  1.269371e+00  1.616285e+01  1.057379e+01  9.016163e+01  3.275972e+00  1.476158e+01  1.1484757108932053e+00
       200  2.5000000000000017e-01  1.2488261323257653e-01  3.7709538330395731e-01  1.327617e-01  3.405202e+00  1.337330e+00  1.622137e+01  1.115819e+01  9.086827e+01  3.266177e+00  1.467826e+01  1.1510994736777422e+00
       210  2.6249999999999990e-01  1.2487671934170129e-01  3.7732956970072934e-01  1.394216e-01  3.408310e+00  1.405466e+00  1.628297e+01  1.174691e+01  9.161386e+01  3.256061e+00  1.459265e+01  1.1538674510057783e+00
       220  2.7499999999999963e-01  1.2487082169575234e-01  3.7757624414028712e-01  1.460845e-01  3.411573e+00  1.473787e+00  1.634766e+01  1.234016e+01  9.239882e+01  3.245648e+00  1.450501e+01  1.1567807236094123e+00
       230  2.8749999999999937e-01  1.2486492009932265e-01  3.7783543823206500e-01  1.527504e-01  3.414989e+00  1.542302e+00  1.641547e+01  1.293818e+01  9.322357e+01  3.234964e+00  1.441560e+01  1.1598404304410339e+00
       240  2.9999999999999910e-01  1.2485901435649718e-01  3.7810718518623354e-01  1.594195e-01  3.418561e+00  1.611018e+00  1.648640e+01  1.354117e+01  9.408854e+01  3.224035e+00  1.432469e+01  1.1630477691958787e+00
       250  3.1249999999999883e-01  1.2485310427082867e-01  3.7839151980415731e-01  1.660916e-01  3.422287e+00  1.679944e+00  1.656047e+01  1.414936e+01  9.499421e+01  3.212886e+00  1.423257e+01  1.1664039968675814e+00
       260  3.2499999999999857e-01  1.2484718964531338e-01  3.7868847846863685e-01  1.727670e-01  3.426168e+00  1.749087e+00  1.663769e+01  1.476297e+01  9.594104e+01  3.201545e+00  1.413951e+01  1.1699104303376839e+00
       270  3.3749999999999830e-01  1.2484127028236587e-01  3.7899809913393495e-01  1.794455e-01  3.430204e+00  1.818455e+00  1.671807e+01  1.538221e+01  9.692954e+01  3.190038e+00  1.404580e+01  1.1735684469999170e+00
       280  3.4999999999999803e-01  1.2483534598379434e-01  3.7932042131564514e-01  1.861272e-01  3.434396e+00  1.888056e+00  1.680164e+01  1.600732e+01  9.796020e+01  3.178393e+00  1.395171e+01  1.1773794854202992e+00
       290  3.6249999999999777e-01  1.2482941655077721e-01  3.7965548608034100e-01  1.928119e-01  3.438743e+00  1.957898e+00  1.688839e+01  1.663850e+01  9.903357e+01  3.166638e+00  1.385753e+01  1.1813450460339912e+00
       300  3.7499999999999750e-01  1.2482348178383873e-01  3.8000333603510711e-01  1.994998e-01  3.443247e+00  2.027988e+00  1.697835e+01  1.727597e+01  1.001502e+02  3.154800e+00  1.376356e+01  1.1854666918799985e+00
       310  3.8749999999999724e-01  1.2481754148282521e-01  3.8036401531688407e-01  2.061908e-01  3.447906e+00  2.098332e+00  1.707153e+01  1.791996e+01  1.013106e+02  3.142908e+00  1.367006e+01  1.1897460493747838e+00
       320  3.9999999999999697e-01  1.2481159544688077e-01  3.8073756958171079e-01  2.128846e-01  3.452722e+00  2.168938e+00  1.716795e+01  1.857068e+01  1.025154e+02  3.130988e+00  1.357732e+01  1.1941848091259344e+00
       330  4.1249999999999670e-01  1.2480564347442410e-01  3.8112404599382510e-01  2.195814e-01  3.457693e+00  2.239813e+00  1.726762e+01  1.922835e+01  1.037652e+02  3.119070e+00  1.348563e+01  1.1987847267870964e+00
       340  4.2499999999999644e-01  1.2479968536312501e-01  3.8152349321466950e-01  2.262808e-01  3.462822e+00  2.310964e+00  1.737055e+01  1.989319e+01  1.050605e+02  3.107180e+00  1.339526e+01  1.2035476239553586e+00
       350  4.3749999999999617e-01  1.2479372090988161e-01  3.8193596139180441e-01  2.329829e-01  3.468106e+00  2.382396e+00  1.747677e+01  2.056541e+01  1.064020e+02  3.095346e+00  1.330648e+01  1.2084753891123938e+00
       360  4.4999999999999590e-01  1.2478774991079615e-01  3.8236150214774323e-01  2.396875e-01  3.473547e+00  2.454116e+00  1.758627e+01  2.124522e+01  1.077903e+02  3.083597e+00  1.321958e+01  1.2135699786106822e+00
       370  4.6249999999999564e-01  1.2478177216115367e-01  3.8280016856872767e-01  2.463944e-01  3.479144e+00  2.526129e+00  1.769909e+01  2.193285e+01  1.092261e+02  3.071958e+00  1.313482e+01  1.2188334177062048e+00
       380  4.7499999999999537e-01  1.2477578745539800e-01  3.8325201519345009e-01  2.531033e-01  3.484898e+00  2.598443e+00  1.781523e+01  2.262849e+01  1.107100e+02  3.060457e+00  1.305246e+01  1.2242678016389859e+00
       390  4.8749999999999510e-01  1.2476979558710964e-01  3.8371709800174714e-01  2.598142e-01  3.490807e+00  2.671061e+00  1.793470e+01  2.333237e+01  1.122426e+02  3.049121e+00  1.297276e+01  1.2298752967630160e+00
       400  4.9999999999999484e-01  1.2476379634898373e-01  3.8419547440327517e-01  2.665267e-01  3.496873e+00  2.743990e+00  1.805752e+01  2.404468e+01  1.138247e+02  3.037974e+00  1.289598e+01  1.2356581417270640e+00
       410  5.1249999999999463e-01  1.2475778953280717e-01  3.8468720322617089e-01  2.732407e-01  3.503094e+00  2.817233e+00  1.818369e+01  2.476564e+01  1.154569e+02  3.027044e+00  1.282237e+01  1.2416186487079370e+00
       420  5.2499999999999436e-01  1.2475177492943695e-01  3.8519234470573066e-01  2.799557e-01  3.509471e+00  2.890797e+00  1.831325e+01  2.549545e+01  1.171399e+02  3.016354e+00  1.275216e+01  1.2477592046978876e+00
       430  5.3749999999999409e-01  1.2474575232877913e-01  3.8571096047310288e-01  2.866716e-01  3.516002e+00  2.964684e+00  1.844618e+01  2.623431e+01  1.188743e+02  3.005929e+00  1.268561e+01  1.2540822728477432e+00
       440  5.4999999999999383e-01  1.2473972151976540e-01  3.8624311354402446e-01  2.933881e-01  3.522688e+00  3.038899e+00  1.858251e+01  2.698242e+01  1.206610e+02  2.995794e+00  1.262293e+01  1.2605903938676886e+00
       450  5.6249999999999356e-01  1.2473368229033305e-01  3.8678886830759701e-01  3.001047e-01  3.529529e+00  3.113446e+00  1.872225e+01  2.773997e+01  1.225005e+02  2.985971e+00  1.256436e+01  1.2672861874872936e+00
       460  5.7499999999999329e-01  1.2472763442740306e-01  3.8734829051512426e-01  3.068211e-01  3.536523e+00  3.188328e+00  1.886540e+01  2.850715e+01  1.243935e+02  2.976483e+00  1.251012e+01  1.2741723539768515e+00
       470  5.8749999999999303e-01  1.2472157771685888e-01  3.8792144726902850e-01  3.135370e-01  3.543670e+00  3.263548e+00  1.901197e+01  2.928416e+01  1.263409e+02  2.967352e+00  1.246042e+01  1.2812516757318044e+00
       480  5.9999999999999276e-01  1.2471551194352619e-01  3.8850840701184969e-01  3.202519e-01  3.550969e+00  3.339109e+00  1.916197e+01  3.007117e+01  1.283432e+02  2.958599e+00  1.241545e+01  1.2885270189223630e+00
       490  6.1249999999999249e-01  1.2470943689115055e-01  3.8910923951534199e-01  3.269654e-01  3.558419e+00  3.415012e+00  1.931540e+01  3.086837e+01  1.304012e+02  2.950244e+00  1.237544e+01  1.2960013352103070e+00
       500  6.2499999999999223e-01  1.2470335234237841e-01  3.8972401586966876e-01  3.336770e-01  3.566021e+00  3.491259e+00  1.947228e+01  3.167592e+01  1.325156e+02  2.942308e+00  1.234056e+01  1.3036776635350757e+00
       510  6.3749999999999196e-01  1.2469725807873568e-01  3.9035280847273890e-01  3.403863e-01  3.573772e+00  3.567853e+00  1.963260e+01  3.249401e+01  1.346870e+02  2.934808e+00  1.231100e+01  1.3115591319714630e+00
       520  6.4999999999999170e-01  1.2469115388060702e-01  3.9099569101964698e-01  3.470927e-01  3.581671e+00  3.644793e+00  1.979637e+01  3.332279e+01  1.369161e+02  2.927763e+00  1.228695e+01  1.3196489596610179e+00
       530  6.6249999999999143e-01  1.2468503952721743e-01  3.9165273849227655e-01  3.537958e-01  3.589719e+00  3.722080e+00  1.996358e+01  3.416242e+01  1.392037e+02  2.921191e+00  1.226858e+01  1.3279504588196052e+00
       540  6.7499999999999116e-01  1.2467891479661064e-01  3.9232402714902759e-01  3.604949e-01  3.597912e+00  3.799714e+00  2.013424e+01  3.501306e+01  1.415503e+02  2.915106e+00  1.225604e+01  1.3364670368235079e+00
       550  6.8749999999999090e-01  1.2467277946562984e-01  3.9300963451473553e-01  3.671896e-01  3.606251e+00  3.877695e+00  2.030835e+01  3.587484e+01  1.439566e+02  2.909525e+00  1.224951e+01  1.3452021983765505e+00
       560  6.9999999999999063e-01  1.2466663330989654e-01  3.9370963937071402e-01  3.738791e-01  3.614733e+00  3.956022e+00  2.048590e+01  3.674791e+01  1.464233e+02  2.904462e+00  1.224914e+01  1.3541595477608159e+00
       570  7.1249999999999036e-01  1.2466047610379412e-01  3.9442412174500852e-01  3.805630e-01  3.623358e+00  4.034693e+00  2.066689e+01  3.763240e+01  1.489510e+02  2.899931e+00  1.225506e+01  1.3633427911736480e+00
       580  7.2499999999999010e-01  1.2465430762044646e-01  3.9515316290281793e-01  3.872405e-01  3.632123e+00  4.113706e+00  2.085131e+01  3.852842e+01  1.515402e+02  2.895945e+00  1.226742e+01  1.3727557391536469e+00
       590  7.3749999999998983e-01  1.2464812763169754e-01  3.9589684533709935e-01  3.939109e-01  3.641027e+00  4.193059e+00  2.103914e+01  3.943609e+01  1.541915e+02  2.892515e+00  1.228636e+01  1.3824023090984707e+00
       600  7.4999999999998956e-01  1.2464193590809503e-01  3.9665525275937458e-01  4.005736e-01  3.650067e+00  4.272749e+00  2.123038e+01  4.035552e+01  1.569055e+02  2.889653e+00  1.231200e+01  1.3922865278774705e+00
       610  7.6249999999998930e-01  1.2463573221886946e-01  3.9742847009073562e-01  4.072279e-01  3.659243e+00  4.352770e+00  2.142502e+01  4.128680e+01  1.596827e+02  2.887367e+00  1.234446e+01  1.4024125345420095e+00
       620  7.7499999999998903e-01  1.2462951633191624e-01  3.9821658345305205e-01  4.138729e-01  3.668552e+00  4.433121e+00  2.162303e+01  4.223001e+01  1.625236e+02  2.885668e+00  1.238385e+01  1.4127845831367709e+00
       630  7.8749999999998876e-01  1.2462328801377605e-01  3.9901968016039019e-01  4.205080e-01  3.677992e+00  4.513795e+00  2.182441e+01  4.318524e+01  1.654286e+02  2.884564e+00  1.243029e+01  1.4234070456151260e+00
       640  7.9999999999998850e-01  1.2461704702961764e-01  3.9983784871064909e-01  4.271324e-01  3.687560e+00  4.594786e+00  2.202912e+01  4.415253e+01  1.683981e+02  2.884061e+00  1.248386e+01  1.4342844148619460e+00
       650  8.1249999999998823e-01  1.2461079314321832e-01  4.0067117877740421e-01  4.337451e-01  3.697255e+00  4.676089e+00  2.223715e+01  4.513194e+01  1.714326e+02  2.884167e+00  1.254468e+01  1.4454213078273599e+00
       660  8.2499999999998797e-01  1.2460452611694556e-01  4.0151976120197347e-01  4.403455e-01  3.707073e+00  4.757698e+00  2.244846e+01  4.612350e+01  1.745324e+02  2.884886e+00  1.261281e+01  1.4568224687748184e+00
       670  8.3749999999998770e-01  1.2459824571173984e-01  4.0238368798571245e-01  4.469326e-01  3.717012e+00  4.839603e+00  2.266304e+01  4.712725e+01  1.776977e+02  2.886223e+00  1.268836e+01  1.4684927726473838e+00
       680  8.4999999999998743e-01  1.2459195168709575e-01  4.0326305228251191e-01  4.535055e-01  3.727070e+00  4.921797e+00  2.288084e+01  4.814320e+01  1.809289e+02  2.888182e+00  1.277138e+01  1.4804372285557987e+00
       690  8.6249999999998717e-01  1.2458564380104364e-01  4.0415794839153857e-01  4.600633e-01  3.737243e+00  5.004271e+00  2.310183e+01  4.917134e+01  1.842261e+02  2.890765e+00  1.286196e+01  1.4926609833923401e+00
       700  8.7499999999998690e-01  1.2457932181013331e-01  4.0506847175017852e-01  4.666052e-01  3.747528e+00  5.087016e+00  2.332598e+01  5.021164e+01  1.875894e+02  2.893974e+00  1.296015e+01  1.5051693255745959e+00
       710  8.8749999999998663e-01  1.2457298546941534e-01  4.0599471892722194e-01  4.731300e-01  3.757923e+00  5.170021e+00  2.355323e+01  5.126409e+01  1.910189e+02  2.897811e+00  1.306600e+01  1.5179676889230465e+00
       720  8.9999999999998637e-01  1.2456663453242214e-01  4.0693678761625002e-01  4.796370e-01  3.768423e+00  5.253274e+00  2.378356e+01  5.232863e+01  1.945147e+02  2.902276e+00  1.317957e+01  1.5310616566771600e+00
       730  9.1249999999998610e-01  1.2456026875115306e-01  4.0789477662924395e-01  4.861250e-01  3.779026e+00  5.336764e+00  2.401690e+01  5.340520e+01  1.980768e+02  2.907366e+00  1.330090e+01  1.5444569656540605e+00
       740  9.2499999999998583e-01  1.2455388787605531e-01  4.0886878589041847e-01  4.925931e-01  3.789728e+00  5.420479e+00  2.425321e+01  5.449370e+01  2.017049e+02  2.913082e+00  1.343002e+01  1.5581595105545809e+00
       750  9.3749999999998557e-01  1.2454749165600640e-01  4.0985891643025646e-01  4.990401e-01  3.800525e+00  5.504404e+00  2.449242e+01  5.559405e+01  2.053989e+02  2.919421e+00  1.356695e+01  1.5721753484214944e+00
       760  9.4999999999998530e-01  1.2454107983829776e-01  4.1086527037975251e-01  5.054651e-01  3.811414e+00  5.588526e+00  2.473449e+01  5.670611e+01  2.091585e+02  2.926379e+00  1.371173e+01  1.5865107032545200e+00
       770  9.6249999999998503e-01  1.2453465216861762e-01  4.1188795096486808e-01  5.118669e-01  3.822390e+00  5.672830e+00  2.497934e+01  5.782976e+01  2.129835e+02  2.933952e+00  1.386435e+01  1.6011719707876104e+00
       780  9.7499999999998477e-01  1.2452820839103287e-01  4.1292706250117478e-01  5.182445e-01  3.833450e+00  5.757299e+00  2.522692e+01  5.896483e+01  2.168733e+02  2.942135e+00  1.402483e+01  1.6161657234333069e+00
       790  9.8749999999998450e-01  1.2452174824797292e-01  4.1398271038869872e-01  5.245967e-01  3.844589e+00  5.841917e+00  2.547714e+01  6.011115e+01  2.208275e+02  2.950924e+00  1.419316e+01  1.6314987153997811e+00
       800  9.9999999999998423e-01  1.2451527148021363e-01  4.1505500110693372e-01  5.309224e-01  3.855803e+00  5.926667e+00  2.572994e+01  6.126851e+01  2.248455e+02  2.960310e+00  1.436932e+01  1.6471778879861674e+00
       810  1.0124999999999840e+00  1.2450877782685714e-01  4.1614404221007456e-01  5.372203e-01  3.867087e+00  6.011530e+00  2.598523e+01  6.243669e+01  2.289265e+02  2.970288e+00  1.455330e+01  1.6632103750617544e+00
       820  1.0249999999999837e+00  1.2450226702531961e-01  4.1724994232235812e-01  5.434894e-01  3.878438e+00  6.096487e+00  2.624293e+01  6.361546e+01  2.330698e+02  2.980848e+00  1.474506e+01  1.6796035087349912e+00
       830  1.0374999999999834e+00  1.2449573881131118e-01  4.1837281113364638e-01  5.497285e-01  3.889849e+00  6.181518e+00  2.650295e+01  6.480454e+01  2.372745e+02  2.991983e+00  1.494457e+01  1.6963648252186041e+00
       840  1.0499999999999832e+00  1.2448919291882142e-01  4.1951275939509042e-01  5.559362e-01  3.901317e+00  6.266602e+00  2.676520e+01  6.600366e+01  2.415396e+02  3.003683e+00  1.515177e+01  1.7135020708968105e+00
       850  1.0624999999999829e+00  1.2448262908009991e-01  4.2066989891499590e-01  5.621115e-01  3.912836e+00  6.351718e+00  2.702958e+01  6.721249e+01  2.458640e+02  3.015938e+00  1.536661e+01  1.7310232086013944e+00
       860  1.0749999999999826e+00  1.2447604702564428e-01  4.2184434255479897e-01  5.682529e-01  3.924401e+00  6.436843e+00  2.729599e+01  6.843070e+01  2.502465e+02  3.028736e+00  1.558901e+01  1.7489364241031264e+00
       870  1.0874999999999824e+00  1.2446944648417900e-01  4.2303620422519012e-01  5.743593e-01  3.936008e+00  6.521953e+00  2.756433e+01  6.965794e+01  2.546858e+02  3.042067e+00  1.581891e+01  1.7672501328254486e+00
       880  1.0999999999999821e+00  1.2446282718264225e-01  4.2424559888232372e-01  5.804294e-01  3.947650e+00  6.607026e+00  2.783448e+01  7.089381e+01  2.591803e+02  3.055918e+00  1.605620e+01  1.7859729867877099e+00
       890  1.1124999999999818e+00  1.2445618884616838e-01  4.2547264252416817e-01  5.864619e-01  3.959322e+00  6.692035e+00  2.810633e+01  7.213792e+01  2.637286e+02  3.070276e+00  1.630078e+01  1.8051138817848562e+00
       900  1.1249999999999816e+00  1.2444953119807191e-01  4.2671745218694218e-01  5.924555e-01  3.971019e+00  6.776954e+00  2.837976e+01  7.338983e+01  2.683290e+02  3.085128e+00  1.655255e+01  1.8246819648114649e+00
       910  1.1374999999999813e+00  1.2444285395983001e-01  4.2798014594162970e-01  5.984088e-01  3.982734e+00  6.861758e+00  2.865465e+01  7.464908e+01  2.729796e+02  3.100459e+00  1.681137e+01  1.8446866417376127e+00
       920  1.1499999999999810e+00  1.2443615685106961e-01  4.2926084289056848e-01  6.043205e-01  3.994463e+00  6.946419e+00  2.893087e+01  7.591518e+01  2.776786e+02  3.116256e+00  1.707711e+01  1.8651375852444940e+00
       930  1.1624999999999808e+00  1.2442943958954741e-01  4.3055966316411320e-01  6.101894e-01  4.006199e+00  7.030908e+00  2.920828e+01  7.718763e+01  2.824239e+02  3.132502e+00  1.734962e+01  1.8860447430279943e+00
       940  1.1749999999999805e+00  1.2442270189113641e-01  4.3187672791733067e-01  6.160139e-01  4.017936e+00  7.115197e+00  2.948675e+01  7.846589e+01  2.872132e+02  3.149181e+00  1.762873e+01  1.9074183462786576e+00
       950  1.1874999999999802e+00  1.2441594346981005e-01  4.3321215932674972e-01  6.217928e-01  4.029669e+00  7.199256e+00  2.976614e+01  7.974940e+01  2.920444e+02  3.166278e+00  1.791427e+01  1.9292689184462928e+00
       960  1.1999999999999800e+00  1.2440916403762239e-01  4.3456608058712465e-01  6.275247e-01  4.041390e+00  7.283054e+00  3.004630e+01  8.103757e+01  2.969149e+02  3.183775e+00  1.820606e+01  1.9516072842984209e+00
       970  1.2124999999999797e+00  1.2440236330469913e-01  4.3593861590819971e-01  6.332082e-01  4.053094e+00  7.366560e+00  3.032707e+01  8.232980e+01  3.018222e+02  3.201655e+00  1.850388e+01  1.9744445792810614e+00
       980  1.2249999999999794e+00  1.2439554097921555e-01  4.3732989051150656e-01  6.388418e-01  4.064774e+00  7.449743e+00  3.060832e+01  8.362544e+01  3.067635e+02  3.219899e+00  1.880752e+01  1.9977922591915047e+00
       990  1.2374999999999792e+00  1.2438869676738272e-01  4.3874003062711275e-01  6.444243e-01  4.076424e+00  7.532570e+00  3.088986e+01  8.492384e+01  3.117360e+02  3.238490e+00  1.911676e+01  2.0216621101721088e+00
      1000  1.2499999999999789e+00  1.2438183037343468e-01  4.4016916349034796e-01  6.499542e-01  4.088038e+00  7.615007e+00  3.117156e+01  8.622431e+01  3.167368e+02  3.257408e+00  1.943134e+01  2.0460662590349425e+00
      1010  1.2624999999999786e+00  1.2437494149960603e-01  4.4161741733851123e-01  6.554301e-01  4.099608e+00  7.697021e+00  3.145323e+01  8.752614e+01  3.217628e+02  3.276634e+00  1.975101e+01  2.0710171839267741e+00
      1020  1.2749999999999784e+00  1.2436802984612393e-01  4.4308492140750466e-01  6.608506e-01  4.111129e+00  7.778578e+00  3.173470e+01  8.882858e+01  3.268107e+02  3.296149e+00  2.007551e+01  2.0965277253447789e+00
      1030  1.2874999999999781e+00  1.2436109511118697e-01  4.4457180592839218e-01  6.662143e-01  4.122593e+00  7.859642e+00  3.201582e+01  9.013090e+01  3.318771e+02  3.315931e+00  2.040454e+01  2.1226110975125558e+00
      1040  1.2999999999999778e+00  1.2435413699095246e-01  4.4607820212389471e-01  6.715197e-01  4.133994e+00  7.940178e+00  3.229638e+01  9.143231e+01  3.369587e+02  3.335962e+00  2.073780e+01  2.1492809001272528e+00
      1050  1.3124999999999776e+00  1.2434715517952073e-01  4.4760424220478218e-01  6.767654e-01  4.145325e+00  8.020151e+00  3.257622e+01  9.273200e+01  3.420517e+02  3.356219e+00  2.107498e+01  2.1765511304878467e+00
      1060  1.3249999999999773e+00  1.2434014936891741e-01  4.4915005936616448e-01  6.819501e-01  4.156579e+00  8.099523e+00  3.285516e+01  9.402916e+01  3.471526e+02  3.376682e+00  2.141576e+01  2.2044361960153638e+00
      1070  1.3374999999999770e+00  1.2433311924908247e-01  4.5071578778363608e-01  6.870723e-01  4.167750e+00  8.178258e+00  3.313300e+01  9.532294e+01  3.522574e+02  3.397330e+00  2.175979e+01  2.2329509271756303e+00
      1080  1.3499999999999768e+00  1.2432606450784733e-01  4.5230156260933102e-01  6.921305e-01  4.178831e+00  8.256318e+00  3.340955e+01  9.661249e+01  3.573622e+02  3.418140e+00  2.210672e+01  2.2621105908154289e+00
      1090  1.3624999999999765e+00  1.2431898483093225e-01  4.5390751996777251e-01  6.971234e-01  4.189814e+00  8.333668e+00  3.368463e+01  9.789692e+01  3.624630e+02  3.439092e+00  2.245619e+01  2.2919309039226636e+00
      1100  1.3749999999999762e+00  1.2431187990191503e-01  4.5553379695162483e-01  7.020496e-01  4.200694e+00  8.410267e+00  3.395804e+01  9.917535e+01  3.675556e+02  3.460162e+00  2.280781e+01  2.3224280478216452e+00
      1110  1.3874999999999760e+00  1.2430474940223070e-01  4.5718053161721350e-01  7.069077e-01  4.211463e+00  8.486080e+00  3.422959e+01  1.004469e+02  3.726358e+02  3.481330e+00  2.316119e+01  2.3536186828145036e+00
      1120  1.3999999999999757e+00  1.2429759301114736e-01  4.5884786297991476e-01  7.116962e-01  4.222115e+00  8.561067e+00  3.449907e+01  1.017105e+02  3.776993e+02  3.502573e+00  2.351594e+01  2.3855199632792456e+00
      1130  1.4124999999999754e+00  1.2429041040575357e-01  4.6053593100929618e-01  7.164138e-01  4.232642e+00  8.635190e+00  3.476630e+01  1.029654e+02  3.827416e+02  3.523868e+00  2.387164e+01  2.4181495532355810e+00
      1140  1.4249999999999752e+00  1.2428320126094571e-01  4.6224487662408775e-01  7.210591e-01  4.243039e+00  8.708411e+00  3.503107e+01  1.042106e+02  3.877582e+02  3.545193e+00  2.422788e+01  2.4515256423893290e+00
      1150  1.4374999999999749e+00  1.2427596524941058e-01  4.6397484168692116e-01  7.256307e-01  4.253298e+00  8.780692e+00  3.529318e+01  1.054450e+02  3.927447e+02  3.566526e+00  2.458421e+01  2.4856669626658690e+00
      1160  1.4499999999999746e+00  1.2426870204160970e-01  4.6572596899884072e-01  7.301273e-01  4.263414e+00  8.851995e+00  3.555242e+01  1.066679e+02  3.976963e+02  3.587845e+00  2.494019e+01  2.5205928052431217e+00
      1170  1.4624999999999744e+00  1.2426141130576997e-01  4.6749840229354706e-01  7.345474e-01  4.273378e+00  8.922281e+00  3.580861e+01  1.078781e+02  4.026085e+02  3.609127e+00  2.529539e+01  2.5563230380943156e+00
      1180  1.4749999999999741e+00  1.2425409270786233e-01  4.6929228623143354e-01  7.388899e-01  4.283186e+00  8.991512e+00  3.606154e+01  1.090747e+02  4.074766e+02  3.630351e+00  2.564935e+01  2.5928781240506957e+00
      1190  1.4874999999999738e+00  1.2424674591159302e-01  4.7110776639333563e-01  7.431532e-01  4.292831e+00  9.059651e+00  3.631101e+01  1.102568e+02  4.122957e+02  3.651493e+00  2.600160e+01  2.6302791393933416e+00
      1200  1.4999999999999736e+00  1.2423937057838598e-01  4.7294498927400908e-01  7.473362e-01  4.302306e+00  9.126660e+00  3.655682e+01  1.114233e+02  4.170613e+02  3.672534e+00  2.635169e+01  2.6685477929836097e+00
      1210  1.5124999999999733e+00  1.2423196636736822e-01  4.7480410227534248e-01  7.514375e-01  4.311605e+00  9.192502e+00  3.679877e+01  1.125733e+02  4.217684e+02  3.693450e+00  2.669914e+01  2.7077064459410591e+00
      1220  1.5249999999999730e+00  1.2422453293535926e-01  4.7668525369926523e-01  7.554559e-01  4.320724e+00  9.257140e+00  3.703667e+01  1.137058e+02  4.264123e+02  3.714221e+00  2.704349e+01  2.7477781318764039e+00
      1230  1.5374999999999728e+00  1.2421706993685279e-01  4.7858859274038884e-01  7.593900e-01  4.329654e+00  9.320538e+00  3.727033e+01  1.148198e+02  4.309883e+02  3.734827e+00  2.738427e+01  2.7887865776878469e+00
      1240  1.5499999999999725e+00  1.2420957702400631e-01  4.8051426947833620e-01  7.632386e-01  4.338392e+00  9.382661e+00  3.749956e+01  1.159144e+02  4.354917e+02  3.755245e+00  2.772100e+01  2.8307562249268026e+00
      1250  1.5624999999999722e+00  1.2420205384662446e-01  4.8246243486973928e-01  7.670006e-01  4.346931e+00  9.443472e+00  3.772416e+01  1.169887e+02  4.399177e+02  3.775457e+00  2.805322e+01  2.8737122517395277e+00
      1260  1.5749999999999720e+00  1.2419450005214863e-01  4.8443324073997140e-01  7.706746e-01  4.355266e+00  9.502938e+00  3.794395e+01  1.180416e+02  4.442617e+02  3.795443e+00  2.838047e+01  2.9176805953894376e+00
      1270  1.5874999999999717e+00  1.2418691528563933e-01  4.8642683977453388e-01  7.742595e-01  4.363392e+00  9.561025e+00  3.815876e+01  1.190724e+02  4.485190e+02  3.815183e+00  2.870228e+01  2.9626879753639606e+00
      1280  1.5999999999999714e+00  1.2417929918976603e-01  4.8844338551013072e-01  7.777542e-01  4.371304e+00  9.617700e+00  3.836841e+01  1.200800e+02  4.526853e+02  3.834659e+00  2.901819e+01  3.0087619170693412e+00
      1290  1.6124999999999712e+00  1.2417165140479298e-01  4.9048303232544355e-01  7.811575e-01  4.378997e+00  9.672931e+00  3.857271e+01  1.210636e+02  4.567560e+02  3.853852e+00  2.932776e+01  3.0559307761139585e+00
      1300  1.6249999999999709e+00  1.2416397156856719e-01  4.9254593543152120e-01  7.844682e-01  4.386466e+00  9.726686e+00  3.877152e+01  1.220223e+02  4.607267e+02  3.872746e+00  2.963056e+01  3.1042237631814689e+00
      1310  1.6374999999999706e+00  1.2415625931650136e-01  4.9463225086193358e-01  7.876853e-01  4.393707e+00  9.778935e+00  3.896465e+01  1.229553e+02  4.645933e+02  3.891323e+00  2.992614e+01  3.1536709694912997e+00
      1320  1.6499999999999704e+00  1.2414851428156781e-01  4.9674213546253532e-01  7.908077e-01  4.400716e+00  9.829649e+00  3.915197e+01  1.238617e+02  4.683515e+02  3.909568e+00  3.021410e+01  3.2043033928440088e+00
      1330  1.6624999999999701e+00  1.2414073609427884e-01  4.9887574688091829e-01  7.938343e-01  4.407490e+00  9.878799e+00  3.933331e+01  1.247408e+02  4.719973e+02  3.927464e+00  3.049403e+01  3.2561529642462101e+00
      1340  1.6749999999999698e+00  1.2413292438268017e-01  5.0103324355558088e-01  7.967642e-01  4.414023e+00  9.926359e+00  3.950854e+01  1.255918e+02  4.755270e+02  3.944998e+00  3.076555e+01  3.3092525751083723e+00
      1350  1.6874999999999696e+00  1.2412507877233310e-01  5.0321478470472347e-01  7.995963e-01  4.420313e+00  9.972302e+00  3.967751e+01  1.264140e+02  4.789367e+02  3.962155e+00  3.102827e+01  3.3636361050056811e+00
      1360  1.6999999999999693e+00  1.2411719888630904e-01  5.0542053031479361e-01  8.023297e-01  4.426357e+00  1.001660e+01  3.984009e+01  1.272066e+02  4.822228e+02  3.978923e+00  3.128185e+01  3.4193384499910731e+00
      1370  1.7124999999999690e+00  1.2410928434517135e-01  5.0765064112866609e-01  8.049634e-01  4.432152e+00  1.005924e+01  3.999617e+01  1.279691e+02  4.853821e+02  3.995290e+00  3.152594e+01  3.4763955514459370e+00
      1380  1.7249999999999688e+00  1.2410133476696676e-01  5.0990527863356971e-01  8.074965e-01  4.437695e+00  1.010019e+01  4.014562e+01  1.287007e+02  4.884112e+02  4.011244e+00  3.176024e+01  3.5348444254514146e+00
      1390  1.7374999999999685e+00  1.2409334976721378e-01  5.1218460504870267e-01  8.099281e-01  4.442985e+00  1.013943e+01  4.028834e+01  1.294010e+02  4.913072e+02  4.026776e+00  3.198444e+01  3.5947231926608145e+00
      1400  1.7499999999999682e+00  1.2408532895888919e-01  5.1448878331257542e-01  8.122574e-01  4.448018e+00  1.017694e+01  4.042423e+01  1.300693e+02  4.940672e+02  4.041876e+00  3.219828e+01  3.6560711086498809e+00
      1410  1.7624999999999680e+00  1.2407727195242009e-01  5.1681797707008192e-01  8.144835e-01  4.452793e+00  1.021271e+01  4.055320e+01  1.307051e+02  4.966886e+02  4.056535e+00  3.240150e+01  3.7189285947187027e+00
      1420  1.7749999999999677e+00  1.2406917835567122e-01  5.1917235065932199e-01  8.166057e-01  4.457309e+00  1.024672e+01  4.067516e+01  1.313080e+02  4.991690e+02  4.070748e+00  3.259389e+01  3.7833372691148526e+00
      1430  1.7874999999999674e+00  1.2406104777393409e-01  5.2155206909817253e-01  8.186231e-01  4.461565e+00  1.027894e+01  4.079005e+01  1.318775e+02  5.015061e+02  4.084508e+00  3.277524e+01  3.8493399786448492e+00
      1440  1.7999999999999672e+00  1.2405287980991578e-01  5.2395729807065961e-01  8.205351e-01  4.465560e+00  1.030938e+01  4.089779e+01  1.324133e+02  5.036981e+02  4.097809e+00  3.294539e+01  3.9169808306349574e+00
      1450  1.8124999999999669e+00  1.2404467406373093e-01  5.2638820391309782e-01  8.223409e-01  4.469293e+00  1.033801e+01  4.099834e+01  1.329150e+02  5.057433e+02  4.110649e+00  3.310420e+01  3.9863052252006552e+00
      1460  1.8249999999999666e+00  1.2403643013288899e-01  5.2884495360007489e-01  8.240399e-01  4.472765e+00  1.036483e+01  4.109164e+01  1.333824e+02  5.076400e+02  4.123024e+00  3.325155e+01  4.0573598877768733e+00
      1470  1.8374999999999664e+00  1.2402814761228727e-01  5.3132771473025764e-01  8.256314e-01  4.475976e+00  1.038982e+01  4.117767e+01  1.338152e+02  5.093871e+02  4.134933e+00  3.338736e+01  4.1301929018588224e+00
      1480  1.8499999999999661e+00  1.2401982609419698e-01  5.3383665551207349e-01  8.271148e-01  4.478926e+00  1.041298e+01  4.125639e+01  1.342132e+02  5.109836e+02  4.146375e+00  3.351158e+01  4.2048537418971152e+00
      1490  1.8624999999999658e+00  1.2401146516825919e-01  5.3637194474928118e-01  8.284894e-01  4.481617e+00  1.043431e+01  4.132778e+01  1.345762e+02  5.124288e+02  4.157352e+00  3.362419e+01  4.2813933062853913e+00
      1500  1.8749999999999656e+00  1.2400306442147255e-01  5.3893375182645964e-01  8.297548e-01  4.484048e+00  1.045379e+01  4.139185e+01  1.349043e+02  5.137221e+02  4.167864e+00  3.372520e+01  4.3598639503750825e+00
      1510  1.8874999999999653e+00  1.2399462343818138e-01  5.4152224669446591e-01  8.309104e-01  4.486224e+00  1.047143e+01  4.144860e+01  1.351973e+02  5.148632e+02  4.177917e+00  3.381465e+01  4.4403195194442322e+00
      1520  1.8999999999999651e+00  1.2398614180007297e-01  5.4413759985588361e-01  8.319558e-01  4.488144e+00  1.048722e+01  4.149803e+01  1.354552e+02  5.158523e+02  4.187513e+00  3.389262e+01  4.5228153815429968e+00
      1530  1.9124999999999648e+00  1.2397761908616846e-01  5.4677998235048897e-01  8.328903e-01  4.489811e+00  1.050116e+01  4.154018e+01  1.356781e+02  5.166895e+02  4.196658e+00  3.395922e+01  4.6074084601331977e+00
      1540  1.9249999999999645e+00  1.2396905487280768e-01  5.4944956574077575e-01  8.337137e-01  4.491229e+00  1.051326e+01  4.157507e+01  1.358661e+02  5.173754e+02  4.205360e+00  3.401460e+01  4.6941572664309490e+00
      1550  1.9374999999999643e+00  1.2396044873364728e-01  5.5214652209764081e-01  8.344255e-01  4.492401e+00  1.052351e+01  4.160275e+01  1.360192e+02  5.179107e+02  4.213626e+00  3.405892e+01  4.7831219313584370e+00
      1560  1.9499999999999640e+00  1.2395180023965385e-01  5.5487102398619981e-01  8.350252e-01  4.493329e+00  1.053193e+01  4.162326e+01  1.361378e+02  5.182964e+02  4.221466e+00  3.409239e+01  4.8743642370015419e+00
      1570  1.9624999999999637e+00  1.2394310895908801e-01  5.5762324445180145e-01  8.355126e-01  4.494017e+00  1.053852e+01  4.163668e+01  1.362221e+02  5.185337e+02  4.228890e+00  3.411527e+01  4.9679476474671063e+00
      1580  1.9749999999999635e+00  1.2393437445751040e-01  5.6040335700635968e-01  8.358873e-01  4.494470e+00  1.054328e+01  4.164307e+01  1.362722e+02  5.186242e+02  4.235910e+00  3.412783e+01  5.0639373390234876e+00
      1590  1.9874999999999632e+00  1.2392559629776054e-01  5.6321153561498694e-01  8.361491e-01  4.494692e+00  1.054622e+01  4.164252e+01  1.362886e+02  5.185695e+02  4.242539e+00  3.413037e+01  5.1624002294062752e+00
      1600  1.9999999999999629e+00  1.2391677403996018e-01  5.6604795468299607e-01  8.362975e-01  4.494689e+00  1.054736e+01  4.163512e+01  1.362717e+02  5.183716e+02  4.248791e+00  3.412326e+01  5.2634050061601609e+00
      1610  2.0124999999999647e+00  1.2390790724149872e-01  5.6891278904341225e-01  8.363324e-01  4.494464e+00  1.054670e+01  4.162096e+01  1.362217e+02  5.180326e+02  4.254681e+00  3.410685e+01  5.3670221538862073e+00
      1620  2.0249999999999666e+00  1.2389899545703320e-01  5.7180621394499331e-01  8.362536e-01  4.494024e+00  1.054426e+01  4.160015e+01  1.361392e+02  5.175550e+02  4.260227e+00  3.408157e+01  5.4733239802539728e+00
      1630  2.0374999999999686e+00  1.2389003823847716e-01  5.7472840504084488e-01  8.360608e-01  4.493375e+00  1.054004e+01  4.157282e+01  1.360246e+02  5.169411e+02  4.265445e+00  3.404787e+01  5.5823846406350661e+00
      1640  2.0499999999999705e+00  1.2388103513499921e-01  5.7767953837776753e-01  8.357539e-01  4.492523e+00  1.053408e+01  4.153909e+01  1.358785e+02  5.161939e+02  4.270356e+00  3.400622e+01  5.6942801612073968e+00
      1650  2.0624999999999725e+00  1.2387198569301038e-01  5.8065979038632243e-01  8.353326e-01  4.491475e+00  1.052637e+01  4.149909e+01  1.357014e+02  5.153162e+02  4.274978e+00  3.395713e+01  5.8090884603756328e+00
      1660  2.0749999999999744e+00  1.2386288945616361e-01  5.8366933787183140e-01  8.347969e-01  4.490237e+00  1.051694e+01  4.145296e+01  1.354940e+02  5.143113e+02  4.279333e+00  3.390116e+01  5.9268893683459822e+00
      1670  2.0874999999999764e+00  1.2385374596534601e-01  5.8670835800631016e-01  8.341466e-01  4.488817e+00  1.050580e+01  4.140086e+01  1.352567e+02  5.131823e+02  4.283443e+00  3.383888e+01  6.0477646446936859e+00
      1680  2.0999999999999783e+00  1.2384455475867252e-01  5.8977702832148871e-01  8.333817e-01  4.487222e+00  1.049297e+01  4.134294e+01  1.349903e+02  5.119328e+02  4.287333e+00  3.377091e+01  6.1717979937513103e+00
      1690  2.1124999999999803e+00  1.2383531537148200e-01  5.9287552670301213e-01  8.325020e-01  4.485461e+00  1.047847e+01  4.127938e+01  1.346955e+02  5.105664e+02  4.291026e+00  3.369789e+01  6.2990750776498938e+00
      1700  2.1249999999999822e+00  1.2382602733633126e-01  5.9600403138595626e-01  8.315076e-01  4.483542e+00  1.046232e+01  4.121033e+01  1.343728e+02  5.090868e+02  4.294549e+00  3.362050e+01  6.4296835268363086e+00
      1710  2.1374999999999842e+00  1.2381669018298658e-01  5.9916272095174472e-01  8.303982e-01  4.481474e+00  1.044455e+01  4.113598e+01  1.340231e+02  5.074979e+02  4.297927e+00  3.353946e+01  6.5637129478917631e+00
      1720  2.1499999999999861e+00  1.2380730343842114e-01  6.0235177432667453e-01  8.291740e-01  4.479265e+00  1.042516e+01  4.105652e+01  1.336471e+02  5.058036e+02  4.301190e+00  3.345551e+01  6.7012549284757590e+00
      1730  2.1624999999999881e+00  1.2379786662681352e-01  6.0557137078208789e-01  8.278349e-01  4.476924e+00  1.040419e+01  4.097214e+01  1.332456e+02  5.040081e+02  4.304365e+00  3.336944e+01  6.8424030392173005e+00
      1740  2.1749999999999901e+00  1.2378837926953418e-01  6.0882168993640717e-01  8.263809e-01  4.474462e+00  1.038164e+01  4.088304e+01  1.328192e+02  5.021156e+02  4.307483e+00  3.328206e+01  6.9872528323787684e+00
      1750  2.1874999999999920e+00  1.2377884088514314e-01  6.1210291175919007e-01  8.248121e-01  4.471888e+00  1.035756e+01  4.078941e+01  1.323688e+02  5.001304e+02  4.310575e+00  3.319421e+01  7.1359018371198788e+00
      1760  2.1999999999999940e+00  1.2376925098939001e-01  6.1541521657730669e-01  8.231283e-01  4.469212e+00  1.033195e+01  4.069148e+01  1.318951e+02  4.980568e+02  4.313672e+00  3.310680e+01  7.2884495511900198e+00
      1770  2.2124999999999959e+00  1.2375960909519750e-01  6.1875878508348159e-01  8.213298e-01  4.466445e+00  1.030483e+01  4.058945e+01  1.313990e+02  4.958993e+02  4.316808e+00  3.302072e+01  7.4449974288874436e+00
      1780  2.2249999999999979e+00  1.2374991471266586e-01  6.2213379834733806e-01  8.194166e-01  4.463598e+00  1.027624e+01  4.048354e+01  1.308812e+02  4.936623e+02  4.320016e+00  3.293696e+01  7.6056488651230305e+00
      1790  2.2374999999999998e+00  1.2374016734906183e-01  6.2554043782913049e-01  8.173886e-01  4.460682e+00  1.024619e+01  4.037398e+01  1.303426e+02  4.913504e+02  4.323331e+00  3.285649e+01  7.7705091754426814e+00
      1800  2.2500000000000018e+00  1.2373036650881113e-01  6.2897888539638158e-01  8.152461e-01  4.457707e+00  1.021470e+01  4.026099e+01  1.297840e+02  4.889683e+02  4.326789e+00  3.278036e+01  7.9396855718629631e+00
      1810  2.2625000000000037e+00  1.2372051169349575e-01  6.3244932334364357e-01  8.129890e-01  4.454687e+00  1.018180e+01  4.014482e+01  1.292060e+02  4.865203e+02  4.330427e+00  3.270964e+01  8.1132871343945183e+00
      1820  2.2750000000000057e+00  1.2371060240184442e-01  6.3595193441556852e-01  8.106175e-01  4.451632e+00  1.014750e+01  4.002569e+01  1.286096e+02  4.840114e+02  4.334282e+00  3.264544e+01  8.2914247781336989e+00
      1830  2.2875000000000076e+00  1.2370063812972884e-01  6.3948690183352197e-01  8.081316e-01  4.448554e+00  1.011182e+01  3.990385e+01  1.279955e+02  4.814460e+02  4.338392e+00  3.258892e+01  8.4742112158246012e+00
      1840  2.3000000000000096e+00  1.2369061837014905e-01  6.4305440932597135e-01  8.055315e-01  4.445467e+00  1.007479e+01  3.977954e+01  1.273644e+02  4.788288e+02  4.342797e+00  3.254129e+01  8.6617609158043329e+00
      1850  2.3125000000000115e+00  1.2368054261323322e-01  6.4665464116295335e-01  8.028173e-01  4.442383e+00  1.003642e+01  3.965302e+01  1.267172e+02  4.761645e+02  4.347538e+00  3.250378e+01  8.8541900552708785e+00
      1860  2.3250000000000135e+00  1.2367041034622393e-01  6.5028778219484895e-01  7.999891e-01  4.439315e+00  9.996734e+00  3.952452e+01  1.260545e+02  4.734578e+02  4.352654e+00  3.247770e+01  9.0516164688276337e+00
      1870  2.3375000000000155e+00  1.2366022105347056e-01  6.5395401789562357e-01  7.970471e-01  4.436276e+00  9.955745e+00  3.939432e+01  1.253770e+02  4.707134e+02  4.358189e+00  3.246440e+01  9.2541595922886231e+00
      1880  2.3500000000000174e+00  1.2364997421641752e-01  6.5765353441103080e-01  7.939913e-01  4.433279e+00  9.913470e+00  3.926267e+01  1.246856e+02  4.679358e+02  4.364184e+00  3.246526e+01  9.4619404017516509e+00
      1890  2.3625000000000194e+00  1.2363966931359421e-01  6.6138651861188924e-01  7.908219e-01  4.430338e+00  9.869924e+00  3.912983e+01  1.239807e+02  4.651297e+02  4.370683e+00  3.248173e+01  9.6750813479768585e+00
      1900  2.3750000000000213e+00  1.2362930582060724e-01  6.6515315815283427e-01  7.875390e-01  4.427468e+00  9.825121e+00  3.899606e+01  1.232631e+02  4.622997e+02  4.377731e+00  3.251534e+01  9.8937062861389027e+00
      1910  2.3875000000000233e+00  1.2361888321011801e-01  6.6895364153681536e-01  7.841428e-01  4.424682e+00  9.779072e+00  3.886164e+01  1.225333e+02  4.594504e+02  4.385372e+00  3.256763e+01  1.0117940401058584e+01
      1920  2.4000000000000252e+00  1.2360840095184247e-01  6.7278815818570914e-01  7.806334e-01  4.421994e+00  9.731790e+00  3.872684e+01  1.217920e+02  4.565864e+02  4.393652e+00  3.264024e+01  1.0347910128052074e+01
      1930  2.4125000000000272e+00  1.2359785851251956e-01  6.7665689851731514e-01  7.770110e-01  4.419419e+00  9.683282e+00  3.859194e+01  1.210397e+02  4.537123e+02  4.402618e+00  3.273486e+01  1.0583743069579448e+01
      1940  2.4250000000000291e+00  1.2358725535591084e-01  6.8056005402922171e-01  7.732757e-01  4.416972e+00  9.633557e+00  3.845721e+01  1.202769e+02  4.508326e+02  4.412316e+00  3.285324e+01  1.0825567907919154e+01
      1950  2.4375000000000311e+00  1.2357659094277562e-01  6.8449781738974191e-01  7.694277e-01  4.414668e+00  9.582621e+00  3.832294e+01  1.195040e+02  4.479517e+02  4.422795e+00  3.299722e+01  1.1073514314134709e+01
      1960  2.4500000000000330e+00  1.2356586473084824e-01  6.8847038253642023e-01  7.654672e-01  4.412522e+00  9.530479e+00  3.818941e+01  1.187214e+02  4.450744e+02  4.434102e+00  3.316870e+01  1.1327712853654953e+01
      1970  2.4625000000000350e+00  1.2355507617482352e-01  6.9247794478248359e-01  7.613943e-01  4.410550e+00  9.477131e+00  3.805693e+01  1.179296e+02  4.422049e+02  4.446286e+00  3.336965e+01  1.1588294888842039e+01
      1980  2.4750000000000369e+00  1.2354422472633622e-01  6.9652070093161123e-01  7.572091e-01  4.408766e+00  9.422579e+00  3.792578e+01  1.171288e+02  4.393480e+02  4.459398e+00  3.360214e+01  1.1855392478968394e+01
      1990  2.4875000000000389e+00  1.2353330983392598e-01  7.0059884940143868e-01  7.529119e-01  4.407187e+00  9.366821e+00  3.779626e+01  1.163193e+02  4.365080e+02  4.473487e+00  3.386829e+01  1.2129138278094546e+01
      2000  2.5000000000000409e+00  1.2352233094302334e-01  7.0471259035628453e-01  7.485027e-01  4.405829e+00  9.309853e+00  3.766868e+01  1.155013e+02  4.336896e+02  4.488604e+00  3.417034e+01  1.2409665431393540e+01
      2010  2.5125000000000428e+00  1.2351128749591371e-01  7.0886212584953956e-01  7.439819e-01  4.404708e+00  9.251668e+00  3.754336e+01  1.146750e+02  4.308973e+02  4.504799e+00  3.451059e+01  1.2697107470533695e+01
      2020  2.5250000000000448e+00  1.2350017893170748e-01  7.1304765997603070e-01  7.393496e-01  4.403839e+00  9.192257e+00  3.742060e+01  1.138404e+02  4.281357e+02  4.522124e+00  3.489144e+01  1.2991598208804659e+01
      2030  2.5375000000000467e+00  1.2348900468631620e-01  7.1726939903515463e-01  7.346059e-01  4.403241e+00  9.131611e+00  3.730074e+01  1.129976e+02  4.254096e+02  4.540631e+00  3.531539e+01  1.3293271636738385e+01
      2040  2.5500000000000487e+00  1.2347776419239784e-01  7.2152755170492822e-01  7.297510e-01  4.402928e+00  9.069714e+00  3.718409e+01  1.121464e+02  4.227235e+02  4.560371e+00  3.578502e+01  1.3602261819055350e+01
      2050  2.5625000000000506e+00  1.2346645687933736e-01  7.2582232922769796e-01  7.247852e-01  4.402918e+00  9.006551e+00  3.707101e+01  1.112869e+02  4.200825e+02  4.581397e+00  3.630302e+01  1.3918702793845696e+01
      2060  2.5750000000000526e+00  1.2345508217319245e-01  7.3015394560793712e-01  7.197086e-01  4.403227e+00  8.942103e+00  3.696182e+01  1.104188e+02  4.174913e+02  4.603761e+00  3.687218e+01  1.4242728474972235e+01
      2070  2.5875000000000545e+00  1.2344363949666093e-01  7.3452261782269868e-01  7.145215e-01  4.403873e+00  8.876348e+00  3.685689e+01  1.095418e+02  4.149551e+02  4.627514e+00  3.749537e+01  1.4574472558775073e+01
      2080  2.6000000000000565e+00  1.2343212826901459e-01  7.3892856604522328e-01  7.092240e-01  4.404873e+00  8.809262e+00  3.675658e+01  1.086555e+02  4.124791e+02  4.652709e+00  3.817559e+01  1.4914068436242941e+01
      2090  2.6125000000000584e+00  1.2342054790606370e-01  7.4337201388240759e-01  7.038164e-01  4.406244e+00  8.740817e+00  3.666125e+01  1.077596e+02  4.100687e+02  4.679398e+00  3.891592e+01  1.5261649111907557e+01
      2100  2.6250000000000604e+00  1.2340889782009563e-01  7.4785318862654449e-01  6.982989e-01  4.408002e+00  8.670984e+00  3.657130e+01  1.068534e+02  4.077294e+02  4.707634e+00  3.971956e+01  1.5617347130817111e+01
      2110  2.6375000000000624e+00  1.2339717741981623e-01  7.5237232152212574e-01  6.926718e-01  4.410167e+00  8.599730e+00  3.648710e+01  1.059363e+02  4.054672e+02  4.737466e+00  4.058979e+01  1.5981294515041576e+01
      2120  2.6500000000000643e+00  1.2338538611028259e-01  7.5692964804818974e-01  6.869353e-01  4.412755e+00  8.527017e+00  3.640907e+01  1.050076e+02  4.032880e+02  4.768947e+00  4.152999e+01  1.6353622711269409e+01
      2130  2.6625000000000663e+00  1.2337352329283152e-01  7.6152540821690951e-01  6.810896e-01  4.415783e+00  8.452808e+00  3.633762e+01  1.040664e+02  4.011984e+02  4.802127e+00  4.254367e+01  1.6734462551157897e+01
      2140  2.6750000000000682e+00  1.2336158836503000e-01  7.6615984688915972e-01  6.751351e-01  4.419270e+00  8.377061e+00  3.627318e+01  1.031118e+02  3.992051e+02  4.837055e+00  4.363439e+01  1.7123944226211528e+01
      2150  2.6875000000000702e+00  1.2334958072055327e-01  7.7083321410760353e-01  6.690720e-01  4.423233e+00  8.299730e+00  3.621620e+01  1.021427e+02  3.973151e+02  4.873780e+00  4.480583e+01  1.7522197279079769e+01
      2160  2.7000000000000721e+00  1.2333749974914525e-01  7.7554576544814036e-01  6.629006e-01  4.427689e+00  8.220768e+00  3.616713e+01  1.011579e+02  3.955361e+02  4.912350e+00  4.606175e+01  1.7929350613276831e+01
      2170  2.7125000000000741e+00  1.2332534483650709e-01  7.8029776239040505e-01  6.566213e-01  4.432657e+00  8.140124e+00  3.612645e+01  1.001561e+02  3.938761e+02  4.952813e+00  4.740597e+01  1.8345532523454366e+01
      2180  2.7250000000000760e+00  1.2331311536419304e-01  7.8508947270797047e-01  6.502344e-01  4.438153e+00  8.057743e+00  3.609464e+01  9.913580e+01  3.923436e+02  4.995214e+00  4.884240e+01  1.8770870748482160e+01
      2190  2.7375000000000780e+00  1.2330081070953722e-01  7.8992117087918023e-01  6.437403e-01  4.444197e+00  7.973570e+00  3.607222e+01  9.809544e+01  3.909478e+02  5.039596e+00  5.037501e+01  1.9205492549715416e+01
      2200  2.7500000000000799e+00  1.2328843024552139e-01  7.9479313851938382e-01  6.371392e-01  4.450805e+00  7.887545e+00  3.605972e+01  9.703330e+01  3.896984e+02  5.086004e+00  5.200782e+01  1.9649524816975280e+01
      2210  2.7625000000000819e+00  1.2327597334066573e-01  7.9970566483524919e-01  6.304318e-01  4.457995e+00  7.799606e+00  3.605767e+01  9.594749e+01  3.886059e+02  5.134477e+00  5.374489e+01  2.0103094204888720e+01
      2220  2.7750000000000838e+00  1.2326343935891738e-01  8.0465904710225888e-01  6.236183e-01  4.465785e+00  7.709688e+00  3.606665e+01  9.483598e+01  3.876814e+02  5.185056e+00  5.559031e+01  2.0566327302396537e+01
      2230  2.7875000000000858e+00  1.2325082765950274e-01  8.0965359116600111e-01  6.166992e-01  4.474193e+00  7.617723e+00  3.608723e+01  9.369659e+01  3.869371e+02  5.237777e+00  5.754819e+01  2.1039350838377558e+01
      2240  2.8000000000000878e+00  1.2323813759680430e-01  8.1468961196842304e-01  6.096750e-01  4.483234e+00  7.523644e+00  3.612003e+01  9.252696e+01  3.863857e+02  5.292676e+00  5.962264e+01  2.1522291926490201e+01
      2250  2.8125000000000897e+00  1.2322536852020521e-01  8.1976743409984776e-01  6.025463e-01  4.492928e+00  7.427376e+00  3.616568e+01  9.132457e+01  3.860412e+02  5.349787e+00  6.181775e+01  2.2015278352502236e+01
      2260  2.8250000000000917e+00  1.2321251977393796e-01  8.2488739237766162e-01  5.953135e-01  4.503290e+00  7.328848e+00  3.622482e+01  9.008675e+01  3.859186e+02  5.409140e+00  6.413759e+01  2.2518438907535732e+01
      2270  2.8375000000000936e+00  1.2319959069692225e-01  8.3004983245291197e-01  5.879774e-01  4.514339e+00  7.227983e+00  3.629813e+01  8.881060e+01  3.860336e+02  5.470763e+00  6.658616e+01  2.3031903770846476e+01
      2280  2.8500000000000956e+00  1.2318658062258653e-01  8.3525511144563636e-01  5.805384e-01  4.526090e+00  7.124705e+00  3.638632e+01  8.749310e+01  3.864037e+02  5.534684e+00  6.916741e+01  2.3555804945926248e+01
      2290  2.8625000000000975e+00  1.2317348887867871e-01  8.4050359861015123e-01  5.729972e-01  4.538561e+00  7.018934e+00  3.649009e+01  8.613100e+01  3.870472e+02  5.600926e+00  7.188520e+01  2.4090276753919035e+01
      2300  2.8750000000000995e+00  1.2316031478709144e-01  8.4579567603131478e-01  5.653547e-01  4.551767e+00  6.910592e+00  3.661021e+01  8.472088e+01  3.879840e+02  5.669510e+00  7.474326e+01  2.4635456388548519e+01
      2310  2.8875000000001014e+00  1.2314705766362841e-01  8.5113173935298636e-01  5.576114e-01  4.565725e+00  6.799599e+00  3.674744e+01  8.325915e+01  3.892352e+02  5.740455e+00  7.774522e+01  2.5191484536969295e+01
      2320  2.9000000000001034e+00  1.2313371681780798e-01  8.5651219853992444e-01  5.497683e-01  4.580452e+00  6.685875e+00  3.690257e+01  8.174200e+01  3.908237e+02  5.813778e+00  8.089455e+01  2.5758506071182950e+01
      2330  2.9125000000001053e+00  1.2312029155262340e-01  8.6193747867420978e-01  5.418262e-01  4.595961e+00  6.569339e+00  3.707643e+01  8.016545e+01  3.927737e+02  5.889493e+00  8.419456e+01  2.6336670814921465e+01
      2340  2.9250000000001073e+00  1.2310678116430193e-01  8.6740802078758761e-01  5.337859e-01  4.612269e+00  6.449911e+00  3.726985e+01  7.852532e+01  3.951113e+02  5.967613e+00  8.764838e+01  2.6926134391144892e+01
      2350  2.9375000000001092e+00  1.2309318494204755e-01  8.7292428273107658e-01  5.256486e-01  4.629390e+00  6.327513e+00  3.748372e+01  7.681727e+01  3.978643e+02  6.048148e+00  9.125895e+01  2.7527059155605240e+01
      2360  2.9500000000001112e+00  1.2307950216777980e-01  8.7848674008313332e-01  5.174152e-01  4.647339e+00  6.202066e+00  3.771891e+01  7.503676e+01  4.010622e+02  6.131108e+00  9.502899e+01  2.8139615222218822e+01
      2370  2.9625000000001132e+00  1.2306573211583502e-01  8.8409588709768838e-01  5.090868e-01  4.666131e+00  6.073496e+00  3.797633e+01  7.317908e+01  4.047364e+02  6.216500e+00  9.896103e+01  2.8763981586335539e+01
      2380  2.9750000000001151e+00  1.2305187405267895e-01  8.8975223769369660e-01  5.006646e-01  4.685778e+00  5.941729e+00  3.825693e+01  7.123935e+01  4.089205e+02  6.304332e+00  1.030574e+02  2.9400347352341704e+01
      2390  2.9875000000001171e+00  1.2303792723658707e-01  8.9545632648749496e-01  4.921499e-01  4.706295e+00  5.806694e+00  3.856166e+01  6.921256e+01  4.136498e+02  6.394612e+00  1.073202e+02  3.0048913072425183e+01
      2400  3.0000000000001190e+00  1.2302389091730773e-01  9.0120870986951362e-01  4.835440e-01  4.727694e+00  5.668325e+00  3.889148e+01  6.709354e+01  4.189618e+02  6.487348e+00  1.117513e+02  3.0709892203759765e+01
      2410  3.0125000000001210e+00  1.2300976433572315e-01  9.0700996712694415e-01  4.748482e-01  4.749987e+00  5.526560e+00  3.924738e+01  6.487699e+01  4.248960e+02  6.582550e+00  1.163526e+02  3.1383512691812186e+01
      2420  3.0250000000001229e+00  1.2299554672347594e-01  9.1286070161367427e-01  4.660642e-01  4.773188e+00  5.381340e+00  3.963036e+01  6.255753e+01  4.314941e+02  6.680230e+00  1.211255e+02  3.2070018687983733e+01
      2430  3.0375000000001249e+00  1.2298123730258921e-01  9.1876154196928228e-01  4.571935e-01  4.797306e+00  5.232613e+00  4.004144e+01  6.012967e+01  4.388000e+02  6.780404e+00  1.260717e+02  3.2769672410340959e+01
      2440  3.0500000000001268e+00  1.2296683528505634e-01  9.2471314338846144e-01  4.482377e-01  4.822353e+00  5.080333e+00  4.048164e+01  5.758787e+01  4.468594e+02  6.883094e+00  1.311926e+02  3.3482756156757901e+01
      2450  3.0625000000001288e+00  1.2295233987240947e-01  9.3071618894264319e-01  4.391988e-01  4.848339e+00  4.924461e+00  4.095199e+01  5.492657e+01  4.557203e+02  6.988327e+00  1.364898e+02  3.4209574480451380e+01
      2460  3.0750000000001307e+00  1.2293775025529405e-01  9.3677139095488393e-01  4.300785e-01  4.875274e+00  4.764966e+00  4.145353e+01  5.214020e+01  4.654328e+02  7.096138e+00  1.419649e+02  3.4950456538555791e+01
      2470  3.0875000000001327e+00  1.2292306561298177e-01  9.4287949242992564e-01  4.208789e-01  4.903168e+00  4.601825e+00  4.198729e+01  4.922323e+01  4.760487e+02  7.206575e+00  1.476200e+02  3.5705758625128091e+01
      2480  3.1000000000001346e+00  1.2290828511288410e-01  9.4904126854065485e-01  4.116021e-01  4.932030e+00  4.435023e+00  4.255431e+01  4.617023e+01  4.876218e+02  7.319696e+00  1.534573e+02  3.6475866900768921e+01
      2490  3.1125000000001366e+00  1.2289340791004072e-01  9.5525752817194642e-01  4.022504e-01  4.961867e+00  4.264558e+00  4.315562e+01  4.297586e+01  5.002079e+02  7.435573e+00  1.594797e+02  3.7261200331877426e+01
      2500  3.1250000000001386e+00  1.2287843314658196e-01  9.6152911552378328e-01  3.928261e-01  4.992687e+00  4.090436e+00  4.379223e+01  3.963499e+01  5.138640e+02  7.554299e+00  1.656910e+02  3.8062213853455745e+01
      2510  3.1375000000001405e+00  1.2286335995115534e-01  9.6785691177366950e-01  3.833317e-01  5.024497e+00  3.912677e+00  4.446516e+01  3.614270e+01  5.286488e+02  7.675986e+00  1.720958e+02  3.8879401770330588e+01
      2520  3.1500000000001425e+00  1.2284818743834788e-01  9.7424183680024456e-01  3.737699e-01  5.057304e+00  3.731311e+00  4.517539e+01  3.249434e+01  5.446223e+02  7.800772e+00  1.787002e+02  3.9713301412632461e+01
      2530  3.1625000000001444e+00  1.2283291470805749e-01  9.8068485096757496e-01  3.641434e-01  5.091115e+00  3.546384e+00  4.592390e+01  2.868565e+01  5.618452e+02  7.928821e+00  1.855118e+02  4.0564497062414802e+01
      2540  3.1750000000001464e+00  1.2281754084483915e-01  9.8718695697156233e-01  3.544552e-01  5.125934e+00  3.357955e+00  4.671164e+01  2.471276e+01  5.803794e+02  8.060335e+00  1.925401e+02  4.1433624169325938e+01
      2550  3.1875000000001483e+00  1.2280206491725873e-01  9.9374920174723269e-01  3.447082e-01  5.161767e+00  3.166097e+00  4.753953e+01  2.057229e+01  6.002870e+02  8.195551e+00  1.997974e+02  4.2321373874319406e+01
      2560  3.2000000000001503e+00  1.2278648597714524e-01  1.0003726784373901e+00  3.349058e-01  5.198618e+00  2.970900e+00  4.840846e+01  1.626142e+01  6.216304e+02  8.334754e+00  2.072987e+02  4.3228497861480491e+01
      2570  3.2125000000001522e+00  1.2277080305888818e-01  1.0070585284211730e+00  3.250512e-01  5.236493e+00  2.772470e+00  4.931930e+01  1.177799e+01  6.444718e+02  8.478278e+00  2.150627e+02  4.4155813559018952e+01
      2580  3.2250000000001542e+00  1.2275501517864205e-01  1.0138079434012355e+00  3.151481e-01  5.275394e+00  2.570931e+00  5.027286e+01  7.120558e+00  6.688732e+02  8.626519e+00  2.231127e+02  4.5104209711565204e+01
      2590  3.2375000000001561e+00  1.2273912133354589e-01  1.0206221675471492e+00  3.052000e-01  5.315325e+00  2.366423e+00  5.126992e+01  2.288501e+00  6.948953e+02  8.779941e+00  2.314771e+02  4.6074652346735448e+01
      2600  3.2500000000001581e+00  1.2272312050087009e-01  1.0275024996925750e+00  2.952110e-01  5.356290e+00  2.159107e+00  5.231125e+01 -2.717897e+00  7.225980e+02  8.939084e+00  2.401908e+02  4.7068191159820813e+01
      2610  3.2625000000001600e+00  1.2270701163714617e-01  1.0344502955819721e+00  2.851848e-01  5.398293e+00  1.949161e+00  5.339753e+01 -7.897352e+00  7.520393e+02  9.104582e+00  2.492963e+02  4.8085966341079079e+01
      2620  3.2750000000001620e+00  1.2269079367726961e-01  1.0414669701625721e+00  2.751259e-01  5.441335e+00  1.736785e+00  5.452943e+01 -1.324748e+01  7.832754e+02  9.277170e+00  2.588453e+02  4.9129215870603076e+01
      2630  3.2875000000001640e+00  1.2267446553354888e-01  1.0485539999157560e+00  2.650385e-01  5.485420e+00  1.522197e+00  5.570758e+01 -1.876471e+01  8.163601e+02  9.457702e+00  2.689010e+02  5.0199283305969203e+01
      2640  3.3000000000001659e+00  1.2265802609472945e-01  1.0557129252206163e+00  2.549271e-01  5.530552e+00  1.305639e+00  5.693256e+01 -2.444416e+01  8.513444e+02  9.647168e+00  2.795400e+02  5.1297626087853899e+01
      2650  3.3125000000001679e+00  1.2264147422497113e-01  1.0629453527421926e+00  2.447966e-01  5.576734e+00  1.087371e+00  5.820490e+01 -3.027957e+01  8.882765e+02  9.846716e+00  2.908555e+02  5.2425824388387376e+01
      2660  3.3250000000001698e+00  1.2262480876280135e-01  1.0702529578335869e+00  2.346517e-01  5.623968e+00  8.676755e-01  5.952513e+01 -3.626317e+01  9.272011e+02  1.005767e+01  3.029611e+02  5.3585590526177690e+01
      2670  3.3375000000001718e+00  1.2260802852001555e-01  1.0776374869417822e+00  2.244975e-01  5.672259e+00  6.468582e-01  6.089371e+01 -4.238562e+01  9.681594e+02  1.028157e+01  3.159956e+02  5.4778778970708302e+01
      2680  3.3500000000001737e+00  1.2259113228055649e-01  1.0851007600029348e+00  2.143393e-01  5.721612e+00  4.252453e-01  6.231112e+01 -4.863585e+01  1.011189e+03  1.052017e+01  3.301283e+02  5.6007396956825389e+01
      2690  3.3625000000001757e+00  1.2257411879933475e-01  1.0926446728131214e+00  2.041824e-01  5.772031e+00  2.031855e-01  6.377778e+01 -5.500104e+01  1.056323e+03  1.077553e+01  3.455671e+02  5.7273615727545888e+01
      2700  3.3750000000001776e+00  1.2255698680104936e-01  1.1002711993568171e+00  1.940324e-01  5.823522e+00 -1.895038e-02  6.529413e+01 -6.146646e+01  1.103593e+03  1.105000e+01  3.625679e+02  5.8579782420034419e+01
      2710  3.3875000000001796e+00  1.2253973497890139e-01  1.1079823940745857e+00  1.838951e-01  5.876092e+00 -2.407697e-01  6.686061e+01 -6.801542e+01  1.153024e+03  1.134629e+01  3.814460e+02  5.9928432605167707e+01
      2720  3.4000000000001815e+00  1.2252236199339366e-01  1.1157803940472499e+00  1.737762e-01  5.929749e+00 -4.618583e-01  6.847768e+01 -7.462918e+01  1.204639e+03  1.166753e+01  4.025922e+02  6.1322303485859990e+01
      2730  3.4125000000001835e+00  1.2250486647094634e-01  1.1236674210739850e+00  1.636818e-01  5.984502e+00 -6.817805e-01  7.014581e+01 -8.128685e+01  1.258459e+03  1.201733e+01  4.264919e+02  6.2764347752321299e+01
      2740  3.4250000000001855e+00  1.2248724700260022e-01  1.1316457836166940e+00  1.536182e-01  6.040361e+00 -9.000800e-01  7.186556e+01 -8.796536e+01  1.314502e+03  1.239982e+01  4.537495e+02  6.4257748084176413e+01
      2750  3.4375000000001874e+00  1.2246950214264740e-01  1.1397178785826161e+00  1.435915e-01  6.097338e+00 -1.116280e+00  7.363751e+01 -9.463933e+01  1.372783e+03  1.281976e+01  4.851204e+02  6.5805932279112824e+01
      2760  3.4500000000001894e+00  1.2245163040722423e-01  1.1478861929126940e+00  1.336082e-01  6.155448e+00 -1.329886e+00  7.546237e+01 -1.012811e+02  1.433321e+03  1.328262e+01  5.215498e+02  6.7412588975242301e+01
      2770  3.4625000000001913e+00  1.2243363027289828e-01  1.1561533049418888e+00  1.236750e-01  6.214708e+00 -1.540382e+00  7.734094e+01 -1.078606e+02  1.496131e+03  1.379465e+01  5.642231e+02  6.9081683919491610e+01
      2780  3.4750000000001933e+00  1.2241550017523894e-01  1.1645218854955890e+00  1.137983e-01  6.275134e+00 -1.747238e+00  7.927417e+01 -1.143453e+02  1.561234e+03  1.436300e+01  6.146280e+02  7.0817476716501716e+01
      2790  3.4875000000001952e+00  1.2239723850735139e-01  1.1729946986817421e+00  1.039849e-01  6.336749e+00 -1.949906e+00  8.126317e+01 -1.207005e+02  1.628653e+03  1.499583e+01  6.746320e+02  7.2624537971671245e+01
      2800  3.5000000000001972e+00  1.2237884361843161e-01  1.1815746023402827e+00  9.424171e-02  6.399576e+00 -2.147825e+00  8.330927e+01 -1.268886e+02  1.698421e+03  1.570241e+01  7.465787e+02  7.4507766717813837e+01
      2810  3.5125000000001991e+00  1.2236031381228524e-01  1.1902645481055858e+00  8.457555e-02  6.463643e+00 -2.340420e+00  8.541401e+01 -1.328700e+02  1.770577e+03  1.649326e+01  8.334042e+02  7.6472407987429790e+01
      2820  3.5250000000002011e+00  1.2234164734587180e-01  1.1990675810405942e+00  7.499334e-02  6.528979e+00 -2.527108e+00  8.757924e+01 -1.386024e+02  1.845174e+03  1.738023e+01  9.387801e+02  7.8524070362027203e+01
      2830  3.5375000000002030e+00  1.2232284242786104e-01  1.2079868387975556e+00  6.550205e-02  6.595618e+00 -2.707295e+00  8.980707e+01 -1.440413e+02  1.922281e+03  1.837666e+01  1.067283e+03  8.0668743296703894e+01
      2840  3.5500000000002050e+00  1.2230389721717855e-01  1.2170255502637595e+00  5.610868e-02  6.663598e+00 -2.880381e+00  9.210002e+01 -1.491397e+02  2.001984e+03  1.949744e+01  1.224596e+03  8.2912813983085371e+01
      2850  3.5625000000002069e+00  1.2228480982161674e-01  1.2261870336490650e+00  4.682020e-02  6.732960e+00 -3.045765e+00  9.446098e+01 -1.538485e+02  2.084395e+03  2.075912e+01  1.417743e+03  8.5263083477835465e+01
      2860  3.5750000000002089e+00  1.2226557829640985e-01  1.2354746939765309e+00  3.764360e-02  6.803751e+00 -3.202843e+00  9.689327e+01 -1.581163e+02  2.169653e+03  2.217996e+01  1.655353e+03  8.7726781788803095e+01
      2870  3.5875000000002109e+00  1.2224620064297662e-01  1.2448920199386251e+00  2.858585e-02  6.876021e+00 -3.351016e+00  9.940074e+01 -1.618898e+02  2.257931e+03  2.377996e+01  1.947961e+03  9.0311581578114016e+01
      2880  3.6000000000002128e+00  1.2222667480757612e-01  1.2544425800875902e+00  1.965387e-02  6.949826e+00 -3.489687e+00  1.019877e+02 -1.651135e+02  2.349438e+03  2.558082e+01  2.308332e+03  9.3025610113101152e+01
      2890  3.6125000000002148e+00  1.2220699868012758e-01  1.2641300183319015e+00  1.085454e-02  7.025225e+00 -3.618272e+00  1.046593e+02 -1.677306e+02  2.444431e+03  2.760590e+01  2.751803e+03  9.5877459073932130e+01
      2900  3.6250000000002167e+00  1.2218717009306948e-01  1.2739580487179745e+00  2.194692e-03  7.102283e+00 -3.736198e+00  1.074208e+02 -1.696822e+02  2.543213e+03  2.988004e+01  3.296631e+03  9.8876191813073717e+01
      2910  3.6375000000002187e+00  1.2216718682030059e-01  1.2839304494838519e+00 -6.318910e-03  7.181070e+00 -3.842907e+00  1.102788e+02 -1.709083e+02  2.646147e+03  3.242936e+01  3.964329e+03  1.0203134765751051e+02
      2920  3.6500000000002206e+00  1.2214704657623220e-01  1.2940510563765248e+00 -1.467957e-02  7.261662e+00 -3.937864e+00  1.132401e+02 -1.713478e+02  2.753658e+03  3.528094e+01  4.779960e+03  1.0535294285207499e+02
      2930  3.6625000000002226e+00  1.2212674701494593e-01  1.3043237552360822e+00 -2.288065e-02  7.344138e+00 -4.020555e+00  1.163125e+02 -1.709383e+02  2.866241e+03  3.846240e+01  5.772370e+03  1.0885146776037519e+02
      2940  3.6750000000002245e+00  1.2210628572949206e-01  1.3147524738568417e+00 -3.091558e-02  7.428582e+00 -4.090494e+00  1.195044e+02 -1.696172e+02  2.984469e+03  4.200145e+01  6.974317e+03  1.1253787996975043e+02
      2950  3.6875000000002265e+00  1.2208566025125983e-01  1.3253411731425597e+00 -3.877788e-02  7.515083e+00 -4.147226e+00  1.228254e+02 -1.673211e+02  3.108996e+03  4.592525e+01  8.422464e+03  1.1642359298668983e+02
      2960  3.7000000000002284e+00  1.2206486804959427e-01  1.3360938375844871e+00 -4.646107e-02  7.603734e+00 -4.190327e+00  1.262854e+02 -1.639868e+02  3.240567e+03  5.025978e+01  1.015720e+04  1.2052046025741200e+02
      2970  3.7125000000002304e+00  1.2204390653143736e-01  1.3470144650956333e+00 -5.395875e-02  7.694630e+00 -4.219412e+00  1.298955e+02 -1.595511e+02  3.380021e+03  5.502903e+01  1.222223e+04  1.2484075430272227e+02
      2980  3.7250000000002323e+00  1.2202277304126091e-01  1.3581070562438726e+00 -6.126453e-02  7.787870e+00 -4.234134e+00  1.336675e+02 -1.539516e+02  3.528300e+03  6.025423e+01  1.466400e+04  1.2939714081361262e+02
      2990  3.7375000000002343e+00  1.2200146486109240e-01  1.3693756029332333e+00 -6.837201e-02  7.883554e+00 -4.234187e+00  1.376138e+02 -1.471266e+02  3.686447e+03  6.595303e+01  1.753072e+04  1.3420264761107728e+02
      3000  3.7500000000002363e+00  1.2197997921072194e-01  1.3808240765869484e+00 -7.527475e-02  7.981781e+00 -4.219305e+00  1.417476e+02 -1.390157e+02  3.855613e+03  7.213862e+01  2.087132e+04  1.3927062842761697e+02
      3010  3.7625000000002382e+00  1.2195831324814430e-01  1.3924564158926933e+00 -8.196628e-02  8.082652e+00 -4.189267e+00  1.460829e+02 -1.295602e+02  4.037055e+03  7.881901e+01  2.473400e+04  1.4461472151555080e+02
      3020  3.7750000000002402e+00  1.2193646407017859e-01  1.4042765141738649e+00 -8.843997e-02  8.186262e+00 -4.143892e+00  1.506340e+02 -1.187032e+02  4.232138e+03  8.599626e+01  2.916465e+04  1.5024880312669831e+02
      3030  3.7875000000002421e+00  1.2191442871323033e-01  1.4162882064534936e+00 -9.468909e-02  8.292707e+00 -4.083040e+00  1.554155e+02 -1.063902e+02  4.442325e+03  9.366590e+01  3.420509e+04  1.5618693593854815e+02
      3040  3.8000000000002441e+00  1.2189220415436217e-01  1.4284952562822679e+00 -1.007067e-01  8.402071e+00 -4.006611e+00  1.604425e+02 -9.256949e+01  4.669178e+03  1.018165e+02  3.989127e+04  1.6244331252206388e+02
      3050  3.8125000000002460e+00  1.2186978731246659e-01  1.4409013424022483e+00 -1.064855e-01  8.514435e+00 -3.914537e+00  1.657297e+02 -7.719215e+01  4.914338e+03  1.104294e+02  4.625141e+04  1.6903219395914255e+02
      3060  3.8250000000002480e+00  1.2184717504973677e-01  1.4535100453221341e+00 -1.120180e-01  8.629867e+00 -3.806784e+00  1.712919e+02 -6.021272e+01  5.179518e+03  1.194786e+02  5.330432e+04  1.7596784372395220e+02
      3070  3.8375000000002499e+00  1.2182436417326500e-01  1.4663248338794586e+00 -1.172961e-01  8.748421e+00 -3.683336e+00  1.771432e+02 -4.158924e+01  5.466479e+03  1.289310e+02  6.105783e+04  1.8326445694602739e+02
      3080  3.8500000000002519e+00  1.2180135143694784e-01  1.4793490518702486e+00 -1.223115e-01  8.870137e+00 -3.544198e+00  1.832967e+02 -2.128351e+01  5.777006e+03  1.387465e+02  6.950762e+04  1.9093608517975679e+02
      3090  3.8625000000002538e+00  1.2177813354348854e-01  1.4925859048244390e+00 -1.270550e-01  8.995035e+00 -3.389378e+00  1.897645e+02  7.387724e-01  6.112876e+03  1.488788e+02  7.863632e+04  1.9899655681834383e+02
      3100  3.8750000000002558e+00  1.2175470714667271e-01  1.5060384470105732e+00 -1.315169e-01  9.123114e+00 -3.218877e+00  1.965569e+02  2.450801e+01  6.475826e+03  1.592762e+02  8.841309e+04  2.0745939331784172e+02
      3110  3.8875000000002577e+00  1.2173106885386691e-01  1.5197095687514039e+00 -1.356865e-01  9.254347e+00 -3.032680e+00  2.036821e+02  5.005078e+01  6.867504e+03  1.698819e+02  9.879356e+04  2.1633772144375445e+02
      3120  3.9000000000002597e+00  1.2170721522863232e-01  1.5336019841357755e+00 -1.395523e-01  9.388680e+00 -2.830733e+00  2.111459e+02  7.739013e+01  7.289425e+03  1.806357e+02  1.097203e+05  2.2564418182436225e+02
      3130  3.9125000000002617e+00  1.2168314279359992e-01  1.5477182192092389e+00 -1.431016e-01  9.526025e+00 -2.612932e+00  2.189507e+02  1.065459e+02  7.742912e+03  1.914743e+02  1.211238e+05  2.3539083419637140e+02
      3140  3.9250000000002636e+00  1.2165884803347574e-01  1.5620606007251370e+00 -1.463205e-01  9.666261e+00 -2.379099e+00  2.270956e+02  1.375354e+02  8.229040e+03  2.023329e+02  1.329233e+05  2.4558905986271711e+02
      3150  3.9375000000002656e+00  1.2163432739824451e-01  1.5766312455360145e+00 -1.491936e-01  9.809228e+00 -2.128964e+00  2.355755e+02  1.703741e+02  8.748565e+03  2.131459e+02  1.450288e+05  2.5624946205134665e+02
      3160  3.9500000000002675e+00  1.2160957730655117e-01  1.5914320506948512e+00 -1.517042e-01  9.954727e+00 -1.862140e+00  2.443805e+02  2.050765e+02  9.301859e+03  2.238480e+02  1.573422e+05  2.6738176506499451e+02
      3170  3.9625000000002695e+00  1.2158459414917015e-01  1.6064646843301840e+00 -1.538334e-01  1.010251e+01 -1.578102e+00  2.534958e+02  2.416575e+02  9.888842e+03  2.343750e+02  1.697598e+05  2.7899471334404859e+02
      3180  3.9750000000002714e+00  1.2155937429265995e-01  1.6217305773432842e+00 -1.555609e-01  1.025230e+01 -1.276170e+00  2.629009e+02  2.801330e+02  1.050891e+04  2.446646e+02  1.821737e+05  2.9109597181758346e+02
      3190  3.9875000000002734e+00  1.2153391408313613e-01  1.6372309159570255e+00 -1.568641e-01  1.040376e+01 -9.554821e-01  2.725695e+02  3.205211e+02  1.116089e+04  2.546569e+02  1.944737e+05  3.0369202918320542e+02
      3200  4.0000000000002753e+00  1.2150820985013566e-01  1.6529666351239589e+00 -1.577183e-01  1.055650e+01 -6.149907e-01  2.824691e+02  3.628427e+02  1.184295e+04  2.642956e+02  2.065495e+05  3.1678810601775444e+02
      3210  4.0125000000002728e+00  1.2148225791058823e-01  1.6689384127719680e+00 -1.580966e-01  1.071010e+01 -2.534504e-01  2.925611e+02  4.071217e+02  1.255262e+04  2.735275e+02  2.182923e+05  3.3038806986240058e+02
      3220  4.0250000000002704e+00  1.2145605457286887e-01  1.6851466648302209e+00 -1.579700e-01  1.086409e+01  1.305737e-01  3.028010e+02  4.533839e+02  1.328671e+04  2.823038e+02  2.295962e+05  3.4449435962185601e+02
      3230  4.0375000000002679e+00  1.2142959614091650e-01  1.7015915409405491e+00 -1.573075e-01  1.101797e+01  5.386861e-01  3.131385e+02  5.016552e+02  1.404138e+04  2.905796e+02  2.403600e+05  3.5910792174596645e+02
      3240  4.0500000000002654e+00  1.2140287891843607e-01  1.7182729207137404e+00 -1.560760e-01  1.117121e+01  9.726229e-01  3.235186e+02  5.519577e+02  1.481216e+04  2.983150e+02  2.504888e+05  3.7422816068976368e+02
      3250  4.0625000000002629e+00  1.2137589921311845e-01  1.7351904103438225e+00 -1.542410e-01  1.132322e+01  1.434191e+00  3.338825e+02  6.043042e+02  1.559400e+04  3.054747e+02  2.598947e+05  3.8985290604868669e+02
      3260  4.0750000000002604e+00  1.2134865334094787e-01  1.7523433393473549e+00 -1.517672e-01  1.147345e+01  1.925182e+00  3.441687e+02  6.586905e+02  1.638145e+04  3.120284e+02  2.684986e+05  4.0597839850008666e+02
      3270  4.0875000000002579e+00  1.2132113763052646e-01  1.7697307571425047e+00 -1.486188e-01  1.162132e+01  2.447261e+00  3.543154e+02  7.150853e+02  1.716874e+04  3.179512e+02  2.762311e+05  4.2259929622193863e+02
      3280  4.1000000000002554e+00  1.2129334842748946e-01  1.7873514291478632e+00 -1.447610e-01  1.176628e+01  3.001830e+00  3.642617e+02  7.734183e+02  1.795005e+04  3.232237e+02  2.830337e+05  4.3970870276764265e+02
      3290  4.1125000000002530e+00  1.2126528209897634e-01  1.8052038320464545e+00 -1.401606e-01  1.190779e+01  3.589869e+00  3.739504e+02  8.335675e+02  1.871964e+04  3.278323e+02  2.888590e+05  4.5729821642835151e+02
      3300  4.1250000000002505e+00  1.2123693503812508e-01  1.8232861478439029e+00 -1.347879e-01  1.204540e+01  4.211765e+00  3.833305e+02  8.953463e+02  1.947215e+04  3.317690e+02  2.936721e+05  4.7535799988519000e+02
      3310  4.1375000000002480e+00  1.2120830366881241e-01  1.8415962563562349e+00 -1.286178e-01  1.217871e+01  4.867144e+00  3.923588e+02  9.584922e+02  2.020274e+04  3.350320e+02  2.974500e+05  4.9387686744527758e+02
      3320  4.1500000000002455e+00  1.2117938445034618e-01  1.8601317257969685e+00 -1.216321e-01  1.230744e+01  5.554718e+00  4.010024e+02  1.022660e+03  2.090729e+04  3.376253e+02  3.001817e+05  5.1284238537365377e+02
      3330  4.1625000000002430e+00  1.2115017388246047e-01  1.8788898012076132e+00 -1.138206e-01  1.243138e+01  6.272176e+00  4.092401e+02  1.087418e+03  2.158252e+04  3.395581e+02  3.018675e+05  5.3224097884571881e+02
      3340  4.1750000000002405e+00  1.2112066851045178e-01  1.8978673905848720e+00 -1.051830e-01  1.255050e+01  7.016139e+00  4.170625e+02  1.152260e+03  2.222601e+04  3.408446e+02  3.025175e+05  5.5205803693845564e+02
      3350  4.1875000000002380e+00  1.2109086493054758e-01  1.9170610487367918e+00 -9.573043e-02  1.266485e+01  7.782203e+00  4.244723e+02  1.216612e+03  2.283617e+04  3.415028e+02  3.021500e+05  5.7227800504105232e+02
      3360  4.2000000000002355e+00  1.2106075979557607e-01  1.9364669591079711e+00 -8.548604e-02  1.277463e+01  8.565076e+00  4.314823e+02  1.279862e+03  2.341214e+04  3.415533e+02  3.007895e+05  5.9288445234545247e+02
      3370  4.2125000000002331e+00  1.2103034982090580e-01  1.9560809141032625e+00 -7.448547e-02  1.288018e+01  9.358832e+00  4.381135e+02  1.341389e+03  2.395357e+04  3.410184e+02  2.984651e+05  6.1386010103260878e+02
      3380  4.2250000000002306e+00  1.2099963179069483e-01  1.9758982947494061e+00 -6.277621e-02  1.298190e+01  1.015725e+01  4.443921e+02  1.400599e+03  2.446045e+04  3.399203e+02  2.952094e+05  6.3518680385078335e+02
      3390  4.2375000000002281e+00  1.2096860256449732e-01  1.9959140508959301e+00 -5.041607e-02  1.308028e+01  1.095422e+01  4.503462e+02  1.456960e+03  2.493291e+04  3.382806e+02  2.910576e+05  6.5684545849485642e+02
      3400  4.2500000000002256e+00  1.2093725908416850e-01  2.0161226835005945e+00 -3.747078e-02  1.317585e+01  1.174417e+01  4.560029e+02  1.510033e+03  2.537105e+04  3.361201e+02  2.860492e+05  6.7881585104466308e+02
      3410  4.2625000000002231e+00  1.2090559838092041e-01  2.0365182308597540e+00 -2.401058e-02  1.326913e+01  1.252244e+01  4.613864e+02  1.559500e+03  2.577487e+04  3.334598e+02  2.802293e+05  7.0107642708279946e+02
      3420  4.2750000000002206e+00  1.2087361758277612e-01  2.0570942608616551e+00 -1.010633e-02  1.336064e+01  1.328561e+01  4.665171e+02  1.605171e+03  2.614428e+04  3.303218e+02  2.736521e+05  7.2360399807138310e+02
      3430  4.2875000000002181e+00  1.2084131392180544e-01  2.0778438714064582e+00  4.174753e-03  1.345083e+01  1.403161e+01  4.714126e+02  1.646992e+03  2.647923e+04  3.267327e+02  2.663840e+05  7.4637340174091855e+02
      3440  4.3000000000002156e+00  1.2080868474151642e-01  2.0987597010013634e+00  1.877303e-02  1.354009e+01  1.475978e+01  4.760891e+02  1.685032e+03  2.677989e+04  3.227261e+02  2.585065e+05  7.6935714758903578e+02
      3450  4.3125000000002132e+00  1.2077572750388131e-01  2.1198339511479194e+00  3.363985e-02  1.362877e+01  1.547066e+01  4.805649e+02  1.719457e+03  2.704696e+04  3.183450e+02  2.501176e+05  7.9252509036306049e+02
      3460  4.3250000000002107e+00  1.2074243979594065e-01  2.1410584214930379e+00  4.873969e-02  1.371717e+01  1.616581e+01  4.848634e+02  1.750511e+03  2.728198e+04  3.136438e+02  2.413318e+05  8.1584418326986565e+02
      3470  4.3375000000002082e+00  1.2070881933575056e-01  2.1624245578355641e+00  6.405115e-02  1.380552e+01  1.684749e+01  4.890152e+02  1.778478e+03  2.748764e+04  3.086873e+02  2.322770e+05  8.3927836603464220e+02
      3480  4.3500000000002057e+00  1.2067486397750116e-01  2.1839235120484117e+00  7.956632e-02  1.389407e+01  1.751836e+01  4.930602e+02  1.803661e+03  2.766797e+04  3.035489e+02  2.230895e+05  8.6278863852456084e+02
      3490  4.3625000000002032e+00  1.2064057171559160e-01  2.2055462119105083e+00  9.528904e-02  1.398301e+01  1.818124e+01  4.970458e+02  1.826360e+03  2.782827e+04  2.983059e+02  2.139071e+05  8.8633335735743685e+02
      3500  4.3750000000002007e+00  1.2060594068755466e-01  2.2272834378988624e+00  1.112322e-01  1.407248e+01  1.883900e+01  5.010248e+02  1.846865e+03  2.797492e+04  2.930338e+02  2.048613e+05  9.0986877126942977e+02
      3510  4.3875000000001982e+00  1.2057096917574220e-01  2.2491259033197770e+00  1.274144e-01  1.416257e+01  1.949442e+01  5.050497e+02  1.865462e+03  2.811481e+04  2.878008e+02  1.960693e+05  9.3334978347565186e+02
      3520  4.4000000000001958e+00  1.2053565560781061e-01  2.2710643338625660e+00  1.438568e-01  1.425330e+01  2.015018e+01  5.091672e+02  1.882442e+03  2.825465e+04  2.826629e+02  1.876280e+05  9.5673090019715903e+02
      3530  4.4125000000001933e+00  1.2049999855584320e-01  2.2930895428231897e+00  1.605802e-01  1.434456e+01  2.080879e+01  5.134116e+02  1.898113e+03  2.840014e+04  2.776616e+02  1.796097e+05  9.7996729924807778e+02
      3540  4.4250000000001908e+00  1.2046399673449079e-01  2.3151924987994987e+00  1.776021e-01  1.443610e+01  2.147250e+01  5.178004e+02  1.912808e+03  2.855535e+04  2.728237e+02  1.720616e+05  1.0030159358697488e+03
      3550  4.4375000000001883e+00  1.2042764899807656e-01  2.3373643835464586e+00  1.949355e-01  1.452759e+01  2.214318e+01  5.223313e+02  1.926881e+03  2.872216e+04  2.681644e+02  1.650081e+05  1.0258365980970975e+03
      3560  4.4500000000001858e+00  1.2039095433681296e-01  2.3595966386991676e+00  2.125869e-01  1.461856e+01  2.282216e+01  5.269821e+02  1.940694e+03  2.890016e+04  2.636919e+02  1.584552e+05  1.0483928316653701e+03
      3570  4.4625000000001833e+00  1.2035391187245048e-01  2.3818810010836593e+00  2.305551e-01  1.470852e+01  2.351014e+01  5.317140e+02  1.954601e+03  2.908686e+04  2.594127e+02  1.523958e+05  1.0706526728931567e+03
      3580  4.4750000000001808e+00  1.2031652085347735e-01  2.4042095271703960e+00  2.488311e-01  1.479696e+01  2.420713e+01  5.364758e+02  1.968931e+03  2.927812e+04  2.553349e+02  1.468146e+05  1.0925891531979198e+03
      3590  4.4875000000001783e+00  1.2027878064988402e-01  2.4265746077644756e+00  2.673962e-01  1.488341e+01  2.491260e+01  5.412100e+02  1.983975e+03  2.946891e+04  2.514711e+02  1.416916e+05  1.1141805660271398e+03
      3600  4.5000000000001759e+00  1.2024069074799251e-01  2.4489689742963501e+00  2.862216e-01  1.496748e+01  2.562569e+01  5.458591e+02  1.999993e+03  2.965400e+04  2.478363e+02  1.370039e+05  1.1354105113392616e+03
      3610  4.5125000000001734e+00  1.2020225074494839e-01  2.4713856980059439e+00  3.052674e-01  1.504892e+01  2.634554e+01  5.503713e+02  2.017225e+03  2.982870e+04  2.444459e+02  1.327272e+05  1.1562677509376190e+03
      3620  4.5250000000001709e+00  1.2016346034357492e-01  2.4938181830753754e+00  3.244821e-01  1.512759e+01  2.707168e+01  5.547049e+02  2.035907e+03  2.998948e+04  2.413104e+02  1.288359e+05  1.1767459184204758e+03
      3630  4.5375000000001684e+00  1.2012431934720422e-01  2.5162601543860079e+00  3.438024e-01  1.520346e+01  2.780425e+01  5.588315e+02  2.056297e+03  3.013437e+04  2.384326e+02  1.253043e+05  1.1968431303481725e+03
      3640  4.5500000000001659e+00  1.2008482765474257e-01  2.5387056401890571e+00  3.631543e-01  1.527661e+01  2.854419e+01  5.627376e+02  2.078689e+03  3.026322e+04  2.358050e+02  1.221070e+05  1.2165615416980504e+03
      3650  4.5625000000001634e+00  1.2004498525614446e-01  2.5611489496516939e+00  3.824546e-01  1.534716e+01  2.929320e+01  5.664252e+02  2.103421e+03  3.037773e+04  2.334107e+02  1.192204e+05  1.2359068807725002e+03
      3660  4.5750000000001609e+00  1.2000479222823990e-01  2.5835846450421487e+00  4.016138e-01  1.541530e+01  3.005356e+01  5.699105e+02  2.130867e+03  3.048138e+04  2.312255e+02  1.166230e+05  1.2548879887403334e+03
      3670  4.5875000000001585e+00  1.1996424873100650e-01  2.6060075082680894e+00  4.205400e-01  1.548121e+01  3.082776e+01  5.732228e+02  2.161426e+03  3.057915e+04  2.292220e+02  1.142957e+05  1.2735163789329060e+03
      3680  4.6000000000001560e+00  1.1992335500448341e-01  2.6284125015967628e+00  4.391430e-01  1.554507e+01  3.161818e+01  5.764020e+02  2.195493e+03  3.067726e+04  2.273730e+02  1.122218e+05  1.2918058222760210e+03
      3690  4.6125000000001535e+00  1.1988211136623345e-01  2.6507947226304180e+00  4.573388e-01  1.560705e+01  3.242668e+01  5.794973e+02  2.233435e+03  3.078284e+04  2.256551e+02  1.103872e+05  1.3097719585246400e+03
      3700  4.6250000000001510e+00  1.1984051820974176e-01  2.6731493539961217e+00  4.750534e-01  1.566731e+01  3.325433e+01  5.825647e+02  2.275563e+03  3.090361e+04  2.240500e+02  1.087797e+05  1.3274319285222787e+03
      3710  4.6375000000001485e+00  1.1979857600348480e-01  2.6954716086318982e+00  4.922261e-01  1.572603e+01  3.410127e+01  5.856658e+02  2.322115e+03  3.104765e+04  2.225448e+02  1.073893e+05  1.3448040204601016e+03
      3720  4.6500000000001460e+00  1.1975628529083354e-01  2.7177566720519057e+00  5.088107e-01  1.578336e+01  3.496670e+01  5.888658e+02  2.373241e+03  3.122319e+04  2.211325e+02  1.062083e+05  1.3619073227038930e+03
      3730  4.6625000000001435e+00  1.1971364669113402e-01  2.7399996434321299e+00  5.247766e-01  1.583952e+01  3.584902e+01  5.922318e+02  2.429016e+03  3.143846e+04  2.198102e+02  1.052310e+05  1.3787613766651966e+03
      3740  4.6750000000001410e+00  1.1967066090133391e-01  2.7621954777898479e+00  5.401071e-01  1.589471e+01  3.674607e+01  5.958310e+02  2.489444e+03  3.170150e+04  2.185790e+02  1.044538e+05  1.3953858249372859e+03
      3750  4.6875000000001386e+00  1.1962732869883833e-01  2.7843389318473997e+00  5.547973e-01  1.594914e+01  3.765539e+01  5.997284e+02  2.554488e+03  3.202009e+04  2.174428e+02  1.038751e+05  1.4118000521027441e+03
      3760  4.7000000000001361e+00  1.1958365094492110e-01  2.8064245163797730e+00  5.688518e-01  1.600306e+01  3.857452e+01  6.039841e+02  2.624093e+03  3.240155e+04  2.164074e+02  1.034945e+05  1.4280228180427675e+03
      3770  4.7125000000001336e+00  1.1953962858887174e-01  2.8284464578736754e+00  5.822805e-01  1.605667e+01  3.950120e+01  6.086522e+02  2.698213e+03  3.285261e+04  2.154796e+02  1.033130e+05  1.4440718862052895e+03
      3780  4.7250000000001311e+00  1.1949526267272348e-01  2.8503986721776702e+00  5.950966e-01  1.611018e+01  4.043349e+01  6.137781e+02  2.776828e+03  3.337931e+04  2.146663e+02  1.033317e+05  1.4599636521867294e+03
      3790  4.7375000000001286e+00  1.1945055433613007e-01  2.8722747524667795e+00  6.073132e-01  1.616375e+01  4.136986e+01  6.193979e+02  2.859961e+03  3.398688e+04  2.139737e+02  1.035517e+05  1.4757127813207571e+03
      3800  4.7500000000001261e+00  1.1940550482146642e-01  2.8940679732885668e+00  6.189423e-01  1.621749e+01  4.230910e+01  6.255380e+02  2.947678e+03  3.467978e+04  2.134061e+02  1.039733e+05  1.4913318677664847e+03
      3810  4.7625000000001236e+00  1.1936011547857581e-01  2.9157713116990918e+00  6.299930e-01  1.627146e+01  4.325026e+01  6.322152e+02  3.040080e+03  3.546169e+04  2.129656e+02  1.045955e+05  1.5068311317286871e+03
      3820  4.7750000000001211e+00  1.1931438776921238e-01  2.9373774855933066e+00  6.404716e-01  1.632567e+01  4.419252e+01  6.394375e+02  3.137290e+03  3.633562e+04  2.126516e+02  1.054161e+05  1.5222181753944592e+03
      3830  4.7875000000001187e+00  1.1926832327056922e-01  2.9588790083045096e+00  6.503813e-01  1.638009e+01  4.513508e+01  6.472052e+02  3.239438e+03  3.730400e+04  2.124609e+02  1.064311e+05  1.5374978209587362e+03
      3840  4.8000000000001162e+00  1.1922192367798429e-01  2.9802682574960455e+00  6.597226e-01  1.643461e+01  4.607699e+01  6.555126e+02  3.346642e+03  3.836883e+04  2.123882e+02  1.076349e+05  1.5526720544546474e+03
      3850  4.8125000000001137e+00  1.1917519080640772e-01  3.0015375553838597e+00  6.684941e-01  1.648912e+01  4.701718e+01  6.643489e+02  3.458993e+03  3.953172e+04  2.124262e+02  1.090206e+05  1.5677400957288003e+03
      3860  4.8250000000001112e+00  1.1912812659058011e-01  3.0226792565027516e+00  6.766921e-01  1.654345e+01  4.795430e+01  6.736998e+02  3.576544e+03  4.079400e+04  2.125667e+02  1.105803e+05  1.5826986070531302e+03
      3870  4.8375000000001087e+00  1.1908073308379742e-01  3.0436858386978054e+00  6.843114e-01  1.659746e+01  4.888679e+01  6.835485e+02  3.699297e+03  4.215675e+04  2.128012e+02  1.123050e+05  1.5975420408452742e+03
      3880  4.8500000000001062e+00  1.1903301245526227e-01  3.0645499928319113e+00  6.913454e-01  1.665097e+01  4.981282e+01  6.938761e+02  3.827198e+03  4.362076e+04  2.131210e+02  1.141853e+05  1.6122631122883010e+03
      3890  4.8625000000001037e+00  1.1898496698608993e-01  3.0852647069010213e+00  6.977858e-01  1.670383e+01  5.073034e+01  7.046629e+02  3.960129e+03  4.518651e+04  2.135179e+02  1.162113e+05  1.6268533678814720e+03
      3900  4.8750000000001013e+00  1.1893659906404873e-01  3.1058233408152645e+00  7.036231e-01  1.675591e+01  5.163704e+01  7.158874e+02  4.097906e+03  4.685408e+04  2.139840e+02  1.183731e+05  1.6413038091097162e+03
      3910  4.8875000000000988e+00  1.1888791117725192e-01  3.1262196889463922e+00  7.088465e-01  1.680709e+01  5.253036e+01  7.275273e+02  4.240269e+03  4.862303e+04  2.145117e+02  1.206606e+05  1.6556055239685245e+03
      3920  4.9000000000000963e+00  1.1883890590697814e-01  3.1464480285578524e+00  7.134444e-01  1.685729e+01  5.340745e+01  7.395581e+02  4.386880e+03  5.049228e+04  2.150932e+02  1.230637e+05  1.6697502792886837e+03
      3930  4.9125000000000938e+00  1.1878958591983098e-01  3.1665031532675147e+00  7.174049e-01  1.690642e+01  5.426520e+01  7.519528e+02  4.537316e+03  5.245995e+04  2.157206e+02  1.255723e+05  1.6837310332971765e+03
      3940  4.9250000000000913e+00  1.1873995395954315e-01  3.1863803916548661e+00  7.207166e-01  1.695441e+01  5.510014e+01  7.646807e+02  4.691061e+03  5.452314e+04  2.163850e+02  1.281762e+05  1.6975423390755186e+03
      3950  4.9375000000000888e+00  1.1869001283857177e-01  3.2060756119004852e+00  7.233697e-01  1.700118e+01  5.590852e+01  7.777063e+02  4.847505e+03  5.667779e+04  2.170770e+02  1.308645e+05  1.7111806231124458e+03
      3960  4.9500000000000863e+00  1.1863976542968867e-01  3.2255852139067658e+00  7.253569e-01  1.704664e+01  5.668623e+01  7.909885e+02  5.005931e+03  5.891849e+04  2.177865e+02  1.336262e+05  1.7246443364086381e+03
      3970  4.9625000000000838e+00  1.1858921465787164e-01  3.2449061106985306e+00  7.266742e-01  1.709068e+01  5.742888e+01  8.044792e+02  5.165518e+03  6.123830e+04  2.185026e+02  1.364488e+05  1.7379339865368379e+03
      3980  4.9750000000000814e+00  1.1853836349245817e-01  3.2640357010549819e+00  7.273216e-01  1.713318e+01  5.813180e+01  8.181227e+02  5.325333e+03  6.362861e+04  2.192142e+02  1.393186e+05  1.7510520667135356e+03
      3990  4.9875000000000789e+00  1.1848721493983944e-01  3.2829718353362285e+00  7.273033e-01  1.717394e+01  5.879002e+01  8.318552e+02  5.484331e+03  6.607902e+04  2.199096e+02  1.422199e+05  1.7640029019390979e+03
      4000  5.0000000000000764e+00  1.1843577203672420e-01  3.3017127763967071e+00  7.266271e-01  1.721277e+01  5.939839e+01  8.456048e+02  5.641358e+03  6.857730e+04  2.205771e+02  1.451343e+05  1.7767924328332388e+03
      4010  5.0125000000000739e+00  1.1838403784401623e-01  3.3202571573447233e+00  7.253041e-01  1.724943e+01  5.995151e+01  8.592914e+02  5.795154e+03  7.110937e+04  2.212046e+02  1.480403e+05  1.7894279559236293e+03
      4020  5.0250000000000714e+00  1.1833201544137111e-01  3.3386039377764645e+00  7.233475e-01  1.728361e+01  6.044385e+01  8.728276e+02  5.944367e+03  7.365936e+04  2.217795e+02  1.509126e+05  1.8019178359352450e+03
      4030  5.0375000000000689e+00  1.1827970792247294e-01  3.3567523599803586e+00  7.207712e-01  1.731499e+01  6.086977e+01  8.861203e+02  6.087562e+03  7.620980e+04  2.222886e+02  1.537225e+05  1.8142712018586042e+03
      4040  5.0500000000000664e+00  1.1822711839090790e-01  3.3747019064862669e+00  7.175890e-01  1.734324e+01  6.122359e+01  8.990718e+02  6.223251e+03  7.874180e+04  2.227177e+02  1.564375e+05  1.8264976350298036e+03
      4050  5.0625000000000639e+00  1.1817424995675463e-01  3.3924522602205576e+00  7.138136e-01  1.736796e+01  6.149977e+01  9.115824e+02  6.349912e+03  8.123540e+04  2.230520e+02  1.590222e+05  1.8386068547433101e+03
      4060  5.0750000000000615e+00  1.1812110573374658e-01  3.4100032684272445e+00  7.094560e-01  1.738879e+01  6.169300e+01  9.235522e+02  6.466021e+03  8.366993e+04  2.232758e+02  1.614388e+05  1.8506084052717106e+03
      4070  5.0875000000000590e+00  1.1806768883693713e-01  3.4273549113799668e+00  7.045258e-01  1.740537e+01  6.179835e+01  9.348843e+02  6.570093e+03  8.602448e+04  2.233733e+02  1.636488e+05  1.8625113475172591e+03
      4080  5.1000000000000565e+00  1.1801400238081811e-01  3.4445072767823666e+00  6.990313e-01  1.741734e+01  6.181148e+01  9.454865e+02  6.660711e+03  8.827836e+04  2.233288e+02  1.656137e+05  1.8743239587914850e+03
      4090  5.1125000000000540e+00  1.1796004947786012e-01  3.4614605405751551e+00  6.929803e-01  1.742441e+01  6.172876e+01  9.552743e+02  6.736566e+03  9.041164e+04  2.231272e+02  1.672966e+05  1.8860534450802684e+03
      4100  5.1250000000000515e+00  1.1790583323712669e-01  3.4782149546719214e+00  6.863812e-01  1.742632e+01  6.154742e+01  9.641721e+02  6.796495e+03  9.240565e+04  2.227546e+02  1.686632e+05  1.8977056713183181e+03
      4110  5.1375000000000490e+00  1.1785135676328125e-01  3.4947708419299026e+00  6.792444e-01  1.742288e+01  6.126568e+01  9.721158e+02  6.839511e+03  9.424347e+04  2.221990e+02  1.696831e+05  1.9092849162912571e+03
      4120  5.1500000000000465e+00  1.1779662315531905e-01  3.5111285984014424e+00  6.715830e-01  1.741394e+01  6.088285e+01  9.790537e+02  6.864833e+03  9.591043e+04  2.214504e+02  1.703305e+05  1.9207936595494252e+03
      4130  5.1625000000000441e+00  1.1774163550544109e-01  3.5272887026768753e+00  6.634141e-01  1.739946e+01  6.039935e+01  9.849473e+02  6.871913e+03  9.739446e+04  2.205016e+02  1.705852e+05  1.9322324079445473e+03
      4140  5.1750000000000416e+00  1.1768639689765806e-01  3.5432517318637773e+00  6.547595e-01  1.737943e+01  5.981681e+01  9.897725e+02  6.860452e+03  9.868645e+04  2.193478e+02  1.704328e+05  1.9435995689756865e+03
      4150  5.1875000000000391e+00  1.1763091040601541e-01  3.5590183835215683e+00  6.456462e-01  1.735391e+01  5.913799e+01  9.935192e+02  6.830408e+03  9.978043e+04  2.179871e+02  1.698650e+05  1.9548913770545787e+03
      4160  5.2000000000000366e+00  1.1757517909260395e-01  3.5745895026643515e+00  6.361064e-01  1.732304e+01  5.836680e+01  9.961917e+02  6.782006e+03  1.006737e+05  2.164207e+02  1.688802e+05  1.9661018771453182e+03
      4170  5.2125000000000341e+00  1.1751920600489892e-01  3.5899661127719735e+00  6.261776e-01  1.728700e+01  5.750824e+01  9.978079e+02  6.715733e+03  1.013670e+05  2.146520e+02  1.674831e+05  1.9772229681340539e+03
      4180  5.2250000000000316e+00  1.1746299417281721e-01  3.6051494496311900e+00  6.159021e-01  1.724601e+01  5.656830e+01  9.983987e+02  6.632325e+03  1.018642e+05  2.126874e+02  1.656847e+05  1.9882445059494416e+03
      4190  5.2375000000000291e+00  1.1740654660504635e-01  3.6201409967554570e+00  6.053265e-01  1.720037e+01  5.555383e+01  9.980071e+02  6.532753e+03  1.021721e+05  2.105353e+02  1.635017e+05  1.9991544640513189e+03
      4200  5.2500000000000266e+00  1.1734986628497107e-01  3.6349425211098909e+00  5.945007e-01  1.715041e+01  5.447247e+01  9.966866e+02  6.418202e+03  1.023005e+05  2.082063e+02  1.609564e+05  2.0099391466489146e+03
      4210  5.2625000000000242e+00  1.1729295616587999e-01  3.6495561078944805e+00  5.834777e-01  1.709648e+01  5.333247e+01  9.945003e+02  6.290039e+03  1.022614e+05  2.057125e+02  1.580759e+05  2.0205834480190053e+03
      4220  5.2750000000000217e+00  1.1723581916580479e-01  3.6639841932163959e+00  5.723121e-01  1.703898e+01  5.214255e+01  9.915192e+02  6.149788e+03  1.020689e+05  2.030675e+02  1.548914e+05  2.0310711496954445e+03
      4230  5.2875000000000192e+00  1.1717845816175851e-01  3.6782295935770799e+00  5.610598e-01  1.697835e+01  5.091175e+01  9.878201e+02  5.999092e+03  1.017386e+05  2.002862e+02  1.514371e+05  2.0413852461325755e+03
      4240  5.3000000000000167e+00  1.1712087598364912e-01  3.6922955312681496e+00  5.497769e-01  1.691505e+01  4.964931e+01  9.834845e+02  5.839677e+03  1.012872e+05  1.973841e+02  1.477498e+05  2.0515082887293224e+03
      4250  5.3125000000000142e+00  1.1706307540767269e-01  3.7061856549110925e+00  5.385191e-01  1.684953e+01  4.836445e+01  9.785966e+02  5.673322e+03  1.007319e+05  1.943772e+02  1.438679e+05  2.0614227378094984e+03
      4260  5.3250000000000117e+00  1.1700505914962182e-01  3.7199040545763178e+00  5.273413e-01  1.678229e+01  4.706633e+01  9.732413e+02  5.501819e+03  1.000897e+05  1.912820e+02  1.398302e+05  2.0711113122543784e+03
      4270  5.3375000000000092e+00  1.1694682985785457e-01  3.7334552711143250e+00  5.162969e-01  1.671382e+01  4.576383e+01  9.675028e+02  5.326941e+03  9.937755e+04  1.881147e+02  1.356754e+05  2.0805573269273318e+03
      4280  5.3500000000000068e+00  1.1688839010625698e-01  3.7468442995144802e+00  5.054377e-01  1.664460e+01  4.446554e+01  9.614632e+02  5.150416e+03  9.861139e+04  1.848915e+02  1.314411e+05  2.0897450087897714e+03
      4290  5.3625000000000043e+00  1.1682974238709723e-01  3.7600765863270000e+00  4.948134e-01  1.657512e+01  4.317960e+01  9.552006e+02  4.973894e+03  9.780601e+04  1.816281e+02  1.271632e+05  2.0986597836295168e+03
      4300  5.3750000000000018e+00  1.1677088910411088e-01  3.7731580213586717e+00  4.844715e-01  1.650584e+01  4.191364e+01  9.487884e+02  4.798931e+03  9.697476e+04  1.783396e+02  1.228751e+05  2.1072885266175590e+03
      4310  5.3874999999999993e+00  1.1671183256560344e-01  3.7860949240200084e+00  4.744575e-01  1.643721e+01  4.067475e+01  9.422941e+02  4.626967e+03  9.612933e+04  1.750402e+02  1.186076e+05  2.1156197714163050e+03
      4320  5.3999999999999968e+00  1.1665257497790676e-01  3.7988940248759322e+00  4.648146e-01  1.636963e+01  3.946946e+01  9.357787e+02  4.459314e+03  9.527968e+04  1.717432e+02  1.143880e+05  2.1236438742846040e+03
      4330  5.4124999999999943e+00  1.1659311843914225e-01  3.8115624430574782e+00  4.555840e-01  1.630348e+01  3.830368e+01  9.292963e+02  4.297148e+03  9.443397e+04  1.684611e+02  1.102401e+05  2.1313531314983866e+03
      4340  5.4249999999999918e+00  1.1653346493331153e-01  3.8241076602887585e+00  4.468046e-01  1.623911e+01  3.718274e+01  9.228939e+02  4.141503e+03  9.359865e+04  1.652049e+02  1.061838e+05  2.1387418503589356e+03
      4350  5.4374999999999893e+00  1.1647361632488556e-01  3.8365374923589037e+00  4.385140e-01  1.617682e+01  3.611141e+01  9.166115e+02  3.993271e+03  9.277856e+04  1.619846e+02  1.022353e+05  2.1458063760189148e+03
      4360  5.4499999999999869e+00  1.1641357435379619e-01  3.8488600588638979e+00  4.307475e-01  1.611687e+01  3.509392e+01  9.104824e+02  3.853207e+03  9.197712e+04  1.588089e+02  9.840691e+04  2.1525450781823497e+03
      4370  5.4624999999999844e+00  1.1635334063094033e-01  3.8610837520503472e+00  4.235392e-01  1.605945e+01  3.413403e+01  9.045341e+02  3.721932e+03  9.119661e+04  1.556856e+02  9.470735e+04  2.1589583033284866e+03
      4380  5.4749999999999819e+00  1.1629291663417346e-01  3.8732172055286425e+00  4.169215e-01  1.600476e+01  3.323504e+01  8.987886e+02  3.599945e+03  9.043837e+04  1.526210e+02  9.114180e+04  2.1650482993329192e+03
      4390  5.4874999999999794e+00  1.1623230370476806e-01  3.8852692635478543e+00  4.109256e-01  1.595290e+01  3.239990e+01  8.932633e+02  3.487632e+03  8.970318e+04  1.496207e+02  8.771231e+04  2.1708191201225036e+03
      4400  5.4999999999999769e+00  1.1617150304433049e-01  3.8972489514211848e+00  4.055812e-01  1.590398e+01  3.163121e+01  8.879723e+02  3.385279e+03  8.899148e+04  1.466893e+02  8.441819e+04  2.1762765182318267e+03
      4410  5.5124999999999744e+00  1.1611051571225334e-01  3.9091654475709170e+00  4.009165e-01  1.585804e+01  3.093132e+01  8.829272e+02  3.293084e+03  8.830373e+04  1.438306e+02  8.125646e+04  2.1814278328129158e+03
      4420  5.5249999999999719e+00  1.1604934262348682e-01  3.9210280575321219e+00  3.969581e-01  1.581512e+01  3.030234e+01  8.781380e+02  3.211170e+03  8.764066e+04  1.410480e+02  7.822235e+04  2.1862818798144353e+03
      4430  5.5374999999999694e+00  1.1598798454671203e-01  3.9328461901463099e+00  3.937311e-01  1.577519e+01  2.974616e+01  8.736142e+02  3.139600e+03  8.700351e+04  1.383446e+02  7.530986e+04  2.1908488498022080e+03
      4440  5.5499999999999670e+00  1.1592644210298175e-01  3.9446293360530857e+00  3.912584e-01  1.573825e+01  2.926453e+01  8.693657e+02  3.078385e+03  8.639424e+04  1.357230e+02  7.251234e+04  2.1951402173441820e+03
      4450  5.5624999999999645e+00  1.1586471576452645e-01  3.9563870484951105e+00  3.895608e-01  1.570426e+01  2.885899e+01  8.654033e+02  3.027494e+03  8.581568e+04  1.331862e+02  6.982301e+04  2.1991686642377308e+03
      4460  5.5749999999999620e+00  1.1580280585391101e-01  3.9681289263916035e+00  3.886564e-01  1.567316e+01  2.853093e+01  8.617396e+02  2.986868e+03  8.527163e+04  1.307372e+02  6.723548e+04  2.2029480172546873e+03
      4470  5.5874999999999595e+00  1.1574071254348994e-01  3.9798645995655826e+00  3.885604e-01  1.564491e+01  2.828152e+01  8.583889e+02  2.956418e+03  8.476686e+04  1.283792e+02  6.474428e+04  2.2064931997149106e+03
      4480  5.5999999999999570e+00  1.1567843585497530e-01  3.9916037159926825e+00  3.892847e-01  1.561944e+01  2.811170e+01  8.553676e+02  2.936037e+03  8.430705e+04  1.261157e+02  6.234513e+04  2.2098201951874362e+03
      4490  5.6124999999999545e+00  1.1561597565927889e-01  4.0033559309095974e+00  3.908376e-01  1.559669e+01  2.802214e+01  8.526933e+02  2.925595e+03  8.389868e+04  1.239507e+02  6.003532e+04  2.2129460210446828e+03
      4500  5.6249999999999520e+00  1.1555333167644619e-01  4.0151308976204465e+00  3.932230e-01  1.557660e+01  2.801321e+01  8.503842e+02  2.924946e+03  8.354875e+04  1.218883e+02  5.781378e+04  2.2158887094751194e+03
      4510  5.6374999999999496e+00  1.1549050347576489e-01  4.0269382598255756e+00  3.964408e-01  1.555910e+01  2.808490e+01  8.484583e+02  2.933922e+03  8.326453e+04  1.199328e+02  5.568115e+04  2.2186672938666488e+03
      4520  5.6499999999999471e+00  1.1542749047595598e-01  4.0387876452933025e+00  4.004860e-01  1.554412e+01  2.823684e+01  8.469316e+02  2.952335e+03  8.305314e+04  1.180887e+02  5.363963e+04  2.2213017990898957e+03
      4530  5.6624999999999446e+00  1.1536429194547385e-01  4.0506886606702732e+00  4.053489e-01  1.553157e+01  2.846822e+01  8.458164e+02  2.979972e+03  8.292107e+04  1.163599e+02  5.169280e+04  2.2238132350403380e+03
      4540  5.6749999999999421e+00  1.1530090700287615e-01  4.0626508872081342e+00  4.110148e-01  1.552135e+01  2.877782e+01  8.451198e+02  3.016593e+03  8.287375e+04  1.147504e+02  4.984531e+04  2.2262235936572729e+03
      4550  5.6874999999999396e+00  1.1523733461723790e-01  4.0746838771283613e+00  4.174640e-01  1.551334e+01  2.916398e+01  8.448414e+02  3.061935e+03  8.291501e+04  1.132633e+02  4.810249e+04  2.2285558504045093e+03
      4560  5.6999999999999371e+00  1.1517357360863693e-01  4.0867971503102538e+00  4.246722e-01  1.550740e+01  2.962462e+01  8.449719e+02  3.115702e+03  8.304656e+04  1.119010e+02  4.647005e+04  2.2308339717300496e+03
      4570  5.7124999999999346e+00  1.1510962264868697e-01  4.0990001909271356e+00  4.326098e-01  1.550337e+01  3.015724e+01  8.454918e+02  3.177572e+03  8.326763e+04  1.106652e+02  4.495367e+04  2.2330829302249690e+03
      4580  5.7249999999999321e+00  1.1504548026113247e-01  4.1113024435984942e+00  4.412430e-01  1.550105e+01  3.075902e+01  8.463706e+02  3.247192e+03  8.357460e+04  1.095564e+02  4.355881e+04  2.2353287290234221e+03
      4590  5.7374999999999297e+00  1.1498114482249541e-01  4.1237133085810536e+00  4.505337e-01  1.550023e+01  3.142675e+01  8.475670e+02  3.324183e+03  8.396088e+04  1.085742e+02  4.229041e+04  2.2375984364355545e+03
      4600  5.7499999999999272e+00  1.1491661456282251e-01  4.1362421354939762e+00  4.604397e-01  1.550068e+01  3.215696e+01  8.490292e+02  3.408133e+03  8.441690e+04  1.077174e+02  4.115285e+04  2.2399202309172356e+03
      4610  5.7624999999999247e+00  1.1485188756650642e-01  4.1488982150570353e+00  4.709154e-01  1.550217e+01  3.294591e+01  8.506975e+02  3.498606e+03  8.493037e+04  1.069834e+02  4.014981e+04  2.2423234553511766e+03
      4620  5.7749999999999222e+00  1.1478696177334058e-01  4.1616907683399331e+00  4.819120e-01  1.550445e+01  3.378964e+01  8.525061e+02  3.595131e+03  8.548672e+04  1.063693e+02  3.928433e+04  2.2448386783516198e+03
      4630  5.7874999999999197e+00  1.1472183497969725e-01  4.1746289330812685e+00  4.933777e-01  1.550732e+01  3.468398e+01  8.543869e+02  3.697210e+03  8.606979e+04  1.058711e+02  3.855871e+04  2.2474977590584299e+03
      4640  5.7999999999999172e+00  1.1465650483988495e-01  4.1877217467018406e+00  5.052587e-01  1.551060e+01  3.562456e+01  8.562739e+02  3.804316e+03  8.666268e+04  1.054845e+02  3.797454e+04  2.2503339108011787e+03
      4650  5.8124999999999147e+00  1.1459096886798502e-01  4.2009781257596002e+00  5.174990e-01  1.551417e+01  3.660688e+01  8.581068e+02  3.915894e+03  8.724875e+04  1.052045e+02  3.753258e+04  2.2533817582168322e+03
      4660  5.8249999999999122e+00  1.1452522443984878e-01  4.2144068417448306e+00  5.300413e-01  1.551796e+01  3.762626e+01  8.598363e+02  4.031365e+03  8.781263e+04  1.050258e+02  3.723260e+04  2.2566773819696045e+03
      4670  5.8374999999999098e+00  1.1445926879557673e-01  4.2280164932617765e+00  5.428271e-01  1.552201e+01  3.867792e+01  8.614277e+02  4.150136e+03  8.834131e+04  1.049426e+02  3.707317e+04  2.2602583452427484e+03
      4680  5.8499999999999073e+00  1.1439309904251713e-01  4.2418154748338361e+00  5.557975e-01  1.552644e+01  3.975700e+01  8.628650e+02  4.271610e+03  8.882505e+04  1.049488e+02  3.705142e+04  2.2641636966379465e+03
      4690  5.8624999999999048e+00  1.1432671215865645e-01  4.2558119427501317e+00  5.688934e-01  1.553148e+01  4.085859e+01  8.641535e+02  4.395202e+03  8.925816e+04  1.050381e+02  3.716271e+04  2.2684339450275475e+03
      4700  5.8749999999999023e+00  1.1426010499663154e-01  4.2700137785486101e+00  5.820562e-01  1.553747e+01  4.197786e+01  8.653213e+02  4.520362e+03  8.963955e+04  1.052037e+02  3.740049e+04  2.2731110031476023e+03
      4710  5.8874999999998998e+00  1.1419327428834755e-01  4.2844285508884248e+00  5.952283e-01  1.554486e+01  4.311008e+01  8.664203e+02  4.646598e+03  8.997304e+04  1.054386e+02  3.775614e+04  2.2782380981916613e+03
      4720  5.8999999999998973e+00  1.1412621665016351e-01  4.2990634767081515e+00  6.083535e-01  1.555418e+01  4.425082e+01  8.675254e+02  4.773505e+03  9.026741e+04  1.057356e+02  3.821899e+04  2.2838596492238994e+03
      4730  5.9124999999998948e+00  1.1405892858866278e-01  4.3139253826696589e+00  6.213778e-01  1.556608e+01  4.539601e+01  8.687329e+02  4.900790e+03  9.053616e+04  1.060877e+02  3.877665e+04  2.2900211127483649e+03
      4740  5.9249999999998924e+00  1.1399140650706183e-01  4.3290206679431531e+00  6.342499e-01  1.558127e+01  4.654210e+01  8.701579e+02  5.028308e+03  9.079718e+04  1.064880e+02  3.941539e+04  2.2967687991284815e+03
      4750  5.9374999999998899e+00  1.1392364671219461e-01  4.3443552694235494e+00  6.469219e-01  1.560049e+01  4.768624e+01  8.719316e+02  5.156082e+03  9.107218e+04  1.069300e+02  4.012085e+04  2.3041496636421766e+03
      4760  5.9499999999998874e+00  1.1385564542191830e-01  4.3599346304439308e+00  6.593495e-01  1.562456e+01  4.882635e+01  8.741976e+02  5.284329e+03  9.138615e+04  1.074084e+02  4.087895e+04  2.3122110767276554e+03
      4770  5.9624999999998849e+00  1.1378739877311195e-01  4.3757636739857180e+00  6.714932e-01  1.565428e+01  4.996129e+01  8.771091e+02  5.413481e+03  9.176681e+04  1.079187e+02  4.167677e+04  2.3210005783898509e+03
      4780  5.9749999999998824e+00  1.1371890282993430e-01  4.3918467812955440e+00  6.833181e-01  1.569046e+01  5.109093e+01  8.808255e+02  5.544196e+03  9.224411e+04  1.084582e+02  4.250357e+04  2.3305656218374461e+03
      4790  5.9874999999998799e+00  1.1365015359244246e-01  4.4081877766756774e+00  6.947945e-01  1.573388e+01  5.221619e+01  8.855105e+02  5.677366e+03  9.284992e+04  1.090260e+02  4.335170e+04  2.3409533112576742e+03
      4800  5.9999999999998774e+00  1.1358114700535088e-01  4.4247899190703937e+00  7.058982e-01  1.578531e+01  5.333912e+01  8.913302e+02  5.814127e+03  9.361787e+04  1.096229e+02  4.421730e+04  2.3522101383228619e+03
      4810  6.0124999999998749e+00  1.1351187896689294e-01  4.4416559008903285e+00  7.166104e-01  1.584543e+01  5.446284e+01  8.984523e+02  5.955856e+03  9.458334e+04  1.102521e+02  4.510075e+04  2.3643817215613426e+03
      4820  6.0249999999998725e+00  1.1344234533763935e-01  4.4587878543422477e+00  7.269178e-01  1.591490e+01  5.559154e+01  9.070458e+02  6.104175e+03  9.578371e+04  1.109186e+02  4.600690e+04  2.3775125521995164e+03
      4830  6.0374999999998700e+00  1.1337254194915188e-01  4.4761873653341757e+00  7.368125e-01  1.599430e+01  5.673037e+01  9.172821e+02  6.260950e+03  9.725874e+04  1.116295e+02  4.694487e+04  2.3916457497198571e+03
      4840  6.0499999999998675e+00  1.1330246461235804e-01  4.4938554948760130e+00  7.462909e-01  1.608417e+01  5.788538e+01  9.293354e+02  6.428293e+03  9.905118e+04  1.123935e+02  4.792770e+04  2.4068228301578961e+03
      4850  6.0624999999998650e+00  1.1323210912552222e-01  4.5117928076924789e+00  7.553540e-01  1.618495e+01  5.906338e+01  9.433849e+02  6.608566e+03  1.012075e+05  1.132206e+02  4.897162e+04  2.4230834899820693e+03
      4860  6.0749999999998625e+00  1.1316147128176554e-01  4.5299994076495134e+00  7.640061e-01  1.629705e+01  6.027185e+01  9.596160e+02  6.804389e+03  1.037787e+05  1.141217e+02  5.009527e+04  2.4404654083627870e+03
      4870  6.0874999999998600e+00  1.1309054687593165e-01  4.5484749794190078e+00  7.722543e-01  1.642083e+01  6.151878e+01  9.782228e+02  7.018652e+03  1.068213e+05  1.151084e+02  5.131872e+04  2.4590040708898100e+03
      4880  6.0999999999998575e+00  1.1301933171075315e-01  4.5672188357152956e+00  7.801071e-01  1.655657e+01  6.281255e+01  9.994092e+02  7.254528e+03  1.103986e+05  1.161922e+02  5.266251e+04  2.4787326183014811e+03
      4890  6.1124999999998550e+00  1.1294782160231741e-01  4.5862299692904243e+00  7.875738e-01  1.670452e+01  6.416182e+01  1.023391e+03  7.515492e+03  1.145815e+05  1.173841e+02  5.414665e+04  2.4996817244273934e+03
      4900  6.1249999999998526e+00  1.1287601238457987e-01  4.6055071087904436e+00  7.946629e-01  1.686487e+01  6.557537e+01  1.050398e+03  7.805340e+03  1.194498e+05  1.186940e+02  5.578964e+04  2.5218795082209663e+03
      4910  6.1374999999998501e+00  1.1280389991306790e-01  4.6250487774489226e+00  8.013814e-01  1.703777e+01  6.706200e+01  1.080671e+03  8.128206e+03  1.250935e+05  1.201305e+02  5.760763e+04  2.5453514855342978e+03
      4920  6.1499999999998476e+00  1.1273148006759567e-01  4.6448533534946419e+00  8.077332e-01  1.722334e+01  6.863037e+01  1.114469e+03  8.488580e+03  1.316138e+05  1.217001e+02  5.961348e+04  2.5701205670958229e+03
      4930  6.1624999999998451e+00  1.1265874875407869e-01  4.6649191310249556e+00  8.137184e-01  1.742162e+01  7.028884e+01  1.152062e+03  8.891313e+03  1.391243e+05  1.234070e+02  6.181603e+04  2.5962071099058044e+03
      4940  6.1749999999998426e+00  1.1258570190535738e-01  4.6852443799793537e+00  8.193312e-01  1.763264e+01  7.204529e+01  1.193735e+03  9.341617e+03  1.477519e+05  1.252525e+02  6.421929e+04  2.6236290297896207e+03
      4950  6.1874999999998401e+00  1.1251233548112563e-01  4.7058274037103711e+00  8.245600e-01  1.785633e+01  7.390692e+01  1.239780e+03  9.845052e+03  1.576376e+05  1.272351e+02  6.682175e+04  2.6524019829920089e+03
      4960  6.1999999999998376e+00  1.1243864546697802e-01  4.7266665925261497e+00  8.293852e-01  1.809261e+01  7.587994e+01  1.290501e+03  1.040748e+04  1.689370e+05  1.293495e+02  6.961573e+04  2.6825396243744399e+03
      4970  6.2124999999998352e+00  1.1236462787269771e-01  4.7477604714385091e+00  8.337786e-01  1.834128e+01  7.796931e+01  1.346205e+03  1.103502e+04  1.818202e+05  1.315874e+02  7.258684e+04  2.7140539489199909e+03
      4980  6.2249999999998327e+00  1.1229027872978073e-01  4.7691077402605320e+00  8.377024e-01  1.860209e+01  8.017833e+01  1.407194e+03  1.173392e+04  1.964714e+05  1.339368e+02  7.571356e+04  2.7469557218785330e+03
      4990  6.2374999999998302e+00  1.1221559408850504e-01  4.7907073040929298e+00  8.411082e-01  1.887469e+01  8.250826e+01  1.473765e+03  1.251047e+04  2.130875e+05  1.363825e+02  7.896712e+04  2.7812550010981668e+03
      5000  6.2499999999998277e+00  1.1214057001450417e-01  4.8125582921949164e+00  8.439363e-01  1.915860e+01  8.495780e+01  1.546194e+03  1.337077e+04  2.318761e+05  1.389062e+02  8.231156e+04  2.8169617531444910e+03
      5010  6.2624999999998252e+00  1.1206520258525929e-01  4.8346600631945460e+00  8.461148e-01  1.945324e+01  8.752261e+01  1.624731e+03  1.432056e+04  2.530516e+05  1.414871e+02  8.570432e+04  2.8540865630976359e+03
      5020  6.2749999999998227e+00  1.1198948788652659e-01  4.8570121945853337e+00  8.475597e-01  1.975790e+01  9.019475e+01  1.709586e+03  1.536487e+04  2.768311e+05  1.441025e+02  8.909714e+04  2.8926414369781560e+03
      5030  6.2874999999998202e+00  1.1191342200915587e-01  4.8796144544264575e+00  8.481744e-01  2.007171e+01  9.296216e+01  1.800914e+03  1.650776e+04  3.034279e+05  1.467287e+02  9.243761e+04  2.9326406961737607e+03
      5040  6.2999999999998177e+00  1.1183700104643249e-01  4.9024667530753607e+00  8.478503e-01  2.039366e+01  9.580808e+01  1.898803e+03  1.775186e+04  3.330437e+05  1.493420e+02  9.567114e+04  2.9741019654997126e+03
      5050  6.3124999999998153e+00  1.1176022109237871e-01  4.9255690726066099e+00  8.464674e-01  2.072258e+01  9.871063e+01  2.003258e+03  1.909793e+04  3.658591e+05  1.519197e+02  9.874364e+04  3.0170472608715709e+03
      5060  6.3249999999998128e+00  1.1168307824136421e-01  4.9489213711997202e+00  8.438960e-01  2.105714e+01  1.016424e+02  2.114184e+03  2.054440e+04  4.020224e+05  1.544417e+02  1.016045e+05  3.0615041886999661e+03
      5070  6.3374999999998103e+00  1.1160556858938175e-01  4.9725234591846483e+00  8.399982e-01  2.139589e+01  1.045701e+02  2.231374e+03  2.208686e+04  4.416370e+05  1.568917e+02  1.042101e+05  3.1075072761673982e+03
      5080  6.3499999999998078e+00  1.1152768823754428e-01  4.9963748426094101e+00  8.346314e-01  2.173723e+01  1.074546e+02  2.354494e+03  2.371751e+04  4.847481e+05  1.592584e+02  1.065273e+05  3.1550994578730920e+03
      5090  6.3624999999998053e+00  1.1144943329827470e-01  5.0204745290202215e+00  8.276511e-01  2.207945e+01  1.102510e+02  2.483075e+03  2.542470e+04  5.313284e+05  1.615374e+02  1.085373e+05  3.2043337476578290e+03
      5100  6.3749999999998028e+00  1.1137079990491536e-01  5.0448207887856080e+00  8.189152e-01  2.242078e+01  1.129087e+02  2.616504e+03  2.719249e+04  5.812646e+05  1.637318e+02  1.102385e+05  3.2552751220573273e+03
      5110  6.3874999999998003e+00  1.1129178422539585e-01  5.0694108638007194e+00  8.082891e-01  2.275939e+01  1.153726e+02  2.754021e+03  2.900041e+04  6.343451e+05  1.658535e+02  1.116496e+05  3.3080026309453483e+03
      5120  6.3999999999997979e+00  1.1121238248102258e-01  5.0942406138704719e+00  7.956504e-01  2.309346e+01  1.175834e+02  2.894725e+03  3.082325e+04  6.902503e+05  1.679239e+02  1.128107e+05  3.3626117289436643e+03
      5130  6.4124999999997954e+00  1.1113259097120790e-01  5.1193040898409272e+00  7.808953e-01  2.342120e+01  1.194795e+02  3.037582e+03  3.263122e+04  7.485462e+05  1.699741e+02  1.137844e+05  3.4192167860592162e+03
      5140  6.4249999999997929e+00  1.1105240610566247e-01  5.1445930217825087e+00  7.639436e-01  2.374086e+01  1.209979e+02  3.181436e+03  3.439031e+04  8.086834e+05  1.720449e+02  1.146544e+05  3.4779536863077469e+03
      5150  6.4374999999997904e+00  1.1097182444518311e-01  5.1700962106216508e+00  7.447453e-01  2.405084e+01  1.220770e+02  3.325033e+03  3.606301e+04  8.700013e+05  1.741859e+02  1.155240e+05  3.5389823578909127e+03
      5160  6.4499999999997879e+00  1.1089084275290112e-01  5.1957988128980546e+00  7.232855e-01  2.434964e+01  1.226584e+02  3.467039e+03  3.760934e+04  9.317384e+05  1.764545e+02  1.165117e+05  3.6024889971408465e+03
      5170  6.4624999999997854e+00  1.1080945805746427e-01  5.2216815112503481e+00  6.995896e-01  2.463592e+01  1.226895e+02  3.606071e+03  3.898837e+04  9.930485e+05  1.789145e+02  1.177478e+05  3.6686876502450614e+03
      5180  6.4749999999997829e+00  1.1072766773013801e-01  5.2477195682200888e+00  6.737274e-01  2.490850e+01  1.221267e+02  3.740719e+03  4.015999e+04  1.053022e+06  1.816345e+02  1.193690e+05  3.7378207008662512e+03
      5190  6.4874999999997804e+00  1.1064546957767224e-01  5.2738817686628483e+00  6.458163e-01  2.516635e+01  1.209376e+02  3.869574e+03  4.108700e+04  1.110711e+06  1.846857e+02  1.215145e+05  3.8101576775141871e+03
      5200  6.4999999999997780e+00  1.1056286195229198e-01  5.3001292670691065e+00  6.160228e-01  2.540855e+01  1.191039e+02  3.991238e+03  4.173741e+04  1.165150e+06  1.881401e+02  1.243226e+05  3.8859916422781198e+03
      5210  6.5124999999997755e+00  1.1047984388039093e-01  5.3264143712441321e+00  5.845627e-01  2.563426e+01  1.166237e+02  4.104344e+03  4.208665e+04  1.215385e+06  1.920691e+02  1.279291e+05  3.9656322561122861e+03
      5220  6.5249999999997730e+00  1.1039641521034808e-01  5.3526793139272559e+00  5.516996e-01  2.584266e+01  1.135128e+02  4.207552e+03  4.211961e+04  1.260486e+06  1.965417e+02  1.324685e+05  4.0493944465706586e+03
      5230  6.5374999999997705e+00  1.1031257677927989e-01  5.3788550898286349e+00  5.177413e-01  2.603288e+01  1.098049e+02  4.299551e+03  4.183202e+04  1.299563e+06  2.016237e+02  1.380781e+05  4.1375814573476673e+03
      5240  6.5499999999997680e+00  1.1022833059657500e-01  5.4048604675392919e+00  4.830335e-01  2.620390e+01  1.055505e+02  4.379052e+03  4.123105e+04  1.331775e+06  2.073767e+02  1.449032e+05  4.2304609850639390e+03
      5250  6.5624999999997655e+00  1.1014368004086346e-01  5.4306013232312358e+00  4.479530e-01  2.635448e+01  1.008147e+02  4.444791e+03  4.033468e+04  1.356342e+06  2.138565e+02  1.531040e+05  4.3282331945350834e+03
      5260  6.5749999999997630e+00  1.1005863006347454e-01  5.4559704833857072e+00  4.128972e-01  2.648301e+01  9.567254e+01  4.495543e+03  3.916971e+04  1.372563e+06  2.211115e+02  1.628599e+05  4.4309897845521500e+03
      5270  6.5874999999997605e+00  1.0997318738915544e-01  5.4808483011148663e+00  3.782738e-01  2.658743e+01  9.020388e+01  4.530154e+03  3.776852e+04  1.379850e+06  2.291779e+02  1.743681e+05  4.5386641330214170e+03
      5280  6.5999999999997581e+00  1.0988736070035574e-01  5.5051042146893163e+00  3.444889e-01  2.666503e+01  8.448781e+01  4.547593e+03  3.616474e+04  1.377782e+06  2.380747e+02  1.878343e+05  4.6509740779844078e+03
      5290  6.6124999999997556e+00  1.0980116078793939e-01  5.5285995322054955e+00  3.119364e-01  2.671235e+01  7.859784e+01  4.547006e+03  3.438884e+04  1.366171e+06  2.477938e+02  2.034479e+05  4.7673612154513103e+03
      5300  6.6249999999997531e+00  1.0971460064743985e-01  5.5511916337438745e+00  2.809888e-01  2.672498e+01  7.259936e+01  4.527760e+03  3.246450e+04  1.345135e+06  2.582896e+02  2.213419e+05  4.8869336300597415e+03
      5310  6.6374999999997506e+00  1.0962769549804460e-01  5.5727396634234845e+00  2.519902e-01  2.669744e+01  6.655079e+01  4.489446e+03  3.040746e+04  1.315141e+06  2.694670e+02  2.415422e+05  5.0084222468422413e+03
      5320  6.6499999999997481e+00  1.0954046270146331e-01  5.5931115893515404e+00  2.252535e-01  2.662317e+01  6.050887e+01  4.431828e+03  2.822765e+04  1.276998e+06  2.811723e+02  2.639168e+05  5.1301635270166125e+03
      5330  6.6624999999997456e+00  1.0945292156219953e-01  5.6121922505066664e+00  2.010583e-01  2.649466e+01  5.453737e+01  4.354745e+03  2.593532e+04  1.231776e+06  2.931898e+02  2.881420e+05  5.2501216460997402e+03
      5340  6.6749999999997431e+00  1.0936509299828637e-01  5.6298917260049848e+00  1.796501e-01  2.630387e+01  4.871703e+01  4.257991e+03  2.354988e+04  1.180639e+06  3.052439e+02  3.136990e+05  5.3659602258479463e+03
      5350  6.6874999999997407e+00  1.0927699908454022e-01  5.6461531219221808e+00  1.612367e-01  2.604299e+01  4.315289e+01  4.141269e+03  2.110893e+04  1.124656e+06  3.170066e+02  3.399014e+05  5.4751665198043884e+03
      5360  6.6999999999997382e+00  1.0918866248519049e-01  5.6609587551270746e+00  1.459807e-01  2.570545e+01  3.797503e+01  4.004271e+03  1.867365e+04  1.064637e+06  3.281073e+02  3.659359e+05  5.5752205094702449e+03
      5370  6.7124999999997357e+00  1.0910010580872670e-01  5.6743337880209390e+00  1.339869e-01  2.528720e+01  3.333005e+01  3.846951e+03  1.632712e+04  1.001092e+06  3.381400e+02  3.908848e+05  5.6637901626035009e+03
      5380  6.7249999999997332e+00  1.0901135093053312e-01  5.6863466519598056e+00  1.252862e-01  2.478785e+01  2.936325e+01  3.669943e+03  1.416419e+04  9.343425e+05  3.466720e+02  4.137070e+05  5.7389256613203816e+03
      5390  6.7374999999997307e+00  1.0892241833553291e-01  5.6971060458534337e+00  1.198199e-01  2.421161e+01  2.619538e+01  3.475004e+03  1.227482e+04  8.647594e+05  3.532573e+02  4.331970e+05  5.7992228469081920e+03
      5400  6.7499999999997282e+00  1.0883332653321010e-01  5.7067548105284667e+00  1.174288e-01  2.356751e+01  2.389999e+01  3.265310e+03  1.072618e+04  7.930202e+05  3.574656e+02  4.479866e+05  5.8439306988104463e+03
      5410  6.7624999999997257e+00  1.0874409158782379e-01  5.7154614374490258e+00  1.178521e-01  2.286900e+01  2.248813e+01  3.045456e+03  9.549172e+03  7.202626e+05  3.589308e+02  4.566657e+05  5.8729881150156634e+03
      5420  6.7749999999997232e+00  1.0865472679337052e-01  5.7234102707051413e+00  1.207383e-01  2.213279e+01  2.190490e+01  2.821105e+03  8.734068e+03  6.480570e+05  3.574131e+02  4.580522e+05  5.8869884484826052e+03
      5430  6.7874999999997208e+00  1.0856524250413091e-01  5.7307915522892170e+00  1.256675e-01  2.137721e+01  2.203859e+01  2.598356e+03  8.235785e+03  5.782041e+05  3.528595e+02  4.515359e+05  5.8870825525179571e+03
      5440  6.7999999999997183e+00  1.0847564611526186e-01  5.7377923492201397e+00  1.321820e-01  2.062041e+01  2.273908e+01  2.383009e+03  7.986249e+03  5.124409e+05  3.454408e+02  4.373518e+05  5.8748397042811685e+03
      5450  6.8124999999997158e+00  1.0838594217305941e-01  5.7445891397904933e+00  1.398184e-01  1.987870e+01  2.383988e+01  2.179905e+03  7.909075e+03  4.521630e+05  3.355487e+02  4.166424e+05  5.8520893978323857e+03
      5460  6.8249999999997133e+00  1.0829613258483399e-01  5.7513425013104573e+00  1.481359e-01  1.916536e+01  2.517816e+01  1.992491e+03  7.932130e+03  3.982469e+05  3.237515e+02  3.912659e+05  5.8207657969964121e+03
      5470  6.8374999999997108e+00  1.0820621689459815e-01  5.7581940093147423e+00  1.567356e-01  1.848992e+01  2.660860e+01  1.822658e+03  7.995387e+03  3.510014e+05  3.107181e+02  3.634247e+05  5.7827719310525881e+03
      5480  6.8499999999997083e+00  1.0811619259067190e-01  5.7652651848309864e+00  1.652683e-01  1.785815e+01  2.801009e+01  1.670833e+03  8.053708e+03  3.102292e+05  2.971296e+02  3.352537e+05  5.7398743953555067e+03
      5490  6.8624999999997058e+00  1.0802605541602149e-01  5.7726581391032692e+00  1.734335e-01  1.727231e+01  2.928633e+01  1.536254e+03  8.075905e+03  2.753554e+05  2.835984e+02  3.084953e+05  5.6936332163204479e+03
      5500  6.8749999999997033e+00  1.0793579965809807e-01  5.7804574631813708e+00  1.809706e-01  1.673189e+01  3.036304e+01  1.417325e+03  8.042020e+03  2.455795e+05  2.706098e+02  2.843250e+05  5.6453668889725968e+03
      5510  6.8874999999997009e+00  1.0784541840260239e-01  5.7887328741798889e+00  1.876497e-01  1.623438e+01  3.118430e+01  1.311999e+03  7.940533e+03  2.200189e+05  2.584914e+02  2.633242e+05  5.5961494919098277e+03
      5520  6.8999999999996984e+00  1.0775490374313408e-01  5.7975421412929151e+00  1.932644e-01  1.577608e+01  3.170971e+01  1.218110e+03  7.766366e+03  1.978268e+05  2.474110e+02  2.455594e+05  5.5468346899810067e+03
      5530  6.9124999999996959e+00  1.0766424694576716e-01  5.8069338627647120e+00  1.976297e-01  1.535284e+01  3.191301e+01  1.133639e+03  7.519793e+03  1.782745e+05  2.373974e+02  2.307217e+05  5.4980996441023535e+03
      5540  6.9249999999996934e+00  1.0757343857380146e-01  5.8169497488158894e+00  2.005857e-01  1.496058e+01  3.178162e+01  1.056874e+03  7.205784e+03  1.607936e+05  2.283751e+02  2.182799e+05  5.4505000239068631e+03
      5550  6.9374999999996909e+00  1.0748246858210174e-01  5.8276261877445448e+00  2.020066e-01  1.459565e+01  3.131632e+01  9.864838e+02  6.833283e+03  1.449813e+05  2.202065e+02  2.076270e+05  5.4045257232950080e+03
      5560  6.9499999999996884e+00  1.0739132639337105e-01  5.8389950273325564e+00  2.018100e-01  1.425501e+01  3.053063e+01  9.215061e+02  6.414111e+03  1.305764e+05  2.127304e+02  1.981957e+05  5.3606471841844141e+03
      5570  6.9624999999996859e+00  1.0730000096756442e-01  5.8510836610242478e+00  1.999666e-01  1.393623e+01  2.944933e+01  8.612835e+02  5.961591e+03  1.174199e+05  2.057945e+02  1.895355e+05  5.3193445872256216e+03
      5580  6.9749999999996835e+00  1.0720848087419721e-01  5.8639146359717742e+00  1.965061e-01  1.363745e+01  2.810657e+01  8.053821e+02  5.489170e+03  1.054145e+05  1.992754e+02  1.813414e+05  5.2811162408851833e+03
      5590  6.9874999999996810e+00  1.0711675437254178e-01  5.8775050698475173e+00  1.915181e-01  1.335724e+01  2.654352e+01  7.535129e+02  5.009335e+03  9.449246e+04  1.930860e+02  1.734455e+05  5.2464675323532792e+03
      5600  6.9999999999996785e+00  1.0702480950059354e-01  5.8918661612668064e+00  1.851493e-01  1.309452e+01  2.480614e+01  7.054717e+02  4.532968e+03  8.459548e+04  1.871722e+02  1.657786e+05  5.2158856712398338e+03
      5610  7.0124999999996760e+00  1.0693263416931779e-01  5.9070030193002170e+00  1.775952e-01  1.284843e+01  2.294299e+01  6.611001e+02  4.069127e+03  7.566601e+04  1.815014e+02  1.583164e+05  5.1898074841185844e+03
      5620  7.0249999999996735e+00  1.0684021625613171e-01  5.9229149434600803e+00  1.690907e-01  1.261827e+01  2.100334e+01  6.202644e+02  3.625129e+03  6.764556e+04  1.760478e+02  1.510443e+05  5.1685876070347467e+03
      5630  7.0374999999996710e+00  1.0674754369033310e-01  5.9395961822529841e+00  1.598983e-01  1.240343e+01  1.903535e+01  5.828451e+02  3.206779e+03  6.047651e+04  1.707793e+02  1.439237e+05  5.1524731032856525e+03
      5640  7.0499999999996685e+00  1.0665460452319077e-01  5.9570371055445008e+00  1.502963e-01  1.220338e+01  1.708442e+01  5.487323e+02  2.818618e+03  5.410473e+04  1.656483e+02  1.368785e+05  5.1415886039476727e+03
      5650  7.0624999999996660e+00  1.0656138697742509e-01  5.9752256549038290e+00  1.405671e-01  1.201762e+01  1.519153e+01  5.178201e+02  2.464069e+03  4.848089e+04  1.605905e+02  1.298043e+05  5.1359339394161861e+03
      5660  7.0749999999996636e+00  1.0646787947304805e-01  5.9941488935346996e+00  1.309864e-01  1.184568e+01  1.339154e+01  4.899976e+02  2.145458e+03  4.355957e+04  1.555297e+02  1.225789e+05  5.1353942297531503e+03
      5670  7.0874999999996611e+00  1.0637407062931729e-01  6.0137944655548159e+00  1.218130e-01  1.168706e+01  1.171169e+01  4.651362e+02  1.863900e+03  3.929640e+04  1.503890e+02  1.150877e+05  5.1397606200340279e+03
      5680  7.0999999999996586e+00  1.0627994924603970e-01  6.0341517928952033e+00  1.132795e-01  1.154127e+01  1.017033e+01  4.430761e+02  1.619118e+03  3.564378e+04  1.451052e+02  1.072529e+05  5.1487584479375973e+03
      5690  7.1124999999996561e+00  1.0618550426874057e-01  6.0552128821658950e+00  1.055852e-01  1.140777e+01  8.776301e+00  4.236147e+02  1.409284e+03  3.254659e+04  1.396421e+02  9.905776e+04  5.1620787504416530e+03
      5700  7.1249999999996536e+00  1.0609072474513653e-01  6.0769726751187534e+00  9.889004e-02  1.128599e+01  7.529126e+00  4.065034e+02  1.230994e+03  2.993944e+04  1.339993e+02  9.056423e+04  5.1794088210761456e+03
      5710  7.1374999999996511e+00  1.0599559977937559e-01  6.0994289431651536e+00  9.331192e-02  1.117538e+01  6.420088e+00  3.914547e+02  1.079441e+03  2.774668e+04  1.282148e+02  8.191314e+04  5.2004580329162200e+03
      5720  7.1499999999996486e+00  1.0590011849139234e-01  6.1225817866511356e+00  8.892538e-02  1.107539e+01  5.434169e+00  3.781626e+02  9.488198e+02  2.588600e+04  1.223588e+02  7.330656e+04  5.2249762403118566e+03
      5730  7.1624999999996461e+00  1.0580426998638592e-01  6.1464328430901585e+00  8.576299e-02  1.098560e+01  4.552547e+00  3.663312e+02  8.329190e+02  2.427526e+04  1.165226e+02  6.497462e+04  5.2527635327018634e+03
      5740  7.1749999999996437e+00  1.0570804333805611e-01  6.1709843293448294e+00  8.381850e-02  1.090576e+01  3.755295e+00  3.557096e+02  7.258102e+02  2.284132e+04  1.108038e+02  5.713575e+04  5.2836716374904336e+03
      5750  7.1874999999996412e+00  1.0561142758748229e-01  6.1962380398376720e+00  8.305129e-02  1.083583e+01  3.023879e+00  3.461224e+02  6.224988e+02  2.152872e+04  1.052925e+02  4.996153e+04  5.3175985677708904e+03
      5760  7.1999999999996387e+00  1.0551441175720826e-01  6.2221943999210936e+00  8.339186e-02  1.077606e+01  2.343100e+00  3.374937e+02  5.194122e+02  2.030623e+04  1.000620e+02  4.355583e+04  5.3544789841901256e+03
      5770  7.2124999999996362e+00  1.0541698487917582e-01  6.2488516372207252e+00  8.474775e-02  1.072696e+01  1.702261e+00  3.298556e+02  4.146298e+02  1.916943e+04  9.516458e+01  3.795192e+04  5.3942731161123838e+03
      5780  7.2249999999996337e+00  1.0531913603475571e-01  6.2762050923082242e+00  8.700994e-02  1.068934e+01  1.095496e+00  3.233428e+02  3.078250e+02  1.813876e+04  9.063237e+01  3.312529e+04  5.4369569208821076e+03
      5790  7.2374999999996312e+00  1.0522085440431245e-01  6.3042466516625755e+00  9.005939e-02  1.066424e+01  5.213507e-01  3.181744e+02  1.999535e+02  1.725381e+04  8.648308e+01  2.901532e+04  5.4825154589202539e+03
      5800  7.2499999999996287e+00  1.0512212932511331e-01  6.3329642590829378e+00  9.377391e-02  1.065287e+01 -1.815299e-02  3.146258e+02  9.278086e+01  1.656542e+04  8.272675e+01  2.554782e+04  5.5309405428042792e+03
      5810  7.2624999999996263e+00  1.0502295035651106e-01  6.3623414509284109e+00  9.803533e-02  1.065651e+01 -5.186640e-01  3.129995e+02 -1.162730e+01  1.612777e+04  7.937266e+01  2.265275e+04  5.5822322970174064e+03
      5820  7.2749999999996238e+00  1.0492330735260641e-01  6.3923568699322288e+00  1.027369e-01  1.067647e+01 -9.745707e-01  3.135972e+02 -1.113476e+02  1.599222e+04  7.643520e+01  2.027525e+04  5.6364032057945278e+03
      5830  7.2874999999996213e+00  1.0482319054268222e-01  6.4229837403899737e+00  1.077910e-01  1.071402e+01 -1.379709e+00  3.167010e+02 -2.048793e+02  1.620412e+04  7.393736e+01  1.837913e+04  5.6934824188182110e+03
      5840  7.2999999999996188e+00  1.0472259062021159e-01  6.4541893228047176e+00  1.131359e-01  1.077036e+01 -1.727576e+00  3.225626e+02 -2.912457e+02  1.680255e+04  7.191318e+01  1.694821e+04  5.7535173373789339e+03
      5850  7.3124999999996163e+00  1.0462149883999711e-01  6.4859344105437948e+00  1.187420e-01  1.084661e+01 -2.010966e+00  3.314041e+02 -3.699014e+02  1.782268e+04  7.040793e+01  1.598429e+04  5.8165710341661834e+03
      5860  7.3249999999996138e+00  1.0451990712243009e-01  6.5181729520537806e+00  1.246159e-01  1.094382e+01 -2.221080e+00  3.434267e+02 -4.404958e+02  1.929936e+04  6.947834e+01  1.550800e+04  5.8827132787144219e+03
      5870  7.3374999999996113e+00  1.0441780816195256e-01  6.5508519036384136e+00  1.308017e-01  1.106301e+01 -2.346218e+00  3.588261e+02 -5.025061e+02  2.127148e+04  6.919118e+01  1.555965e+04  5.9520066432515305e+03
      5880  7.3499999999996088e+00  1.0431519553546068e-01  6.5839113970223035e+00  1.373787e-01  1.120520e+01 -2.370237e+00  3.778129e+02 -5.547768e+02  2.378626e+04  6.962262e+01  1.620346e+04  6.0244875419386626e+03
      5890  7.3624999999996064e+00  1.0421206380522074e-01  6.6172852909529061e+00  1.444557e-01  1.137139e+01 -2.271023e+00  4.006352e+02 -5.949585e+02  2.690377e+04  7.085624e+01  1.753031e+04  6.1001458252937264e+03
      5900  7.3749999999996039e+00  1.0410840860996401e-01  6.6509021278415634e+00  1.521613e-01  1.156259e+01 -2.019280e+00  4.275995e+02 -6.188553e+02  3.070212e+04  7.298148e+01  1.966219e+04  6.1789042047821822e+03
      5910  7.3874999999996014e+00  1.0400422673792123e-01  6.6846864843214551e+00  1.606316e-01  1.177965e+01 -1.577995e+00  4.590869e+02 -6.196968e+02  3.528394e+04  7.609014e+01  2.275378e+04  6.2606009259889124e+03
      5920  7.3999999999995989e+00  1.0389951617613691e-01  6.7185606606732815e+00  1.699949e-01  1.202323e+01 -9.029846e-01  4.955582e+02 -5.874166e+02  4.078448e+04  8.027161e+01  2.699132e+04  6.3449772074472867e+03
      5930  7.4124999999995964e+00  1.0379427613114051e-01  6.7524466259382852e+00  1.803560e-01  1.229354e+01  5.517333e-02  5.375394e+02 -5.081029e+02  4.737969e+04  8.560558e+01  3.258772e+04  6.4316713177604579e+03
      5940  7.4249999999995939e+00  1.0368850701796206e-01  6.7862681116945431e+00  1.917817e-01  1.259017e+01  1.347607e+00  5.855794e+02 -3.638777e+02  5.529120e+04  9.215204e+01  3.977334e+04  6.5202201778667750e+03
      5950  7.4374999999995914e+00  1.0358221041607657e-01  6.8199527326668292e+00  2.042880e-01  1.291186e+01  3.022130e+00  6.401757e+02 -1.335161e+02  6.478236e+04  9.993948e+01  4.878211e+04  6.6100689186885847e+03
      5960  7.4499999999995890e+00  1.0347538899274603e-01  6.8534340066239956e+00  2.178317e-01  1.325633e+01  5.117167e+00  7.016687e+02  2.059396e+02  7.613899e+04  1.089522e+02  5.983327e+04  6.7005879195109555e+03
      5970  7.4624999999995865e+00  1.0336804639649910e-01  6.8866531498800825e+00  2.323081e-01  1.362014e+01  7.655445e+00  7.701162e+02  6.764982e+02  8.963018e+04  1.191194e+02  7.310799e+04  6.7910964389974060e+03
      5980  7.4749999999995840e+00  1.0326018712483284e-01  6.9195605367715807e+00  2.475541e-01  1.399868e+01  1.063848e+01  8.451696e+02  1.295715e+03  1.054499e+05  1.303081e+02  8.872106e+04  6.8808906277520928e+03
      5990  7.4874999999995815e+00  1.0315181637233509e-01  6.9521167398251009e+00  2.633578e-01  1.438630e+01  1.404291e+01  9.259789e+02  2.072947e+03  1.236478e+05  1.423223e+02  1.066874e+05  6.9692736141975802e+03
      6000  7.4999999999995790e+00  1.0304293986623464e-01  6.9842931019086132e+00  2.794735e-01  1.477642e+01  1.781939e+01  1.011153e+03  3.006195e+03  1.440658e+05  1.549096e+02  1.268860e+05  7.0555841323342211e+03
      6010  7.5124999999995765e+00  1.0293356369643754e-01  7.0160718426319182e+00  2.956393e-01  1.516184e+01  2.189423e+01  1.098787e+03  4.080316e+03  1.662986e+05  1.677746e+02  1.490291e+05  7.1392208943948972e+03
      6020  7.5249999999995740e+00  1.0282369414747264e-01  7.0474457483630122e+00  3.115970e-01  1.553496e+01  2.617348e+01  1.186560e+03  5.267103e+03  1.896936e+05  1.805974e+02  1.726455e+05  7.2196597441328395e+03
      6030  7.5374999999995715e+00  1.0271333753780115e-01  7.0784175428207812e+00  3.271095e-01  1.588805e+01  3.054851e+01  1.271873e+03  6.527225e+03  2.133919e+05  1.930534e+02  1.970889e+05  7.2964624634991524e+03
      6040  7.5499999999995691e+00  1.0260250007071554e-01  7.1089990611649583e+00  3.419753e-01  1.621351e+01  3.490251e+01  1.352013e+03  7.813579e+03  2.364052e+05  2.048310e+02  2.215736e+05  7.3692772269314655e+03
      6050  7.5624999999995666e+00  1.0249118769893749e-01  7.1392103562670801e+00  3.560398e-01  1.650407e+01  3.911741e+01  1.424325e+03  9.075414e+03  2.577095e+05  2.156443e+02  2.452299e+05  7.4378325676141212e+03
      6060  7.5749999999995641e+00  1.0237940600304013e-01  7.1690788451893352e+00  3.692020e-01  1.675314e+01  4.308132e+01  1.486376e+03  1.026271e+04  2.763420e+05  2.252395e+02  2.671624e+05  7.5019278179487919e+03
      6070  7.5874999999995616e+00  1.0226716008247709e-01  7.1986385644895803e+00  3.814196e-01  1.695518e+01  4.669662e+01  1.536125e+03  1.133053e+04  2.914931e+05  2.333966e+02  2.865001e+05  7.5614231704079593e+03
      6080  7.5999999999995591e+00  1.0215445445721723e-01  7.2279295592009953e+00  3.927129e-01  1.710619e+01  4.988833e+01  1.572097e+03  1.224310e+04  3.025880e+05  2.399290e+02  3.024325e+05  7.6162322841681416e+03
      6090  7.6124999999995566e+00  1.0204129297801358e-01  7.2569973916584605e+00  4.031669e-01  1.720421e+01  5.261149e+01  1.593551e+03  1.297749e+04  3.093566e+05  2.446832e+02  3.142384e+05  7.6663189584628808e+03
      6100  7.6249999999995541e+00  1.0192767874354805e-01  7.2858927357798962e+00  4.129288e-01  1.724973e+01  5.485583e+01  1.600601e+03  1.352603e+04  3.118788e+05  2.475426e+02  3.213214e+05  7.7116984793942538e+03
      6110  7.6374999999995516e+00  1.0181361402353031e-01  7.3146710151272476e+00  4.221953e-01  1.724586e+01  5.664588e+01  1.594258e+03  1.389711e+04  3.105911e+05  2.484339e+02  3.232580e+05  7.7524433988441724e+03
      6120  7.6499999999995492e+00  1.0169910018733992e-01  7.3433920409032449e+00  4.311889e-01  1.719820e+01  5.803612e+01  1.576365e+03  1.411368e+04  3.062422e+05  2.473365e+02  3.198604e+05  7.7886930873422207e+03
      6130  7.6624999999995467e+00  1.0158413763857227e-01  7.3721195988409622e+00  4.401227e-01  1.711438e+01  5.910211e+01  1.549423e+03  1.420962e+04  2.997981e+05  2.442922e+02  3.112401e+05  7.8206665370068195e+03
      6140  7.6749999999995442e+00  1.0146872575692674e-01  7.4009209159898868e+00  4.491630e-01  1.700348e+01  5.992978e+01  1.516334e+03  1.422488e+04  2.923129e+05  2.394115e+02  2.978451e+05  7.8486774520582803e+03
      6150  7.6874999999995417e+00  1.0135286284986604e-01  7.4298659203050414e+00  4.583978e-01  1.687527e+01  6.060526e+01  1.480115e+03  1.420006e+04  2.847947e+05  2.328747e+02  2.804531e+05  7.8731500336678646e+03
      6160  7.6999999999995392e+00  1.0123654611804676e-01  7.4590262024276539e+00  4.678210e-01  1.673957e+01  6.120667e+01  1.443621e+03  1.417182e+04  2.780937e+05  2.249246e+02  2.601013e+05  7.8946330372282937e+03
      6170  7.7124999999995367e+00  1.0111977163981226e-01  7.4884736130174314e+00  4.773357e-01  1.660563e+01  6.179848e+01  1.409327e+03  1.416947e+04  2.728322e+05  2.158508e+02  2.379619e+05  7.9138089291946071e+03
      6180  7.7249999999995342e+00  1.0100253438037510e-01  7.5182784834941128e+00  4.867716e-01  1.648174e+01  6.242831e+01  1.379193e+03  1.421327e+04  2.693833e+05  2.059690e+02  2.151968e+05  7.9314950558602159e+03
      6190  7.7374999999995318e+00  1.0088482823156798e-01  7.5485075306733220e+00  4.959127e-01  1.637500e+01  6.312568e+01  1.354622e+03  1.431416e+04  2.678894e+05  1.955996e+02  1.928211e+05  7.9486344702909792e+03
      6200  7.7499999999995293e+00  1.0076664608583696e-01  7.5792215790524864e+00  5.045247e-01  1.629123e+01  6.390247e+01  1.336495e+03  1.447472e+04  2.683088e+05  1.850519e+02  1.716167e+05  7.9662749640368047e+03
      6210  7.7624999999995268e+00  1.0064797994612096e-01  7.6104732928195675e+00  5.123808e-01  1.623511e+01  6.475465e+01  1.325268e+03  1.469078e+04  2.704745e+05  1.746155e+02  1.521045e+05  7.9855356716244551e+03
      6220  7.7749999999995243e+00  1.0052882106960122e-01  7.6423051427641981e+00  5.192813e-01  1.621041e+01  6.566494e+01  1.321102e+03  1.495325e+04  2.741537e+05  1.645574e+02  1.345713e+05  8.0075614103573535e+03
      6230  7.7874999999995218e+00  1.0040916013994813e-01  7.6747478336278601e+00  5.250678e-01  1.622028e+01  6.660611e+01  1.323998e+03  1.524995e+04  2.791017e+05  1.551199e+02  1.191321e+05  8.0334662184515837e+03
      6240  7.7999999999995193e+00  1.0028898745926905e-01  7.7078193767459240e+00  5.296326e-01  1.626746e+01  6.754448e+01  1.333930e+03  1.556699e+04  2.851060e+05  1.465115e+02  1.057931e+05  8.0642699518351947e+03
      6250  7.8124999999995168e+00  1.0016829314878528e-01  7.7415249050364894e+00  5.329225e-01  1.635448e+01  6.844322e+01  1.350944e+03  1.588984e+04  2.920203e+05  1.388903e+02  9.449785e+04  8.1008348401439080e+03
      6260  7.8249999999995143e+00  1.0004706734661428e-01  7.7758572012209637e+00  5.349386e-01  1.648358e+01  6.926532e+01  1.375239e+03  1.620398e+04  2.997899e+05  1.323430e+02  8.513780e+04  8.1438109185315261e+03
      6270  7.8374999999995119e+00  9.9925300392867705e-02  7.8107977785640514e+00  5.357318e-01  1.665665e+01  6.997590e+01  1.407197e+03  1.649529e+04  3.084662e+05  1.268710e+02  7.754017e+04  8.1935986125401032e+03
      6280  7.8499999999995094e+00  9.9802982995033609e-02  7.8463182629427140e+00  5.353962e-01  1.687502e+01  7.054409e+01  1.447374e+03  1.675022e+04  3.182120e+05  1.223919e+02  7.145398e+04  8.2503332810067895e+03
      6290  7.8624999999995069e+00  9.9680106371285548e-02  7.8823818104432171e+00  5.340610e-01  1.713920e+01  7.094474e+01  1.496437e+03  1.695605e+04  3.292928e+05  1.187633e+02  6.656158e+04  8.3138917975601034e+03
      6300  7.8749999999995044e+00  9.9556662372824997e-02  7.9189443571554641e+00  5.318843e-01  1.744876e+01  7.116041e+01  1.555061e+03  1.710146e+04  3.420531e+05  1.158196e+02  6.252344e+04  8.3839175031632803e+03
      6310  7.8874999999995019e+00  9.9432643588766287e-02  7.9559556048422184e+00  5.290485e-01  1.780212e+01  7.118389e+01  1.623798e+03  1.717758e+04  3.568749e+05  1.134112e+02  5.904089e+04  8.4598583726519628e+03
      6320  7.8999999999994994e+00  9.9308043437635496e-02  7.9933597520016466e+00  5.257584e-01  1.819650e+01  7.102124e+01  1.702921e+03  1.717962e+04  3.741172e+05  1.114305e+02  5.590820e+04  8.5410136374604590e+03
      6330  7.9124999999994969e+00  9.9182856248968554e-02  8.0310960519554726e+00  5.222385e-01  1.862792e+01  7.069463e+01  1.792258e+03  1.710888e+04  3.940384e+05  1.098197e+02  5.303102e+04  8.6265850701283161e+03
      6340  7.9249999999994944e+00  9.9057077336721991e-02  8.0690993105192081e+00  5.187286e-01  1.909110e+01  7.024380e+01  1.891047e+03  1.697452e+04  4.167079e+05  1.085605e+02  5.040939e+04  8.7157295110836294e+03
      6350  7.9374999999994920e+00  9.8930703064599904e-02  8.1073004383382106e+00  5.154740e-01  1.957944e+01  6.972496e+01  1.997802e+03  1.679446e+04  4.419191e+05  1.076526e+02  4.809823e+04  8.8076090249488989e+03
      6360  7.9499999999994895e+00  9.8803730901511427e-02  8.1456271626034251e+00  5.127100e-01  2.008499e+01  6.920617e+01  2.110237e+03  1.659458e+04  4.691229e+05  1.070916e+02  4.616295e+04  8.9014349698909646e+03
      6370  7.9624999999994870e+00  9.8676159464282376e-02  8.1840049847464726e+00  5.106410e-01  2.059843e+01  6.875910e+01  2.225265e+03  1.640582e+04  4.974021e+05  1.068522e+02  4.464692e+04  8.9965028813183289e+03
      6380  7.9749999999994845e+00  9.8547988542855583e-02  8.2223584398254896e+00  5.094171e-01  2.110917e+01  6.844822e+01  2.339097e+03  1.625941e+04  5.255044e+05  1.068826e+02  4.355542e+04  9.0922166721168614e+03
      6390  7.9874999999994820e+00  9.8419219103747679e-02  8.2606126596669256e+00  5.091124e-01  2.160564e+01  6.831917e+01  2.447449e+03  1.618085e+04  5.519399e+05  1.071081e+02  4.285392e+04  9.1881024779169002e+03
      6400  7.9999999999994795e+00  9.8289853266925409e-02  8.2986951683725216e+00  5.097098e-01  2.207566e+01  6.838904e+01  2.545853e+03  1.618416e+04  5.751340e+05  1.074411e+02  4.247781e+04  9.2838142704091188e+03
      6410  8.0124999999994859e+00  9.8159894254113922e-02  8.3365377558495108e+00  5.110950e-01  2.250715e+01  6.864066e+01  2.630024e+03  1.626793e+04  5.936081e+05  1.077943e+02  4.234937e+04  9.3791329763719023e+03
      6420  8.0249999999994923e+00  9.8029346308512261e-02  8.3740782161028555e+00  5.130615e-01  2.288878e+01  6.902257e+01  2.696244e+03  1.641430e+04  6.061541e+05  1.080904e+02  4.238944e+04  9.4739606645247040e+03
      6430  8.0374999999994987e+00  9.7898214590088087e-02  8.4112617211656211e+00  5.153282e-01  2.321078e+01  6.945519e+01  2.741705e+03  1.659147e+04  6.119723e+05  1.082664e+02  4.252134e+04  9.5683097737786447e+03
      6440  8.0499999999995051e+00  9.7766505053411543e-02  8.4480416388824011e+00  5.175665e-01  2.346562e+01  6.984211e+01  2.764759e+03  1.675926e+04  6.107465e+05  1.082716e+02  4.266774e+04  9.6622862344642836e+03
      6450  8.0624999999995115e+00  9.7634224317948354e-02  8.4843796954460160e+00  5.194351e-01  2.364857e+01  7.008439e+01  2.765040e+03  1.687633e+04  6.026481e+05  1.080650e+02  4.274540e+04  9.7560662828479326e+03
      6460  8.0749999999995179e+00  9.7501379540603686e-02  8.5202454843560567e+00  5.206184e-01  2.375792e+01  7.009523e+01  2.743435e+03  1.690716e+04  5.882758e+05  1.076143e+02  4.266745e+04  9.8498660134784404e+03
      6470  8.0874999999995243e+00  9.7367978300408914e-02  8.5556154291795110e+00  5.208647e-01  2.379505e+01  6.981229e+01  2.701928e+03  1.682748e+04  5.685514e+05  1.068986e+02  4.235576e+04  9.9439066479461126e+03
      6480  8.0999999999995307e+00  9.7234028502339434e-02  8.5904713568188207e+00  5.200196e-01  2.376409e+01  6.920574e+01  2.643337e+03  1.662693e+04  5.445951e+05  1.059133e+02  4.175868e+04  1.0038378410171195e+04
      6490  8.1124999999995371e+00  9.7099538305107702e-02  8.6247988527674000e+00  5.180489e-01  2.367142e+01  6.828112e+01  2.570996e+03  1.630895e+04  5.176029e+05  1.046735e+02  4.086462e+04  1.0133408611182105e+04
      6500  8.1249999999995435e+00  9.6964516075339569e-02  8.6585855422978941e+00  5.150521e-01  2.352490e+01  6.707706e+01  2.488423e+03  1.588842e+04  4.887410e+05  1.032140e+02  3.970438e+04  1.0229037482238555e+04
      6510  8.1374999999995499e+00  9.6828970367979356e-02  8.6918194236402542e+00  5.112623e-01  2.333314e+01  6.565897e+01  2.399018e+03  1.538799e+04  4.590648e+05  1.015819e+02  3.833835e+04  1.0325202846895088e+04
      6520  8.1499999999995563e+00  9.6692909931641355e-02  8.7244873976997965e+00  5.070345e-01  2.310464e+01  6.411035e+01  2.305809e+03  1.483402e+04  4.294641e+05  9.982486e+01  3.683434e+04  1.0421730545565544e+04
      6530  8.1624999999995627e+00  9.6556343733830235e-02  8.7565742086234479e+00  5.028222e-01  2.284715e+01  6.252305e+01  2.211289e+03  1.425305e+04  4.006328e+05  9.798261e+01  3.524910e+04  1.0518325288894834e+04
      6540  8.1749999999995691e+00  9.6419280997889295e-02  8.7880620940641023e+00  4.991440e-01  2.256714e+01  6.098789e+01  2.117323e+03  1.366903e+04  3.730614e+05  9.608155e+01  3.361711e+04  1.0614556341248755e+04
      6550  8.1874999999995755e+00  9.6281731237786466e-02  8.8189314850729232e+00  4.965410e-01  2.226956e+01  5.958619e+01  2.025151e+03  1.310150e+04  3.470491e+05  9.413461e+01  3.195108e+04  1.0709836836922530e+04
      6560  8.1999999999995818e+00  9.6143704272013214e-02  8.8491630222231414e+00  4.955280e-01  2.195787e+01  5.838258e+01  1.935469e+03  1.256457e+04  3.227312e+05  9.214940e+01  3.025390e+04  1.0803404658373407e+04
      6570  8.2124999999995882e+00  9.6005210195733839e-02  8.8787409176180994e+00  4.965421e-01  2.163433e+01  5.741940e+01  1.848559e+03  1.206647e+04  3.001158e+05  9.013646e+01  2.853229e+04  1.0894318396930781e+04
      6580  8.2249999999995946e+00  9.5866259291888425e-02  8.9076573454214838e+00  4.998944e-01  2.130044e+01  5.671311e+01  1.764440e+03  1.160965e+04  2.791239e+05  8.810984e+01  2.680243e+04  1.0981483380497220e+04
      6590  8.2374999999996010e+00  9.5726861869898539e-02  8.9359172016244415e+00  5.057309e-01  2.095751e+01  5.625326e+01  1.683013e+03  1.119136e+04  2.596247e+05  8.608717e+01  2.509151e+04  1.1063720342101044e+04
      6600  8.2499999999996074e+00  9.5587028032990989e-02  8.9635423539516434e+00  5.140104e-01  2.060706e+01  5.600455e+01  1.604160e+03  1.080474e+04  2.414635e+05  8.408825e+01  2.343741e+04  1.1139874724523079e+04
      6610  8.2624999999996138e+00  9.5446767388764300e-02  8.9905745383259656e+00  5.245050e-01  2.025112e+01  5.591211e+01  1.527807e+03  1.044031e+04  2.244825e+05  8.212450e+01  2.187384e+04  1.1208951061273963e+04
      6620  8.2749999999996202e+00  9.5306088728891528e-02  9.0170763411990631e+00  5.368268e-01  1.989231e+01  5.590939e+01  1.453943e+03  1.008759e+04  2.085367e+05  8.019391e+01  2.042390e+04  1.1270249182774432e+04
      6630  8.2874999999996266e+00  9.5164999709507814e-02  9.0431301404176452e+00  5.504786e-01  1.953376e+01  5.592719e+01  1.382646e+03  9.736752e+03  1.935101e+05  7.828073e+01  1.909425e+04  1.1323472820535439e+04
      6640  8.2999999999996330e+00  9.5023506561983995e-02  9.0688353632081231e+00  5.649210e-01  1.917900e+01  5.590251e+01  1.314107e+03  9.380142e+03  1.793320e+05  7.635906e+01  1.787606e+04  1.1368789418861910e+04
      6650  8.3124999999996394e+00  9.4881613855054864e-02  9.0943047811900541e+00  5.796418e-01  1.883190e+01  5.578587e+01  1.248676e+03  9.013568e+03  1.659909e+05  7.440682e+01  1.675345e+04  1.1406829787564981e+04
      6660  8.3249999999996458e+00  9.4739324316526458e-02  9.1196607395977161e+00  5.942173e-01  1.849672e+01  5.554679e+01  1.186895e+03  8.637367e+03  1.535414e+05  7.242021e+01  1.571526e+04  1.1438625159108220e+04
      6670  8.3374999999996522e+00  9.4596638708654118e-02  9.1450321745145011e+00  6.083518e-01  1.817812e+01  5.517733e+01  1.129492e+03  8.256917e+03  1.420970e+05  7.042168e+01  1.476031e+04  1.1465500478641414e+04
      6680  8.3499999999996586e+00  9.4453555740385581e-02  9.1705529048370220e+00  6.218927e-01  1.788110e+01  5.469322e+01  1.077310e+03  7.882213e+03  1.318066e+05  6.845936e+01  1.390114e+04  1.1488951498635519e+04
      6690  8.3624999999996650e+00  9.4310071996244929e-02  9.1963611519781399e+00  6.348197e-01  1.761064e+01  5.413167e+01  1.031177e+03  7.526262e+03  1.228167e+05  6.659719e+01  1.315981e+04  1.1510539380792325e+04
      6700  8.3749999999996714e+00  9.4166181866767132e-02  9.2225996733724180e+00  6.472138e-01  1.737115e+01  5.354508e+01  9.917414e+02  7.202503e+03  1.152304e+05  6.489561e+01  1.255830e+04  1.1531838530065506e+04
      6710  8.3874999999996778e+00  9.4021877478748656e-02  9.2494154269444753e+00  6.592120e-01  1.716574e+01  5.299055e+01  9.593164e+02  6.922022e+03  1.090781e+05  6.339317e+01  1.210924e+04  1.1554447542780175e+04
      6720  8.3999999999996842e+00  9.3877148642037569e-02  9.2769576066227444e+00  6.709545e-01  1.699568e+01  5.251771e+01  9.338090e+02  6.691618e+03  1.043140e+05  6.209331e+01  1.180401e+04  1.1580051114920105e+04
      6730  8.4124999999996906e+00  9.3731982845524531e-02  9.3053731980399998e+00  6.825317e-01  1.686016e+01  5.215887e+01  9.147687e+02  6.513482e+03  1.008417e+05  6.096180e+01  1.160562e+04  1.1610494911964706e+04
      6740  8.4249999999996970e+00  9.3586365343506575e-02  9.3347999096512613e+00  6.939431e-01  1.675663e+01  5.192499e+01  9.015501e+02  6.386416e+03  9.855473e+04  5.993853e+01  1.145316e+04  1.1647813029696643e+04
      6750  8.4374999999997033e+00  9.3440279367998799e-02  9.3653573145774551e+00  7.050760e-01  1.668143e+01  5.180859e+01  8.935201e+02  6.307800e+03  9.737598e+04  5.895963e+01  1.127948e+04  1.1694158215648649e+04
      6760  8.4499999999997097e+00  9.3293706483317057e-02  9.3971378306336248e+00  7.157132e-01  1.663058e+01  5.179062e+01  8.902039e+02  6.275160e+03  9.727656e+04  5.797965e+01  1.103560e+04  1.1751627586502842e+04
      6770  8.4624999999997161e+00  9.3146627071019783e-02  9.4301992970996267e+00  7.255685e-01  1.660042e+01  5.184664e+01  8.912931e+02  6.286465e+03  9.826606e+04  5.698339e+01  1.070827e+04  1.1822034658973320e+04
      6780  8.4749999999997225e+00  9.2999020910973812e-02  9.4645601927709109e+00  7.343385e-01  1.658785e+01  5.194874e+01  8.965083e+02  6.338745e+03  1.003497e+05  5.598831e+01  1.032149e+04  1.1906718894326534e+04
      6790  8.4874999999997289e+00  9.2850867816981361e-02  9.5001972798606396e+00  7.417567e-01  1.659028e+01  5.206382e+01  9.053831e+02  6.425436e+03  1.034584e+05  5.503639e+01  9.920827e+03  1.2006483101577136e+04
      6800  8.4999999999997353e+00  9.2702148298889592e-02  9.5370443687053807e+00  7.476430e-01  1.660549e+01  5.215228e+01  9.170829e+02  6.533763e+03  1.073722e+05  5.418271e+01  9.552065e+03  1.2121691760478045e+04
      6810  8.5124999999997417e+00  9.2552844244736449e-02  9.5749908205920420e+00  7.519460e-01  1.663165e+01  5.217141e+01  9.303691e+02  6.644019e+03  1.116790e+05  5.349021e+01  9.250077e+03  1.2252468469178069e+04
      6820  8.5249999999997481e+00  9.2402939630995481e-02  9.6138796079342050e+00  7.547781e-01  1.666750e+01  5.208475e+01  9.437696e+02  6.732196e+03  1.158095e+05  5.303544e+01  9.045325e+03  1.2398863734135466e+04
      6830  8.5374999999997545e+00  9.2252421257904157e-02  9.6535064229173955e+00  7.564323e-01  1.671292e+01  5.187495e+01  9.559407e+02  6.775932e+03  1.191648e+05  5.291765e+01  8.983269e+03  1.2560880961046558e+04
      6840  8.5499999999997609e+00  9.2101279476231812e-02  9.6936220484025952e+00  7.573680e-01  1.676939e+01  5.155617e+01  9.661149e+02  6.761870e+03  1.212985e+05  5.326805e+01  9.150575e+03  1.2738353089804406e+04
      6850  8.5624999999997673e+00  9.1949508842307001e-02  9.7339392176031936e+00  7.581635e-01  1.684049e+01  5.118224e+01  9.744805e+02  6.691576e+03  1.220827e+05  5.426230e+01  9.708785e+03  1.2930760717460531e+04
      6860  8.5749999999997737e+00  9.1797108634091101e-02  9.7741433067128618e+00  7.594439e-01  1.693204e+01  5.084832e+01  9.823611e+02  6.583867e+03  1.217874e+05  5.613695e+01  1.093958e+04  1.3137094976372960e+04
      6870  8.5874999999997801e+00  9.1644083182272185e-02  9.8139049176720974e+00  7.618018e-01  1.705176e+01  5.068521e+01  9.921416e+02  6.473244e+03  1.210554e+05  5.919752e+01  1.329677e+04  1.3355806340863970e+04
      6880  8.5999999999997865e+00  9.1490442002256700e-02  9.8528924499371193e+00  7.657236e-01  1.720840e+01  5.084638e+01  1.006968e+03  6.405588e+03  1.207980e+05  6.379922e+01  1.743788e+04  1.3584816281437512e+04
      6890  8.6124999999997929e+00  9.1336199736244017e-02  9.8907836829683422e+00  7.715257e-01  1.741028e+01  5.148857e+01  1.030283e+03  6.432545e+03  1.220584e+05  7.028509e+01  2.418059e+04  1.3821555315673693e+04
      6900  8.6249999999997993e+00  9.1181375921800104e-02  9.9272763021184645e+00  7.793079e-01  1.766368e+01  5.274788e+01  1.065259e+03  6.605101e+03  1.258702e+05  7.888158e+01  3.432230e+04  1.4063013981488777e+04
      6910  8.6374999999998057e+00  9.1025994601948768e-02  9.9620976458148345e+00  7.889325e-01  1.797132e+01  5.471410e+01  1.114201e+03  6.966158e+03  1.331093e+05  8.957536e+01  4.831385e+04  1.4305823122056649e+04
      6920  8.6499999999998121e+00  9.0870083788088363e-02  9.9950137214587329e+00  8.000390e-01  1.833135e+01  5.740878e+01  1.178029e+03  7.542237e+03  1.443338e+05  1.020204e+02  6.589468e+04  1.4546386704751436e+04
      6930  8.6624999999998185e+00  9.0713674790370194e-02  1.0025837097959801e+01  8.120964e-01  1.873724e+01  6.077356e+01  1.255987e+03  8.335932e+03  1.596357e+05  1.155307e+02  8.590950e+04  1.4781070784052861e+04
      6940  8.6749999999998249e+00  9.0556801438321843e-02  1.0054432990080798e+01  8.244825e-01  1.917863e+01  6.467350e+01  1.345742e+03  9.322164e+03  1.785695e+05  1.291836e+02  1.064992e+05  1.5006427837205054e+04
      6950  8.6874999999998312e+00  9.0399499226043858e-02  1.0080722816210796e+01  8.365743e-01  1.964302e+01  6.891613e+01  1.443931e+03  1.045107e+04  2.002374e+05  1.420023e+02  1.256339e+05  1.5219424651250249e+04
      6960  8.6999999999998376e+00  9.0241804426250627e-02  1.0104684642892124e+01  8.478319e-01  2.011789e+01  7.328122e+01  1.547050e+03  1.165823e+04  2.235616e+05  1.531410e+02  1.416957e+05  1.5417649012854452e+04
      6970  8.7124999999998440e+00  9.0083753224976956e-02  1.0126350120891910e+01  8.578625e-01  2.059257e+01  7.755364e+01  1.652380e+03  1.287935e+04  2.476688e+05  1.620063e+02  1.537735e+05  1.5599482345375654e+04
      6980  8.7249999999998504e+00  8.9925380933223248e-02  1.0145797815691042e+01  8.664564e-01  2.105905e+01  8.154996e+01  1.758553e+03  1.406344e+04  2.722072e+05  1.682931e+02  1.615708e+05  1.5764222492657322e+04
      6990  8.7374999999998568e+00  8.9766721328721960e-02  1.0163143424746742e+01  8.735886e-01  2.151144e+01  8.513131e+01  1.865411e+03  1.517778e+04  2.973892e+05  1.719635e+02  1.651528e+05  1.5912123962972069e+04
      7000  8.7499999999998632e+00  8.9607806166560791e-02  1.0178528329680272e+01  8.793852e-01  2.194395e+01  8.819962e+01  1.973080e+03  1.620116e+04  3.236597e+05  1.731962e+02  1.648279e+05  1.6044307230880193e+04
      7010  8.7624999999998696e+00  8.9448664865955776e-02  1.0192108962858351e+01  8.840616e-01  2.234837e+01  9.068167e+01  2.080578e+03  1.710942e+04  3.511174e+05  1.723232e+02  1.610691e+05  1.6162504920174801e+04
      7020  8.7749999999998760e+00  8.9289324337545259e-02  1.0204049850123642e+01  8.878504e-01  2.271184e+01  9.251193e+01  2.184573e+03  1.786280e+04  3.789910e+05  1.697594e+02  1.542659e+05  1.6268686340067532e+04
      7030  8.7874999999998824e+00  8.9129808877648056e-02  1.0214522001745923e+01  8.909431e-01  2.301645e+01  9.362738e+01  2.278892e+03  1.840454e+04  4.054239e+05  1.659302e+02  1.449899e+05  1.6364692913455128e+04
      7040  8.7999999999998888e+00  8.8970140050128654e-02  1.0223705531437592e+01  8.934655e-01  2.324089e+01  9.398059e+01  2.355151e+03  1.867414e+04  4.276669e+05  1.612147e+02  1.340928e+05  1.6452063185116640e+04
      7050  8.8124999999998952e+00  8.8810336519683536e-02  1.0231792280219661e+01  8.954885e-01  2.336431e+01  9.356485e+01  2.404408e+03  1.862910e+04  4.426750e+05  1.559106e+02  1.222578e+05  1.6532145942600710e+04
      7060  8.8249999999999016e+00  8.8650413879318393e-02  1.0238983087599589e+01  8.970615e-01  2.337095e+01  9.243505e+01  2.419280e+03  1.826152e+04  4.478279e+05  1.502167e+02  1.102071e+05  1.6606422063074380e+04
      7070  8.8374999999999080e+00  8.8490384584981319e-02  1.0245476565621455e+01  8.982479e-01  2.325420e+01  9.071036e+01  2.395894e+03  1.760272e+04  4.416214e+05  1.442405e+02  9.855784e+04  1.6676812993885076e+04
      7080  8.8499999999999144e+00  8.8330258126908354e-02  1.0251450651666122e+01  8.991496e-01  2.301874e+01  8.855742e+01  2.335075e+03  1.671612e+04  4.241800e+05  1.380364e+02  8.771620e+04  1.6745751676515320e+04
      7090  8.8624999999999208e+00  8.8170041513062999e-02  1.0257042163125039e+01  8.999206e-01  2.268035e+01  8.616508e+01  2.242457e+03  1.568545e+04  3.974143e+05  1.316512e+02  7.778513e+04  1.6815931259955676e+04
      7100  8.8749999999999272e+00  8.8009740045061874e-02  1.0262330859985088e+01  9.007698e-01  2.226357e+01  8.372182e+01  2.127451e+03  1.460224e+04  3.646531e+05  1.251699e+02  6.871627e+04  1.6889818386367337e+04
      7110  8.8874999999999336e+00  8.7849358274204967e-02  1.0267332905285933e+01  9.019564e-01  2.179782e+01  8.139939e+01  2.001337e+03  1.355387e+04  3.298274e+05  1.187423e+02  6.051171e+04  1.6969130388636018e+04
      7120  8.8999999999999400e+00  8.7688900973810283e-02  1.0272005307867003e+01  9.037711e-01  2.131307e+01  7.934033e+01  1.875059e+03  1.261284e+04  2.965247e+05  1.125871e+02  5.318253e+04  1.7054462305311976e+04
      7130  8.9124999999999464e+00  8.7528373965175682e-02  1.0276259693184436e+01  9.065038e-01  2.083570e+01  7.764662e+01  1.757366e+03  1.182787e+04  2.672719e+05  1.069641e+02  4.681861e+04  1.7145172240895823e+04
      7140  8.9249999999999527e+00  8.7367784679262206e-02  1.0279981497016371e+01  9.104030e-01  2.038553e+01  7.637099e+01  1.653748e+03  1.121966e+04  2.432720e+05  1.021214e+02  4.161606e+04  1.7239563666030223e+04
      7150  8.9374999999999591e+00  8.7207142408501886e-02  1.0283049420249906e+01  9.156321e-01  1.997447e+01  7.551454e+01  1.566305e+03  1.078307e+04  2.245791e+05  9.823761e+01  3.765578e+04  1.7335342938774753e+04
      7160  8.9499999999999655e+00  8.7046458288424972e-02  1.0285349668975380e+01  9.222291e-01  1.960701e+01  7.503102e+01  1.494319e+03  1.049242e+04  2.104530e+05  9.536461e+01  3.489626e+04  1.7430271873850015e+04
      7170  8.9624999999999719e+00  8.6885745127489811e-02  1.0286780715316164e+01  9.300723e-01  1.928227e+01  7.483589e+01  1.435243e+03  1.030831e+04  1.997450e+05  9.339868e+01  3.313707e+04  1.7522856208275225e+04
      7180  8.9749999999999783e+00  8.6725017245524366e-02  1.0287247773825957e+01  9.388647e-01  1.899679e+01  7.481890e+01  1.385843e+03  1.018489e+04  1.912318e+05  9.209908e+01  3.203052e+04  1.7612779124643846e+04
      7190  8.9874999999999847e+00  8.6564290453880893e-02  1.0286651443968051e+01  9.481593e-01  1.874700e+01  7.486347e+01  1.343292e+03  1.007867e+04  1.839089e+05  9.114881e+01  3.121513e+04  1.7700806446136081e+04
      7200  8.9999999999999911e+00  8.6403582205803270e-02  1.0284878771099864e+01  9.574321e-01  1.853043e+01  7.487442e+01  1.305983e+03  9.960169e+03  1.772456e+05  9.022530e+01  3.037280e+04  1.7788145298550269e+04
      7210  9.0124999999999975e+00  8.6242911819511936e-02  1.0281803650481697e+01  9.661821e-01  1.834549e+01  7.480548e+01  1.273816e+03  9.824560e+03  1.713161e+05  8.907585e+01  2.930583e+04  1.7875621025991990e+04
      7220  9.0250000000000039e+00  8.6082300613758142e-02  1.0277297139457547e+01  9.740070e-01  1.819047e+01  7.467034e+01  1.247826e+03  9.694861e+03  1.667134e+05  8.756268e+01  2.795647e+04  1.7963163071193834e+04
      7230  9.0375000000000103e+00  8.5921771840734906e-02  1.0271241916511755e+01  9.806200e-01  1.806237e+01  7.452453e+01  1.229260e+03  9.612535e+03  1.642430e+05  8.568169e+01  2.639830e+04  1.8049842529484205e+04
      7240  9.0500000000000167e+00  8.5761350410317530e-02  1.0263543526818609e+01  9.858106e-01  1.795596e+01  7.441896e+01  1.218395e+03  9.615107e+03  1.644532e+05  8.353769e+01  2.478480e+04  1.8134284918773763e+04
      7250  9.0625000000000231e+00  8.5601062493198293e-02  1.0254134546664813e+01  9.893873e-01  1.786322e+01  7.434370e+01  1.213548e+03  9.708001e+03  1.671258e+05  8.128889e+01  2.327376e+04  1.8215105955779134e+04
      7260  9.0750000000000295e+00  8.5440935111751617e-02  1.0242972482859702e+01  9.911479e-01  1.777358e+01  7.419402e+01  1.210770e+03  9.844949e+03  1.709502e+05  7.908640e+01  2.196714e+04  1.8291132579901223e+04
      7270  9.0875000000000359e+00  8.5280995792564762e-02  1.0230034674369122e+01  9.908969e-01  1.767520e+01  7.378345e+01  1.204592e+03  9.931463e+03  1.736651e+05  7.703165e+01  2.088291e+04  1.8361395123134014e+04
      7280  9.1000000000000423e+00  8.5121272302514359e-02  1.0215313133289079e+01  9.884964e-01  1.755740e+01  7.290368e+01  1.189707e+03  9.856392e+03  1.728157e+05  7.516882e+01  1.998229e+04  1.8425012158318321e+04
      7290  9.1125000000000487e+00  8.4961792454804036e-02  1.0198810857458984e+01  9.839169e-01  1.741356e+01  7.140210e+01  1.162901e+03  9.537550e+03  1.668227e+05  7.350512e+01  1.921258e+04  1.8481074750816435e+04
      7300  9.1250000000000551e+00  8.4802583957018632e-02  1.0180540078660291e+01  9.772603e-01  1.724340e+01  6.924000e+01  1.124350e+03  8.957624e+03  1.557679e+05  7.204770e+01  1.853579e+04  1.8528594720471232e+04
      7310  9.1375000000000615e+00  8.4643674270994285e-02  1.0160522147201069e+01  9.687480e-01  1.705363e+01  6.650713e+01  1.077681e+03  8.171538e+03  1.414149e+05  7.083514e+01  1.794929e+04  1.8566545383323701e+04
      7320  9.1500000000000679e+00  8.4485090465317519e-02  1.0138788196564672e+01  9.586852e-01  1.685628e+01  6.338844e+01  1.028708e+03  7.281527e+03  1.264318e+05  6.995168e+01  1.748547e+04  1.8593972452758717e+04
      7330  9.1625000000000743e+00  8.4326859055954523e-02  1.0115379625653180e+01  9.474270e-01  1.666507e+01  6.010200e+01  9.834270e+02  6.394718e+03  1.132843e+05  6.950974e+01  1.723698e+04  1.8610117412780135e+04
      7340  9.1750000000000806e+00  8.4169005843710357e-02  1.0090347845376593e+01  9.353635e-01  1.649090e+01  5.683976e+01  9.461638e+02  5.587251e+03  1.034472e+05  6.960174e+01  1.732804e+04  1.8614476363853853e+04
      7350  9.1875000000000870e+00  8.4011555760173690e-02  1.0063753454975121e+01  9.229232e-01  1.633824e+01  5.373887e+01  9.185112e+02  4.892151e+03  9.720251e+04  7.024905e+01  1.788921e+04  1.8606760570752871e+04
      7360  9.2000000000000934e+00  8.3854532726555242e-02  1.0035665617014544e+01  9.105746e-01  1.620356e+01  5.088907e+01  8.991875e+02  4.311847e+03  9.388220e+04  7.138375e+01  1.899554e+04  1.8586750429098913e+04
      7370  9.2125000000000998e+00  8.3697959513317960e-02  1.0006162885550841e+01  8.988002e-01  1.607631e+01  4.835408e+01  8.845626e+02  3.839141e+03  9.219756e+04  7.286317e+01  2.064705e+04  1.8554053655906690e+04
      7380  9.2250000000001062e+00  8.3541857568202649e-02  9.9753366595741468e+00  8.880396e-01  1.594212e+01  4.618351e+01  8.697183e+02  3.470746e+03  9.057019e+04  7.448814e+01  2.270177e+04  1.8507842056400666e+04
      7390  9.2375000000001126e+00  8.3386246768717420e-02  9.9432974177536568e+00  8.786305e-01  1.578727e+01  4.440846e+01  8.499668e+02  3.207279e+03  8.755625e+04  7.600658e+01  2.484359e+04  1.8446685865236403e+04
      7400  9.2500000000001190e+00  8.3231145062248379e-02  9.9101827220188703e+00  8.707694e-01  1.560314e+01  4.302787e+01  8.225312e+02  3.044024e+03  8.238299e+04  7.713422e+01  2.660666e+04  1.8368589591049811e+04
      7410  9.2625000000001254e+00  8.3076567978627322e-02  9.8761652752704983e+00  8.644939e-01  1.538917e+01  4.199565e+01  7.876934e+02  2.961437e+03  7.532615e+04  7.761738e+01  2.757131e+04  1.8271248896029436e+04
      7420  9.2750000000001318e+00  8.2922528029254955e-02  9.8414590566675670e+00  8.596806e-01  1.515296e+01  4.122104e+01  7.486192e+02  2.924997e+03  6.754707e+04  7.731150e+01  2.751041e+04  1.8152491778251344e+04
      7430  9.2875000000001382e+00  8.2769034039660128e-02  9.8063213760376033e+00  8.560742e-01  1.490753e+01  4.059043e+01  7.097506e+02  2.896854e+03  6.039073e+04  7.622426e+01  2.652098e+04  1.8010811753669186e+04
      7440  9.3000000000001446e+00  8.2616090493824346e-02  9.7710491647281579e+00  8.533568e-01  1.466690e+01  4.000319e+01  6.748024e+02  2.850947e+03  5.469635e+04  7.450152e+01  2.487532e+04  1.7845816043993502e+04
      7450  9.3125000000001510e+00  8.2463696983280529e-02  9.7359693584075302e+00  8.512345e-01  1.444235e+01  3.940083e+01  6.456346e+02  2.779626e+03  5.061087e+04  7.235817e+01  2.289647e+04  1.7658450784955894e+04
      7460  9.3250000000001574e+00  8.2311847844543123e-02  9.7014246243697890e+00  8.495019e-01  1.424074e+01  3.877416e+01  6.223634e+02  2.689408e+03  4.784122e+04  7.000724e+01  2.084655e+04  1.7450999738467497e+04
      7470  9.3375000000001638e+00  8.2160532044805834e-02  9.6677560729731997e+00  8.480518e-01  1.406468e+01  3.815033e+01  6.041134e+02  2.592280e+03  4.597310e+04  6.763336e+01  1.892890e+04  1.7226924369755157e+04
      7480  9.3500000000001702e+00  8.2009733350637271e-02  9.6352846432453312e+00  8.468368e-01  1.391369e+01  3.757197e+01  5.897202e+02  2.499384e+03  4.464696e+04  6.538200e+01  1.725039e+04  1.6990616084629444e+04
      7490  9.3625000000001766e+00  8.1859430785465481e-02  9.6042932771360690e+00  8.458097e-01  1.378539e+01  3.707867e+01  5.781125e+02  2.418587e+03  4.360249e+04  6.335393e+01  1.588315e+04  1.6747063480505469e+04
      7500  9.3750000000001830e+00  8.1709599342594044e-02  9.5750125824158090e+00  8.448807e-01  1.367643e+01  3.669522e+01  5.684503e+02  2.354632e+03  4.267483e+04  6.161454e+01  1.485006e+04  1.6501451018445263e+04
      7510  9.3875000000001894e+00  8.1560210881765738e-02  9.5476118917061790e+00  8.439109e-01  1.358300e+01  3.642704e+01  5.601316e+02  2.309758e+03  4.177659e+04  6.020503e+01  1.416481e+04  1.6258783048605779e+04
      7520  9.4000000000001958e+00  8.1411235123219378e-02  9.5221955125459310e+00  8.427448e-01  1.350111e+01  3.626148e+01  5.527355e+02  2.283926e+03  4.087510e+04  5.915779e+01  1.382106e+04  1.6023638715722314e+04
      7530  9.4125000000002021e+00  8.1262640670261704e-02  9.4988024693532935e+00  8.412603e-01  1.342671e+01  3.617314e+01  5.459413e+02  2.274832e+03  3.996816e+04  5.849867e+01  1.381443e+04  1.5800048085907074e+04
      7540  9.4250000000002085e+00  8.1114396016417623e-02  9.4774086348749762e+00  8.394128e-01  1.335582e+01  3.613074e+01  5.394490e+02  2.278017e+03  3.905927e+04  5.823225e+01  1.412970e+04  1.5591353628109784e+04
      7550  9.4375000000002149e+00  8.0966470496321497e-02  9.4579319283853724e+00  8.372558e-01  1.328467e+01  3.610380e+01  5.329246e+02  2.287420e+03  3.813932e+04  5.832521e+01  1.474293e+04  1.5399995851052752e+04
      7560  9.4500000000002213e+00  8.0818835123036351e-02  9.4402417171922259e+00  8.349288e-01  1.320995e+01  3.606824e+01  5.259992e+02  2.296685e+03  3.718190e+04  5.870669e+01  1.562261e+04  1.5227291220985368e+04
      7570  9.4625000000002277e+00  8.0671463244732761e-02  9.4241723357554612e+00  8.326183e-01  1.312915e+01  3.601015e+01  5.183272e+02  2.300787e+03  3.615189e+04  5.928453e+01  1.672886e+04  1.5073336363350645e+04
      7580  9.4750000000002341e+00  8.0524330969182129e-02  9.4095388515572864e+00  8.305059e-01  1.304094e+01  3.592647e+01  5.096778e+02  2.297178e+03  3.502085e+04  5.996538e+01  1.801118e+04  1.4937128939642978e+04
      7590  9.4875000000002405e+00  8.0377417343332175e-02  9.3961521838344346e+00  8.287234e-01  1.294542e+01  3.582208e+01  5.000187e+02  2.285930e+03  3.378245e+04  6.066773e+01  1.939732e+04  1.4816879771698335e+04
      7600  9.5000000000002469e+00  8.0230704319229573e-02  9.3838310565069971e+00  8.273303e-01  1.284415e+01  3.570484e+01  4.895518e+02  2.268925e+03  3.246140e+04  6.132462e+01  2.078771e+04  1.4710411843665561e+04
      7610  9.5125000000002533e+00  8.0084176567127560e-02  9.3724095630357347e+00  8.263171e-01  1.273982e+01  3.558084e+01  4.786879e+02  2.248698e+03  3.111297e+04  6.187925e+01  2.205867e+04  1.4615530700096573e+04
      7620  9.5250000000002597e+00  7.9937821204694393e-02  9.3617405101098488e+00  8.256299e-01  1.263576e+01  3.545201e+01  4.679674e+02  2.227476e+03  2.981363e+04  6.227962e+01  2.308119e+04  1.4530286110200652e+04
      7630  9.5375000000002661e+00  7.9791627500099938e-02  9.3516956378116589e+00  8.252020e-01  1.253532e+01  3.531672e+01  4.579529e+02  2.206732e+03  2.864566e+04  6.247638e+01  2.374629e+04  1.4453099010830714e+04
      7640  9.5500000000002725e+00  7.9645586587054229e-02  9.3421640851386947e+00  8.249809e-01  1.244144e+01  3.517268e+01  4.491288e+02  2.187210e+03  2.768059e+04  6.242904e+01  2.398845e+04  1.4382783468227612e+04
      7650  9.5625000000002789e+00  7.9499691210316442e-02  9.3330501226734448e+00  8.249437e-01  1.235634e+01  3.502041e+01  4.418304e+02  2.169253e+03  2.696612e+04  6.211654e+01  2.380115e+04  1.4318504789287861e+04
      7660  9.5750000000002853e+00  7.9353935508103240e-02  9.3242707453457569e+00  8.251025e-01  1.228149e+01  3.486583e+01  4.362202e+02  2.153231e+03  2.652006e+04  6.154628e+01  2.323338e+04  1.4259714616009587e+04
      7670  9.5875000000002917e+00  7.9208314831527349e-02  9.3157533537678621e+00  8.255016e-01  1.221765e+01  3.472099e+01  4.323062e+02  2.139911e+03  2.633226e+04  6.075586e+01  2.237046e+04  1.4206080635996734e+04
      7680  9.6000000000002981e+00  7.9062825598446546e-02  9.3074336926731256e+00  8.262112e-01  1.216510e+01  3.460317e+01  4.299882e+02  2.130690e+03  2.637278e+04  5.980355e+01  2.131076e+04  1.4157411391766858e+04
      7690  9.6125000000003045e+00  7.8917465176038676e-02  9.2992542620370191e+00  8.273201e-01  1.212381e+01  3.453282e+01  4.291126e+02  2.127634e+03  2.660300e+04  5.875235e+01  2.014404e+04  1.4113580287282584e+04
      7700  9.6250000000003109e+00  7.8772231783341570e-02  9.2911633732013925e+00  8.289278e-01  1.209361e+01  3.453098e+01  4.295167e+02  2.133290e+03  2.698560e+04  5.765614e+01  1.894057e+04  1.4074454692105868e+04
      7710  9.6375000000003173e+00  7.8627124403283927e-02  9.2831148470421159e+00  8.311357e-01  1.207430e+01  3.461684e+01  4.310545e+02  2.150313e+03  2.749074e+04  5.655214e+01  1.774952e+04  1.4039851156434557e+04
      7720  9.6500000000003237e+00  7.8482142696344639e-02  9.2750680602698026e+00  8.340368e-01  1.206564e+01  3.480563e+01  4.336044e+02  2.180978e+03  2.809771e+04  5.546019e+01  1.660121e+04  1.4009524150507708e+04
      7730  9.6625000000003300e+00  7.8337286913700371e-02  9.2669879280894953e+00  8.377052e-01  1.206731e+01  3.510726e+01  4.370665e+02  2.226753e+03  2.879321e+04  5.438805e+01  1.551291e+04  1.3983186666735153e+04
      7740  9.6750000000003364e+00  7.8192557813677288e-02  9.2588444915817494e+00  8.421837e-01  1.207889e+01  3.552576e+01  4.413586e+02  2.288056e+03  2.956897e+04  5.333612e+01  1.449269e+04  1.3960541669792874e+04
      7750  9.6875000000003428e+00  7.8047956588159384e-02  9.2506120980795323e+00  8.474729e-01  1.209980e+01  3.605952e+01  4.464164e+02  2.364322e+03  3.042039e+04  5.230418e+01  1.354488e+04  1.3941300620738410e+04
      7760  9.7000000000003492e+00  7.7903484803059642e-02  9.2422684941680835e+00  8.535221e-01  1.212931e+01  3.670217e+01  4.522003e+02  2.454335e+03  3.134804e+04  5.129462e+01  1.267241e+04  1.3925175007536156e+04
      7770  9.7125000000003556e+00  7.7759144350195250e-02  9.2337943154894404e+00  8.602242e-01  1.216649e+01  3.744359e+01  4.587045e+02  2.556743e+03  3.236131e+04  5.031400e+01  1.187790e+04  1.3911843853462175e+04
      7780  9.7250000000003620e+00  7.7614937401027428e-02  9.2251733628719492e+00  8.674167e-01  1.221031e+01  3.827074e+01  4.659628e+02  2.670536e+03  3.348320e+04  4.937316e+01  1.116369e+04  1.3900916630289876e+04
      7790  9.7375000000003684e+00  7.7470866348708561e-02  9.2163937748152431e+00  8.748909e-01  1.225966e+01  3.916816e+01  4.740463e+02  2.795376e+03  3.475403e+04  4.848554e+01  1.053133e+04  1.3891911345005446e+04
      7800  9.7500000000003748e+00  7.7326933725686081e-02  9.2074499254633135e+00  8.824077e-01  1.231337e+01  4.011873e+01  4.830544e+02  2.931710e+03  3.623303e+04  4.766621e+01  9.981631e+03  1.3884258468166208e+04
      7810  9.7625000000003812e+00  7.7183142088107642e-02  9.1983447430255190e+00  8.897214e-01  1.237029e+01  4.110509e+01  4.931081e+02  3.080796e+03  3.799839e+04  4.693140e+01  9.515341e+03  1.3877325953941221e+04
      7820  9.7750000000003876e+00  7.7039493863234054e-02  9.1890921234017622e+00  8.966057e-01  1.242947e+01  4.211233e+01  5.043563e+02  3.244892e+03  4.014864e+04  4.629930e+01  9.135622e+03  1.3870455760098395e+04
      7830  9.7875000000003940e+00  7.6895991161333457e-02  9.1797190438989507e+00  9.028799e-01  1.249029e+01  4.313199e+01  5.170147e+02  3.427831e+03  4.281194e+04  4.579237e+01  8.851604e+03  1.3863013728736900e+04
      7840  9.8000000000004004e+00  7.6752635561179297e-02  9.1702667272143294e+00  9.084281e-01  1.255275e+01  4.416670e+01  5.314372e+02  3.636193e+03  4.616792e+04  4.544188e+01  8.684314e+03  1.3854464328610849e+04
      7850  9.8125000000004068e+00  7.6609427890901111e-02  9.1607898944777659e+00  9.132081e-01  1.261772e+01  4.523433e+01  5.482196e+02  3.881020e+03  5.048757e+04  4.529638e+01  8.677743e+03  1.3844482040360297e+04
      7860  9.8250000000004132e+00  7.6466368041591293e-02  9.1513531452365857e+00  9.172423e-01  1.268709e+01  4.636970e+01  5.683184e+02  4.179880e+03  5.619451e+04  4.543476e+01  8.920940e+03  1.3833083289511815e+04
      7870  9.8375000000004196e+00  7.6323454862244816e-02  9.1420241021626794e+00  9.205889e-01  1.276371e+01  4.762246e+01  5.931598e+02  4.558997e+03  6.395125e+04  4.598394e+01  9.585848e+03  1.3820733281044380e+04
      7880  9.8500000000004260e+00  7.6180686183484808e-02  9.1328638614264683e+00  9.232997e-01  1.285106e+01  4.904995e+01  6.247192e+02  5.055100e+03  7.477746e+04  4.713994e+01  1.100680e+04  1.3808391621285238e+04
      7890  9.8625000000004324e+00  7.6038059005063302e-02  9.1239156478582828e+00  9.253807e-01  1.295278e+01  5.070672e+01  6.655517e+02  5.716738e+03  9.020853e+04  4.920063e+01  1.382519e+04  1.3797496740140969e+04
      7900  9.8750000000004388e+00  7.5895569872297119e-02  9.1151919574403966e+00  9.267763e-01  1.307189e+01  5.263439e+01  7.187366e+02  6.604971e+03  1.124891e+05  5.263288e+01  1.931907e+04  1.3789894544650007e+04
      7910  9.8875000000004452e+00  7.5753215467947541e-02  9.1066598684587756e+00  9.273871e-01  1.320969e+01  5.485486e+01  7.876121e+02  7.792886e+03  1.447607e+05  5.819507e+01  3.021820e+04  1.3787616605936542e+04
      7920  9.9000000000004515e+00  7.5610993442884716e-02  9.0982257628907046e+00  9.271112e-01  1.336373e+01  5.736536e+01  8.750260e+02  9.362089e+03  1.911212e+05  6.708831e+01  5.227833e+04  1.3792254795143877e+04
      7930  9.9125000000004579e+00  7.5468903455030351e-02  9.0897255002009167e+00  9.258837e-01  1.352498e+01  6.013199e+01  9.815887e+02  1.139296e+04  2.561162e+05  8.099675e+01  9.762355e+04  1.3803672069352415e+04
      7940  9.9250000000004643e+00  7.5326948243832181e-02  9.0809319505610251e+00  9.236981e-01  1.367472e+01  6.307083e+01  1.102210e+03  1.393215e+04  3.424237e+05  1.016654e+02  1.880605e+05  1.3818123330367147e+04
      7950  9.9375000000004707e+00  7.5185134359087760e-02  9.0715934659302171e+00  9.206052e-01  1.378286e+01  6.597617e+01  1.220823e+03  1.687684e+04  4.450663e+05  1.297429e+02  3.538588e+05  1.3826484862650217e+04
      7960  9.9500000000004771e+00  7.5043471990320604e-02  9.0615106389509172e+00  9.166931e-01  1.381101e+01  6.839989e+01  1.306142e+03  1.975375e+04  5.426196e+05  1.631890e+02  6.226423e+05  1.3813699222229952e+04
      7970  9.9625000000004835e+00  7.4901973310268974e-02  9.0506481394421137e+00  9.120431e-01  1.372727e+01  6.963306e+01  1.318517e+03  2.159452e+04  5.948916e+05  1.960610e+02  9.882121e+05  1.3760383771446033e+04
      7980  9.9750000000004899e+00  7.4760648917899644e-02  9.0392604953023028e+00  9.065677e-01  1.353457e+01  6.893749e+01  1.238863e+03  2.130532e+04  5.674184e+05  2.182685e+02  1.366626e+06  1.3648170571001488e+04
      7990  9.9875000000004963e+00  7.4619502650480271e-02  9.0279580658688783e+00  8.997436e-01  1.328421e+01  6.601666e+01  1.093969e+03  1.855203e+04  4.664177e+05  2.174594e+02  1.502217e+06  1.3470527713377061e+04
      8000  1.0000000000000503e+01  7.4478526708415912e-02  9.0175815598610001e+00  8.908418e-01  1.304075e+01  6.147267e+01  9.316870e+02  1.432560e+04  3.314360e+05  1.880070e+02  1.197018e+06  1.3243834908522553e+04
