         0  0.0000000000000000e+00  1.2500000000000000e-01  3.7500000000000000e-01 -0.000000e+00  3.375000e+00 -0.000000e+00  1.562500e+01 -0.000000e+00  8.374023e+01  3.375000e+00  1.562500e+01  1.1250000000000000e+00
        10  1.2499999999999999e-02  1.2499687502258489e-01  3.7499672830580211e-01  6.629055e-03  3.375075e+00  6.629175e-02  1.562648e+01  5.438228e-01  8.375773e+01  3.374704e+00  1.562236e+01  1.1250390122673557e+00
        20  2.5000000000000005e-02  1.2499375002361164e-01  3.7500566246566758e-01  1.325810e-02  3.375301e+00  1.325906e-01  1.563092e+01  1.087844e+00  8.381024e+01  3.373816e+00  1.561447e+01  1.1252123096843163e+00
        30  3.7500000000000012e-02  1.2499062490136190e-01  3.7502680263779170e-01  1.988734e-02  3.375677e+00  1.989060e-01  1.563833e+01  1.632280e+00  8.389777e+01  3.372339e+00  1.560133e+01  1.1255199484759544e+00
        40  5.0000000000000024e-02  1.2498749955410703e-01  3.7506015071143667e-01  2.651699e-02  3.376204e+00  2.652471e-01  1.564870e+01  2.177348e+00  8.402038e+01  3.370276e+00  1.558300e+01  1.1259620386322093e+00
        50  6.2500000000000028e-02  1.2498437388009286e-01  3.7510571030480933e-01  3.314724e-02  3.376881e+00  3.316234e-01  1.566204e+01  2.723264e+00  8.417815e+01  3.367633e+00  1.555954e+01  1.1265387439387502e+00
        60  7.5000000000000039e-02  1.2498124777752637e-01  3.7516348676255012e-01  3.977832e-02  3.377709e+00  3.980441e-01  1.567835e+01  3.270246e+00  8.437115e+01  3.364416e+00  1.553102e+01  1.1272502820324006e+00
        70  8.7500000000000050e-02  1.2497812114456047e-01  3.7523348715285521e-01  4.641040e-02  3.378688e+00  4.645185e-01  1.569763e+01  3.818509e+00  8.459951e+01  3.360634e+00  1.549753e+01  1.1280969244812231e+00
        80  1.0000000000000006e-01  1.2497499387927999e-01  3.7531572026422305e-01  5.304370e-02  3.379818e+00  5.310559e-01  1.571989e+01  4.368271e+00  8.486335e+01  3.356295e+00  1.545917e+01  1.1290789968893951e+00
        90  1.1250000000000007e-01  1.2497186587968781e-01  3.7541019660182329e-01  5.967839e-02  3.381099e+00  5.976654e-01  1.574513e+01  4.919749e+00  8.516282e+01  3.351412e+00  1.541608e+01  1.1301968790271215e+00
       100  1.2500000000000008e-01  1.2496873704368983e-01  3.7551692838351358e-01  6.631468e-02  3.382531e+00  6.643562e-01  1.577336e+01  5.473161e+00  8.549809e+01  3.345996e+00  1.536838e+01  1.1314510049857602e+00
       110  1.3750000000000009e-01  1.2496560726908135e-01  3.7563592953548663e-01  7.295273e-02  3.384115e+00  7.311376e-01  1.580458e+01  6.028725e+00  8.586937e+01  3.340061e+00  1.531623e+01  1.1328418633584967e+00
       120  1.5000000000000011e-01  1.2496247645353246e-01  3.7576721568756816e-01  7.959272e-02  3.385850e+00  7.980187e-01  1.583881e+01  6.586657e+00  8.627685e+01  3.333622e+00  1.525980e+01  1.1343699974468291e+00
       130  1.6250000000000012e-01  1.2495934449457462e-01  3.7591080416816441e-01  8.623482e-02  3.387737e+00  8.650084e-01  1.587604e+01  7.147177e+00  8.672079e+01  3.326695e+00  1.519925e+01  1.1360360054932863e+00
       140  1.7500000000000013e-01  1.2495621128958560e-01  3.7606671399887392e-01  9.287919e-02  3.389776e+00  9.321159e-01  1.591630e+01  7.710502e+00  8.720142e+01  3.319296e+00  1.513479e+01  1.1378405409407488e+00
       150  1.8750000000000014e-01  1.2495307673577637e-01  3.7623496588876182e-01  9.952598e-02  3.391967e+00  9.993500e-01  1.595958e+01  8.276852e+00  8.771903e+01  3.311445e+00  1.506661e+01  1.1397843127188036e+00
       160  2.0000000000000015e-01  1.2494994073017653e-01  3.7641558222831228e-01  1.061753e-01  3.394312e+00  1.066720e+00  1.600589e+01  8.846445e+00  8.827390e+01  3.303161e+00  1.499492e+01  1.1418680855576941e+00
       170  2.1250000000000016e-01  1.2494680316962077e-01  3.7660858708306594e-01  1.128274e-01  3.396809e+00  1.134234e+00  1.605525e+01  9.419501e+00  8.886636e+01  3.294465e+00  1.491996e+01  1.1440926803303191e+00
       180  2.2500000000000017e-01  1.2494366395073456e-01  3.7681400618695260e-01  1.194823e-01  3.399459e+00  1.201901e+00  1.610767e+01  9.996240e+00  8.949673e+01  3.285377e+00  1.484194e+01  1.1464589744229037e+00
       190  2.3750000000000018e-01  1.2494052296992068e-01  3.7703186693532742e-01  1.261400e-01  3.402262e+00  1.269731e+00  1.616316e+01  1.057688e+01  9.016536e+01  3.275920e+00  1.476112e+01  1.1489679021349528e+00
       200  2.5000000000000017e-01  1.2493738012334564e-01  3.7726219837771863e-01  1.328009e-01  3.405220e+00  1.337730e+00  1.622173e+01  1.116164e+01  9.087264e+01  3.266118e+00  1.467774e+01  1.1516204551091298e+00
       210  2.6249999999999990e-01  1.2493423530692550e-01  3.7750503121031131e-01  1.394648e-01  3.408331e+00  1.405909e+00  1.628338e+01  1.175075e+01  9.161895e+01  3.255994e+00  1.459206e+01  1.1544176827918240e+00
       220  2.7499999999999963e-01  1.2493108841631277e-01  3.7776039776815784e-01  1.461320e-01  3.411596e+00  1.474275e+00  1.634814e+01  1.234442e+01  9.240470e+01  3.245572e+00  1.450434e+01  1.1573606929250784e+00
       230  2.8749999999999937e-01  1.2492793934688248e-01  3.7802833201714520e-01  1.528024e-01  3.415017e+00  1.542837e+00  1.641602e+01  1.294287e+01  9.323031e+01  3.234879e+00  1.441486e+01  1.1604506520707181e+00
       240  2.9999999999999910e-01  1.2492478799371899e-01  3.7830886954571896e-01  1.594761e-01  3.418592e+00  1.611603e+00  1.648703e+01  1.354633e+01  9.409625e+01  3.223940e+00  1.432387e+01  1.1636887861675482e+00
       250  3.1249999999999883e-01  1.2492163425160202e-01  3.7860204755639265e-01  1.661532e-01  3.422322e+00  1.680581e+00  1.656118e+01  1.415502e+01  9.500297e+01  3.212781e+00  1.423167e+01  1.1670763811224214e+00
       260  3.2499999999999857e-01  1.2491847801499448e-01  3.7890790485702946e-01  1.728337e-01  3.426207e+00  1.749779e+00  1.663849e+01  1.476915e+01  9.595095e+01  3.201429e+00  1.413852e+01  1.1706147834361735e+00
       270  3.3749999999999830e-01  1.2491531917802806e-01  3.7922648185193797e-01  1.795175e-01  3.430248e+00  1.819205e+00  1.671898e+01  1.538896e+01  9.694070e+01  3.189911e+00  1.404472e+01  1.1743054008654124e+00
       280  3.4999999999999803e-01  1.2491215763448986e-01  3.7955782053278359e-01  1.862047e-01  3.434445e+00  1.888867e+00  1.680264e+01  1.601465e+01  9.797273e+01  3.178255e+00  1.395055e+01  1.1781497031210879e+00
       290  3.6249999999999777e-01  1.2490899327781117e-01  3.7990196446931501e-01  1.928953e-01  3.438799e+00  1.958771e+00  1.688951e+01  1.664645e+01  9.904757e+01  3.166489e+00  1.385628e+01  1.1821492226050301e+00
       300  3.7499999999999750e-01  1.2490582600105203e-01  3.8025895879995597e-01  1.995892e-01  3.443308e+00  2.028926e+00  1.697960e+01  1.728458e+01  1.001658e+02  3.154639e+00  1.376222e+01  1.1863055551854871e+00
       310  3.8749999999999724e-01  1.2490265569688991e-01  3.8062885022223458e-01  2.062863e-01  3.447974e+00  2.099339e+00  1.707292e+01  1.792926e+01  1.013279e+02  3.142735e+00  1.366863e+01  1.1906203610128689e+00
       320  3.9999999999999697e-01  1.2489948225760657e-01  3.8101168698309956e-01  2.129866e-01  3.452796e+00  2.170017e+00  1.716948e+01  1.858071e+01  1.025346e+02  3.130804e+00  1.357581e+01  1.1950953653768879e+00
       330  4.1249999999999670e-01  1.2489630557507395e-01  3.8140751886911489e-01  2.196900e-01  3.457776e+00  2.240967e+00  1.726930e+01  1.923915e+01  1.037864e+02  3.118873e+00  1.348404e+01  1.1997323596063745e+00
       340  4.2499999999999644e-01  1.2489312554074349e-01  3.8181639719656801e-01  2.263963e-01  3.462912e+00  2.312194e+00  1.737240e+01  1.990480e+01  1.050838e+02  3.106972e+00  1.339359e+01  1.2045332020130741e+00
       350  4.3749999999999617e-01  1.2488994204563283e-01  3.8223837480147660e-01  2.331056e-01  3.468205e+00  2.383707e+00  1.747878e+01  2.057787e+01  1.064277e+02  3.095127e+00  1.330474e+01  1.2094998188807828e+00
       360  4.4999999999999590e-01  1.2488675498031165e-01  3.8267350602955097e-01  2.398174e-01  3.473654e+00  2.455511e+00  1.758848e+01  2.125859e+01  1.078185e+02  3.083366e+00  1.321777e+01  1.2146342055012536e+00
       370  4.6249999999999564e-01  1.2488356423489151e-01  3.8312184672608279e-01  2.465319e-01  3.479261e+00  2.527611e+00  1.770149e+01  2.194715e+01  1.092569e+02  3.071716e+00  1.313294e+01  1.2199384272583649e+00
       380  4.7499999999999537e-01  1.2488036969901223e-01  3.8358345422581247e-01  2.532486e-01  3.485025e+00  2.600015e+00  1.781783e+01  2.264379e+01  1.107436e+02  3.060205e+00  1.305053e+01  1.2254146207619812e+00
       390  4.8749999999999510e-01  1.2487717126182954e-01  3.8405838734276121e-01  2.599675e-01  3.490945e+00  2.672727e+00  1.793753e+01  2.334871e+01  1.122793e+02  3.048858e+00  1.297078e+01  1.2310649950332311e+00
       400  4.9999999999999484e-01  1.2487396881200365e-01  3.8454670636006044e-01  2.666883e-01  3.497021e+00  2.745753e+00  1.806058e+01  2.406211e+01  1.138646e+02  3.037702e+00  1.289396e+01  1.2368918327427112e+00
       410  5.1249999999999463e-01  1.2487076223768596e-01  3.8504847301979539e-01  2.734107e-01  3.503254e+00  2.819097e+00  1.818701e+01  2.478422e+01  1.155002e+02  3.026763e+00  1.282032e+01  1.2428974915034245e+00
       420  5.2499999999999436e-01  1.2486755142650835e-01  3.8556375051284908e-01  2.801345e-01  3.509643e+00  2.892764e+00  1.831682e+01  2.551523e+01  1.171868e+02  3.016065e+00  1.275010e+01  1.2490844052200867e+00
       430  5.3749999999999409e-01  1.2486433626556948e-01  3.8609260346880531e-01  2.868593e-01  3.516188e+00  2.966759e+00  1.845004e+01  2.625535e+01  1.189251e+02  3.005633e+00  1.268354e+01  1.2554550854967537e+00
       440  5.4999999999999383e-01  1.2486111664142487e-01  3.8663509794589052e-01  2.935849e-01  3.522888e+00  3.041086e+00  1.858666e+01  2.700477e+01  1.207158e+02  2.995492e+00  1.262088e+01  1.2620121231045620e+00
       450  5.6249999999999356e-01  1.2485789244007373e-01  3.8719130142097430e-01  3.003110e-01  3.529743e+00  3.115748e+00  1.872670e+01  2.776370e+01  1.225596e+02  2.985664e+00  1.256233e+01  1.2687581895115625e+00
       460  5.7499999999999329e-01  1.2485466354694717e-01  3.8776128277965638e-01  3.070371e-01  3.536752e+00  3.190750e+00  1.887017e+01  2.853233e+01  1.244573e+02  2.976172e+00  1.250813e+01  1.2756960384766411e+00
       470  5.8749999999999303e-01  1.2485142984689770e-01  3.8834511230644120e-01  3.137628e-01  3.543914e+00  3.266093e+00  1.901708e+01  2.931084e+01  1.264095e+02  2.967039e+00  1.245848e+01  1.2828285077096873e+00
       480  5.9999999999999276e-01  1.2484819122418679e-01  3.8894286167501441e-01  3.204878e-01  3.551230e+00  3.341780e+00  1.916744e+01  3.009943e+01  1.284170e+02  2.958285e+00  1.241360e+01  1.2901585206000341e+00
       490  6.1249999999999249e-01  1.2484494756247254e-01  3.8955460393863611e-01  3.272117e-01  3.558698e+00  3.417814e+00  1.932125e+01  3.089828e+01  1.304804e+02  2.949931e+00  1.237368e+01  1.2976890880155794e+00
       500  6.2499999999999223e-01  1.2484169874480103e-01  3.9018041352066651e-01  3.339339e-01  3.566317e+00  3.494197e+00  1.947851e+01  3.170756e+01  1.326005e+02  2.941997e+00  1.233892e+01  1.3054233101746853e+00
       510  6.3749999999999196e-01  1.2483844465359101e-01  3.9082036620522453e-01  3.406540e-01  3.574087e+00  3.570930e+00  1.963924e+01  3.252744e+01  1.347779e+02  2.934501e+00  1.230950e+01  1.3133643785934563e+00
       520  6.4999999999999170e-01  1.2483518517062653e-01  3.9147453912800895e-01  3.473715e-01  3.582006e+00  3.648014e+00  1.980344e+01  3.335810e+01  1.370135e+02  2.927462e+00  1.228561e+01  1.3215155781106904e+00
       530  6.6249999999999143e-01  1.2483192017704330e-01  3.9214301076727209e-01  3.540859e-01  3.590074e+00  3.725450e+00  1.997110e+01  3.419969e+01  1.393077e+02  2.920897e+00  1.226742e+01  1.3298802889931660e+00
       540  6.7499999999999116e-01  1.2482864955331777e-01  3.9282586093497363e-01  3.607965e-01  3.598289e+00  3.803237e+00  2.014223e+01  3.505237e+01  1.416614e+02  2.914823e+00  1.225510e+01  1.3384619891238958e+00
       550  6.8749999999999090e-01  1.2482537317925765e-01  3.9352317076811733e-01  3.675030e-01  3.606649e+00  3.881375e+00  2.031683e+01  3.591628e+01  1.440752e+02  2.909254e+00  1.224881e+01  1.3472642562759904e+00
       560  6.9999999999999063e-01  1.2482209093398856e-01  3.9423502272027822e-01  3.742045e-01  3.615154e+00  3.959864e+00  2.049488e+01  3.679156e+01  1.465496e+02  2.904206e+00  1.224870e+01  1.3562907704750511e+00
       570  7.1249999999999036e-01  1.2481880269594604e-01  3.9496150055333656e-01  3.809006e-01  3.623803e+00  4.038701e+00  2.067640e+01  3.767835e+01  1.490854e+02  2.899691e+00  1.225492e+01  1.3655453164530387e+00
       580  7.2499999999999010e-01  1.2481550834286087e-01  3.9570268932942182e-01  3.875905e-01  3.632592e+00  4.117886e+00  2.086137e+01  3.857678e+01  1.516832e+02  2.895724e+00  1.226761e+01  1.3750317861965289e+00
       590  7.3749999999998983e-01  1.2481220775175211e-01  3.9645867540307145e-01  3.942736e-01  3.641521e+00  4.197415e+00  2.104977e+01  3.948695e+01  1.543435e+02  2.892316e+00  1.228691e+01  1.3847541815925486e+00
       600  7.4999999999998956e-01  1.2480890079891374e-01  3.9722954641362296e-01  4.009492e-01  3.650588e+00  4.277285e+00  2.124161e+01  4.040897e+01  1.570670e+02  2.889477e+00  1.231294e+01  1.3947166171753216e+00
       610  7.6249999999998930e-01  1.2480558735990603e-01  3.9801539127783514e-01  4.076166e-01  3.659791e+00  4.357492e+00  2.143687e+01  4.134295e+01  1.598540e+02  2.887219e+00  1.234583e+01  1.4049233229770937e+00
       620  7.7499999999998903e-01  1.2480226730954200e-01  3.9881630018274905e-01  4.142750e-01  3.669128e+00  4.438033e+00  2.163552e+01  4.228896e+01  1.627052e+02  2.885550e+00  1.238569e+01  1.4153786474866814e+00
       630  7.8749999999998876e-01  1.2479894052188104e-01  3.9963236457879975e-01  4.209237e-01  3.678597e+00  4.518903e+00  2.183756e+01  4.324709e+01  1.656210e+02  2.884478e+00  1.243262e+01  1.4260870607192178e+00
       640  7.9999999999998850e-01  1.2479560687021408e-01  4.0046367717316989e-01  4.275618e-01  3.688195e+00  4.600095e+00  2.204297e+01  4.421740e+01  1.686019e+02  2.884011e+00  1.248674e+01  1.4370531574009231e+00
       650  8.1249999999998823e-01  1.2479226622705594e-01  4.0131033192340942e-01  4.341886e-01  3.697921e+00  4.681604e+00  2.225171e+01  4.519994e+01  1.716481e+02  2.884155e+00  1.254814e+01  1.4482816602726913e+00
       660  8.2499999999998797e-01  1.2478891846413465e-01  4.0217242403130371e-01  4.408031e-01  3.707771e+00  4.763423e+00  2.246376e+01  4.619475e+01  1.747602e+02  2.884916e+00  1.261690e+01  1.4597774235164476e+00
       670  8.3749999999998770e-01  1.2478556345237894e-01  4.0305004993701055e-01  4.474046e-01  3.717742e+00  4.845544e+00  2.267910e+01  4.720187e+01  1.779383e+02  2.886298e+00  1.269311e+01  1.4715454363085456e+00
       680  8.4999999999998743e-01  1.2478220106191204e-01  4.0394330731347228e-01  4.539921e-01  3.727833e+00  4.927960e+00  2.289770e+01  4.822129e+01  1.811829e+02  2.888305e+00  1.277685e+01  1.4835908265043662e+00
       690  8.6249999999998717e-01  1.2477883116203634e-01  4.0485229506106296e-01  4.605648e-01  3.738041e+00  5.010660e+00  2.311951e+01  4.925303e+01  1.844939e+02  2.890939e+00  1.286819e+01  1.4959188644586514e+00
       700  8.7499999999998690e-01  1.2477545362122799e-01  4.0577711330255289e-01  4.671216e-01  3.748361e+00  5.093636e+00  2.334450e+01  5.029706e+01  1.878717e+02  2.894203e+00  1.296718e+01  1.5085349669860246e+00
       710  8.8749999999998663e-01  1.2477206830712230e-01  4.0671786337829291e-01  4.736617e-01  3.758792e+00  5.176878e+00  2.357262e+01  5.135336e+01  1.913164e+02  2.898098e+00  1.307389e+01  1.5214447014667309e+00
       720  8.9999999999998637e-01  1.2476867508650857e-01  4.0767464784171265e-01  4.801840e-01  3.769330e+00  5.260373e+00  2.380385e+01  5.242188e+01  1.948278e+02  2.902624e+00  1.318837e+01  1.5346537901022528e+00
       730  9.1249999999998610e-01  1.2476527382531519e-01  4.0864757045505878e-01  4.866876e-01  3.779971e+00  5.344111e+00  2.403811e+01  5.350256e+01  1.984061e+02  2.907780e+00  1.331065e+01  1.5481681143261612e+00
       740  9.2499999999998583e-01  1.2476186438860211e-01  4.0963673618541580e-01  4.931713e-01  3.790712e+00  5.428078e+00  2.427537e+01  5.459530e+01  2.020511e+02  2.913564e+00  1.344078e+01  1.5619937193752880e+00
       750  9.3749999999998557e-01  1.2475844664055083e-01  4.1064225120098846e-01  4.996343e-01  3.801549e+00  5.512260e+00  2.451557e+01  5.570003e+01  2.057626e+02  2.919975e+00  1.357878e+01  1.5761368190270086e+00
       760  9.4999999999998530e-01  1.2475502044445312e-01  4.1166422286766868e-01  5.060753e-01  3.812478e+00  5.596645e+00  2.475864e+01  5.681660e+01  2.095404e+02  2.927008e+00  1.372468e+01  1.5906038005080796e+00
       770  9.6249999999998503e-01  1.2475158566270306e-01  4.1270275974583037e-01  5.124933e-01  3.823496e+00  5.681216e+00  2.500453e+01  5.794490e+01  2.133841e+02  2.934660e+00  1.387848e+01  1.6054012295810707e+00
       780  9.7499999999998477e-01  1.2474814215678416e-01  4.1375797158742567e-01  5.188872e-01  3.834598e+00  5.765958e+00  2.525317e+01  5.908475e+01  2.172934e+02  2.942927e+00  1.404019e+01  1.6205358558146090e+00
       790  9.8749999999998450e-01  1.2474468978726266e-01  4.1482996933330379e-01  5.252559e-01  3.845781e+00  5.850854e+00  2.550448e+01  6.023599e+01  2.212678e+02  2.951801e+00  1.420982e+01  1.6360146180435926e+00
       800  9.9999999999998423e-01  1.2474122841377520e-01  4.1591886511080450e-01  5.315982e-01  3.857039e+00  5.935886e+00  2.575840e+01  6.139841e+01  2.253066e+02  2.961278e+00  1.438734e+01  1.6518446500261805e+00
       810  1.0124999999999840e+00  1.2473775789502019e-01  4.1702477223159179e-01  5.379129e-01  3.868368e+00  6.021037e+00  2.601483e+01  6.257180e+01  2.294091e+02  2.971349e+00  1.457273e+01  1.6680332863043179e+00
       820  1.0249999999999837e+00  1.2473427808874707e-01  4.1814780518972539e-01  5.441988e-01  3.879764e+00  6.106286e+00  2.627371e+01  6.375591e+01  2.335746e+02  2.982007e+00  1.476598e+01  1.6845880682748668e+00
       830  1.0374999999999834e+00  1.2473078885174797e-01  4.1928807965998516e-01  5.504548e-01  3.891223e+00  6.191614e+00  2.653493e+01  6.495047e+01  2.378023e+02  2.993243e+00  1.496703e+01  1.7015167504786954e+00
       840  1.0499999999999832e+00  1.2472729003984609e-01  4.2044571249640655e-01  5.566796e-01  3.902738e+00  6.277000e+00  2.679840e+01  6.615521e+01  2.420910e+02  3.005047e+00  1.517584e+01  1.7188273071154887e+00
       850  1.0624999999999829e+00  1.2472378150788649e-01  4.2162082173106286e-01  5.628720e-01  3.914305e+00  6.362422e+00  2.706404e+01  6.736980e+01  2.464397e+02  3.017409e+00  1.539236e+01  1.7365279387919901e+00
       860  1.0749999999999826e+00  1.2472026310972685e-01  4.2281352657304383e-01  5.690307e-01  3.925919e+00  6.447857e+00  2.733173e+01  6.859391e+01  2.508472e+02  3.030319e+00  1.561651e+01  1.7546270795119969e+00
       870  1.0874999999999824e+00  1.2471673469822656e-01  4.2402394740767058e-01  5.751543e-01  3.937574e+00  6.533282e+00  2.760137e+01  6.982719e+01  2.553121e+02  3.043765e+00  1.584821e+01  1.7731334039165927e+00
       880  1.0999999999999821e+00  1.2471319612523900e-01  4.2525220579588169e-01  5.812418e-01  3.949266e+00  6.618672e+00  2.787286e+01  7.106924e+01  2.598331e+02  3.057735e+00  1.608737e+01  1.7920558347834223e+00
       890  1.1124999999999818e+00  1.2470964724159846e-01  4.2649842447384873e-01  5.872917e-01  3.960989e+00  6.704004e+00  2.814606e+01  7.231966e+01  2.644086e+02  3.072215e+00  1.633390e+01  1.8114035507940356e+00
       900  1.1249999999999816e+00  1.2470608789711284e-01  4.2776272735276111e-01  5.933026e-01  3.972737e+00  6.789249e+00  2.842087e+01  7.357801e+01  2.690368e+02  3.087192e+00  1.658768e+01  1.8311859945789615e+00
       910  1.1374999999999813e+00  1.2470251794055462e-01  4.2904523951878965e-01  5.992734e-01  3.984504e+00  6.874382e+00  2.869717e+01  7.484383e+01  2.737159e+02  3.102652e+00  1.684858e+01  1.8514128810501105e+00
       920  1.1499999999999810e+00  1.2469893721964712e-01  4.3034608723322393e-01  6.052026e-01  3.996285e+00  6.959375e+00  2.897481e+01  7.611663e+01  2.784442e+02  3.118580e+00  1.711647e+01  1.8720942060307244e+00
       930  1.1624999999999808e+00  1.2469534558105887e-01  4.3166539793276959e-01  6.110889e-01  4.008074e+00  7.044200e+00  2.925367e+01  7.739590e+01  2.832193e+02  3.134961e+00  1.739119e+01  1.8932402551934102e+00
       940  1.1749999999999805e+00  1.2469174287039196e-01  4.3300330023001066e-01  6.169308e-01  4.019864e+00  7.128827e+00  2.953360e+01  7.868111e+01  2.880392e+02  3.151778e+00  1.767258e+01  1.9148616133170409e+00
       950  1.1874999999999802e+00  1.2468812893217159e-01  4.3435992391398359e-01  6.227271e-01  4.031650e+00  7.213227e+00  2.981448e+01  7.997168e+01  2.929016e+02  3.169016e+00  1.796047e+01  1.9369691738739814e+00
       960  1.1999999999999800e+00  1.2468450360983792e-01  4.3573539995092136e-01  6.284764e-01  4.043425e+00  7.297368e+00  3.009614e+01  8.126703e+01  2.978040e+02  3.186657e+00  1.825467e+01  1.9595741489589023e+00
       970  1.2124999999999797e+00  1.2468086674573545e-01  4.3712986048510039e-01  6.341772e-01  4.055182e+00  7.381220e+00  3.037844e+01  8.256654e+01  3.027437e+02  3.204683e+00  1.855497e+01  1.9826880795717776e+00
       980  1.2249999999999794e+00  1.2467721818110220e-01  4.3854343883980473e-01  6.398281e-01  4.066917e+00  7.464749e+00  3.066122e+01  8.386957e+01  3.077181e+02  3.223077e+00  1.886115e+01  2.0063228462669387e+00
       990  1.2374999999999792e+00  1.2467355775606183e-01  4.3997626951839358e-01  6.454278e-01  4.078621e+00  7.547924e+00  3.094432e+01  8.517545e+01  3.127243e+02  3.241820e+00  1.917299e+01  2.0304906801815270e+00
      1000  1.2499999999999789e+00  1.2466988530961176e-01  4.4142848820547531e-01  6.509747e-01  4.090289e+00  7.630711e+00  3.122758e+01  8.648349e+01  3.177592e+02  3.260892e+00  1.949024e+01  2.0552041744563700e+00
      1010  1.2624999999999786e+00  1.2466620067961540e-01  4.4290023176814625e-01  6.564676e-01  4.101913e+00  7.713075e+00  3.151083e+01  8.779297e+01  3.228199e+02  3.280275e+00  1.981263e+01  2.0804762960631957e+00
      1020  1.2749999999999784e+00  1.2466250370279097e-01  4.4439163825732397e-01  6.619049e-01  4.113488e+00  7.794982e+00  3.179389e+01  8.910315e+01  3.279030e+02  3.299948e+00  2.013990e+01  2.1063203980523029e+00
      1030  1.2874999999999781e+00  1.2465879421470057e-01  4.4590284690914017e-01  6.672852e-01  4.125006e+00  7.876396e+00  3.207660e+01  9.041327e+01  3.330051e+02  3.319891e+00  2.047175e+01  2.1327502322352725e+00
      1040  1.2999999999999778e+00  1.2465507204974410e-01  4.4743399814637924e-01  6.726071e-01  4.136461e+00  7.957282e+00  3.235877e+01  9.172254e+01  3.381228e+02  3.340084e+00  2.080789e+01  2.1597799623180207e+00
      1050  1.3124999999999776e+00  1.2465133704114366e-01  4.4898523357997600e-01  6.778692e-01  4.147845e+00  8.037604e+00  3.264022e+01  9.303015e+01  3.432523e+02  3.360505e+00  2.114800e+01  2.1874241774996230e+00
      1060  1.3249999999999773e+00  1.2464758902094036e-01  4.5055669601055859e-01  6.830700e-01  4.159153e+00  8.117324e+00  3.292076e+01  9.433527e+01  3.483900e+02  3.381134e+00  2.149175e+01  2.2156979065529279e+00
      1070  1.3374999999999770e+00  1.2464382781997893e-01  4.5214852943000194e-01  6.882081e-01  4.170377e+00  8.196405e+00  3.320021e+01  9.563705e+01  3.535320e+02  3.401949e+00  2.183879e+01  2.2446166324036807e+00
      1080  1.3499999999999768e+00  1.2464005326789795e-01  4.5376087902298912e-01  6.932821e-01  4.181510e+00  8.274810e+00  3.347837e+01  9.693462e+01  3.586742e+02  3.422928e+00  2.218876e+01  2.2741963072249987e+00
      1090  1.3624999999999765e+00  1.2463626519312571e-01  4.5539389116863804e-01  6.982905e-01  4.192546e+00  8.352502e+00  3.375506e+01  9.822709e+01  3.638126e+02  3.444049e+00  2.254130e+01  2.3044533680648165e+00
      1100  1.3749999999999762e+00  1.2463246342286279e-01  4.5704771344207501e-01  7.032319e-01  4.203477e+00  8.429441e+00  3.403007e+01  9.951356e+01  3.689430e+02  3.465290e+00  2.289603e+01  2.3354047530241644e+00
      1110  1.3874999999999760e+00  1.2462864778307695e-01  4.5872249461601911e-01  7.081048e-01  4.214297e+00  8.505589e+00  3.430321e+01  1.007931e+02  3.740611e+02  3.486629e+00  2.325254e+01  2.3670679180049703e+00
      1120  1.3999999999999757e+00  1.2462481809849119e-01  4.6041838466237850e-01  7.129080e-01  4.224998e+00  8.580908e+00  3.457428e+01  1.020648e+02  3.791626e+02  3.508043e+00  2.361043e+01  2.3994608540460685e+00
      1130  1.4124999999999754e+00  1.2462097419257502e-01  4.6213553475378555e-01  7.176398e-01  4.235575e+00  8.655359e+00  3.484308e+01  1.033277e+02  3.842429e+02  3.529510e+00  2.396929e+01  2.4326021052670113e+00
      1140  1.4249999999999752e+00  1.2461711588753309e-01  4.6387409726514850e-01  7.222991e-01  4.246020e+00  8.728904e+00  3.510940e+01  1.045808e+02  3.892975e+02  3.551008e+00  2.432869e+01  2.4665107874397787e+00
      1150  1.4374999999999749e+00  1.2461324300429520e-01  4.6563422577512503e-01  7.268843e-01  4.256327e+00  8.801503e+00  3.537305e+01  1.058231e+02  3.943218e+02  3.572513e+00  2.468819e+01  2.5012066072083350e+00
      1160  1.4499999999999746e+00  1.2460935536250753e-01  4.6741607506760263e-01  7.313940e-01  4.266488e+00  8.873117e+00  3.563382e+01  1.070538e+02  3.993111e+02  3.594004e+00  2.504734e+01  2.5367098819771909e+00
      1170  1.4624999999999744e+00  1.2460545278052224e-01  4.6921980113309114e-01  7.358270e-01  4.276498e+00  8.943709e+00  3.589151e+01  1.082718e+02  4.042608e+02  3.615457e+00  2.540570e+01  2.5730415604902150e+00
      1180  1.4749999999999741e+00  1.2460153507538493e-01  4.7104556117010710e-01  7.401818e-01  4.286350e+00  9.013240e+00  3.614591e+01  1.094760e+02  4.091660e+02  3.636852e+00  2.576279e+01  2.6102232441212871e+00
      1190  1.4874999999999738e+00  1.2459760206282822e-01  4.7289351358645942e-01  7.444571e-01  4.296038e+00  9.081671e+00  3.639682e+01  1.106657e+02  4.140220e+02  3.658165e+00  2.611816e+01  2.6482772088987860e+00
      1200  1.4999999999999736e+00  1.2459365355726067e-01  4.7476381800051515e-01  7.486515e-01  4.305555e+00  9.148964e+00  3.664405e+01  1.118396e+02  4.188238e+02  3.679374e+00  2.647134e+01  2.6872264282869369e+00
      1210  1.5124999999999733e+00  1.2458968937175491e-01  4.7665663524238916e-01  7.527638e-01  4.314894e+00  9.215082e+00  3.688739e+01  1.129969e+02  4.235668e+02  3.700459e+00  2.682185e+01  2.7270945967460274e+00
      1220  1.5249999999999730e+00  1.2458570931803895e-01  4.7857212735507143e-01  7.567927e-01  4.324051e+00  9.279988e+00  3.712664e+01  1.141366e+02  4.282461e+02  3.721397e+00  2.716921e+01  2.7679061540952530e+00
      1230  1.5374999999999728e+00  1.2458171320648491e-01  4.8051045759547617e-01  7.607367e-01  4.333019e+00  9.343644e+00  3.736161e+01  1.152576e+02  4.328568e+02  3.742168e+00  2.751296e+01  2.8096863107014851e+00
      1240  1.5499999999999725e+00  1.2457770084610167e-01  4.8247179043544375e-01  7.645948e-01  4.341792e+00  9.406015e+00  3.759211e+01  1.163590e+02  4.373942e+02  3.762750e+00  2.785261e+01  2.8524610735173201e+00
      1250  1.5624999999999722e+00  1.2457367204452202e-01  4.8445629156267278e-01  7.683656e-01  4.350365e+00  9.467065e+00  3.781794e+01  1.174399e+02  4.418534e+02  3.783125e+00  2.818768e+01  2.8962572729927993e+00
      1260  1.5749999999999720e+00  1.2456962660799241e-01  4.8646412788155924e-01  7.720479e-01  4.358732e+00  9.526759e+00  3.803892e+01  1.184994e+02  4.462299e+02  3.803271e+00  2.851772e+01  2.9411025908842987e+00
      1270  1.5874999999999717e+00  1.2456556434136391e-01  4.8849546751399664e-01  7.756404e-01  4.366889e+00  9.585062e+00  3.825487e+01  1.195363e+02  4.505188e+02  3.823170e+00  2.884224e+01  2.9870255889847979e+00
      1280  1.5999999999999714e+00  1.2456148504808337e-01  4.9055047980011118e-01  7.791421e-01  4.374829e+00  9.641942e+00  3.846560e+01  1.205499e+02  4.547156e+02  3.842802e+00  2.916079e+01  3.0340557387998457e+00
      1290  1.6124999999999712e+00  1.2455738853017972e-01  4.9262933529890024e-01  7.825517e-01  4.382548e+00  9.697365e+00  3.867094e+01  1.215393e+02  4.588158e+02  3.862150e+00  2.947292e+01  3.0822234521926388e+00
      1300  1.6249999999999709e+00  1.2455327458825818e-01  4.9473220578885824e-01  7.858681e-01  4.390042e+00  9.751300e+00  3.887073e+01  1.225035e+02  4.628150e+02  3.881196e+00  2.977819e+01  3.1315601130230384e+00
      1310  1.6374999999999706e+00  1.2454914302148476e-01  4.9685926426849603e-01  7.890901e-01  4.397306e+00  9.803716e+00  3.906479e+01  1.234418e+02  4.667088e+02  3.899924e+00  3.007615e+01  3.1820981098027343e+00
      1320  1.6499999999999704e+00  1.2454499362758170e-01  4.9901068495685513e-01  7.922168e-01  4.404336e+00  9.854583e+00  3.925297e+01  1.243532e+02  4.704931e+02  3.918317e+00  3.036639e+01  3.2338708693912617e+00
      1330  1.6624999999999701e+00  1.2454082620281320e-01  5.0118664329394913e-01  7.952469e-01  4.411128e+00  9.903873e+00  3.943512e+01  1.252370e+02  4.741637e+02  3.936359e+00  3.064850e+01  3.2869128917547386e+00
      1340  1.6749999999999698e+00  1.2453664054197633e-01  5.0338731594116992e-01  7.981795e-01  4.417678e+00  9.951558e+00  3.961109e+01  1.260924e+02  4.777168e+02  3.954037e+00  3.092208e+01  3.3412597858098909e+00
      1350  1.6874999999999696e+00  1.2453243643839226e-01  5.0561288078165512e-01  8.010135e-01  4.423982e+00  9.997612e+00  3.978074e+01  1.269187e+02  4.811486e+02  3.971336e+00  3.118677e+01  3.3969483063747976e+00
      1360  1.6999999999999693e+00  1.2452821368389423e-01  5.0786351692066267e-01  8.037480e-01  4.430039e+00  1.004201e+01  3.994393e+01  1.277151e+02  4.844554e+02  3.988244e+00  3.144220e+01  3.4540163922471394e+00
      1370  1.7124999999999690e+00  1.2452397206881891e-01  5.1013940468589436e-01  8.063820e-01  4.435843e+00  1.008472e+01  4.010056e+01  1.284810e+02  4.876338e+02  4.004749e+00  3.168803e+01  3.5125032054297685e+00
      1380  1.7249999999999688e+00  1.2451971138199426e-01  5.1244072562782528e-01  8.089145e-01  4.441394e+00  1.012574e+01  4.025049e+01  1.292158e+02  4.906805e+02  4.020839e+00  3.192395e+01  3.5724491715215354e+00
      1390  1.7374999999999685e+00  1.2451543141073086e-01  5.1476766252005546e-01  8.113446e-01  4.446689e+00  1.016503e+01  4.039361e+01  1.299188e+02  4.935925e+02  4.036505e+00  3.214966e+01  3.6338960212913625e+00
      1400  1.7499999999999682e+00  1.2451113194081059e-01  5.1712039935967602e-01  8.136715e-01  4.451725e+00  1.020257e+01  4.052984e+01  1.305895e+02  4.963670e+02  4.051739e+00  3.236490e+01  3.6968868334503142e+00
      1410  1.7624999999999680e+00  1.2450681275648043e-01  5.1949912136763510e-01  8.158943e-01  4.456502e+00  1.023836e+01  4.065907e+01  1.312274e+02  4.990011e+02  4.066531e+00  3.256940e+01  3.7614660786365461e+00
      1420  1.7749999999999677e+00  1.2450247364043308e-01  5.2190401498921157e-01  8.180122e-01  4.461017e+00  1.027236e+01  4.078122e+01  1.318320e+02  5.014926e+02  4.080875e+00  3.276296e+01  3.8276796646238229e+00
      1430  1.7874999999999674e+00  1.2449811437380730e-01  5.2433526789449403e-01  8.200244e-01  4.465269e+00  1.030457e+01  4.089622e+01  1.324028e+02  5.038392e+02  4.094765e+00  3.294538e+01  3.8955749827644972e+00
      1440  1.7999999999999672e+00  1.2449373473617235e-01  5.2679306897898337e-01  8.219301e-01  4.469259e+00  1.033497e+01  4.100401e+01  1.329396e+02  5.060390e+02  4.108198e+00  3.311650e+01  3.9652009556730707e+00
      1450  1.8124999999999669e+00  1.2448933450551539e-01  5.2927760836426119e-01  8.237286e-01  4.472984e+00  1.036354e+01  4.110452e+01  1.334419e+02  5.080901e+02  4.121169e+00  3.327617e+01  4.0366080861558133e+00
      1460  1.8249999999999666e+00  1.2448491345823758e-01  5.3178907739877268e-01  8.254192e-01  4.476447e+00  1.039029e+01  4.119772e+01  1.339095e+02  5.099911e+02  4.133675e+00  3.342429e+01  4.1098485073867979e+00
      1470  1.8374999999999664e+00  1.2448047136913809e-01  5.3432766865880488e-01  8.270013e-01  4.479646e+00  1.041519e+01  4.128356e+01  1.343422e+02  5.117407e+02  4.145717e+00  3.356079e+01  4.1849760343297815e+00
      1480  1.8499999999999661e+00  1.2447600801140919e-01  5.3689357594953657e-01  8.284741e-01  4.482582e+00  1.043825e+01  4.136203e+01  1.347396e+02  5.133380e+02  4.157295e+00  3.368563e+01  4.2620462163987884e+00
      1490  1.8624999999999658e+00  1.2447152315661993e-01  5.3948699430632374e-01  8.298371e-01  4.485256e+00  1.045945e+01  4.143310e+01  1.351018e+02  5.147821e+02  4.168409e+00  3.379879e+01  4.3411163913497361e+00
      1500  1.8749999999999656e+00  1.2446701657470866e-01  5.4210811999620445e-01  8.310896e-01  4.487670e+00  1.047878e+01  4.149676e+01  1.354286e+02  5.160727e+02  4.179062e+00  3.390029e+01  4.4222457403870887e+00
      1510  1.8874999999999653e+00  1.2446248803397711e-01  5.4475715051958939e-01  8.322312e-01  4.489826e+00  1.049626e+01  4.155303e+01  1.357199e+02  5.172094e+02  4.189259e+00  3.399021e+01  4.5054953444689403e+00
      1520  1.8999999999999651e+00  1.2445793730107120e-01  5.4743428461225452e-01  8.332613e-01  4.491725e+00  1.051187e+01  4.160192e+01  1.359758e+02  5.181923e+02  4.199004e+00  3.406861e+01  4.5909282417853827e+00
      1530  1.9124999999999648e+00  1.2445336414097849e-01  5.5013972224760299e-01  8.341794e-01  4.493370e+00  1.052561e+01  4.164345e+01  1.361963e+02  5.190217e+02  4.208304e+00  3.413563e+01  4.6786094863817596e+00
      1540  1.9249999999999645e+00  1.2444876831701503e-01  5.5287366463926124e-01  8.349850e-01  4.494763e+00  1.053749e+01  4.167766e+01  1.363815e+02  5.196982e+02  4.217166e+00  3.419144e+01  4.7686062078911498e+00
      1550  1.9374999999999643e+00  1.2444414959081235e-01  5.5563631424401005e-01  8.356778e-01  4.495909e+00  1.054751e+01  4.170458e+01  1.365315e+02  5.202224e+02  4.225601e+00  3.423622e+01  4.8609876723346179e+00
      1560  1.9499999999999640e+00  1.2443950772231280e-01  5.5842787476514399e-01  8.362572e-01  4.496810e+00  1.055568e+01  4.172428e+01  1.366467e+02  5.205954e+02  4.233617e+00  3.427021e+01  4.9558253439416315e+00
      1570  1.9624999999999637e+00  1.2443484246975232e-01  5.6124855115624794e-01  8.367229e-01  4.497470e+00  1.056199e+01  4.173682e+01  1.367271e+02  5.208186e+02  4.241228e+00  3.429367e+01  5.0531929479332423e+00
      1580  1.9749999999999635e+00  1.2443015358965599e-01  5.6409854962538053e-01  8.370745e-01  4.497894e+00  1.056646e+01  4.174227e+01  1.367731e+02  5.208934e+02  4.248445e+00  3.430691e+01  5.1531665342072763e+00
      1590  1.9874999999999632e+00  1.2442544083682580e-01  5.6697807763987895e-01  8.373118e-01  4.498086e+00  1.056909e+01  4.174072e+01  1.367850e+02  5.208216e+02  4.255284e+00  3.431027e+01  5.2558245418513172e+00
      1600  1.9999999999999629e+00  1.2442070396432720e-01  5.6988734393164431e-01  8.374343e-01  4.498052e+00  1.056990e+01  4.173226e+01  1.367633e+02  5.206052e+02  4.261759e+00  3.430412e+01  5.3612478644051649e+00
      1610  2.0124999999999647e+00  1.2441594272348068e-01  5.7282655850302922e-01  8.374418e-01  4.497796e+00  1.056890e+01  4.171700e+01  1.367082e+02  5.202464e+02  4.267887e+00  3.428888e+01  5.4695199157821222e+00
      1620  2.0249999999999666e+00  1.2441115686385329e-01  5.7579593263341933e-01  8.373341e-01  4.497325e+00  1.056609e+01  4.169503e+01  1.366203e+02  5.197476e+02  4.273687e+00  3.426498e+01  5.5807266967514604e+00
      1630  2.0374999999999686e+00  1.2440634613324437e-01  5.7879567888649863e-01  8.371109e-01  4.496644e+00  1.056150e+01  4.166650e+01  1.365000e+02  5.191114e+02  4.279178e+00  3.423293e+01  5.6949568618709829e+00
      1640  2.0499999999999705e+00  1.2440151027767710e-01  5.8182601111827736e-01  8.367719e-01  4.495761e+00  1.055513e+01  4.163152e+01  1.363479e+02  5.183408e+02  4.284381e+00  3.419324e+01  5.8123017867518350e+00
      1650  2.0624999999999725e+00  1.2439664904138537e-01  5.8488714448597734e-01  8.363170e-01  4.494681e+00  1.054701e+01  4.159023e+01  1.361646e+02  5.174387e+02  4.289318e+00  3.414646e+01  5.9328556355234285e+00
      1660  2.0749999999999744e+00  1.2439176216680589e-01  5.8797929545772765e-01  8.357461e-01  4.493413e+00  1.053714e+01  4.154278e+01  1.359506e+02  5.164083e+02  4.294011e+00  3.409320e+01  6.0567154283573235e+00
      1670  2.0874999999999764e+00  1.2438684939456647e-01  5.9110268182334513e-01  8.350589e-01  4.491963e+00  1.052555e+01  4.148932e+01  1.357066e+02  5.152529e+02  4.298486e+00  3.403408e+01  6.1839811088950425e+00
      1680  2.0999999999999783e+00  1.2438191046347077e-01  5.9425752270603094e-01  8.342553e-01  4.490340e+00  1.051225e+01  4.143002e+01  1.354332e+02  5.139762e+02  4.302769e+00  3.396977e+01  6.3147556114146894e+00
      1690  2.1124999999999803e+00  1.2437694511049432e-01  5.9744403857522832e-01  8.333353e-01  4.488552e+00  1.049726e+01  4.136505e+01  1.351312e+02  5.125819e+02  4.306885e+00  3.390099e+01  6.4491449275562625e+00
      1700  2.1249999999999822e+00  1.2437195307076596e-01  6.0066245126068640e-01  8.322986e-01  4.486607e+00  1.048061e+01  4.129457e+01  1.348011e+02  5.110736e+02  4.310865e+00  3.382848e+01  6.5872581724151864e+00
      1710  2.1374999999999842e+00  1.2436693407756312e-01  6.0391298396777104e-01  8.311452e-01  4.484515e+00  1.046231e+01  4.121878e+01  1.344438e+02  5.094555e+02  4.314736e+00  3.375302e+01  6.7292076497993794e+00
      1720  2.1499999999999861e+00  1.2436188786229313e-01  6.0719586129419156e-01  8.298751e-01  4.482285e+00  1.044238e+01  4.113787e+01  1.340600e+02  5.077315e+02  4.318529e+00  3.367543e+01  6.8751089164307162e+00
      1730  2.1624999999999881e+00  1.2435681415449179e-01  6.1051130924815300e-01  8.284882e-01  4.479925e+00  1.042084e+01  4.105203e+01  1.336504e+02  5.059059e+02  4.322277e+00  3.359659e+01  7.0250808448613222e+00
      1740  2.1749999999999901e+00  1.2435171268179668e-01  6.1385955526813207e-01  8.269844e-01  4.477448e+00  1.039772e+01  4.096147e+01  1.332158e+02  5.039830e+02  4.326013e+00  3.351739e+01  7.1792456848597581e+00
      1750  2.1874999999999920e+00  1.2434658316995038e-01  6.1724082824432114e-01  8.253638e-01  4.474861e+00  1.037304e+01  4.086639e+01  1.327571e+02  5.019671e+02  4.329770e+00  3.343879e+01  7.3377291230089874e+00
      1760  2.1999999999999940e+00  1.2434142534277978e-01  6.2065535854195075e-01  8.236262e-01  4.472177e+00  1.034681e+01  4.076701e+01  1.322749e+02  4.998626e+02  4.333585e+00  3.336177e+01  7.5006603402455037e+00
      1770  2.2124999999999959e+00  1.2433623892218251e-01  6.2410337802645455e-01  8.217717e-01  4.469406e+00  1.031906e+01  4.066356e+01  1.317702e+02  4.976742e+02  4.337494e+00  3.328738e+01  7.6681720670579363e+00
      1780  2.2249999999999979e+00  1.2433102362812008e-01  6.2758512009080736e-01  8.198003e-01  4.466559e+00  1.028981e+01  4.055624e+01  1.312436e+02  4.954064e+02  4.341534e+00  3.321669e+01  7.8404006360468639e+00
      1790  2.2374999999999998e+00  1.2432577917860280e-01  6.3110081968505438e-01  8.177120e-01  4.463648e+00  1.025908e+01  4.044531e+01  1.306961e+02  4.930637e+02  4.345745e+00  3.315083e+01  8.0174860315410150e+00
      1800  2.2500000000000018e+00  1.2432050528967267e-01  6.3465071334827505e-01  8.155068e-01  4.460684e+00  1.022690e+01  4.033099e+01  1.301284e+02  4.906510e+02  4.350168e+00  3.309098e+01  8.1995719359503347e+00
      1810  2.2625000000000037e+00  1.2431520167539535e-01  6.3823503924301017e-01  8.131847e-01  4.457680e+00  1.019327e+01  4.021351e+01  1.295413e+02  4.881728e+02  4.354843e+00  3.303839e+01  8.3868057725285947e+00
      1820  2.2750000000000057e+00  1.2430986804784522e-01  6.4185403719253209e-01  8.107459e-01  4.454648e+00  1.015823e+01  4.009314e+01  1.289356e+02  4.856340e+02  4.359813e+00  3.299432e+01  8.5793387442076288e+00
      1830  2.2875000000000076e+00  1.2430450411708933e-01  6.4550794872094097e-01  8.081902e-01  4.451601e+00  1.012179e+01  3.997010e+01  1.283120e+02  4.830392e+02  4.365121e+00  3.296014e+01  8.7773258681601583e+00
      1840  2.3000000000000096e+00  1.2429910959117400e-01  6.4919701709644395e-01  8.055178e-01  4.448551e+00  1.008397e+01  3.984467e+01  1.276714e+02  4.803932e+02  4.370814e+00  3.293724e+01  8.9809260057391462e+00
      1850  2.3125000000000115e+00  1.2429368417610981e-01  6.5292148737796474e-01  8.027287e-01  4.445513e+00  1.004479e+01  3.971708e+01  1.270144e+02  4.777009e+02  4.376936e+00  3.292710e+01  9.1903018874385580e+00
      1860  2.3250000000000135e+00  1.2428822757585939e-01  6.5668160646529716e-01  7.998230e-01  4.442499e+00  1.000426e+01  3.958762e+01  1.263419e+02  4.749668e+02  4.383535e+00  3.293125e+01  9.4056201325210438e+00
      1870  2.3375000000000155e+00  1.2428273949231811e-01  6.6047762315306757e-01  7.968007e-01  4.439524e+00  9.962405e+00  3.945653e+01  1.256545e+02  4.721959e+02  4.390659e+00  3.295130e+01  9.6270512629507543e+00
      1880  2.3500000000000174e+00  1.2427721962529772e-01  6.6430978818880737e-01  7.936618e-01  4.436601e+00  9.919233e+00  3.932408e+01  1.249529e+02  4.693928e+02  4.398359e+00  3.298892e+01  9.8547697112818042e+00
      1890  2.3625000000000194e+00  1.2427166767251534e-01  6.6817835433528361e-01  7.904065e-01  4.433745e+00  9.874758e+00  3.919056e+01  1.242377e+02  4.665623e+02  4.406685e+00  3.304589e+01  1.0088953822148454e+01
      1900  2.3750000000000213e+00  1.2426608332956662e-01  6.7208357643753924e-01  7.870348e-01  4.430970e+00  9.828993e+00  3.905623e+01  1.235095e+02  4.637091e+02  4.415689e+00  3.312404e+01  1.0329785847019421e+01
      1910  2.3875000000000233e+00  1.2426046628991948e-01  6.7602571149482615e-01  7.835468e-01  4.428292e+00  9.781947e+00  3.892138e+01  1.227691e+02  4.608380e+02  4.425424e+00  3.322531e+01  1.0577451931886184e+01
      1920  2.4000000000000252e+00  1.2425481624488888e-01  6.8000501873783015e-01  7.799425e-01  4.425725e+00  9.733630e+00  3.878628e+01  1.220168e+02  4.579536e+02  4.435945e+00  3.335173e+01  1.0832142097573602e+01
      1930  2.4125000000000272e+00  1.2424913288361822e-01  6.8402175971148593e-01  7.762220e-01  4.423285e+00  9.684048e+00  3.865124e+01  1.212532e+02  4.550606e+02  4.447307e+00  3.350542e+01  1.1094050212379116e+01
      1940  2.4250000000000291e+00  1.2424341589305896e-01  6.8807619836378520e-01  7.723854e-01  4.420987e+00  9.633206e+00  3.851654e+01  1.204788e+02  4.521637e+02  4.459567e+00  3.368862e+01  1.1363373956773561e+01
      1950  2.4375000000000311e+00  1.2423766495795779e-01  6.9216860114097845e-01  7.684327e-01  4.418847e+00  9.581108e+00  3.838248e+01  1.196940e+02  4.492676e+02  4.472783e+00  3.390366e+01  1.1640314779926152e+01
      1960  2.4500000000000330e+00  1.2423187976082384e-01  6.9629923708952957e-01  7.643640e-01  4.416882e+00  9.527754e+00  3.824936e+01  1.188992e+02  4.463770e+02  4.487015e+00  3.415302e+01  1.1925077847849831e+01
      1970  2.4625000000000350e+00  1.2422605998191637e-01  7.0046837796531258e-01  7.601794e-01  4.415107e+00  9.473143e+00  3.811749e+01  1.180946e+02  4.434966e+02  4.502322e+00  3.443928e+01  1.2217871983005356e+01
      1980  2.4750000000000369e+00  1.2422020529921264e-01  7.0467629835050860e-01  7.558790e-01  4.413540e+00  9.417272e+00  3.798718e+01  1.172806e+02  4.406310e+02  4.518765e+00  3.476514e+01  1.2518909595251859e+01
      1990  2.4875000000000389e+00  1.2421431538839613e-01  7.0892327577861380e-01  7.514627e-01  4.412197e+00  9.360135e+00  3.785876e+01  1.164574e+02  4.377851e+02  4.536409e+00  3.513348e+01  1.2828406604080705e+01
      2000  2.5000000000000409e+00  1.2420838992281601e-01  7.1320959086824742e-01  7.469308e-01  4.411094e+00  9.301723e+00  3.773255e+01  1.156250e+02  4.349637e+02  4.555315e+00  3.554729e+01  1.3146582352135795e+01
      2010  2.5125000000000428e+00  1.2420242857347569e-01  7.1753552746609461e-01  7.422832e-01  4.410250e+00  9.242026e+00  3.760887e+01  1.147835e+02  4.321715e+02  4.575550e+00  3.600972e+01  1.3473659510091384e+01
      2020  2.5250000000000448e+00  1.2419643100899598e-01  7.2190137279971267e-01  7.375201e-01  4.409682e+00  9.181029e+00  3.748809e+01  1.139331e+02  4.294135e+02  4.597179e+00  3.652410e+01  1.3809863973031995e+01
      2030  2.5375000000000467e+00  1.2419039689558625e-01  7.2630741764078999e-01  7.326415e-01  4.409407e+00  9.118716e+00  3.737053e+01  1.130734e+02  4.266948e+02  4.620268e+00  3.709391e+01  1.4155424748570626e+01
      2040  2.5500000000000487e+00  1.2418432589702244e-01  7.3075395647937691e-01  7.276475e-01  4.409443e+00  9.055067e+00  3.725656e+01  1.122045e+02  4.240203e+02  4.644887e+00  3.772282e+01  1.4510573837034242e+01
      2050  2.5625000000000506e+00  1.2417821767460470e-01  7.3524128770996877e-01  7.225382e-01  4.409808e+00  8.990061e+00  3.714654e+01  1.113261e+02  4.213955e+02  4.671103e+00  3.841466e+01  1.4875546104146242e+01
      2060  2.5750000000000526e+00  1.2417207188713095e-01  7.3976971382994028e-01  7.173136e-01  4.410520e+00  8.923671e+00  3.704086e+01  1.104378e+02  4.188256e+02  4.698987e+00  3.917350e+01  1.5250579146758644e+01
      2070  2.5875000000000545e+00  1.2416588819085794e-01  7.4433954165123528e-01  7.119739e-01  4.411598e+00  8.855869e+00  3.693989e+01  1.095392e+02  4.163163e+02  4.728609e+00  4.000356e+01  1.5635913152308358e+01
      2080  2.6000000000000565e+00  1.2415966623947103e-01  7.4895108252603793e-01  7.065192e-01  4.413061e+00  8.786623e+00  3.684405e+01  1.086299e+02  4.138734e+02  4.760041e+00  4.090931e+01  1.6031790752803445e+01
      2090  2.6125000000000584e+00  1.2415340568403592e-01  7.5360465258726295e-01  7.009494e-01  4.414927e+00  8.715896e+00  3.675373e+01  1.077090e+02  4.115031e+02  4.793353e+00  4.189542e+01  1.6438456874306524e+01
      2100  2.6250000000000604e+00  1.2414710617296215e-01  7.5830057300470965e-01  6.952649e-01  4.417215e+00  8.643651e+00  3.666937e+01  1.067760e+02  4.092115e+02  4.828620e+00  4.296676e+01  1.6856158583032983e+01
      2110  2.6375000000000624e+00  1.2414076735196507e-01  7.6303917025785828e-01  6.894656e-01  4.419944e+00  8.569845e+00  3.659140e+01  1.058300e+02  4.070055e+02  4.865914e+00  4.412848e+01  1.7285144929358307e+01
      2120  2.6500000000000643e+00  1.2413438886401137e-01  7.6782077642626223e-01  6.835517e-01  4.423133e+00  8.494433e+00  3.652029e+01  1.048699e+02  4.048922e+02  4.905308e+00  4.538593e+01  1.7725666791220100e+01
      2130  2.6625000000000663e+00  1.2412797034927751e-01  7.7264572949842270e-01  6.775234e-01  4.426802e+00  8.417364e+00  3.645650e+01  1.038947e+02  4.028789e+02  4.946876e+00  4.674471e+01  1.8177976718594262e+01
      2140  2.6750000000000682e+00  1.2412151144509437e-01  7.7751437370039023e-01  6.713807e-01  4.430969e+00  8.338586e+00  3.640053e+01  1.029032e+02  4.009738e+02  4.990692e+00  4.821067e+01  1.8642328780945128e+01
      2150  2.6875000000000702e+00  1.2411501178590202e-01  7.8242705984511585e-01  6.651238e-01  4.435656e+00  8.258042e+00  3.635289e+01  1.018939e+02  3.991852e+02  5.036830e+00  4.978991e+01  1.9118978419781691e+01
      2160  2.7000000000000721e+00  1.2410847100317854e-01  7.8738414570375448e-01  6.587529e-01  4.440881e+00  8.175673e+00  3.631410e+01  1.008653e+02  3.975223e+02  5.085362e+00  5.148877e+01  1.9608182308686288e+01
      2170  2.7125000000000741e+00  1.2410188872540251e-01  7.9238599640006857e-01  6.522682e-01  4.446664e+00  8.091413e+00  3.628472e+01  9.981563e+01  3.959949e+02  5.136363e+00  5.331386e+01  2.0110198223458838e+01
      2180  2.7250000000000760e+00  1.2409526457796369e-01  7.9743298482931591e-01  6.456699e-01  4.453025e+00  8.005197e+00  3.626532e+01  9.874314e+01  3.946134e+02  5.189904e+00  5.527204e+01  2.0625284925283328e+01
      2190  2.7375000000000780e+00  1.2408859818312004e-01  8.0252549210290414e-01  6.389581e-01  4.459984e+00  7.916951e+00  3.625651e+01  9.764574e+01  3.933892e+02  5.246058e+00  5.737040e+01  2.1153702060129845e+01
      2200  2.7500000000000799e+00  1.2408188915991221e-01  8.0766390802032251e-01  6.321332e-01  4.467561e+00  7.826603e+00  3.625890e+01  9.652121e+01  3.923344e+02  5.304894e+00  5.961631e+01  2.1695710077905488e+01
      2210  2.7625000000000819e+00  1.2407513712409571e-01  8.1284863156973375e-01  6.251954e-01  4.475776e+00  7.734074e+00  3.627314e+01  9.536712e+01  3.914623e+02  5.366484e+00  6.201734e+01  2.2251570175209391e+01
      2220  2.7750000000000838e+00  1.2406834168806125e-01  8.1808007145871153e-01  6.181450e-01  4.484648e+00  7.639282e+00  3.629991e+01  9.418086e+01  3.907871e+02  5.430896e+00  6.458133e+01  2.2821544265891866e+01
      2230  2.7875000000000858e+00  1.2406150246074792e-01  8.2335864667709824e-01  6.109823e-01  4.494199e+00  7.542143e+00  3.633993e+01  9.295959e+01  3.903242e+02  5.498195e+00  6.731631e+01  2.3405894983979387e+01
      2240  2.8000000000000878e+00  1.2405461904756368e-01  8.2868478709319549e-01  6.037077e-01  4.504447e+00  7.442570e+00  3.639393e+01  9.170027e+01  3.900903e+02  5.568448e+00  7.023053e+01  2.4004885723936518e+01
      2250  2.8125000000000897e+00  1.2404769105027921e-01  8.3405893408545040e-01  5.963215e-01  4.515413e+00  7.340471e+00  3.646267e+01  9.039961e+01  3.901035e+02  5.641717e+00  7.333242e+01  2.4618780723619274e+01
      2260  2.8250000000000917e+00  1.2404071806694178e-01  8.3948154121141816e-01  5.888241e-01  4.527117e+00  7.235753e+00  3.654697e+01  8.905410e+01  3.903835e+02  5.718062e+00  7.663059e+01  2.5247845195743565e+01
      2270  2.8375000000000936e+00  1.2403369969175997e-01  8.4495307491588512e-01  5.812161e-01  4.539578e+00  7.128320e+00  3.664765e+01  8.765998e+01  3.909514e+02  5.797543e+00  8.013379e+01  2.5892345514116748e+01
      2280  2.8500000000000956e+00  1.2402663551500803e-01  8.5047401528018995e-01  5.734978e-01  4.552816e+00  7.018074e+00  3.676559e+01  8.621321e+01  3.918303e+02  5.880214e+00  8.385089e+01  2.6552549461391081e+01
      2290  2.8625000000000975e+00  1.2401952512288952e-01  8.5604485681510623e-01  5.656699e-01  4.566850e+00  6.904915e+00  3.690170e+01  8.470952e+01  3.930450e+02  5.966128e+00  8.779086e+01  2.7228726545600615e+01
      2300  2.8750000000000995e+00  1.2401236809743146e-01  8.6166610929925369e-01  5.577329e-01  4.581701e+00  6.788741e+00  3.705691e+01  8.314436e+01  3.946224e+02  6.055336e+00  9.196270e+01  2.7921148393290622e+01
      2310  2.8875000000001014e+00  1.2400516401633865e-01  8.6733829866562284e-01  5.496875e-01  4.597388e+00  6.669450e+00  3.723222e+01  8.151290e+01  3.965916e+02  6.147882e+00  9.637546e+01  2.8630089227618875e+01
      2320  2.9000000000001034e+00  1.2399791245287124e-01  8.7306196793848745e-01  5.415344e-01  4.613929e+00  6.546936e+00  3.742863e+01  7.981002e+01  3.989841e+02  6.243812e+00  1.010382e+02  2.9355826440440506e+01
      2330  2.9125000000001053e+00  1.2399061297568029e-01  8.7883767822354608e-01  5.332743e-01  4.631343e+00  6.421096e+00  3.764721e+01  7.803031e+01  4.018336e+02  6.343163e+00  1.059598e+02  3.0098641268020046e+01
      2340  2.9250000000001073e+00  1.2398326514866780e-01  8.8466600975358722e-01  5.249080e-01  4.649649e+00  6.291825e+00  3.788905e+01  7.616810e+01  4.051768e+02  6.445974e+00  1.111492e+02  3.0858819580729907e+01
      2350  2.9375000000001092e+00  1.2397586853081607e-01  8.9054756299301085e-01  5.164365e-01  4.668865e+00  6.159020e+00  3.815528e+01  7.421739e+01  4.090527e+02  6.552277e+00  1.166151e+02  3.1636652797850218e+01
      2360  2.9500000000001112e+00  1.2396842267601310e-01  8.9648295980363191e-01  5.078606e-01  4.689010e+00  6.022578e+00  3.844707e+01  7.217192e+01  4.135038e+02  6.662102e+00  1.223660e+02  3.2432438939372183e+01
      2370  2.9625000000001132e+00  1.2396092713287105e-01  9.0247284467532551e-01  4.991815e-01  4.710100e+00  5.882397e+00  3.876563e+01  7.002512e+01  4.185751e+02  6.775476e+00  1.284102e+02  3.3246483827594965e+01
      2380  2.9750000000001151e+00  1.2395338144453530e-01  9.0851788602429073e-01  4.904003e-01  4.732155e+00  5.738380e+00  3.911221e+01  6.777016e+01  4.243151e+02  6.892425e+00  1.347557e+02  3.4079102452255441e+01
      2390  2.9875000000001171e+00  1.2394578514847632e-01  9.1461877756254140e-01  4.815181e-01  4.755189e+00  5.590430e+00  3.948808e+01  6.539991e+01  4.307756e+02  7.012971e+00  1.414103e+02  3.4930620513927686e+01
      2400  3.0000000000001190e+00  1.2393813777627025e-01  9.2077623974210365e-01  4.725364e-01  4.779222e+00  5.438456e+00  3.989456e+01  6.290701e+01  4.380120e+02  7.137134e+00  1.483813e+02  3.5801376161574062e+01
      2410  3.0125000000001210e+00  1.2393043885337782e-01  9.2699102127739463e-01  4.634564e-01  4.804267e+00  5.282371e+00  4.033299e+01  6.028383e+01  4.460831e+02  7.264935e+00  1.556756e+02  3.6691721941335231e+01
      2420  3.0250000000001229e+00  1.2392268789889310e-01  9.3326390074962040e-01  4.542798e-01  4.830342e+00  5.122094e+00  4.080474e+01  5.752253e+01  4.550513e+02  7.396394e+00  1.632998e+02  3.7602026974980845e+01
      2430  3.0375000000001249e+00  1.2391488442528976e-01  9.3959568829725626e-01  4.450082e-01  4.857462e+00  4.957549e+00  4.131123e+01  5.461506e+01  4.649831e+02  7.531533e+00  1.712600e+02  3.8532679387919913e+01
      2440  3.0500000000001268e+00  1.2390702793816090e-01  9.4598722739603613e-01  4.356433e-01  4.885642e+00  4.788668e+00  4.185388e+01  5.155322e+01  4.759486e+02  7.670378e+00  1.795621e+02  3.9484089008274140e+01
      2450  3.0625000000001288e+00  1.2389911793591740e-01  9.5243939673370970e-01  4.261869e-01  4.914897e+00  4.615392e+00  4.243413e+01  4.832863e+01  4.880218e+02  7.812957e+00  1.882115e+02  4.0456690360307519e+01
      2460  3.0750000000001307e+00  1.2389115390949738e-01  9.5895311218233070e-01  4.166412e-01  4.945240e+00  4.437670e+00  4.305347e+01  4.493287e+01  5.012807e+02  7.959307e+00  1.972132e+02  4.1450945977466461e+01
      2470  3.0875000000001327e+00  1.2388313534204945e-01  9.6552932887398346e-01  4.070081e-01  4.976685e+00  4.255463e+00  4.371336e+01  4.135743e+01  5.158069e+02  8.109473e+00  2.065722e+02  4.2467350062440346e+01
      2480  3.1000000000001346e+00  1.2387506170858238e-01  9.7216904338321009e-01  3.972902e-01  5.009245e+00  4.068742e+00  4.441530e+01  3.759382e+01  5.316860e+02  8.263512e+00  2.162934e+02  4.3506432524093498e+01
      2490  3.1125000000001366e+00  1.2386693247562862e-01  9.7887329602129136e-01  3.874897e-01  5.042933e+00  3.877490e+00  4.516080e+01  3.363364e+01  5.490074e+02  8.421497e+00  2.263817e+02  4.4568763423681382e+01
      2500  3.1250000000001386e+00  1.2385874710085798e-01  9.8564317324654738e-01  3.776093e-01  5.077761e+00  3.681707e+00  4.595136e+01  2.946860e+01  5.678640e+02  8.583519e+00  2.368425e+02  4.5654957865783764e+01
      2510  3.1375000000001405e+00  1.2385050503268355e-01  9.9247981019583353e-01  3.676518e-01  5.113741e+00  3.481404e+00  4.678847e+01  2.509062e+01  5.883519e+02  8.749696e+00  2.476815e+02  4.6765681372517683e+01
      2520  3.1500000000001425e+00  1.2384220570984880e-01  9.9938439334077167e-01  3.576200e-01  5.150885e+00  3.276610e+00  4.767363e+01  2.049195e+01  6.105707e+02  8.920172e+00  2.589059e+02  4.7901655783129328e+01
      2530  3.1625000000001444e+00  1.2383384856099251e-01  1.0063581632741105e+00  3.475172e-01  5.189202e+00  3.067372e+00  4.860832e+01  1.566519e+01  6.346226e+02  9.095129e+00  2.705240e+02  4.9063665724964224e+01
      2540  3.1750000000001464e+00  1.2382543300417548e-01  1.0134024176298031e+00  3.373467e-01  5.228705e+00  2.853754e+00  4.959401e+01  1.060347e+01  6.606128e+02  9.274791e+00  2.825465e+02  5.0252565705987671e+01
      2550  3.1875000000001483e+00  1.2381695844639123e-01  1.0205185141412214e+00  3.271119e-01  5.269402e+00  2.635841e+00  5.063214e+01  5.300508e+00  6.886483e+02  9.459434e+00  2.949867e+02  5.1469287883584869e+01
      2560  3.2000000000001503e+00  1.2380842428306749e-01  1.0277078738410701e+00  3.168165e-01  5.311304e+00  2.413739e+00  5.172412e+01 -2.492528e-01  7.188381e+02  9.649395e+00  3.078619e+02  5.2714850569333059e+01
      2570  3.2125000000001522e+00  1.2379982989751498e-01  1.0349719844066450e+00  3.064645e-01  5.354422e+00  2.187576e+00  5.287135e+01 -6.050510e+00  7.512925e+02  9.845086e+00  3.211942e+02  5.3990367534697072e+01
      2580  3.2250000000001542e+00  1.2379117466035361e-01  1.0423124036530438e+00  2.960600e-01  5.398764e+00  1.957504e+00  5.407518e+01 -1.210697e+01  7.861226e+02  1.004700e+01  3.350120e+02  5.5297058188229961e+01
      2590  3.2375000000001561e+00  1.2378245792891786e-01  1.0497307631765551e+00  2.856073e-01  5.444340e+00  1.723699e+00  5.533693e+01 -1.842121e+01  8.234396e+02  1.025575e+01  3.493520e+02  5.6636258700769829e+01
      2600  3.2500000000001581e+00  1.2377367904663034e-01  1.0572287721498133e+00  2.751110e-01  5.491160e+00  1.486365e+00  5.665789e+01 -2.499449e+01  8.633547e+02  1.047204e+01  3.642611e+02  5.8009434161292276e+01
      2610  3.2625000000001600e+00  1.2376483734232840e-01  1.0648082212696917e+00  2.645758e-01  5.539234e+00  1.245730e+00  5.803929e+01 -3.182663e+01  9.059779e+02  1.069674e+01  3.797990e+02  5.9418191852400653e+01
      2620  3.2750000000001620e+00  1.2375593212958562e-01  1.0724709868564792e+00  2.540068e-01  5.588572e+00  1.002053e+00  5.948235e+01 -3.891582e+01  9.514178e+02  1.093089e+01  3.960424e+02  6.0864295740855340e+01
      2630  3.2875000000001640e+00  1.2374696270595600e-01  1.0802190351033678e+00  2.434093e-01  5.639184e+00  7.556224e-01  6.098823e+01 -4.625842e+01  9.997806e+02  1.117572e+01  4.130885e+02  6.2349682284794298e+01
      2640  3.3000000000001659e+00  1.2373792835222502e-01  1.0880544264724967e+00  2.327886e-01  5.691083e+00  5.067556e-01  6.255808e+01 -5.384880e+01  1.051170e+03  1.143269e+01  4.310614e+02  6.3876477665485766e+01
      2650  3.3125000000001679e+00  1.2372882833160365e-01  1.0959793202327726e+00  2.221506e-01  5.744279e+00  2.558026e-01  6.419298e+01 -6.167916e+01  1.105686e+03  1.170356e+01  4.501189e+02  6.5447016556974958e+01
      2660  3.3250000000001698e+00  1.2371966188888656e-01  1.1039959791319007e+00  2.115012e-01  5.798787e+00  3.145588e-03  6.589404e+01 -6.973928e+01  1.163425e+03  1.199039e+01  4.704619e+02  6.7063862552115438e+01
      2670  3.3375000000001718e+00  1.2371042824955172e-01  1.1121067741942756e+00  2.008466e-01  5.854620e+00 -2.507999e-01  6.766234e+01 -7.801635e+01  1.224480e+03  1.229566e+01  4.923470e+02  6.8729830367387279e+01
      2680  3.3500000000001737e+00  1.2370112661886808e-01  1.1203141896316664e+00  1.901933e-01  5.911794e+00 -5.055843e-01  6.949894e+01 -8.649476e+01  1.288938e+03  1.262228e+01  5.161022e+02  7.0448009951922387e+01
      2690  3.3625000000001757e+00  1.2369175618090128e-01  1.1286208278530647e+00  1.795478e-01  5.970326e+00 -7.607232e-01  7.140494e+01 -9.515589e+01  1.356882e+03  1.297374e+01  5.421484e+02  7.2221792627336669e+01
      2700  3.3750000000001776e+00  1.2368231609753946e-01  1.1370294145550164e+00  1.689172e-01  6.030236e+00 -1.015697e+00  7.338147e+01 -1.039779e+02  1.428391e+03  1.335414e+01  5.710271e+02  7.4054899384745056e+01
      2710  3.3875000000001796e+00  1.2367280550741196e-01  1.1455428038724076e+00  1.583085e-01  6.091545e+00 -1.269949e+00  7.542973e+01 -1.129353e+02  1.503539e+03  1.376838e+01  6.034382e+02  7.5951411462501810e+01
      2720  3.4000000000001815e+00  1.2366322352482956e-01  1.1541639835628925e+00  1.477292e-01  6.154279e+00 -1.522889e+00  7.755099e+01 -1.219994e+02  1.582397e+03  1.422223e+01  6.402892e+02  7.7915803323555764e+01
      2730  3.4125000000001835e+00  1.2365356923861040e-01  1.1628960801972494e+00  1.371867e-01  6.218463e+00 -1.773888e+00  7.974664e+01 -1.311370e+02  1.665034e+03  1.472258e+01  6.827616e+02  7.9952978143300186e+01
      2740  3.4250000000001855e+00  1.2364384171094725e-01  1.1717423643217182e+00  1.266890e-01  6.284130e+00 -2.022281e+00  8.201824e+01 -1.403113e+02  1.751516e+03  1.527754e+01  7.323997e+02  8.2068305908344470e+01
      2750  3.4375000000001874e+00  1.2363403997615932e-01  1.1807062555533603e+00  1.162439e-01  6.351314e+00 -2.267367e+00  8.436754e+01 -1.494809e+02  1.841912e+03  1.589676e+01  7.912276e+02  8.4267664212536516e+01
      2760  3.4500000000001894e+00  1.2362416303941620e-01  1.1897913275665428e+00  1.058596e-01  6.420054e+00 -2.508410e+00  8.679654e+01 -1.586000e+02  1.936293e+03  1.659163e+01  8.619069e+02  8.6557481818532139e+01
      2770  3.4625000000001913e+00  1.2361420987547855e-01  1.1990013129205472e+00  9.554442e-02  6.490395e+00 -2.744636e+00  8.930753e+01 -1.676178e+02  2.034738e+03  1.737559e+01  9.479435e+02  8.8944785031190236e+01
      2780  3.4750000000001933e+00  1.2360417942730258e-01  1.2083401076761322e+00  8.530689e-02  6.562386e+00 -2.975240e+00  9.190319e+01 -1.764789e+02  2.137334e+03  1.826450e+01  1.053962e+03  9.1437246901487953e+01
      2790  3.4875000000001952e+00  1.2359407060471322e-01  1.2178117757400480e+00  7.515562e-02  6.636082e+00 -3.199379e+00  9.458663e+01 -1.851225e+02  2.244186e+03  1.927699e+01  1.186063e+03  9.4043239246052593e+01
      2800  3.5000000000001972e+00  1.2358388228293826e-01  1.2274205528740265e+00  6.509934e-02  6.711547e+00 -3.416182e+00  9.736147e+01 -1.934824e+02  2.355419e+03  2.043488e+01  1.352292e+03  9.6771887425886177e+01
      2810  3.5125000000001991e+00  1.2357361330119629e-01  1.2371708502966503e+00  5.514690e-02  6.788851e+00 -3.624745e+00  1.002320e+02 -2.014871e+02  2.471185e+03  2.176365e+01  1.563234e+03  9.9633127777068296e+01
      2820  3.5250000000002011e+00  1.2356326246120614e-01  1.2470672578037065e+00  4.530725e-02  6.868071e+00 -3.824136e+00  1.032031e+02 -2.090593e+02  2.591676e+03  2.329284e+01  1.832780e+03  1.0263776752397379e+02
      2830  3.5375000000002030e+00  1.2355282852568555e-01  1.2571145463251674e+00  3.558938e-02  6.949294e+00 -4.013397e+00  1.062805e+02 -2.161156e+02  2.717126e+03  2.505658e+01  2.179076e+03  1.0579754692974022e+02
      2840  3.5500000000002050e+00  1.2354231021685277e-01  1.2673176698362933e+00  2.600233e-02  7.032618e+00 -4.191546e+00  1.094710e+02 -2.225670e+02  2.847829e+03  2.709397e+01  2.625703e+03  1.0912520334826397e+02
      2850  3.5625000000002069e+00  1.2353170621486710e-01  1.2776817665319586e+00  1.655520e-02  7.118150e+00 -4.357582e+00  1.127825e+02 -2.283180e+02  2.984148e+03  2.944947e+01  3.203094e+03  1.1263453673521022e+02
      2860  3.5750000000002089e+00  1.2352101515631991e-01  1.2882121591777014e+00  7.257070e-03  7.206009e+00 -4.510484e+00  1.162238e+02 -2.332669e+02  3.126533e+03  3.217318e+01  3.950211e+03  1.1634047605405526e+02
      2870  3.5875000000002109e+00  1.2351023563267516e-01  1.2989143545437010e+00 -1.882957e-03  7.296325e+00 -4.649220e+00  1.198054e+02 -2.373057e+02  3.275533e+03  3.532094e+01  4.916463e+03  1.2025914587792548e+02
      2880  3.6000000000002128e+00  1.2349936618876703e-01  1.3097940418351000e+00 -1.085579e-02  7.389243e+00 -4.772748e+00  1.235392e+02 -2.403198e+02  3.431822e+03  3.895427e+01  6.163840e+03  1.2440793234536497e+02
      2890  3.6125000000002148e+00  1.2348840532127522e-01  1.3208570900297314e+00 -1.965235e-02  7.484920e+00 -4.880019e+00  1.274390e+02 -2.421881e+02  3.596215e+03  4.314000e+01  7.769170e+03  1.2880554748345506e+02
      2900  3.6250000000002167e+00  1.2347735147722541e-01  1.3321095440437618e+00 -2.826359e-02  7.583529e+00 -4.969985e+00  1.315203e+02 -2.427826e+02  3.769697e+03  4.794964e+01  9.826377e+03  1.3347209077617836e+02
      2910  3.6375000000002187e+00  1.2346620305259451e-01  1.3435576196514769e+00 -3.668044e-02  7.685257e+00 -5.041598e+00  1.358010e+02 -2.419687e+02  3.953447e+03  5.345829e+01  1.244856e+04  1.3842910673905095e+02
      2920  3.6500000000002206e+00  1.2345495839084819e-01  1.3552076970932485e+00 -4.489385e-02  7.790308e+00 -5.093820e+00  1.403009e+02 -2.396047e+02  4.148869e+03  5.974321e+01  1.576966e+04  1.4369963717631754e+02
      2930  3.6625000000002226e+00  1.2344361578166624e-01  1.3670663133213656e+00 -5.289475e-02  7.898901e+00 -5.125622e+00  1.450429e+02 -2.355422e+02  4.357628e+03  6.688196e+01  1.994535e+04  1.4930826675450916e+02
      2940  3.6750000000002245e+00  1.2343217345961358e-01  1.3791401528419027e+00 -6.067402e-02  8.011270e+00 -5.135988e+00  1.500523e+02 -2.296252e+02  4.581682e+03  7.495003e+01  2.515296e+04  1.5528116053605845e+02
      2950  3.6875000000002265e+00  1.2342062960300895e-01  1.3914360371279368e+00 -6.822244e-02  8.127669e+00 -5.123921e+00  1.553574e+02 -2.216907e+02  4.823325e+03  8.401824e+01  3.158994e+04  1.6164609218390262e+02
      2960  3.7000000000002284e+00  1.2340898233280505e-01  1.4039609125914838e+00 -7.553068e-02  8.248364e+00 -5.088437e+00  1.609898e+02 -2.115680e+02  5.085229e+03  9.414970e+01  3.947065e+04  1.6843246167310753e+02
      2970  3.7125000000002304e+00  1.2339722971160828e-01  1.4167218371175387e+00 -8.258921e-02  8.373638e+00 -5.028576e+00  1.669844e+02 -1.990782e+02  5.370489e+03  1.053967e+02  4.902125e+04  1.7567130152367997e+02
      2980  3.7250000000002323e+00  1.2338536974278227e-01  1.4297259651762506e+00 -8.938823e-02  8.503789e+00 -4.943389e+00  1.733794e+02 -1.840344e+02  5.682669e+03  1.177974e+02  6.047258e+04  1.8339527078782683e+02
      2990  3.7375000000002343e+00  1.2337340036978109e-01  1.4429805315396638e+00 -9.591763e-02  8.639126e+00 -4.831942e+00  1.802171e+02 -1.662404e+02  6.025852e+03  1.313731e+02  7.405109e+04  1.9163863626909000e+02
      3000  3.7500000000002363e+00  1.2336131947549286e-01  1.4564928336418292e+00 -1.021668e-01  8.779970e+00 -4.693311e+00  1.875429e+02 -1.454906e+02  6.404690e+03  1.461253e+02  8.996823e+04  2.0043724069730933e+02
      3010  3.7625000000002382e+00  1.2334912488182209e-01  1.4702702126250555e+00 -1.081248e-01  8.926649e+00 -4.526568e+00  1.954065e+02 -1.215685e+02  6.824453e+03  1.620337e+02  1.084087e+05  2.0982845781054692e+02
      3020  3.7750000000002402e+00  1.2333681434937445e-01  1.4843200331253752e+00 -1.137798e-01  9.079498e+00 -4.330775e+00  2.038608e+02 -9.424596e+01  7.291074e+03  1.790548e+02  1.295185e+05  2.1985113447672890e+02
      3030  3.7875000000002421e+00  1.2332438557741503e-01  1.4986496618465210e+00 -1.191192e-01  9.238851e+00 -4.104968e+00  2.129623e+02 -6.328149e+01  7.811190e+03  1.971215e+02  1.533931e+05  2.3054552010356588e+02
      3040  3.8000000000002441e+00  1.2331183620389644e-01  1.5132664449796174e+00 -1.241297e-01  9.405041e+00 -3.848140e+00  2.227709e+02 -2.841848e+01  8.392180e+03  2.161433e+02  1.800676e+05  2.4195318361500173e+02
      3050  3.8125000000002460e+00  1.2329916380573902e-01  1.5281776845211579e+00 -1.287968e-01  9.578391e+00 -3.559219e+00  2.333492e+02  1.061698e+01  9.042184e+03  2.360078e+02  2.095084e+05  2.5411691820734296e+02
      3060  3.8250000000002480e+00  1.2328636589928765e-01  1.5433906135446684e+00 -1.331048e-01  9.759210e+00 -3.237041e+00  2.447619e+02  5.411875e+01  9.770114e+03  2.565832e+02  2.416090e+05  2.6708063392982945e+02
      3070  3.8375000000002499e+00  1.2327343994104353e-01  1.5589123704798005e+00 -1.370363e-01  9.947784e+00 -2.880319e+00  2.570754e+02  1.024037e+02  1.058564e+04  2.777209e+02  2.761879e+05  2.8088923787243300e+02
      3080  3.8500000000002519e+00  1.2326038332851519e-01  1.5747499724561691e+00 -1.405727e-01  1.014437e+01 -2.487613e+00  2.703568e+02  1.558154e+02  1.149916e+04  2.992595e+02  3.129915e+05  2.9558850139644676e+02
      3090  3.8625000000002538e+00  1.2324719340134355e-01  1.5909102877735002e+00 -1.436933e-01  1.034919e+01 -2.057285e+00  2.846724e+02  2.147283e+02  1.252173e+04  3.210288e+02  3.516996e+05  3.1122491343868433e+02
      3100  3.8750000000002558e+00  1.2323386744271257e-01  1.6074000075669272e+00 -1.463753e-01  1.056241e+01 -1.587454e+00  3.000868e+02  2.795524e+02  1.366496e+04  3.428542e+02  3.919345e+05  3.2784551848656679e+02
      3110  3.8875000000002577e+00  1.2322040268088150e-01  1.6242256167491420e+00 -1.485936e-01  1.078415e+01 -1.075951e+00  3.166607e+02  3.507384e+02  1.494087e+04  3.645603e+02  4.332722e+05  3.4549773740076773e+02
      3120  3.9000000000002597e+00  1.2320679629105717e-01  1.6413933643295104e+00 -1.503205e-01  1.101446e+01 -5.202649e-01  3.344496e+02  4.287838e+02  1.636167e+04  3.859757e+02  4.752558e+05  3.6422916890031661e+02
      3130  3.9125000000002617e+00  1.2319304539750592e-01  1.6589092332243554e+00 -1.515252e-01  1.125328e+01  8.251868e-02  3.535013e+02  5.142384e+02  1.793956e+04  4.069355e+02  5.174084e+05  3.8408736927607993e+02
      3140  3.9250000000002636e+00  1.2317914707585811e-01  1.6767789097063077e+00 -1.521739e-01  1.150050e+01  7.357707e-01  3.738536e+02  6.077107e+02  1.968636e+04  4.272849e+02  5.592475e+05  4.0511960781682643e+02
      3150  3.9375000000002656e+00  1.2316509835573929e-01  1.6950077526590861e+00 -1.522290e-01  1.175588e+01  1.443378e+00  3.955316e+02  7.098737e+02  2.161319e+04  4.468808e+02  6.002970e+05  4.2737259557972902e+02
      3160  3.9500000000002675e+00  1.2315089622358261e-01  1.7136007628369248e+00 -1.516493e-01  1.201906e+01  2.209798e+00  4.185453e+02  8.214691e+02  2.373000e+04  4.655942e+02  6.400985e+05  4.5089218556561019e+02
      3170  3.9625000000002695e+00  1.2313653762580996e-01  1.7325625523515791e+00 -1.503892e-01  1.228958e+01  3.040098e+00  4.428867e+02  9.433107e+02  2.604513e+04  4.833103e+02  6.782209e+05  4.7572304312889491e+02
      3180  3.9750000000002714e+00  1.2312201947212986e-01  1.7518973146309906e+00 -1.483987e-01  1.256680e+01  3.939983e+00  4.685271e+02  1.076283e+03  2.856482e+04  4.999295e+02  7.142675e+05  5.0190828660150260e+02
      3190  3.9875000000002734e+00  1.2310733863914383e-01  1.7716087951085240e+00 -1.456235e-01  1.284999e+01  4.915797e+00  4.954151e+02  1.221339e+03  3.129267e+04  5.153671e+02  7.478818e+05  5.2948909967276813e+02
      3200  4.0000000000002753e+00  1.2309249197426965e-01  1.7917002628967111e+00 -1.420046e-01  1.313822e+01  5.974477e+00  5.234747e+02  1.379482e+03  3.422920e+04  5.295532e+02  7.787508e+05  5.5850431905561857e+02
      3210  4.0125000000002728e+00  1.2307747629972879e-01  1.8121744836842537e+00 -1.374786e-01  1.343046e+01  7.123458e+00  5.526043e+02  1.551753e+03  3.737149e+04  5.424319e+02  8.066077e+05  5.8899000336502399e+02
      3220  4.0250000000002704e+00  1.2306228841689321e-01  1.8330336940527847e+00 -1.319785e-01  1.372553e+01  8.370504e+00  5.826774e+02  1.739186e+03  4.071287e+04  5.539605e+02  8.312332e+05  6.2097899189245300e+02
      3230  4.0375000000002679e+00  1.2304692511075330e-01  1.8542795773355962e+00 -1.254342e-01  1.402211e+01  9.723446e+00  6.135438e+02  1.942771e+03  4.424287e+04  5.641096e+02  8.524561e+05  6.5450046498371512e+02
      3240  4.0500000000002654e+00  1.2303138315463868e-01  1.8759132410389610e+00 -1.177742e-01  1.431882e+01  1.118981e+01  6.450334e+02  2.163381e+03  4.794741e+04  5.728622e+02  8.701538e+05  6.8957952087920489e+02
      3250  4.0625000000002629e+00  1.2301565931512845e-01  1.8979351957029968e+00 -1.089275e-01  1.461419e+01  1.277633e+01  6.769613e+02  2.401694e+03  5.180919e+04  5.802134e+02  8.842510e+05  7.2623678694352702e+02
      3260  4.0750000000002604e+00  1.2299975035696553e-01  1.9203453348963551e+00 -9.882631e-02  1.490676e+01  1.448835e+01  7.091349e+02  2.658094e+03  5.580833e+04  5.861708e+02  8.947204e+05  7.6448808592702881e+02
      3270  4.0875000000002579e+00  1.2298365304840547e-01  1.9431429158172739e+00 -8.740971e-02  1.519510e+01  1.632906e+01  7.413624e+02  2.932570e+03  5.992329e+04  5.907540e+02  9.015811e+05  8.0434417988569066e+02
      3280  4.1000000000002554e+00  1.2296736416648243e-01  1.9663265397192320e+00 -7.462793e-02  1.547789e+01  1.829881e+01  7.734624e+02  3.224609e+03  6.413170e+04  5.939945e+02  9.048967e+05  8.4581061517832052e+02
      3290  4.1125000000002530e+00  1.2295088050257083e-01  1.9898941311013092e+00 -6.044748e-02  1.575399e+01  2.039427e+01  8.052723e+02  3.533110e+03  6.841127e+04  5.959351e+02  9.047697e+05  8.8888769093522956e+02
      3300  4.1250000000002505e+00  1.2293419886811591e-01  2.0138429143150423e+00 -4.485680e-02  1.602248e+01  2.260783e+01  8.366559e+02  3.856331e+03  7.274025e+04  5.966283e+02  9.013336e+05  9.3357056978770038e+02
      3310  4.1375000000002480e+00  1.2291731610046036e-01  2.0381693859969068e+00 -2.787198e-02  1.628275e+01  2.492720e+01  8.675064e+02  4.191887e+03  7.709761e+04  5.961334e+02  8.947423e+05  9.7984954247834503e+02
      3320  4.1500000000002455e+00  1.2290022906914549e-01  2.0628692815463152e+00 -9.541975e-03  1.653453e+01  2.733539e+01  8.977456e+02  4.536800e+03  8.146254e+04  5.945122e+02  8.851577e+05  1.0277104460614148e+03
      3330  4.1625000000002430e+00  1.2288293468228120e-01  2.0879375338416910e+00  1.004746e-02  1.677784e+01  2.981117e+01  9.273172e+02  4.887626e+03  8.581359e+04  5.918235e+02  8.727363e+05  1.0771352174660583e+03
      3340  4.1750000000002405e+00  1.2286542989347440e-01  2.1133682225691599e+00  3.077215e-02  1.701303e+01  3.233006e+01  9.561759e+02  5.240619e+03  9.012750e+04  5.881170e+02  8.576181e+05  1.1281025390976179e+03
      3350  4.1875000000002380e+00  1.2284771170915579e-01  2.1391545130833300e+00  5.247109e-02  1.724065e+01  3.486575e+01  9.842736e+02  5.591924e+03  9.437813e+04  5.834274e+02  8.399209e+05  1.1805885000840781e+03
      3360  4.2000000000002355e+00  1.2282977719647276e-01  2.1652885846839287e+00  7.495204e-02  1.746137e+01  3.739180e+01  1.011547e+03  5.937759e+03  9.853579e+04  5.777727e+02  8.197433e+05  1.2345671558392496e+03
      3370  4.2125000000002331e+00  1.2281162349193152e-01  2.1917615497627239e+00  9.800123e-02  1.767587e+01  3.988323e+01  1.037908e+03  6.274566e+03  1.025673e+05  5.711563e+02  7.971796e+05  1.2900108242863757e+03
      3380  4.2250000000002306e+00  1.2279324781049390e-01  2.2185633674409546e+00  1.213969e-01  1.788471e+01  4.231791e+01  1.063248e+03  6.599100e+03  1.064368e+05  5.635765e+02  7.723425e+05  1.3468899184087763e+03
      3390  4.2375000000002281e+00  1.2277464745582470e-01  2.2456827580859562e+00  1.449255e-01  1.808832e+01  4.467720e+01  1.087441e+03  6.908474e+03  1.101075e+05  5.550412e+02  7.453911e+05  1.4051720935671954e+03
      3400  4.2500000000002256e+00  1.2275581983083028e-01  2.2731071281358268e+00  1.683974e-01  1.828695e+01  4.694615e+01  1.110365e+03  7.200154e+03  1.135447e+05  5.455867e+02  7.165561e+05  1.4648204997379676e+03
      3410  4.2625000000002231e+00  1.2273676244905177e-01  2.3008225176310946e+00  1.916620e-01  1.848077e+01  4.911314e+01  1.131921e+03  7.471925e+03  1.167182e+05  5.352945e+02  6.861566e+05  1.5257909936116725e+03
      3420  4.2750000000002206e+00  1.2271747294609076e-01  2.3288135850833429e+00  2.146172e-01  1.866989e+01  5.116946e+01  1.152057e+03  7.721857e+03  1.196067e+05  5.242998e+02  6.546027e+05  1.5880283384881122e+03
      3430  4.2875000000002181e+00  1.2269794909133522e-01  2.3570636445380919e+00  2.372144e-01  1.885451e+01  5.310902e+01  1.170778e+03  7.948294e+03  1.222001e+05  5.127888e+02  6.223828e+05  1.6514616549714399e+03
      3440  4.3000000000002156e+00  1.2267818879865100e-01  2.3855547670849617e+00  2.594567e-01  1.903486e+01  5.492855e+01  1.188155e+03  8.149895e+03  1.245013e+05  5.009828e+02  5.900362e+05  1.7159995563483926e+03
      3450  4.3125000000002132e+00  1.2265819013627027e-01  2.4142679544486576e+00  2.813928e-01  1.921124e+01  5.662815e+01  1.204305e+03  8.325775e+03  1.265249e+05  4.891130e+02  5.581135e+05  1.7815257404904032e+03
      3460  4.3250000000002107e+00  1.2263795133473492e-01  2.4431833842332571e+00  3.031070e-01  1.938385e+01  5.821205e+01  1.219371e+03  8.475713e+03  1.282934e+05  4.773927e+02  5.271302e+05  1.8478960370810157e+03
      3470  4.3375000000002082e+00  1.2261747079259160e-01  2.4722807158637043e+00  3.247080e-01  1.955264e+01  5.968915e+01  1.233480e+03  8.600374e+03  1.298308e+05  4.659938e+02  4.975223e+05  1.9149376270462599e+03
      3480  4.3500000000002057e+00  1.2259674707920654e-01  2.5015394381217764e+00  3.463175e-01  1.971721e+01  6.107281e+01  1.246708e+03  8.701438e+03  1.311561e+05  4.550310e+02  4.696098e+05  1.9824509687768477e+03
      3490  4.3625000000002032e+00  1.2257577893467433e-01  2.5309392331594687e+00  3.680602e-01  1.987670e+01  6.237976e+01  1.259053e+03  8.781525e+03  1.322781e+05  4.445585e+02  4.435783e+05  2.0502146404418049e+03
      3500  4.3750000000002007e+00  1.2255456526665394e-01  2.5604603290444174e+00  3.900549e-01  2.002987e+01  6.362806e+01  1.270429e+03  8.843889e+03  1.331936e+05  4.345813e+02  4.194856e+05  2.1179926233568190e+03
      3510  4.3875000000001982e+00  1.2253310514441022e-01  2.5900838157836406e+00  4.124080e-01  2.017525e+01  6.483454e+01  1.280683e+03  8.891926e+03  1.338893e+05  4.250697e+02  3.972781e+05  2.1855430995493484e+03
      3520  4.4000000000001958e+00  1.2251139779036868e-01  2.6197919068061277e+00  4.352079e-01  2.031135e+01  6.601239e+01  1.289629e+03  8.928638e+03  1.343470e+05  4.159835e+02  3.768281e+05  2.2526276751283253e+03
      3530  4.4125000000001933e+00  1.2248944256990343e-01  2.6495681364429942e+00  4.585192e-01  2.043697e+01  6.716963e+01  1.297094e+03  8.956233e+03  1.345488e+05  4.073029e+02  3.579901e+05  2.3190199536487207e+03
      3540  4.4250000000001908e+00  1.2246723897956888e-01  2.6793974925256645e+00  4.823779e-01  2.055143e+01  6.830880e+01  1.302952e+03  8.975977e+03  1.344828e+05  3.990321e+02  3.406170e+05  2.3845125904857896e+03
      3550  4.4375000000001883e+00  1.2244478663458491e-01  2.7092664903394201e+00  5.067852e-01  2.065465e+01  6.942793e+01  1.307156e+03  8.988314e+03  1.341463e+05  3.912041e+02  3.245866e+05  2.4489223772736364e+03
      3560  4.4500000000001858e+00  1.2242208525599432e-01  2.7391631980551865e+00  5.317011e-01  2.074723e+01  7.052233e+01  1.309743e+03  8.993184e+03  1.335465e+05  3.838786e+02  3.098247e+05  2.5120933311062217e+03
      3570  4.4625000000001833e+00  1.2239913465764218e-01  2.7690772242809261e+00  5.570395e-01  2.083028e+01  7.158654e+01  1.310832e+03  8.990420e+03  1.327004e+05  3.770986e+02  2.962615e+05  2.5738979285330151e+03
      3580  4.4750000000001808e+00  1.2237593473347297e-01  2.7989996777346935e+00  5.826658e-01  2.090525e+01  7.261590e+01  1.310593e+03  8.980058e+03  1.316326e+05  3.708790e+02  2.838343e+05  2.6342367401645288e+03
      3590  4.4875000000001783e+00  1.2235248544526497e-01  2.8289231076925114e+00  6.083984e-01  2.097365e+01  7.360754e+01  1.309227e+03  8.962520e+03  1.303724e+05  3.652093e+02  2.725112e+05  2.6930370223133405e+03
      3600  4.5000000000001759e+00  1.2232878681096845e-01  2.8588414305548073e+00  6.340159e-01  2.103684e+01  7.456045e+01  1.306928e+03  8.938609e+03  1.289512e+05  3.600299e+02  2.622455e+05  2.7502508223280856e+03
      3610  4.5125000000001734e+00  1.2230483889356858e-01  2.8887498443161181e+00  6.592714e-01  2.109586e+01  7.547498e+01  1.303865e+03  8.909375e+03  1.273999e+05  3.552473e+02  2.529579e+05  2.8058528156338716e+03
      3620  4.5250000000001709e+00  1.2228064179092318e-01  2.9186447310045391e+00  6.839100e-01  2.115132e+01  7.635222e+01  1.300172e+03  8.875960e+03  1.257471e+05  3.507728e+02  2.445581e+05  2.8598380076147719e+03
      3630  4.5375000000001684e+00  1.2225619562630341e-01  2.9485235462908403e+00  7.076899e-01  2.120345e+01  7.719338e+01  1.295951e+03  8.839464e+03  1.240184e+05  3.465222e+02  2.369304e+05  2.9122194928173503e+03
      3640  4.5500000000001659e+00  1.2223150054004653e-01  2.9783846949555128e+00  7.304023e-01  2.125217e+01  7.799902e+01  1.291279e+03  8.800839e+03  1.222368e+05  3.424104e+02  2.299518e+05  2.9630263546227079e+03
      3650  4.5625000000001634e+00  1.2220655668225622e-01  3.0082273912635431e+00  7.518889e-01  2.129723e+01  7.876881e+01  1.286226e+03  8.760859e+03  1.204227e+05  3.383695e+02  2.235178e+05  3.0123017683442094e+03
      3660  4.5750000000001609e+00  1.2218136420670037e-01  3.0380515033136106e+00  7.720524e-01  2.133837e+01  7.950179e+01  1.280869e+03  8.720188e+03  1.185959e+05  3.343620e+02  2.175291e+05  3.0601013335718217e+03
      3670  4.5875000000001585e+00  1.2215592326618149e-01  3.0678573806780758e+00  7.908577e-01  2.137544e+01  8.019702e+01  1.275304e+03  8.679477e+03  1.167772e+05  3.303735e+02  2.119094e+05  3.1064915822150770e+03
      3680  4.6000000000001560e+00  1.2213023400930030e-01  3.0976456660136042e+00  8.083275e-01  2.140852e+01  8.085425e+01  1.269648e+03  8.639418e+03  1.149887e+05  3.264045e+02  2.066576e+05  3.1515484548337381e+03
      3690  4.6125000000001535e+00  1.2210429657896185e-01  3.1274170944138575e+00  8.245297e-01  2.143798e+01  8.147459e+01  1.264037e+03  8.600776e+03  1.132542e+05  3.224717e+02  2.017758e+05  3.1953557353608885e+03
      3700  4.6250000000001510e+00  1.2207811111242362e-01  3.1571722858182114e+00  8.395619e-01  2.146442e+01  8.206096e+01  1.258625e+03  8.564424e+03  1.115985e+05  3.186101e+02  1.972409e+05  3.2380035752898666e+03
      3710  4.6375000000001485e+00  1.2205167774329982e-01  3.1869115365689105e+00  8.535333e-01  2.148863e+01  8.261822e+01  1.253573e+03  8.531366e+03  1.100474e+05  3.148671e+02  1.931051e+05  3.2795871813498443e+03
      3720  4.6500000000001460e+00  1.2202499660499599e-01  3.2166346166960462e+00  8.665499e-01  2.151151e+01  8.315274e+01  1.249046e+03  8.502738e+03  1.086261e+05  3.112949e+02  1.894147e+05  3.3202055611985138e+03
      3730  4.6625000000001435e+00  1.2199806783603906e-01  3.2463405811327037e+00  8.787039e-01  2.153399e+01  8.367172e+01  1.245201e+03  8.479753e+03  1.073589e+05  3.079405e+02  1.861758e+05  3.3599600912199166e+03
      3740  4.6750000000001410e+00  1.2197089158668695e-01  3.2760276048098316e+00  8.900687e-01  2.155692e+01  8.418227e+01  1.242181e+03  8.463629e+03  1.062674e+05  3.048401e+02  1.834506e+05  3.3989529432177073e+03
      3750  4.6875000000001386e+00  1.2194346802680575e-01  3.3056928512787738e+00  9.006978e-01  2.158107e+01  8.469067e+01  1.240107e+03  8.455511e+03  1.053706e+05  3.020166e+02  1.812345e+05  3.4372854437855226e+03
      3760  4.7000000000001361e+00  1.2191579735471086e-01  3.3353323834454893e+00  9.106276e-01  2.160701e+01  8.520178e+01  1.239078e+03  8.456386e+03  1.046846e+05  2.994769e+02  1.795107e+05  3.4750564497914888e+03
      3770  4.7125000000001336e+00  1.2188787980643716e-01  3.3649411227072328e+00  9.198810e-01  2.163510e+01  8.571867e+01  1.239165e+03  8.467034e+03  1.042222e+05  2.972134e+02  1.782848e+05  3.5123606844525257e+03
      3780  4.7250000000001311e+00  1.2185971566525033e-01  3.3945128606052135e+00  9.284706e-01  2.166550e+01  8.624248e+01  1.240412e+03  8.487992e+03  1.039938e+05  2.952054e+02  1.774952e+05  3.5492868887160666e+03
      3790  4.7375000000001286e+00  1.2183130527068806e-01  3.4240403250855911e+00  9.364013e-01  2.169812e+01  8.677251e+01  1.242842e+03  8.519562e+03  1.040072e+05  2.934221e+02  1.771105e+05  3.5859157919356530e+03
      3800  4.7500000000001261e+00  1.2180264902692632e-01  3.4535153005418708e+00  9.436712e-01  2.173269e+01  8.730648e+01  1.246458e+03  8.561842e+03  1.042687e+05  2.918269e+02  1.770895e+05  3.6223180291720355e+03
      3810  4.7625000000001236e+00  1.2177374740984599e-01  3.4829287974567809e+00  9.502716e-01  2.176886e+01  8.784093e+01  1.251252e+03  8.614781e+03  1.047835e+05  2.903800e+02  1.773633e+05  3.6585522386304247e+03
      3820  4.7750000000001211e+00  1.2174460097270143e-01  3.5122712636699660e+00  9.561875e-01  2.180632e+01  8.837184e+01  1.257217e+03  8.678246e+03  1.055569e+05  2.890437e+02  1.778944e+05  3.6946636379545325e+03
      3830  4.7875000000001187e+00  1.2171521034955793e-01  3.5415328254463589e+00  9.613977e-01  2.184483e+01  8.889515e+01  1.264351e+03  8.752098e+03  1.065947e+05  2.877863e+02  1.786445e+05  3.7306833539036215e+03
      3840  4.8000000000001162e+00  1.2168557625707883e-01  3.5707035435054815e+00  9.658751e-01  2.188442e+01  8.940725e+01  1.272667e+03  8.836242e+03  1.079044e+05  2.865848e+02  1.795738e+05  3.7666287330551240e+03
      3850  4.8125000000001137e+00  1.2165569949386823e-01  3.5997736673782432e+00  9.695877e-01  2.192534e+01  8.990519e+01  1.282198e+03  8.930665e+03  1.094956e+05  2.854263e+02  1.806643e+05  3.8025047400351341e+03
      3860  4.8250000000001112e+00  1.2162558093793971e-01  3.6287338719816100e+00  9.724984e-01  2.196807e+01  9.038669e+01  1.292997e+03  9.035446e+03  1.113799e+05  2.843075e+02  1.819121e+05  3.8383064520051216e+03
      3870  4.8375000000001087e+00  1.2159522154231134e-01  3.6575754621652798e+00  9.745654e-01  2.201323e+01  9.084985e+01  1.305136e+03  9.150725e+03  1.135711e+05  2.832312e+02  1.833171e+05  3.8740224860308026e+03
      3880  4.8500000000001062e+00  1.2156462232904033e-01  3.6862905333189961e+00  9.757440e-01  2.206152e+01  9.129282e+01  1.318697e+03  9.276662e+03  1.160845e+05  2.822020e+02  1.848828e+05  3.9096386657956955e+03
      3890  4.8625000000001037e+00  1.2153378438224290e-01  3.7148720832810991e+00  9.759891e-01  2.211355e+01  9.171346e+01  1.333763e+03  9.413378e+03  1.189364e+05  2.812218e+02  1.866125e+05  3.9451414971276181e+03
      3900  4.8750000000001013e+00  1.2150270884024614e-01  3.7433140761764458e+00  9.752619e-01  2.216983e+01  9.210936e+01  1.350413e+03  9.560902e+03  1.221430e+05  2.802871e+02  1.885060e+05  3.9805214103806584e+03
      3910  4.8875000000000988e+00  1.2147139688751522e-01  3.7716114591666114e+00  9.735368e-01  2.223069e+01  9.247815e+01  1.368709e+03  9.719139e+03  1.257194e+05  2.793895e+02  1.905581e+05  4.0157749908109831e+03
      3920  4.9000000000000963e+00  1.2143984974659330e-01  3.7997601395130891e+00  9.708102e-01  2.229633e+01  9.281794e+01  1.388697e+03  9.887843e+03  1.296790e+05  2.785177e+02  1.927614e+05  4.0509062043183203e+03
      3930  4.9125000000000938e+00  1.2140806867031387e-01  3.8277569306304535e+00  9.671063e-01  2.236684e+01  9.312775e+01  1.410401e+03  1.006659e+04  1.340319e+05  2.776628e+02  1.951107e+05  4.0859270717037916e+03
      3940  4.9250000000000913e+00  1.2137605493461609e-01  3.8555994721603515e+00  9.624793e-01  2.244223e+01  9.340733e+01  1.433818e+03  1.025469e+04  1.387839e+05  2.768217e+02  1.976056e+05  4.1208574958303816e+03
      3950  4.9375000000000888e+00  1.2134380983208479e-01  3.8832861314782035e+00  9.570091e-01  2.252240e+01  9.365640e+01  1.458905e+03  1.045110e+04  1.439347e+05  2.759977e+02  2.002495e+05  4.1557245617399458e+03
      3960  4.9500000000000863e+00  1.2131133466634222e-01  3.9108158928867924e+00  9.507908e-01  2.260712e+01  9.387325e+01  1.485580e+03  1.065426e+04  1.494762e+05  2.751985e+02  2.030436e+05  4.1905617738755873e+03
      3970  4.9625000000000838e+00  1.2127863074743521e-01  3.9381882373533168e+00  9.439198e-01  2.269590e+01  9.405329e+01  1.513704e+03  1.086198e+04  1.553919e+05  2.744314e+02  2.059788e+05  4.2254081907093860e+03
      3980  4.9750000000000814e+00  1.2124569938816503e-01  3.9654030162400780e+00  9.364757e-01  2.278797e+01  9.418793e+01  1.543090e+03  1.107140e+04  1.616564e+05  2.736983e+02  2.090289e+05  4.2603075191927892e+03
      3990  4.9875000000000789e+00  1.2121254190156547e-01  3.9924603226217084e+00  9.285081e-01  2.288225e+01  9.426434e+01  1.573505e+03  1.127901e+04  1.682358e+05  2.729920e+02  2.121479e+05  4.2953073259467355e+03
      4000  5.0000000000000764e+00  1.2117915959940556e-01  4.0193603626743375e+00  9.200272e-01  2.297739e+01  9.426599e+01  1.604683e+03  1.148078e+04  1.750882e+05  2.722951e+02  2.152718e+05  4.3304583396583394e+03
      4010  5.0125000000000739e+00  1.2114555379174967e-01  4.0461033299893510e+00  9.110023e-01  2.307182e+01  9.417389e+01  1.636338e+03  1.167224e+04  1.821654e+05  2.715812e+02  2.183243e+05  4.3658137441196304e+03
      4020  5.0250000000000714e+00  1.2111172578750701e-01  4.0726892862909612e+00  9.013661e-01  2.316398e+01  9.396803e+01  1.668182e+03  1.184870e+04  1.894138e+05  2.708175e+02  2.212220e+05  4.4014284081182150e+03
      4030  5.0375000000000689e+00  1.2107767689608326e-01  4.0991180520206889e+00  8.910258e-01  2.325236e+01  9.362875e+01  1.699929e+03  1.200533e+04  1.967758e+05  2.699674e+02  2.238802e+05  4.4373580078404648e+03
      4040  5.0500000000000664e+00  1.2104340842964423e-01  4.1253891103881255e+00  8.798774e-01  2.333567e+01  9.313781e+01  1.731308e+03  1.213737e+04  2.041916e+05  2.689931e+02  2.262160e+05  4.4736580020867341e+03
      4050  5.0625000000000639e+00  1.2100892170642399e-01  4.1515015284187715e+00  8.678210e-01  2.341285e+01  9.247912e+01  1.762066e+03  1.224024e+04  2.116008e+05  2.678581e+02  2.281507e+05  4.5103824539960233e+03
      4060  5.0750000000000615e+00  1.2097421805426908e-01  4.1774538979345843e+00  8.547753e-01  2.348314e+01  9.163933e+01  1.791974e+03  1.230968e+04  2.189451e+05  2.665292e+02  2.296123e+05  4.5475827152713482e+03
      4070  5.0875000000000590e+00  1.2093929881489809e-01  4.2032442987623275e+00  8.406891e-01  2.354600e+01  9.060829e+01  1.820831e+03  1.234188e+04  2.261695e+05  2.649782e+02  2.305373e+05  4.5853060191039312e+03
      4080  5.1000000000000565e+00  1.2090416534818384e-01  4.2288702857794096e+00  8.255485e-01  2.360111e+01  8.937945e+01  1.848467e+03  1.233362e+04  2.332243e+05  2.631846e+02  2.308739e+05  4.6235940702068001e+03
      4090  5.1125000000000540e+00  1.2086881903651167e-01  4.2543289002833156e+00  8.093796e-01  2.364825e+01  8.795034e+01  1.874742e+03  1.228233e+04  2.400671e+05  2.611369e+02  2.305850e+05  4.6624817154413131e+03
      4100  5.1250000000000515e+00  1.2083326128889982e-01  4.2796167049840701e+00  7.922478e-01  2.368731e+01  8.632287e+01  1.899544e+03  1.218624e+04  2.466632e+05  2.588345e+02  2.296516e+05  4.7019957557360840e+03
      4110  5.1375000000000490e+00  1.2079749354482731e-01  4.3047298410675969e+00  7.742526e-01  2.371820e+01  8.450346e+01  1.922790e+03  1.204442e+04  2.529869e+05  2.562876e+02  2.280747e+05  4.7421539801437721e+03
      4120  5.1500000000000465e+00  1.2076151727735412e-01  4.3296641049168230e+00  7.555207e-01  2.374090e+01  8.250295e+01  1.944422e+03  1.185679e+04  2.590211e+05  2.535171e+02  2.258763e+05  4.7829644976156260e+03
      4130  5.1625000000000441e+00  1.2072533399571946e-01  4.3544150410481386e+00  7.361969e-01  2.375539e+01  8.033611e+01  1.964405e+03  1.162419e+04  2.647578e+05  2.505518e+02  2.230980e+05  4.8244253870499178e+03
      4140  5.1750000000000416e+00  1.2068894524694485e-01  4.3789780472759325e+00  7.164355e-01  2.376173e+01  7.802096e+01  1.982730e+03  1.134823e+04  2.701972e+05  2.474257e+02  2.197984e+05  4.8665246791293157e+03
      4150  5.1875000000000391e+00  1.2065235261658167e-01  4.4033484878894047e+00  6.963914e-01  2.376004e+01  7.557779e+01  1.999411e+03  1.103130e+04  2.753475e+05  2.441743e+02  2.160480e+05  4.9092406991451862e+03
      4160  5.2000000000000366e+00  1.2061555772862551e-01  4.4275218103815552e+00  6.762134e-01  2.375054e+01  7.302816e+01  2.014487e+03  1.067640e+04  2.802238e+05  2.408316e+02  2.119237e+05  4.9525427579692068e+03
      4170  5.2125000000000341e+00  1.2057856224416408e-01  4.4514936611508249e+00  6.560377e-01  2.373355e+01  7.039395e+01  2.028024e+03  1.028701e+04  2.848470e+05  2.374272e+02  2.075039e+05  4.9963921278108428e+03
      4180  5.2250000000000316e+00  1.2054136785941930e-01  4.4752599959265051e+00  6.359854e-01  2.370952e+01  6.769652e+01  2.040108e+03  9.867006e+03  2.892422e+05  2.339856e+02  2.028633e+05  5.0407432340725727e+03
      4190  5.2375000000000291e+00  1.2050397630265854e-01  4.4988171812628810e+00  6.161598e-01  2.367901e+01  6.495615e+01  2.050844e+03  9.420514e+03  2.934372e+05  2.305254e+02  1.980700e+05  5.0855450116775983e+03
      4200  5.2500000000000266e+00  1.2046638933040575e-01  4.5221620839622645e+00  5.966469e-01  2.364272e+01  6.219169e+01  2.060350e+03  8.951864e+03  2.974598e+05  2.270608e+02  1.931838e+05  5.1307423711847259e+03
      4210  5.2625000000000242e+00  1.2042860872297201e-01  4.5452921458935656e+00  5.775161e-01  2.360139e+01  5.942046e+01  2.068748e+03  8.465514e+03  3.013361e+05  2.236023e+02  1.882558e+05  5.1762777055275828e+03
      4220  5.2750000000000217e+00  1.2039063627943361e-01  4.5682054424088712e+00  5.588223e-01  2.355585e+01  5.665835e+01  2.076159e+03  7.966030e+03  3.050877e+05  2.201584e+02  1.833287e+05  5.2220923673465286e+03
      4230  5.2875000000000192e+00  1.2035247381205347e-01  4.5909007233732133e+00  5.406089e-01  2.350694e+01  5.391998e+01  2.082691e+03  7.458056e+03  3.087295e+05  2.167370e+02  1.784383e+05  5.2681280540795287e+03
      4240  5.3000000000000167e+00  1.2031412314073306e-01  4.6133774365880509e+00  5.229095e-01  2.345550e+01  5.121900e+01  2.088433e+03  6.946302e+03  3.122677e+05  2.133460e+02  1.736143e+05  5.3143280539297994e+03
      4250  5.3125000000000142e+00  1.2027558608702704e-01  4.6356357340779715e+00  5.057513e-01  2.340232e+01  4.856823e+01  2.093449e+03  6.435525e+03  3.156984e+05  2.099942e+02  1.688815e+05  5.3606383098727883e+03
      4260  5.3250000000000117e+00  1.2023686446835292e-01  4.6576764623465596e+00  4.891570e-01  2.334808e+01  4.597995e+01  2.097772e+03  5.930498e+03  3.190062e+05  2.066912e+02  1.642608e+05  5.4070082511271694e+03
      4270  5.3375000000000092e+00  1.2019796009225678e-01  4.6795011383840555e+00  4.731472e-01  2.329338e+01  4.346597e+01  2.101403e+03  5.435983e+03  3.221639e+05  2.034472e+02  1.597692e+05  5.4533913555022054e+03
      4280  5.3500000000000068e+00  1.2015887475107925e-01  4.7011119138040760e+00  4.577415e-01  2.323866e+01  4.103776e+01  2.104308e+03  4.956683e+03  3.251322e+05  2.002726e+02  1.554205e+05  5.4997454181941976e+03
      4290  5.3625000000000043e+00  1.2011961021661587e-01  4.7225115299652369e+00  4.429607e-01  2.318424e+01  3.870645e+01  2.106418e+03  4.497205e+03  3.278609e+05  1.971773e+02  1.512254e+05  5.5460325064644749e+03
      4300  5.3750000000000018e+00  1.2008016823567287e-01  4.7437032673725188e+00  4.288274e-01  2.313026e+01  3.648288e+01  2.107639e+03  4.062006e+03  3.302903e+05  1.941701e+02  1.471910e+05  5.5922185891707932e+03
      4310  5.3874999999999993e+00  1.2004055052557641e-01  4.7646908929963878e+00  4.153672e-01  2.307673e+01  3.437757e+01  2.107852e+03  3.655345e+03  3.323531e+05  1.912581e+02  1.433213e+05  5.6382728460665439e+03
      4320  5.3999999999999968e+00  1.2000075877045134e-01  4.7854786093459225e+00  4.026093e-01  2.302353e+01  3.240064e+01  2.106921e+03  3.281228e+03  3.339781e+05  1.884458e+02  1.396169e+05  5.6841666767197512e+03
      4330  5.4124999999999943e+00  1.1996079461770481e-01  4.8060710091720917e+00  3.905873e-01  2.297043e+01  3.056182e+01  2.104705e+03  2.943363e+03  3.350936e+05  1.857349e+02  1.360750e+05  5.7298724422325358e+03
      4340  5.4249999999999918e+00  1.1992065967498103e-01  4.8264730395644087e+00  3.793387e-01  2.291710e+01  2.887038e+01  2.101068e+03  2.645103e+03  3.356318e+05  1.831238e+02  1.326890e+05  5.7753619913081147e+03
      4350  5.4374999999999893e+00  1.1988035550729284e-01  4.8466899789304811e+00  3.689057e-01  2.286315e+01  2.733510e+01  2.095889e+03  2.389398e+03  3.355345e+05  1.806074e+02  1.294484e+05  5.8206050392270681e+03
      4360  5.4499999999999869e+00  1.1983988363424758e-01  4.8667274298639427e+00  3.593345e-01  2.280821e+01  2.596421e+01  2.089078e+03  2.178750e+03  3.347579e+05  1.781768e+02  1.263384e+05  5.8655674771568411e+03
      4370  5.4624999999999844e+00  1.1979924552738282e-01  4.8865913303644852e+00  3.506746e-01  2.275188e+01  2.476537e+01  2.080587e+03  2.015177e+03  3.332779e+05  1.758197e+02  1.233391e+05  5.9102096891209239e+03
      4380  5.4749999999999819e+00  1.1975844260720048e-01  4.9062879852285644e+00  3.429787e-01  2.269384e+01  2.374559e+01  2.070421e+03  1.900183e+03  3.310957e+05  1.735206e+02  1.204252e+05  5.9544849469951396e+03
      4390  5.4874999999999794e+00  1.1971747623993734e-01  4.9258241188768883e+00  3.363011e-01  2.263385e+01  2.291123e+01  2.058647e+03  1.834747e+03  3.282410e+05  1.712615e+02  1.175662e+05  5.9983379440701083e+03
      4400  5.4999999999999769e+00  1.1967634773375926e-01  4.9452069502806015e+00  3.306974e-01  2.257179e+01  2.226788e+01  2.045401e+03  1.819318e+03  3.247747e+05  1.690231e+02  1.147268e+05  6.0417035143445028e+03
      4410  5.5124999999999744e+00  1.1963505833422700e-01  4.9644442902057184e+00  3.262222e-01  2.250762e+01  2.182030e+01  2.030886e+03  1.853831e+03  3.207897e+05  1.667863e+02  1.118684e+05  6.0845055721144281e+03
      4420  5.5249999999999719e+00  1.1959360921895175e-01  4.9835446604683238e+00  3.229287e-01  2.244148e+01  2.157231e+01  2.015374e+03  1.937729e+03  3.164092e+05  1.645343e+02  1.089519e+05  6.1266563037109727e+03
      4430  5.5374999999999694e+00  1.1955200149108583e-01  5.0025174344133463e+00  3.208669e-01  2.237359e+01  2.152663e+01  1.999189e+03  2.069993e+03  3.117823e+05  1.622545e+02  1.059412e+05  6.1680556528290572e+03
      4440  5.5499999999999670e+00  1.1951023617155411e-01  5.0213729970919410e+00  3.200821e-01  2.230428e+01  2.168478e+01  1.982699e+03  2.249182e+03  3.070781e+05  1.599407e+02  1.028080e+05  6.2085911637187146e+03
      4450  5.5624999999999645e+00  1.1946831418990826e-01  5.0401229226732536e+00  3.206134e-01  2.223396e+01  2.204685e+01  1.966290e+03  2.473473e+03  3.024768e+05  1.575948e+02  9.953576e+04  6.2481382738269731e+03
      4460  5.5749999999999620e+00  1.1942623637370328e-01  5.0587801652968931e+00  3.224923e-01  2.216306e+01  2.261138e+01  1.950349e+03  2.740701e+03  2.981599e+05  1.552285e+02  9.612493e+04  6.2865611562368013e+03
      4470  5.5874999999999595e+00  1.1938400343612535e-01  5.0773592580257407e+00  3.257416e-01  2.209198e+01  2.337522e+01  1.935229e+03  3.048399e+03  2.942992e+05  1.528639e+02  9.259526e+04  6.3237142152475753e+03
      4480  5.5999999999999570e+00  1.1934161596207465e-01  5.0958765129007970e+00  3.303738e-01  2.202111e+01  2.433341e+01  1.921234e+03  3.393825e+03  2.910453e+05  1.505334e+02  8.898936e+04  6.3594443589925831e+03
      4490  5.6124999999999545e+00  1.1929907439243592e-01  5.1143502134057357e+00  3.363905e-01  2.195072e+01  2.547911e+01  1.908586e+03  3.773981e+03  2.885177e+05  1.482790e+02  8.537126e+04  6.3935941542218206e+03
      4500  5.6249999999999520e+00  1.1925637900705263e-01  5.1328007889995657e+00  3.437810e-01  2.188097e+01  2.680352e+01  1.897413e+03  4.185615e+03  2.867949e+05  1.461509e+02  8.182621e+04  6.4260058765722270e+03
      4510  5.6374999999999496e+00  1.1921352990611156e-01  5.1512509603705352e+00  3.525223e-01  2.181190e+01  2.829595e+01  1.887732e+03  4.625202e+03  2.859077e+05  1.442055e+02  7.845620e+04  6.4565263919139725e+03
      4520  5.6499999999999471e+00  1.1917052699066594e-01  5.1697258441089780e+00  3.625780e-01  2.174340e+01  2.994376e+01  1.879443e+03  5.088912e+03  2.858349e+05  1.425027e+02  7.537647e+04  6.4850127642574353e+03
      4530  5.6624999999999446e+00  1.1912736994238371e-01  5.1882530061160423e+00  3.738986e-01  2.167527e+01  3.173247e+01  1.872334e+03  5.572550e+03  2.865021e+05  1.411033e+02  7.271013e+04  6.5113383911015626e+03
      4540  5.6749999999999421e+00  1.1908405820308859e-01  5.2068624544694089e+00  3.864216e-01  2.160719e+01  3.364586e+01  1.866095e+03  6.071498e+03  2.877838e+05  1.400662e+02  7.058305e+04  6.5353993358161306e+03
      4550  5.6874999999999396e+00  1.1904059095475111e-01  5.2255865651079709e+00  4.000715e-01  2.153883e+01  3.566606e+01  1.860331e+03  6.580656e+03  2.895094e+05  1.394452e+02  6.911844e+04  6.5571204681832623e+03
      4560  5.6999999999999371e+00  1.1899696710017076e-01  5.2444599373681875e+00  4.147610e-01  2.146984e+01  3.777379e+01  1.854594e+03  7.094413e+03  2.914727e+05  1.392859e+02  6.843148e+04  6.5764610462571600e+03
      4570  5.7124999999999346e+00  1.1895318524542836e-01  5.2635191801280721e+00  4.303917e-01  2.139995e+01  3.994861e+01  1.848414e+03  7.606651e+03  2.934435e+05  1.396234e+02  6.862452e+04  6.5934194038555488e+03
      4580  5.7249999999999321e+00  1.1890924368418662e-01  5.2828026329091946e+00  4.468556e-01  2.132902e+01  4.216929e+01  1.841331e+03  8.110816e+03  2.951821e+05  1.404791e+02  6.978237e+04  6.6080364248836577e+03
      4590  5.7374999999999297e+00  1.1886514038458063e-01  5.3023500297855239e+00  4.640373e-01  2.125709e+01  4.441430e+01  1.832935e+03  8.600064e+03  2.964554e+05  1.418590e+02  7.196740e+04  6.6203975496619296e+03
      4600  5.7499999999999272e+00  1.1882087297921889e-01  5.3222021171105052e+00  4.818153e-01  2.118443e+01  4.666237e+01  1.822895e+03  9.067483e+03  2.970522e+05  1.437518e+02  7.521449e+04  6.6306332188244996e+03
      4610  5.7624999999999247e+00  1.1877643875839050e-01  5.3424002382215434e+00  5.000648e-01  2.111158e+01  4.889317e+01  1.810990e+03  9.506382e+03  2.967984e+05  1.461275e+02  7.952558e+04  6.6389178447887343e+03
      4620  5.7749999999999222e+00  1.1873183466692230e-01  5.3629858989969037e+00  5.186605e-01  2.103939e+01  5.108801e+01  1.797131e+03  9.910644e+03  2.955694e+05  1.489371e+02  8.486431e+04  6.6454674873478025e+03
      4630  5.7874999999999197e+00  1.1868705730459780e-01  5.3840003278807114e+00  5.374784e-01  2.096900e+01  5.323062e+01  1.781373e+03  1.027510e+04  2.932991e+05  1.521131e+02  9.115095e+04  6.6505364258838354e+03
      4640  5.7999999999999172e+00  1.1864210293031935e-01  5.4054840433351794e+00  5.563990e-01  2.090182e+01  5.530781e+01  1.763926e+03  1.059590e+04  2.899852e+05  1.555707e+02  9.825876e+04  6.6544129295927287e+03
      4650  5.8124999999999147e+00  1.1859696746971018e-01  5.4274764405297162e+00  5.753093e-01  2.083955e+01  5.731010e+01  1.745141e+03  1.087084e+04  2.856893e+05  1.592113e+02  1.060134e+05  6.6574146508301392e+03
      4660  5.8249999999999122e+00  1.1855164652610024e-01  5.4500154072413354e+00  5.941046e-01  2.078406e+01  5.923213e+01  1.725507e+03  1.109959e+04  2.805324e+05  1.629256e+02  1.141968e+05  6.6598839056391780e+03
      4670  5.8374999999999098e+00  1.1850613539458479e-01  5.4731369773343310e+00  6.126908e-01  2.073741e+01  6.107300e+01  1.705623e+03  1.128384e+04  2.746870e+05  1.665990e+02  1.225550e+05  6.6621828633121340e+03
      4680  5.8499999999999073e+00  1.1846042907867106e-01  5.4968750297063398e+00  6.309847e-01  2.070172e+01  6.283626e+01  1.686173e+03  1.142732e+04  2.683662e+05  1.701177e+02  1.308114e+05  6.6646887780095922e+03
      4690  5.8624999999999048e+00  1.1841452230936825e-01  5.5212610398608355e+00  6.489151e-01  2.067912e+01  6.452983e+01  1.667904e+03  1.153566e+04  2.618114e+05  1.733742e+02  1.386852e+05  6.6677893982614432e+03
      4700  5.8749999999999023e+00  1.1836840956602114e-01  5.5463238901943317e+00  6.664223e-01  2.067171e+01  6.616565e+01  1.651591e+03  1.161625e+04  2.552800e+05  1.762739e+02  1.459101e+05  6.6718782825062499e+03
      4710  5.8874999999998998e+00  1.1832208509845674e-01  5.5720897451462577e+00  6.834578e-01  2.068144e+01  6.775927e+01  1.638017e+03  1.167788e+04  2.490345e+05  1.787398e+02  1.522555e+05  6.6773499020357322e+03
      4720  5.8999999999998973e+00  1.1827554294992461e-01  5.5985819962641834e+00  6.999832e-01  2.071013e+01  6.932923e+01  1.627953e+03  1.173047e+04  2.433346e+05  1.807165e+02  1.575430e+05  6.6845950184821877e+03
      4730  5.9124999999998948e+00  1.1822877698020164e-01  5.6258212776279484e+00  7.159685e-01  2.075935e+01  7.089650e+01  1.622140e+03  1.178472e+04  2.384307e+05  1.821714e+02  1.616578e+05  6.6939965723376172e+03
      4740  5.9249999999998924e+00  1.1818178088823816e-01  5.6538255469860719e+00  7.313903e-01  2.083047e+01  7.248388e+01  1.621287e+03  1.185181e+04  2.345620e+05  1.830956e+02  1.645572e+05  6.7059260341726203e+03
      4750  5.9374999999998899e+00  1.1813454823395203e-01  5.6826102238066856e+00  7.462300e-01  2.092457e+01  7.411539e+01  1.626059e+03  1.194319e+04  2.319561e+05  1.835016e+02  1.662649e+05  6.7207409736343652e+03
      4760  5.9499999999998874e+00  1.1808707245865131e-01  5.7121883694909679e+00  7.604715e-01  2.104248e+01  7.581569e+01  1.637082e+03  1.207036e+04  2.308313e+05  1.834201e+02  1.668552e+05  6.7387846849080452e+03
      4770  5.9624999999998849e+00  1.1803934690391255e-01  5.7425708899541794e+00  7.740994e-01  2.118477e+01  7.760953e+01  1.654938e+03  1.224478e+04  2.313991e+05  1.828957e+02  1.664512e+05  6.7603874446602340e+03
      4780  5.9749999999998824e+00  1.1799136482857846e-01  5.7737667412452112e+00  7.870973e-01  2.135173e+01  7.952121e+01  1.680169e+03  1.247775e+04  2.338679e+05  1.819820e+02  1.652108e+05  6.7858687263520169e+03
      4790  5.9874999999998799e+00  1.1794311942444038e-01  5.8057831221252982e+00  7.994461e-01  2.154340e+01  8.157391e+01  1.713267e+03  1.278034e+04  2.384448e+05  1.807368e+02  1.632873e+05  6.8155403587334640e+03
      4800  5.9999999999998774e+00  1.1789460383001960e-01  5.8386256418734028e+00  8.111231e-01  2.175954e+01  8.378890e+01  1.754669e+03  1.316327e+04  2.453362e+05  1.792179e+02  1.608267e+05  6.8497100353396108e+03
      4810  6.0124999999998749e+00  1.1784581114333528e-01  5.8722984603092918e+00  8.221011e-01  2.199964e+01  8.618473e+01  1.804736e+03  1.363678e+04  2.547446e+05  1.774817e+02  1.579778e+05  6.8886836644909927e+03
      4820  6.0249999999998725e+00  1.1779673443354444e-01  5.9068044088965781e+00  8.323479e-01  2.226294e+01  8.877623e+01  1.863736e+03  1.421028e+04  2.668631e+05  1.755816e+02  1.548604e+05  6.9327655879630893e+03
      4830  6.0374999999998700e+00  1.1774736675154507e-01  5.9421451122635105e+00  8.418263e-01  2.254843e+01  9.157340e+01  1.931816e+03  1.489203e+04  2.818652e+05  1.735674e+02  1.515535e+05  6.9822564855487544e+03
      4840  6.0499999999998675e+00  1.1769770113946296e-01  5.9783211396489158e+00  8.504936e-01  2.285487e+01  9.458029e+01  2.008980e+03  1.568864e+04  2.998926e+05  1.714882e+02  1.481230e+05  7.0374485348776598e+03
      4850  6.0624999999998650e+00  1.1764773063870802e-01  6.0153322270935208e+00  8.583018e-01  2.318083e+01  9.779394e+01  2.095067e+03  1.660451e+04  3.210418e+05  1.693949e+02  1.446258e+05  7.0986173908041965e+03
      4860  6.0749999999998625e+00  1.1759744829561763e-01  6.0531776165267903e+00  8.651977e-01  2.352478e+01  1.012036e+02  2.189752e+03  1.764135e+04  3.453526e+05  1.673411e+02  1.410960e+05  7.1660119631483340e+03
      4870  6.0874999999998600e+00  1.1754684716362318e-01  6.0918565482339897e+00  8.711230e-01  2.388513e+01  1.047905e+02  2.292554e+03  1.879778e+04  3.728040e+05  1.653807e+02  1.375545e+05  7.2398450426605032e+03
      4880  6.0999999999998575e+00  1.1749592030080966e-01  6.1313689188707672e+00  8.760147e-01  2.426039e+01  1.085278e+02  2.402890e+03  2.006931e+04  4.033207e+05  1.635646e+02  1.340254e+05  7.3202888668209907e+03
      4890  6.1124999999998550e+00  1.1744466076112221e-01  6.1717160898965400e+00  8.798052e-01  2.464925e+01  1.123816e+02  2.520146e+03  2.144868e+04  4.367962e+05  1.619337e+02  1.305385e+05  7.4074786433263125e+03
      4900  6.1249999999998526e+00  1.1739306157843882e-01  6.2129018183555704e+00  8.824221e-01  2.505068e+01  1.163124e+02  2.643783e+03  2.292667e+04  4.731326e+05  1.605095e+02  1.271189e+05  7.5015241311958725e+03
      4910  6.1374999999998501e+00  1.1734111574239561e-01  6.2549332952617611e+00  8.837874e-01  2.546404e+01  1.202768e+02  2.773462e+03  2.449357e+04  5.122989e+05  1.592861e+02  1.237768e+05  7.6025257665189692e+03
      4920  6.1499999999998476e+00  1.1728881616505248e-01  6.2978223158764663e+00  8.838148e-01  2.588909e+01  1.242304e+02  2.909177e+03  2.614103e+04  5.544046e+05  1.582277e+02  1.204961e+05  7.7105897652049380e+03
      4930  6.1624999999998451e+00  1.1723615563695007e-01  6.3415866527139979e+00  8.824066e-01  2.632606e+01  1.281297e+02  3.051384e+03  2.786442e+04  5.997850e+05  1.572724e+02  1.172249e+05  7.8258364804171997e+03
      4940  6.1749999999998426e+00  1.1718312677054368e-01  6.3862517405140338e+00  8.794485e-01  2.677557e+01  1.319347e+02  3.201114e+03  2.966547e+04  6.490919e+05  1.563438e+02  1.138772e+05  7.9483986341948657e+03
      4950  6.1874999999998401e+00  1.1712972192771819e-01  6.4318528026847996e+00  8.748054e-01  2.723855e+01  1.356100e+02  3.360044e+03  3.155480e+04  7.033863e+05  1.553708e+02  1.103489e+05  8.0784109515840300e+03
      4960  6.1999999999998376e+00  1.1707593312732624e-01  6.4784375350549048e+00  8.683172e-01  2.771618e+01  1.391256e+02  3.530535e+03  3.355374e+04  7.642245e+05  1.543058e+02  1.065423e+05  8.2159986946416684e+03
      4970  6.2124999999998352e+00  1.1702175192772558e-01  6.5260693995796251e+00  8.597950e-01  2.820973e+01  1.424539e+02  3.715605e+03  3.569459e+04  8.337287e+05  1.531368e+02  1.023967e+05  8.3612798628943001e+03
      4980  6.2249999999998327e+00  1.1696716927949533e-01  6.5748314289813328e+00  8.490173e-01  2.872052e+01  1.455651e+02  3.918825e+03  3.801822e+04  9.146172e+05  1.518925e+02  9.792186e+04  8.5144034793302835e+03
      4990  6.2374999999998302e+00  1.1691217534570014e-01  6.6248301359015525e+00  8.357211e-01  2.925004e+01  1.484176e+02  4.144120e+03  4.056705e+04  1.010142e+06  1.506592e+02  9.327295e+04  8.6756525526450150e+03
      5000  6.2499999999998277e+00  1.1685675929187256e-01  6.6761986823299200e+00  8.195871e-01  2.980032e+01  1.509422e+02  4.395460e+03  4.337103e+04  1.123869e+06  1.496422e+02  8.890088e+04  8.8456757549470603e+03
      5010  6.2624999999998252e+00  1.1680090905770010e-01  6.7290978379024233e+00  8.002164e-01  3.037463e+01  1.530205e+02  4.676539e+03  4.642573e+04  1.259294e+06  1.491955e+02  8.558843e+04  9.0259413371897408e+03
      5020  6.2749999999998227e+00  1.1674461113753298e-01  6.7837125961198783e+00  7.771131e-01  3.097871e+01  1.544583e+02  4.990520e+03  4.966332e+04  1.419316e+06  1.497470e+02  8.429080e+04  9.2193446466262249e+03
      5030  6.2874999999998202e+00  1.1668785041390999e-01  6.8402427503502841e+00  7.496767e-01  3.162173e+01  1.549520e+02  5.339844e+03  5.291677e+04  1.605646e+06  1.518301e+02  8.631455e+04  9.4305937380912110e+03
      5040  6.2999999999998177e+00  1.1663061009301082e-01  6.8988883092964866e+00  7.171991e-01  3.231655e+01  1.540461e+02  5.726068e+03  5.588103e+04  1.818308e+06  1.563525e+02  9.400205e+04  9.6659586184541295e+03
      5050  6.3124999999998153e+00  1.1657287176942382e-01  6.9598339778026403e+00  6.788898e-01  3.307951e+01  1.510991e+02  6.149875e+03  5.807877e+04  2.055410e+06  1.646356e+02  1.110704e+05  9.9323182017157251e+03
      5060  6.3249999999998128e+00  1.1651461560557155e-01  7.0232378261574571e+00  6.339798e-01  3.393069e+01  1.452752e+02  6.611520e+03  5.884049e+04  2.313450e+06  1.781135e+02  1.424411e+05  1.0235873953609467e+04
      5070  6.3374999999998103e+00  1.1645582057705886e-01  7.0892267337216150e+00  5.818916e-01  3.489451e+01  1.356013e+02  7.112127e+03  5.732433e+04  2.588478e+06  1.980281e+02  1.933984e+05  1.0581337970295517e+04
      5080  6.3499999999998078e+00  1.1639646473590190e-01  7.1578955197788101e+00  5.224658e-01  3.600143e+01  1.211366e+02  7.656656e+03  5.261927e+04  2.878472e+06  2.250153e+02  2.668375e+05  1.0972234001387595e+04
      5090  6.3624999999998053e+00  1.1633652549696327e-01  7.2293002955201029e+00  4.562732e-01  3.729096e+01  1.012589e+02  8.259106e+03  4.395584e+04  3.187410e+06  2.593834e+02  3.648438e+05  1.1412199226109156e+04
      5100  6.3749999999998028e+00  1.1627598004893733e-01  7.3034328059711795e+00  3.849012e-01  3.881422e+01  7.603325e+01  8.949453e+03  3.101532e+04  3.531282e+06  3.007709e+02  4.915897e+05  1.1907391135191276e+04
      5110  6.3874999999998003e+00  1.1621480611181595e-01  7.3801606259830557e+00  3.110366e-01  4.063271e+01  4.666672e+01  9.778724e+03  1.439112e+04  3.942812e+06  3.463076e+02  6.378290e+05  1.2470086003417504e+04
      5120  6.3999999999997979e+00  1.1615298336874444e-01  7.4591256218069937e+00  2.383131e-01  4.281067e+01  1.587277e+01  1.082039e+04 -3.841729e+03  4.473804e+06  3.937005e+02  7.841811e+05  1.3121097545365155e+04
      5130  6.4124999999997954e+00  1.1609049585255882e-01  7.5396239474703695e+00  1.710238e-01  4.540507e+01 -1.227506e+01  1.217736e+04 -2.000556e+04  5.212685e+06  4.498721e+02  9.596536e+05  1.3886132303455573e+04
      5140  6.4249999999997929e+00  1.1602733518847266e-01  7.6205341669506055e+00  1.136308e-01  4.844943e+01 -3.285377e+01  1.398434e+04 -2.914011e+04  6.314197e+06  5.310122e+02  1.293425e+06  1.4783517656745807e+04
      5150  6.4374999999997904e+00  1.1596350394959291e-01  7.7003724905158411e+00  6.970191e-02  5.192349e+01 -4.093182e+01  1.637811e+04 -2.529306e+04  8.000992e+06  6.460329e+02  1.942443e+06  1.5808853787122634e+04
      5160  6.4499999999997879e+00  1.1589901790544285e-01  7.7774990314039023e+00  4.024534e-02  5.571807e+01 -3.381350e+01  1.943701e+04 -3.535568e+03  1.052139e+07  7.809813e+02  2.881683e+06  1.6928207782814352e+04
      5170  6.4624999999997854e+00  1.1583390614193417e-01  7.8504037252414811e+00  2.240828e-02  5.960801e+01 -1.429452e+01  2.308329e+04  3.501380e+04  1.400829e+07  9.073932e+02  3.832810e+06  1.8086174430824860e+04
      5180  6.4749999999997829e+00  1.1576820889258761e-01  7.9179504899689439e+00  9.879971e-03  6.325421e+01  8.086823e+00  2.697935e+04  7.875623e+04  1.822466e+07  1.006072e+03  4.522450e+06  1.9222873166808440e+04
      5190  6.4874999999997804e+00  1.1570197381833058e-01  7.9794993518698245e+00 -4.512005e-03  6.626807e+01  2.063971e+01  3.054624e+04  1.086356e+05  2.244587e+07  1.076809e+03  4.919079e+06  2.0288079942855100e+04
      5200  6.4999999999997780e+00  1.1563525180337469e-01  8.0349062827761557e+00 -2.499121e-02  6.832709e+01  1.533257e+01  3.318002e+04  1.111462e+05  2.576084e+07  1.127539e+03  5.158671e+06  2.1245983418554781e+04
      5210  6.5124999999997755e+00  1.1556809311408935e-01  8.0844448542570131e+00 -4.990526e-02  6.926561e+01 -4.554718e+00  3.451481e+04  9.120580e+04  2.757825e+07  1.161188e+03  5.304275e+06  2.2073382478855936e+04
      5220  6.5249999999997730e+00  1.1550054438793109e-01  8.1286909554445348e+00 -7.185746e-02  6.907208e+01 -2.555105e+01  3.448013e+04  6.929611e+04  2.775894e+07  1.174522e+03  5.328099e+06  2.2757546204447332e+04
      5230  6.5374999999997705e+00  1.1543264664307777e-01  8.1683965268987908e+00 -8.120018e-02  6.782078e+01 -3.271816e+01  3.317692e+04  6.478723e+04  2.641969e+07  1.163578e+03  5.152180e+06  2.3295788388183908e+04
      5240  6.5499999999997680e+00  1.1536443430806884e-01  8.2043739718301740e+00 -7.066902e-02  6.563720e+01 -1.837465e+01  3.081137e+04  8.284028e+04  2.383065e+07  1.129208e+03  4.778646e+06  2.3694883960111201e+04
      5250  6.5624999999997655e+00  1.1529593510051582e-01  8.2374098293298559e+00 -3.848261e-02  6.272710e+01  1.508562e+01  2.773864e+04  1.147058e+05  2.051340e+07  1.075368e+03  4.272009e+06  2.3968831341674726e+04
      5260  6.5749999999997630e+00  1.1522717047165162e-01  8.2682152599946299e+00  1.126380e-02  5.939294e+01  5.814641e+01  2.443241e+04  1.461083e+05  1.710841e+07  1.007928e+03  3.725216e+06  2.4135908823754173e+04
      5270  6.5874999999997605e+00  1.1515815633903753e-01  8.2974042561569021e+00  7.040676e-02  5.596943e+01  9.964476e+01  2.131916e+04  1.662727e+05  1.408946e+07  9.320186e+02  3.185275e+06  2.4216435214719189e+04
      5280  6.5999999999997581e+00  1.1508890393248940e-01  8.3254871629792753e+00  1.299511e-01  5.272174e+01  1.316905e+02  1.863014e+04  1.719801e+05  1.162626e+07  8.513355e+02  2.662054e+06  2.4231471237331061e+04
      5290  6.6124999999997556e+00  1.1501942066830484e-01  8.3528683005203170e+00  1.828777e-01  4.978971e+01  1.513387e+02  1.639753e+04  1.656746e+05  9.666988e+06  7.703984e+02  2.173662e+06  2.4201806949602844e+04
      5300  6.6249999999997531e+00  1.1494971104567697e-01  8.3798445366422136e+00  2.254246e-01  4.720175e+01  1.594758e+02  1.454906e+04  1.518020e+05  8.092483e+06  6.939137e+02  1.746297e+06  2.4146251153253517e+04
      5310  6.6374999999997506e+00  1.1487977752044751e-01  8.4066124024893991e+00  2.570025e-01  4.492090e+01  1.590531e+02  1.299268e+04  1.345860e+05  6.802766e+06  6.253307e+02  1.393718e+06  2.4079973517769409e+04
      5320  6.6499999999997481e+00  1.1480962126915198e-01  8.4332875287810207e+00  2.791407e-01  4.288851e+01  1.534502e+02  1.165457e+04  1.170355e+05  5.732060e+06  5.668296e+02  1.122380e+06  2.4013508222029137e+04
      5330  6.6624999999997456e+00  1.1473924274639972e-01  8.4599339868194345e+00  2.942126e-01  4.104878e+01  1.454949e+02  1.048536e+04  1.009286e+05  4.839788e+06  5.194771e+02  9.277729e+05  2.3952274537799429e+04
      5340  6.6749999999997431e+00  1.1466864196979598e-01  8.4865994055746867e+00  3.045204e-01  3.935534e+01  1.370564e+02  9.451653e+03  8.699625e+04  4.094835e+06  4.824242e+02  7.926117e+05  2.3896983952250401e+04
      5350  6.6874999999997407e+00  1.1459781851985992e-01  8.5133477843638623e+00  3.118201e-01  3.777161e+01  1.290584e+02  8.528937e+03  7.528380e+04  3.471258e+06  4.537186e+02  6.975706e+05  2.3844798471095575e+04
      5360  6.6999999999997382e+00  1.1452677129280281e-01  8.5402846645554860e+00  3.172187e-01  3.627004e+01  1.217699e+02  7.697445e+03  6.550570e+04  2.945843e+06  4.311077e+02  6.275165e+05  2.3791179248975837e+04
      5370  6.7124999999997357e+00  1.1445549809589295e-01  8.5675685732278204e+00  3.212647e-01  3.483246e+01  1.151376e+02  6.941269e+03  5.730856e+04  2.499012e+06  4.125759e+02  5.723641e+05  2.3731828499887557e+04
      5380  6.7249999999997332e+00  1.1438399521232510e-01  8.5954059979369450e+00  3.240792e-01  3.345380e+01  1.090165e+02  6.251229e+03  5.037893e+04  2.116345e+06  3.964560e+02  5.253833e+05  2.3664201295332707e+04
      5390  6.7374999999997307e+00  1.1431225707014508e-01  8.6240322836479368e+00  3.254949e-01  3.214208e+01  1.032908e+02  5.625432e+03  4.449110e+04  1.789129e+06  3.816501e+02  4.836673e+05  2.3588412493840300e+04
      5400  6.7499999999997282e+00  1.1424027610699666e-01  8.6536854414868394e+00  3.252036e-01  3.091400e+01  9.788070e+01  5.067971e+03  3.949484e+04  1.514041e+06  3.679703e+02  4.476183e+05  2.3507001846237210e+04
      5410  6.7624999999997257e+00  1.1416804285019286e-01  8.6845834440894656e+00  3.228767e-01  2.978975e+01  9.270382e+01  4.584441e+03  3.526621e+04  1.289271e+06  3.555162e+02  4.181023e+05  2.3423505055096841e+04
      5420  6.7749999999997232e+00  1.1409554613671433e-01  8.7169136350939844e+00  3.182286e-01  2.878879e+01  8.764042e+01  4.178487e+03  3.166797e+04  1.111451e+06  3.445538e+02  3.962360e+05  2.3341317035639760e+04
      5430  6.7874999999997208e+00  1.1402277337937550e-01  8.7508306269124461e+00  3.109404e-01  2.792554e+01  8.244321e+01  3.849579e+03  2.848807e+04  9.745926e+05  3.354330e+02  3.831807e+05  2.3263571387939512e+04
      5440  6.7999999999997183e+00  1.1394971084226224e-01  8.7864547092589618e+00  3.005176e-01  2.720592e+01  7.663933e+01  3.593414e+03  2.541064e+04  8.721974e+05  3.282993e+02  3.777435e+05  2.3193330599517001e+04
      5450  6.8124999999997158e+00  1.1387634393430129e-01  8.8238697903089705e+00  2.862683e-01  2.662578e+01  6.955910e+01  3.403348e+03  2.202402e+04  7.976699e+05  3.231949e+02  3.800210e+05  2.3133858418545100e+04
      5460  6.8249999999997133e+00  1.1380265751956446e-01  8.8631218262395226e+00  2.675595e-01  2.617319e+01  6.055583e+01  3.275213e+03  1.792077e+04  7.491443e+05  3.204497e+02  3.900194e+05  2.3088837929675617e+04
      5470  6.8374999999997108e+00  1.1372863624580418e-01  8.9042165730400384e+00  2.442671e-01  2.583608e+01  4.927900e+01  3.212447e+03  1.279183e+04  7.325354e+05  3.210825e+02  4.105457e+05  2.3062453468522530e+04
      5480  6.8499999999997083e+00  1.1365426489170666e-01  8.9471174263336923e+00  2.170818e-01  2.560432e+01  3.580038e+01  3.223968e+03  6.405514e+03  7.598962e+05  3.272928e+02  4.509690e+05  2.3059431809158938e+04
      5490  6.8624999999997058e+00  1.1357952873306262e-01  8.9917435946836477e+00  1.874658e-01  2.546005e+01  2.057565e+01  3.314191e+03 -1.431130e+03  8.442567e+05  3.424925e+02  5.340424e+05  2.3084148321805409e+04
      5500  6.8749999999997033e+00  1.1350441388176072e-01  9.0379800018956828e+00  1.574152e-01  2.536724e+01  4.456550e+00  3.470875e+03 -1.073051e+04  9.905422e+05  3.695301e+02  6.969309e+05  2.3139138283578650e+04
      5510  6.8874999999997009e+00  1.1342890748643740e-01  9.0856979620362441e+00  1.291931e-01  2.527234e+01 -1.118717e+01  3.658743e+03 -2.089148e+04  1.184578e+06  4.067113e+02  9.605441e+05  2.3223534461819298e+04
      5520  6.8999999999996984e+00  1.1335299771679862e-01  9.1347878068567354e+00  1.050357e-01  2.512178e+01 -2.454547e+01  3.825512e+03 -3.050726e+04  1.387693e+06  4.457703e+02  1.280181e+06  2.3332576021701756e+04
      5530  6.9124999999996959e+00  1.1327667346760807e-01  9.1851888876717283e+00  8.679779e-02  2.488438e+01 -3.386579e+01  3.921677e+03 -3.780695e+04  1.546989e+06  4.751050e+02  1.547208e+06  2.3458317969335356e+04
      5540  6.9249999999996934e+00  1.1319992385277361e-01  9.2369095090218085e+00  7.550594e-02  2.456283e+01 -3.810156e+01  3.921568e+03 -4.146872e+04  1.622505e+06  4.861918e+02  1.664051e+06  2.3592534054114327e+04
      5550  6.9374999999996909e+00  1.1312273762908620e-01  9.2900233424064300e+00  7.099526e-02  2.418537e+01 -3.727508e+01  3.828959e+03 -4.119145e+04  1.603838e+06  4.775935e+02  1.613421e+06  2.3729255984159605e+04
      5560  6.9499999999996884e+00  1.1304510274047340e-01  9.3446462999058184e+00  7.189240e-02  2.378600e+01 -3.233126e+01  3.665881e+03 -3.755450e+04  1.503763e+06  4.538240e+02  1.449244e+06  2.3866349905449537e+04
      5570  6.9624999999996859e+00  1.1296700610251086e-01  9.4009033401075346e+00  7.601152e-02  2.339050e+01 -2.473205e+01  3.460513e+03 -3.176298e+04  1.357076e+06  4.218791e+02  1.237464e+06  2.4005375100784644e+04
      5580  6.9749999999996835e+00  1.1288843365822700e-01  9.4589000113481632e+00  8.098219e-02  2.301405e+01 -1.605677e+01  3.237756e+03 -2.504711e+04  1.189840e+06  3.873547e+02  1.031245e+06  2.4150186672362757e+04
      5590  6.9874999999996810e+00  1.1280937061283058e-01  9.5187066681166996e+00  8.490072e-02  2.266479e+01 -7.680377e+00  3.018700e+03 -1.850003e+04  1.024649e+06  3.544932e+02  8.540502e+05  2.4305428353988933e+04
      5600  6.9999999999996785e+00  1.1272980173980875e-01  9.5803573600529539e+00  8.676419e-02  2.234426e+01 -5.867125e-01  2.816063e+03 -1.297269e+04  8.807733e+05  3.248408e+02  7.049163e+05  2.4475019308737083e+04
      5610  7.0124999999996760e+00  1.1264971163883986e-01  9.6438617987426429e+00  8.653311e-02  2.204666e+01  4.765163e+00  2.631461e+03 -8.748042e+03  7.611903e+05  2.989166e+02  5.801062e+05  2.4661107981237779e+04
      5620  7.0249999999996735e+00  1.1256908484972834e-01  9.7092263807360393e+00  8.483270e-02  2.176269e+01  8.401801e+00  2.459608e+03 -5.667721e+03  6.585381e+05  2.759566e+02  4.756684e+05  2.4864500871218690e+04
      5630  7.0374999999996710e+00  1.1248790581255107e-01  9.7764688857266506e+00  8.244131e-02  2.148963e+01  1.068527e+01  2.297940e+03 -3.426484e+03  5.676096e+05  2.547955e+02  3.858525e+05  2.5084986951397856e+04
      5640  7.0499999999996685e+00  1.1240615873337731e-01  9.8456262904466669e+00  7.989143e-02  2.123903e+01  1.209154e+01  2.151741e+03 -1.727043e+03  4.894360e+05  2.351860e+02  3.071396e+05  2.5322469053685116e+04
      5650  7.0624999999996660e+00  1.1232382744646090e-01  9.9167475414604667e+00  7.740923e-02  2.103569e+01  1.300159e+01  2.031130e+03 -3.494146e+02  4.269241e+05  2.180875e+02  2.406582e+05  2.5577385208385465e+04
      5660  7.0749999999996636e+00  1.1224089538369858e-01  9.9898771007385747e+00  7.510325e-02  2.091141e+01  1.361019e+01  1.946353e+03  8.059339e+02  3.816285e+05  2.050155e+02  1.905050e+05  2.5850750285215348e+04
      5670  7.0874999999996611e+00  1.1215734569780364e-01  1.0065034847068876e+01  7.311449e-02  2.089922e+01  1.399814e+01  1.907087e+03  1.765218e+03  3.548917e+05  1.970675e+02  1.584013e+05  2.6144022103264113e+04
      5680  7.0999999999996586e+00  1.1207316155314952e-01  1.0142197434506436e+01  7.150393e-02  2.102558e+01  1.423044e+01  1.924845e+03  2.592070e+03  3.505145e+05  1.945419e+02  1.434679e+05  2.6458466445723785e+04
      5690  7.1124999999996561e+00  1.1198832653185820e-01  1.0221290256425055e+01  6.999403e-02  2.129407e+01  1.420263e+01  2.010594e+03  3.376712e+03  3.759519e+05  1.971752e+02  1.433961e+05  2.6794055873726233e+04
      5700  7.1249999999996536e+00  1.1190282502473582e-01  1.0302200192616212e+01  6.805535e-02  2.166897e+01  1.331255e+01  2.160308e+03  3.914326e+03  4.356111e+05  2.041610e+02  1.568967e+05  2.7149217473103767e+04
      5710  7.1374999999996511e+00  1.1181664243946979e-01  1.0384802372927172e+01  6.558863e-02  2.208621e+01  1.072473e+01  2.346313e+03  3.580099e+03  5.204301e+05  2.130267e+02  1.812621e+05  2.7522784093728907e+04
      5720  7.1499999999996486e+00  1.1172976521829417e-01  1.0468975547221087e+01  6.381202e-02  2.249546e+01  6.494416e+00  2.537578e+03  2.052633e+03  6.146106e+05  2.207767e+02  2.088859e+05  2.7916684575034189e+04
      5730  7.1624999999996461e+00  1.1164218085505723e-01  1.0554584376547568e+01  6.530719e-02  2.289026e+01  2.150951e+00  2.724586e+03  1.917404e+01  7.115921e+05  2.265632e+02  2.355038e+05  2.8336973539435512e+04
      5740  7.1749999999996437e+00  1.1155387818584336e-01  1.0641435912083956e+01  7.278653e-02  2.328889e+01 -3.488496e-01  2.912271e+03 -1.338921e+03  8.121983e+05  2.321787e+02  2.655418e+05  2.8790705770913159e+04
      5750  7.1874999999996412e+00  1.1146484800416649e-01  1.0729251549550648e+01  8.758693e-02  2.369600e+01 -6.903186e-02  3.097005e+03 -1.357632e+03  9.133474e+05  2.389364e+02  3.056307e+05  2.9280846798088591e+04
      5760  7.1999999999996387e+00  1.1137508372273670e-01  1.0817685319538413e+01  1.090406e-01  2.409544e+01  2.560745e+00  3.259594e+03 -2.234809e+02  1.001409e+06  2.455423e+02  3.506134e+05  2.9804008857205350e+04
      5770  7.2124999999996362e+00  1.1128458173171760e-01  1.0906372207903475e+01  1.351891e-01  2.447379e+01  6.559042e+00  3.379567e+03  1.488459e+03  1.057919e+06  2.494290e+02  3.836452e+05  3.0353364628212068e+04
      5780  7.2249999999996337e+00  1.1119334139958650e-01  1.0994961110335773e+01  1.641415e-01  2.484069e+01  1.134908e+01  3.454742e+03  3.455654e+03  1.075435e+06  2.495408e+02  3.953282e+05  3.0923456582325074e+04
      5790  7.2374999999996312e+00  1.1110136493897214e-01  1.1083116655199568e+01  1.949575e-01  2.522778e+01  1.709150e+01  3.508295e+03  5.908354e+03  1.069716e+06  2.474393e+02  3.924372e+05  3.1511297842886466e+04
      5800  7.2499999999996287e+00  1.1100865731370538e-01  1.1170515798227667e+01  2.276150e-01  2.567346e+01  2.434429e+01  3.579825e+03  9.408086e+03  1.075887e+06  2.458946e+02  3.824205e+05  3.2111997940371701e+04
      5810  7.2624999999996263e+00  1.1091522606679724e-01  1.1256866636163750e+01  2.622660e-01  2.620236e+01  3.339468e+01  3.702082e+03  1.413104e+04  1.119255e+06  2.466101e+02  3.739364e+05  3.2718721961092000e+04
      5820  7.2749999999996238e+00  1.1082108102934876e-01  1.1341911324778533e+01  2.985317e-01  2.680494e+01  4.399290e+01  3.889082e+03  1.992493e+04  1.211796e+06  2.507462e+02  3.866873e+05  3.3326684590592806e+04
      5830  7.2874999999996213e+00  1.1072623411811204e-01  1.1425401440062256e+01  3.353469e-01  2.742764e+01  5.518498e+01  4.119820e+03  2.630838e+04  1.352123e+06  2.576971e+02  4.034438e+05  3.3935675153229800e+04
      5840  7.2999999999996188e+00  1.1063069937588837e-01  1.1507072413415182e+01  3.713359e-01  2.799290e+01  6.536461e+01  4.320903e+03  3.114857e+04  1.457715e+06  2.650476e+02  4.182844e+05  3.4546714342706713e+04
      5850  7.3124999999996163e+00  1.1053449306996478e-01  1.1586658745445730e+01  4.054159e-01  2.844727e+01  7.358002e+01  4.441876e+03  3.336884e+04  1.480475e+06  2.714015e+02  4.223974e+05  3.5156938634427017e+04
      5860  7.3249999999996138e+00  1.1043763346547421e-01  1.1663953106622237e+01  4.372638e-01  2.879735e+01  8.021732e+01  4.481858e+03  3.300324e+04  1.404906e+06  2.742561e+02  4.038691e+05  3.5758628847296022e+04
      5870  7.3374999999996113e+00  1.1034014007846564e-01  1.1738866283773348e+01  4.671860e-01  2.909740e+01  8.709349e+01  4.519286e+03  3.294807e+04  1.335893e+06  2.753690e+02  3.769906e+05  3.6342315550694359e+04
      5880  7.3499999999996088e+00  1.1024203258299518e-01  1.1811449935174192e+01  4.955778e-01  2.939807e+01  9.552993e+01  4.608685e+03  3.467611e+04  1.319521e+06  2.764388e+02  3.601983e+05  3.6899753557768563e+04
      5890  7.3624999999996064e+00  1.1014332968175214e-01  1.1881883943578117e+01  5.225286e-01  2.970915e+01  1.057029e+02  4.765618e+03  3.868854e+04  1.377902e+06  2.790792e+02  3.545731e+05  3.7424770002182646e+04
      5900  7.3749999999996039e+00  1.1004404815893398e-01  1.1950447198213862e+01  5.478239e-01  2.999885e+01  1.166914e+02  4.958884e+03  4.406364e+04  1.482024e+06  2.841150e+02  3.657221e+05  3.7913371476346518e+04
      5910  7.3874999999996014e+00  1.0994420218461745e-01  1.2017483615132209e+01  5.711133e-01  3.021406e+01  1.270859e+02  5.138382e+03  4.947165e+04  1.591201e+06  2.902190e+02  3.844489e+05  3.8363957233238558e+04
      5920  7.3999999999995989e+00  1.0984380290421361e-01  1.2083368680878948e+01  5.921742e-01  3.030608e+01  1.356815e+02  5.261514e+03  5.383739e+04  1.673854e+06  2.956481e+02  4.025226e+05  3.8779022674789034e+04
      5930  7.4124999999995964e+00  1.0974285833102435e-01  1.2148471510357238e+01  6.110815e-01  3.024813e+01  1.418043e+02  5.305666e+03  5.656894e+04  1.713788e+06  2.987410e+02  4.132245e+05  3.9165557869314754e+04
      5940  7.4249999999995939e+00  1.0964137355887334e-01  1.2213117356329487e+01  6.281776e-01  3.003879e+01  1.453168e+02  5.268114e+03  5.755349e+04  1.709663e+06  2.984185e+02  4.124576e+05  3.9532709168061760e+04
      5950  7.4374999999995914e+00  1.0953935123648416e-01  1.2277565140989067e+01  6.439361e-01  2.969761e+01  1.464587e+02  5.159530e+03  5.698781e+04  1.668108e+06  2.944562e+02  4.000490e+05  3.9889591174835208e+04
      5960  7.4499999999995890e+00  1.0943679216772700e-01  1.2341997050653362e+01  6.588421e-01  2.925678e+01  1.456477e+02  4.995749e+03  5.515938e+04  1.596806e+06  2.871993e+02  3.776954e+05  4.0243761012096475e+04
      5970  7.4624999999995865e+00  1.0933369595534392e-01  1.2406517660074616e+01  6.733299e-01  2.875311e+01  1.433588e+02  4.794261e+03  5.239280e+04  1.504377e+06  2.774428e+02  3.478159e+05  4.0600447993373069e+04
      5980  7.4749999999995840e+00  1.0923006163472983e-01  1.2471157824890511e+01  6.877744e-01  2.822324e+01  1.400951e+02  4.572304e+03  4.901264e+04  1.398770e+06  2.661860e+02  3.141966e+05  4.0962688281100440e+04
      5990  7.4874999999995815e+00  1.0912588826810726e-01  1.2535877497616172e+01  7.025046e-01  2.770095e+01  1.363972e+02  4.347128e+03  4.540132e+04  1.290010e+06  2.544410e+02  2.802632e+05  4.1333402529049723e+04
      6000  7.4999999999995790e+00  1.0902117557560743e-01  1.2600555933706481e+01  7.178089e-01  2.721433e+01  1.328146e+02  4.134383e+03  4.197070e+04  1.189279e+06  2.431212e+02  2.491316e+05  4.1716811046330229e+04
      6010  7.5124999999995765e+00  1.0891592466799682e-01  1.2664978274492778e+01  7.339446e-01  2.678370e+01  1.298304e+02  3.945804e+03  3.903405e+04  1.103145e+06  2.328652e+02  2.230755e+05  4.2117757826645822e+04
      6020  7.5249999999995740e+00  1.0881013885210393e-01  1.2728836663942092e+01  7.511280e-01  2.641876e+01  1.277755e+02  3.787696e+03  3.678906e+04  1.035352e+06  2.238774e+02  2.025915e+05  4.2539094968383848e+04
      6030  7.5374999999995715e+00  1.0870382429548212e-01  1.2791761719833124e+01  7.694320e-01  2.611895e+01  1.267610e+02  3.660620e+03  3.527745e+04  9.854283e+05  2.160337e+02  1.863746e+05  4.2978402642763751e+04
      6040  7.5499999999995691e+00  1.0859699031898859e-01  1.2853380464157901e+01  7.887597e-01  2.587973e+01  1.267267e+02  3.562273e+03  3.442412e+04  9.505429e+05  2.093672e+02  1.730536e+05  4.3426665291119411e+04
      6050  7.5624999999995666e+00  1.0848964913166233e-01  1.2913382424388034e+01  8.088060e-01  2.569672e+01  1.275273e+02  3.489380e+03  3.410111e+04  9.275057e+05  2.041095e+02  1.627915e+05  4.3871765254007769e+04
      6060  7.5749999999995641e+00  1.0838181512166938e-01  1.2971558596561941e+01  8.289523e-01  2.556342e+01  1.289976e+02  3.437664e+03  3.418927e+04  9.133715e+05  2.003998e+02  1.556818e+05  4.4301163251876300e+04
      6070  7.5874999999995616e+00  1.0827350392398613e-01  1.3027819682035670e+01  8.481873e-01  2.546737e+01  1.309416e+02  3.400843e+03  3.459215e+04  9.049630e+05  1.979844e+02  1.513102e+05  4.4703839810467100e+04
      6080  7.5999999999995591e+00  1.0816473139583152e-01  1.3082199448874020e+01  8.651825e-01  2.539121e+01  1.330884e+02  3.371757e+03  3.521270e+04  8.992211e+05  1.962431e+02  1.484576e+05  4.5071064237850544e+04
      6090  7.6124999999995566e+00  1.0805551261451012e-01  1.3134851825451808e+01  8.785373e-01  2.531918e+01  1.350624e+02  3.345440e+03  3.591489e+04  8.943608e+05  1.945940e+02  1.460948e+05  4.5395536011125332e+04
      6100  7.6249999999995541e+00  1.0794586089859583e-01  1.3186048598001364e+01  8.871637e-01  2.524136e+01  1.364733e+02  3.319865e+03  3.654931e+04  8.899199e+05  1.927446e+02  1.435949e+05  4.5671289144257869e+04
      6110  7.6374999999995516e+00  1.0783578686618857e-01  1.3236168782696843e+01  8.907312e-01  2.515383e+01  1.370771e+02  3.294313e+03  3.700271e+04  8.855518e+05  1.906114e+02  1.411243e+05  4.5895159303488435e+04
      6120  7.6499999999995492e+00  1.0772529765175867e-01  1.3285670286465812e+01  8.898408e-01  2.505541e+01  1.368560e+02  3.267650e+03  3.722728e+04  8.807059e+05  1.881292e+02  1.385829e+05  4.6069214593003599e+04
      6130  7.6624999999995467e+00  1.0761439644761181e-01  1.3335037538243665e+01  8.856959e-01  2.494328e+01  1.359405e+02  3.237817e+03  3.723213e+04  8.746068e+05  1.849661e+02  1.348983e+05  4.6201100707271922e+04
      6140  7.6749999999995442e+00  1.0750308252146075e-01  1.3384721590152751e+01  8.795966e-01  2.481078e+01  1.344977e+02  3.200897e+03  3.702559e+04  8.653596e+05  1.810433e+02  1.306547e+05  4.6301409815224593e+04
      6150  7.6874999999995417e+00  1.0739135169091690e-01  1.3435094693582837e+01  8.725672e-01  2.464882e+01  1.326474e+02  3.152544e+03  3.660699e+04  8.512358e+05  1.762105e+02  1.254737e+05  4.6379977946430023e+04
      6160  7.6999999999995392e+00  1.0727919706246700e-01  1.3486432868814315e+01  8.652618e-01  2.445125e+01  1.304727e+02  3.089633e+03  3.597590e+04  8.311084e+05  1.707289e+02  1.192811e+05  4.6444037066355973e+04
      6170  7.7124999999995367e+00  1.0716660981714290e-01  1.3538919683366284e+01  8.580220e-01  2.421969e+01  1.280393e+02  3.011109e+03  3.513133e+04  8.043437e+05  1.648292e+02  1.127500e+05  4.6500957158506877e+04
      6180  7.7249999999995342e+00  1.0705357997606529e-01  1.3592646223124911e+01  8.510523e-01  2.396402e+01  1.254289e+02  2.918936e+03  3.409880e+04  7.716332e+05  1.585840e+02  1.060152e+05  4.6558855155811027e+04
      6190  7.7374999999995318e+00  1.0694009714797426e-01  1.3647618448368704e+01  8.445368e-01  2.369894e+01  1.227367e+02  2.817551e+03  3.292145e+04  7.346299e+05  1.520254e+02  9.882857e+04  4.6625678558475018e+04
      6200  7.7499999999995293e+00  1.0682615119321937e-01  1.3703771250512776e+01  8.386506e-01  2.343877e+01  1.200645e+02  2.712361e+03  3.164964e+04  6.952935e+05  1.452430e+02  9.123895e+04  4.6706190927295567e+04
      6210  7.7624999999995268e+00  1.0671173266935437e-01  1.3761004318953329e+01  8.335085e-01  2.319358e+01  1.175091e+02  2.608342e+03  3.034031e+04  6.556250e+05  1.385732e+02  8.340385e+04  4.6803087499739631e+04
      6220  7.7749999999995243e+00  1.0659683302852641e-01  1.3819207311546428e+01  8.290718e-01  2.296744e+01  1.151489e+02  2.508845e+03  2.905336e+04  6.172815e+05  1.324568e+02  7.570947e+04  4.6915396684516287e+04
      6230  7.7874999999995218e+00  1.0648144454550784e-01  1.3878294560311737e+01  8.250401e-01  2.275978e+01  1.130187e+02  2.415866e+03  2.784299e+04  5.814955e+05  1.273927e+02  6.901537e+04  4.7041653073196161e+04
      6240  7.7999999999995193e+00  1.0636556007050203e-01  1.3938216054379463e+01  8.208133e-01  2.256767e+01  1.110944e+02  2.330655e+03  2.674577e+04  5.491311e+05  1.235719e+02  6.401801e+04  4.7180113020909448e+04
      6250  7.8124999999995168e+00  1.0624917269616242e-01  1.3998963705839611e+01  8.155353e-01  2.238767e+01  1.092876e+02  2.253753e+03  2.576875e+04  5.205490e+05  1.206906e+02  6.039024e+04  4.7331590219248115e+04
      6260  7.8249999999995143e+00  1.0613227548106878e-01  1.4060557323288212e+01  8.082871e-01  2.221646e+01  1.074748e+02  2.184700e+03  2.489011e+04  4.955032e+05  1.181380e+02  5.726994e+04  4.7497769705991712e+04
      6270  7.8374999999995119e+00  1.0601486125034164e-01  1.4123037724560122e+01  7.983590e-01  2.205028e+01  1.055305e+02  2.121740e+03  2.406914e+04  4.731340e+05  1.153093e+02  5.401841e+04  4.7681815989023751e+04
      6280  7.8499999999995094e+00  1.0589692248736049e-01  1.4186452567229782e+01  7.854442e-01  2.188555e+01  1.033515e+02  2.062589e+03  2.326197e+04  4.524004e+05  1.119314e+02  5.019450e+04  4.7885789109263242e+04
      6290  7.8624999999995069e+00  1.0577845126929034e-01  1.4250857692637176e+01  7.696724e-01  2.172012e+01  1.008803e+02  2.005486e+03  2.244002e+04  4.325474e+05  1.082014e+02  4.603343e+04  4.8111624964780101e+04
      6300  7.8749999999995044e+00  1.0565943919796293e-01  1.4316312208494857e+01  7.514859e-01  2.155422e+01  9.812270e+01  1.949846e+03  2.160192e+04  4.134007e+05  1.043104e+02  4.190784e+04  4.8359534145318394e+04
      6310  7.8874999999995019e+00  1.0553987735450905e-01  1.4382881039255688e+01  7.315190e-01  2.139161e+01  9.517095e+01  1.896948e+03  2.078022e+04  3.955311e+05  1.005476e+02  3.808879e+04  4.8627725947613602e+04
      6320  7.8999999999994994e+00  1.0541975621706637e-01  1.4450637008153693e+01  7.105795e-01  2.124106e+01  9.220651e+01  1.849840e+03  2.003407e+04  3.800427e+05  9.709924e+01  3.471113e+04  4.8914780703039651e+04
      6330  7.9124999999994969e+00  1.0529906564024345e-01  1.4519648311715656e+01  6.896033e-01  2.111488e+01  8.945870e+01  1.812238e+03  1.943087e+04  3.681634e+05  9.403785e+01  3.196559e+04  4.9218828188248575e+04
      6340  7.9249999999994944e+00  1.0517779492466539e-01  1.4589972349503341e+01  6.696040e-01  2.102478e+01  8.712741e+01  1.786938e+03  1.902152e+04  3.607872e+05  9.146538e+01  2.992286e+04  4.9538542820031260e+04
      6350  7.9374999999994920e+00  1.0505593294682723e-01  1.4661646425928076e+01  6.514750e-01  2.097816e+01  8.531889e+01  1.775169e+03  1.882691e+04  3.583041e+05  8.948607e+01  2.877953e+04  4.9872416316674491e+04
      6360  7.9499999999994895e+00  1.0493346835579960e-01  1.4734684308637661e+01  6.359101e-01  2.097646e+01  8.404693e+01  1.776511e+03  1.883783e+04  3.605650e+05  8.810475e+01  2.863459e+04  5.0218788871705197e+04
      6370  7.9624999999994870e+00  1.0481038976306517e-01  1.4809079840340045e+01  6.234793e-01  2.101588e+01  8.327792e+01  1.789270e+03  1.902535e+04  3.669800e+05  8.731293e+01  2.953743e+04  5.0574625463016411e+04
      6380  7.9749999999994845e+00  1.0468668586015886e-01  1.4884823384921098e+01  6.147343e-01  2.108805e+01  8.296870e+01  1.810609e+03  1.934718e+04  3.765341e+05  8.700927e+01  3.130809e+04  5.0934473198067004e+04
      6390  7.9874999999994820e+00  1.0456234534853105e-01  1.4961927404357143e+01  6.102927e-01  2.118300e+01  8.310831e+01  1.837322e+03  1.976195e+04  3.880308e+05  8.706417e+01  3.373999e+04  5.1291679383301176e+04
      6400  7.9999999999994795e+00  1.0443735668379094e-01  1.5040444309814427e+01  6.107809e-01  2.129184e+01  8.371634e+01  1.866380e+03  2.023440e+04  4.002337e+05  8.729301e+01  3.647875e+04  5.1639681472730314e+04
      6410  8.0124999999994859e+00  1.0431170769844136e-01  1.5120475289548038e+01  6.166005e-01  2.140912e+01  8.481783e+01  1.895616e+03  2.073535e+04  4.120109e+05  8.743795e+01  3.907961e+04  5.1973336470050563e+04
      6420  8.0249999999994923e+00  1.0418538519374135e-01  1.5202168334486164e+01  6.277298e-01  2.153538e+01  8.642827e+01  1.924492e+03  2.124611e+04  4.226149e+05  8.733523e+01  4.132007e+04  5.2289681348641228e+04
      6430  8.0374999999994987e+00  1.0405837458520936e-01  1.5285707347398692e+01  6.437135e-01  2.167523e+01  8.853281e+01  1.953972e+03  2.176421e+04  4.319680e+05  8.696038e+01  4.303581e+04  5.2587645901521428e+04
      6440  8.0499999999995051e+00  1.0393065964464307e-01  1.5371301343364269e+01  6.639006e-01  2.183426e+01  9.112963e+01  1.986484e+03  2.232017e+04  4.409519e+05  8.645783e+01  4.429469e+04  5.2868737222016069e+04
      6450  8.0624999999995115e+00  1.0380222236976799e-01  1.5459164784791012e+01  6.876891e-01  2.201731e+01  9.427495e+01  2.025677e+03  2.298408e+04  4.513889e+05  8.601482e+01  4.521086e+04  5.3138209861795964e+04
      6460  8.0749999999995179e+00  1.0367304306306324e-01  1.5549484860182005e+01  7.145693e-01  2.222991e+01  9.807220e+01  2.076169e+03  2.386138e+04  4.660010e+05  8.588191e+01  4.593849e+04  5.3405571780287137e+04
      6470  8.0874999999995243e+00  1.0354310071814121e-01  1.5642383849586476e+01  7.439655e-01  2.247870e+01  1.026069e+02  2.142977e+03  2.506812e+04  4.880508e+05  8.633136e+01  4.668061e+04  5.3685459412760938e+04
      6480  8.0999999999995307e+00  1.0341237373921047e-01  1.5737876865633368e+01  7.749341e-01  2.276528e+01  1.078139e+02  2.228850e+03  2.666810e+04  5.200916e+05  8.767758e+01  4.760236e+04  5.3995155275443394e+04
      6490  8.1124999999995371e+00  1.0328084093455783e-01  1.5835854142842351e+01  8.060833e-01  2.307740e+01  1.133420e+02  2.329682e+03  2.857299e+04  5.614165e+05  9.024860e+01  4.901304e+04  5.4349572405051811e+04
      6500  8.1249999999995435e+00  1.0314848248885186e-01  1.5936104842002210e+01  8.357817e-01  2.338558e+01  1.184850e+02  2.430148e+03  3.042265e+04  6.042522e+05  9.421785e+01  5.142167e+04  5.4756571089656711e+04
      6510  8.1374999999995499e+00  1.0301528057227681e-01  1.6038374620888934e+01  8.626694e-01  2.365076e+01  1.223129e+02  2.504390e+03  3.156934e+04  6.320450e+05  9.926331e+01  5.497953e+04  5.5217559671952244e+04
      6520  8.1499999999995563e+00  1.0288121948483725e-01  1.6142412877770816e+01  8.860136e-01  2.383964e+01  1.240618e+02  2.525873e+03  3.133733e+04  6.255625e+05  1.046256e+02  5.922602e+04  5.5733395579319367e+04
      6530  8.1624999999995627e+00  1.0274628554890979e-01  1.6247984432453116e+01  9.057371e-01  2.393474e+01  1.236061e+02  2.483581e+03  2.953118e+04  5.776741e+05  1.093384e+02  6.326026e+04  5.6307546562660420e+04
      6540  8.1749999999995691e+00  1.0261046698393100e-01  1.6354866697594225e+01  9.221509e-01  2.393684e+01  1.215885e+02  2.392883e+03  2.675235e+04  5.041017e+05  1.129268e+02  6.591712e+04  5.6943739154943090e+04
      6550  8.1874999999995755e+00  1.0247375376312727e-01  1.6462856094572871e+01  9.356659e-01  2.386588e+01  1.191040e+02  2.289728e+03  2.410082e+04  4.353352e+05  1.157967e+02  6.776656e+04  5.7643105399517415e+04
      6560  8.1999999999995818e+00  1.0233613739506893e-01  1.6571780753131044e+01  9.467344e-01  2.375715e+01  1.171513e+02  2.211231e+03  2.246230e+04  3.955911e+05  1.185988e+02  6.948257e+04  5.8400571200478407e+04
      6570  8.2124999999995882e+00  1.0219761056614182e-01  1.6681526670242373e+01  9.557774e-01  2.365197e+01  1.162180e+02  2.178047e+03  2.206023e+04  3.905745e+05  1.220945e+02  7.257703e+04  5.9203502759969400e+04
      6580  8.2249999999995946e+00  1.0205816654501954e-01  1.6792070859394585e+01  9.629769e-01  2.357720e+01  1.161173e+02  2.187011e+03  2.254714e+04  4.117394e+05  1.266657e+02  7.773031e+04  6.0033751954332787e+04
      6590  8.2374999999996010e+00  1.0191779832442771e-01  1.6903510228357643e+01  9.681416e-01  2.352874e+01  1.162074e+02  2.217655e+03  2.339792e+04  4.467305e+05  1.323352e+02  8.529112e+04  6.0870644073792530e+04
      6600  8.2499999999996074e+00  1.0177649753607769e-01  1.7016083310040436e+01  9.709234e-01  2.348043e+01  1.158481e+02  2.244185e+03  2.415158e+04  4.821142e+05  1.388762e+02  9.625355e+04  6.1693443467988094e+04
      6610  8.2624999999996138e+00  1.0163425317371096e-01  1.7130189220040378e+01  9.711758e-01  2.340716e+01  1.146323e+02  2.240400e+03  2.431693e+04  4.982750e+05  1.452555e+02  1.116443e+05  6.2486281224124890e+04
      6620  8.2749999999996202e+00  1.0149105028379711e-01  1.7246375724976495e+01  9.690845e-01  2.330438e+01  1.124558e+02  2.191758e+03  2.356008e+04  4.813759e+05  1.492516e+02  1.238505e+05  6.3243078032122292e+04
      6630  8.2874999999996266e+00  1.0134686885171755e-01  1.7365303520497992e+01  9.650896e-01  2.319676e+01  1.096104e+02  2.109338e+03  2.205185e+04  4.380707e+05  1.488795e+02  1.248806e+05  6.3975749080871894e+04
      6640  8.2999999999996330e+00  1.0120168325820222e-01  1.7487643920035794e+01  9.597209e-01  2.312912e+01  1.066870e+02  2.022142e+03  2.031836e+04  3.874195e+05  1.439228e+02  1.155633e+05  6.4714643033192988e+04
      6650  8.3124999999996394e+00  1.0105546268666814e-01  1.7613956852689487e+01  9.533666e-01  2.313826e+01  1.041958e+02  1.959140e+03  1.888620e+04  3.492870e+05  1.361770e+02  9.716253e+04  6.5502761149755672e+04
      6660  8.3249999999996458e+00  1.0090817248058565e-01  1.7744596277313406e+01  9.462067e-01  2.323197e+01  1.022602e+02  1.928550e+03  1.787604e+04  3.260775e+05  1.285144e+02  8.043932e+04  6.6383129776102374e+04
      6670  8.3374999999996522e+00  1.0075977591266452e-01  1.7879703919783822e+01  9.387195e-01  2.340082e+01  1.008673e+02  1.924685e+03  1.719432e+04  3.121996e+05  1.225553e+02  6.883527e+04  6.7389356057887708e+04
      6680  8.3499999999996586e+00  1.0061023570206282e-01  1.8019272755550887e+01  9.320154e-01  2.363849e+01  1.002161e+02  1.946275e+03  1.689336e+04  3.073728e+05  1.190353e+02  6.213068e+04  6.8543295639359538e+04
      6690  8.3624999999996650e+00  1.0045951489297526e-01  1.8163231021513141e+01  9.275083e-01  2.395031e+01  1.007159e+02  1.999025e+03  1.714374e+04  3.150997e+05  1.181417e+02  5.991009e+04  6.9857645857527066e+04
      6700  8.3749999999996714e+00  1.0030757714262212e-01  1.8311493428462295e+01  9.264537e-01  2.435142e+01  1.028600e+02  2.094475e+03  1.822550e+04  3.424902e+05  1.193190e+02  6.026252e+04  7.1345287812138544e+04
      6710  8.3874999999996778e+00  1.0015438703848269e-01  1.8463894400861271e+01  9.296772e-01  2.485962e+01  1.071442e+02  2.248657e+03  2.052313e+04  4.000528e+05  1.222094e+02  6.259354e+04  7.3028239842403942e+04
      6720  8.3999999999996842e+00  9.9999911558912913e-02  1.8619987195861711e+01  9.375084e-01  2.548466e+01  1.140235e+02  2.480390e+03  2.457628e+04  5.043210e+05  1.272262e+02  6.821478e+04  7.4937258239086717e+04
      6730  8.4124999999996906e+00  9.9844123468710994e-02  1.8778798254863137e+01  9.499994e-01  2.622215e+01  1.238319e+02  2.808495e+03  3.108084e+04  6.800775e+05  1.352576e+02  7.997330e+04  7.7099416783192079e+04
      6740  8.4249999999996970e+00  9.9687006387025490e-02  1.8938691645392602e+01  9.671168e-01  2.705201e+01  1.365248e+02  3.244082e+03  4.063201e+04  9.554674e+05  1.475479e+02  1.037932e+05  7.9521997577567090e+04
      6750  8.4374999999997033e+00  9.9528560161388210e-02  1.9097429381363057e+01  9.887392e-01  2.794654e+01  1.512980e+02  3.782019e+03  5.317814e+04  1.348510e+06  1.640320e+02  1.447285e+05  8.2185932267026263e+04
      6760  8.4499999999997097e+00  9.9368805200947291e-02  1.9252333722140826e+01  1.014747e+00  2.886685e+01  1.664966e+02  4.390213e+03  6.741799e+04  1.847117e+06  1.825774e+02  2.003529e+05  8.5044752274233237e+04
      6770  8.4624999999997161e+00  9.9207785666069803e-02  1.9400396448658551e+01  1.045703e+00  2.973353e+01  1.808288e+02  4.994257e+03  8.136074e+04  2.391430e+06  2.002499e+02  2.575054e+05  8.7985638082161619e+04
      6780  8.4749999999997225e+00  9.9045570950698061e-02  1.9538711487995240e+01  1.082938e+00  3.041315e+01  1.949345e+02  5.468048e+03  9.413020e+04  2.861339e+06  2.160967e+02  3.113553e+05  9.0779724285909295e+04
      6790  8.4874999999997289e+00  9.8882250416913467e-02  1.9665577204340149e+01  1.124437e+00  3.085447e+01  2.083596e+02  5.760857e+03  1.048669e+05  3.186456e+06  2.290939e+02  3.545355e+05  9.3167813194501767e+04
      6800  8.4999999999997353e+00  9.8717920255840502e-02  1.9781093348245470e+01  1.163845e+00  3.115743e+01  2.181863e+02  5.950684e+03  1.118683e+05  3.400925e+06  2.428070e+02  3.954426e+05  9.4962132583148938e+04
      6810  8.5124999999997417e+00  9.8552669074692761e-02  1.9886923556014466e+01  1.197222e+00  3.131187e+01  2.222933e+02  6.020665e+03  1.136226e+05  3.474216e+06  2.549896e+02  4.361126e+05  9.6141630531599090e+04
      6820  8.5249999999997481e+00  9.8386567463748326e-02  1.9985608943814839e+01  1.222427e+00  3.122549e+01  2.191189e+02  5.887074e+03  1.083501e+05  3.329010e+06  2.529629e+02  4.362985e+05  9.6858818375747636e+04
      6830  8.5374999999997545e+00  9.8219664114290409e-02  2.0079694706420746e+01  1.237828e+00  3.084088e+01  2.088168e+02  5.514753e+03  9.611899e+04  2.940155e+06  2.376542e+02  3.927378e+05  9.7330150084882014e+04
      6840  8.5499999999997609e+00  9.8051989004128204e-02  2.0171091707923043e+01  1.244867e+00  3.021475e+01  1.947764e+02  5.001158e+03  8.115412e+04  2.444052e+06  2.177399e+02  3.241940e+05  9.7682274263017360e+04
      6850  8.5624999999997673e+00  9.7883557833418067e-02  2.0261388567472750e+01  1.247130e+00  2.949684e+01  1.811628e+02  4.501812e+03  6.817662e+04  2.013664e+06  1.999812e+02  2.705589e+05  9.7975833542821827e+04
      6860  8.5749999999997737e+00  9.7714373783648389e-02  2.0351933422300363e+01  1.246812e+00  2.879889e+01  1.693586e+02  4.069984e+03  5.747954e+04  1.651646e+06  1.868614e+02  2.429641e+05  9.8289120499105236e+04
      6870  8.5874999999997801e+00  9.7544431537638546e-02  2.0443348428544070e+01  1.243830e+00  2.815219e+01  1.589197e+02  3.699705e+03  4.865996e+04  1.355078e+06  1.767283e+02  2.183471e+05  9.8674358687957007e+04
      6880  8.5999999999997865e+00  9.7373724302924208e-02  2.0535396794804637e+01  1.238143e+00  2.756447e+01  1.495739e+02  3.379019e+03  4.135648e+04  1.113195e+06  1.678364e+02  1.948538e+05  9.9124407793307138e+04
      6890  8.6124999999997929e+00  9.7202249738338048e-02  2.0627356737081715e+01  1.230825e+00  2.705580e+01  1.414559e+02  3.110919e+03  3.542689e+04  9.195008e+05  1.602352e+02  1.788654e+05  9.9582700532393792e+04
      6900  8.6249999999997993e+00  9.7030011374563921e-02  2.0718663241134372e+01  1.223738e+00  2.666068e+01  1.348641e+02  2.905474e+03  3.092943e+04  7.774070e+05  1.535019e+02  1.599229e+05  9.9982793181942863e+04
      6910  8.6374999999998057e+00  9.6857015117445502e-02  2.0809368218742605e+01  1.219232e+00  2.641643e+01  1.301900e+02  2.766666e+03  2.762308e+04  6.750725e+05  1.479910e+02  1.452872e+05  1.0029342822963769e+05
      6920  8.6499999999998121e+00  9.6683263735283465e-02  2.0900153613867971e+01  1.219100e+00  2.634141e+01  1.276736e+02  2.699065e+03  2.560127e+04  6.162903e+05  1.441706e+02  1.328795e+05  1.0052914779580790e+05
      6930  8.6624999999998185e+00  9.6508752703914444e-02  2.0992015608015812e+01  1.224146e+00  2.644060e+01  1.274705e+02  2.705035e+03  2.491677e+04  6.022787e+05  1.426368e+02  1.269903e+05  1.0075515818873933e+05
      6940  8.6749999999998249e+00  9.6333469516215603e-02  2.1085792715970221e+01  1.233981e+00  2.669303e+01  1.293513e+02  2.776705e+03  2.567208e+04  6.362740e+05  1.435190e+02  1.296591e+05  1.0104942745694848e+05
      6950  8.6874999999998312e+00  9.6157395936204218e-02  2.1182003833024403e+01  1.247580e+00  2.705368e+01  1.325573e+02  2.882472e+03  2.723449e+04  6.994052e+05  1.448766e+02  1.345451e+05  1.0145436173533628e+05
      6960  8.6999999999998376e+00  9.5980510103551492e-02  2.1280961644539545e+01  1.264645e+00  2.749228e+01  1.369613e+02  2.992036e+03  2.891874e+04  7.579584e+05  1.449017e+02  1.352500e+05  1.0198880859212833e+05
      6970  8.7124999999998440e+00  9.5802788294976682e-02  2.1382748635787916e+01  1.285412e+00  2.800105e+01  1.431292e+02  3.102122e+03  3.060710e+04  7.937458e+05  1.425254e+02  1.297336e+05  1.0264497846014611e+05
      6980  8.7249999999998504e+00  9.5624206645325741e-02  2.1487341815050925e+01  1.307077e+00  2.858223e+01  1.509157e+02  3.225819e+03  3.260257e+04  8.174561e+05  1.378128e+02  1.187784e+05  1.0339120239459511e+05
      6990  8.7374999999998568e+00  9.5444741171224257e-02  2.1594819908549567e+01  1.323719e+00  2.923771e+01  1.587848e+02  3.363845e+03  3.469378e+04  8.390069e+05  1.328472e+02  1.079830e+05  1.0423238108431130e+05
      7000  8.7499999999998632e+00  9.5264367934005653e-02  2.1705069883600615e+01  1.331950e+00  2.996478e+01  1.659162e+02  3.519498e+03  3.675948e+04  8.651946e+05  1.287401e+02  9.576287e+04  1.0523200441029578e+05
      7010  8.7624999999998696e+00  9.5083067043064504e-02  2.1817214481840058e+01  1.333114e+00  3.078273e+01  1.730044e+02  3.717573e+03  3.932142e+04  9.106402e+05  1.265041e+02  8.763001e+04  1.0648068774318887e+05
      7020  8.7749999999998760e+00  9.4900830638836892e-02  2.1929262252391972e+01  1.331275e+00  3.170737e+01  1.813940e+02  3.988148e+03  4.305821e+04  9.922382e+05  1.265253e+02  8.258946e+04  1.0803558459041451e+05
      7030  8.7874999999998824e+00  9.4717670921780087e-02  2.2038541335583758e+01  1.331095e+00  3.272672e+01  1.925930e+02  4.344155e+03  4.867383e+04  1.120592e+06  1.293899e+02  8.165046e+04  1.0980589415594185e+05
      7040  8.7999999999998888e+00  9.4533619571686392e-02  2.2143258051618211e+01  1.334145e+00  3.384550e+01  2.072216e+02  4.802411e+03  5.668659e+04  1.307528e+06  1.349469e+02  8.545477e+04  1.1158277341965896e+05
      7050  8.8124999999998952e+00  9.4348716334176783e-02  2.2243130606115344e+01  1.339178e+00  3.509942e+01  2.244517e+02  5.419107e+03  6.735503e+04  1.598792e+06  1.437098e+02  9.684212e+04  1.1329318110692195e+05
      7060  8.8249999999999016e+00  9.4163000932030630e-02  2.2338225367845034e+01  1.346246e+00  3.644077e+01  2.447534e+02  6.238640e+03  8.220015e+04  2.070406e+06  1.580396e+02  1.227528e+05  1.1499242134966681e+05
      7070  8.8374999999999080e+00  9.3976513733991449e-02  2.2428303080584286e+01  1.356157e+00  3.776531e+01  2.700597e+02  7.261498e+03  1.045730e+05  2.795564e+06  1.775223e+02  1.651173e+05  1.1673097033143611e+05
      7080  8.8499999999999144e+00  9.3789298334467058e-02  2.2512836984358003e+01  1.368798e+00  3.900048e+01  3.001962e+02  8.479154e+03  1.360844e+05  3.855135e+06  1.978178e+02  2.127488e+05  1.1853527106399437e+05
      7090  8.8624999999999208e+00  9.3601404150796860e-02  2.2590967035694867e+01  1.382228e+00  4.004679e+01  3.314521e+02  9.787731e+03  1.738330e+05  5.212900e+06  2.163542e+02  2.599889e+05  1.2040765413794183e+05
      7100  8.8749999999999272e+00  9.3412889055564746e-02  2.2661574042767676e+01  1.392447e+00  4.072177e+01  3.573054e+02  1.091246e+04  2.093238e+05  6.571937e+06  2.308514e+02  3.010931e+05  1.2231531347364429e+05
      7110  8.8874999999999336e+00  9.3223820482535288e-02  2.2723557516222783e+01  1.394906e+00  4.082414e+01  3.706835e+02  1.150600e+04  2.312892e+05  7.453280e+06  2.375702e+02  3.214728e+05  1.2419918548364140e+05
      7120  8.8999999999999400e+00  9.3034273790972774e-02  2.2776180004635009e+01  1.386181e+00  4.023480e+01  3.668293e+02  1.134171e+04  2.317067e+05  7.499171e+06  2.351006e+02  3.124405e+05  1.2599760755682903e+05
      7130  8.9124999999999464e+00  9.2844328322188488e-02  2.2819240098621620e+01  1.365123e+00  3.896813e+01  3.452630e+02  1.042629e+04  2.100422e+05  6.683342e+06  2.250728e+02  2.812800e+05  1.2767196856633940e+05
      7140  8.9249999999999527e+00  9.2654063101970385e-02  2.2852992994827357e+01  1.332690e+00  3.717729e+01  3.098819e+02  8.992943e+03  1.730921e+05  5.311032e+06  2.102526e+02  2.404038e+05  1.2920884669317387e+05
      7150  8.9374999999999591e+00  9.2463553919507377e-02  2.2877931089029982e+01  1.291489e+00  3.512225e+01  2.677419e+02  7.388329e+03  1.314457e+05  3.816525e+06  1.943999e+02  2.026196e+05  1.3059627664789828e+05
      7160  8.9499999999999655e+00  9.2272872002836168e-02  2.2894653625019263e+01  1.245218e+00  3.308614e+01  2.256695e+02  5.893134e+03  9.333482e+04  2.517944e+06  1.807061e+02  1.739785e+05  1.3181770882708850e+05
      7170  8.9624999999999719e+00  9.2082083216250249e-02  2.2903851302372999e+01  1.197610e+00  3.125408e+01  1.876205e+02  4.636911e+03  6.255303e+04  1.546309e+06  1.680391e+02  1.478875e+05  1.3284687964494887e+05
      7180  8.9749999999999783e+00  9.1891247131081877e-02  2.2906317441657869e+01  1.152096e+00  2.972681e+01  1.564226e+02  3.707605e+03  4.131852e+04  9.458163e+05  1.552513e+02  1.186440e+05  1.3365280245193595e+05
      7190  8.9874999999999847e+00  9.1700416387700462e-02  2.2902835528385317e+01  1.111770e+00  2.856869e+01  1.339224e+02  3.123578e+03  2.922825e+04  6.480827e+05  1.434597e+02  9.305199e+04  1.3423289987114162e+05
      7200  8.9999999999999911e+00  9.1509637651455672e-02  2.2893982997481992e+01  1.078265e+00  2.772940e+01  1.190570e+02  2.776888e+03  2.289085e+04  5.079085e+05  1.333863e+02  7.504439e+04  1.3461245631064451e+05
      7210  9.0124999999999975e+00  9.1318953779037149e-02  2.2880093897618714e+01  1.051461e+00  2.709022e+01  1.093461e+02  2.554841e+03  1.938628e+04  4.323495e+05  1.247152e+02  6.233337e+04  1.3482949598603381e+05
      7220  9.0250000000000039e+00  9.1128405683396765e-02  2.2861350959260367e+01  1.030681e+00  2.656507e+01  1.030620e+02  2.398030e+03  1.737659e+04  3.859460e+05  1.169375e+02  5.213931e+04  1.3491570516940084e+05
      7230  9.0375000000000103e+00  9.0938032887189685e-02  2.2837962776694120e+01  1.015255e+00  2.611530e+01  9.927273e+01  2.282811e+03  1.627604e+04  3.562338e+05  1.104392e+02  4.469171e+04  1.3488340217680781e+05
      7240  9.0500000000000167e+00  9.0747872822876885e-02  2.2810224939573960e+01  1.004066e+00  2.571955e+01  9.716411e+01  2.198359e+03  1.574181e+04  3.381023e+05  1.051600e+02  3.924956e+04  1.3475010423990281e+05
      7250  9.0625000000000231e+00  9.0557960704617593e-02  2.2778344374631182e+01  9.959050e-01  2.536125e+01  9.595458e+01  2.132229e+03  1.544460e+04  3.250586e+05  1.012392e+02  3.570936e+04  1.3455633729010524e+05
      7260  9.0750000000000295e+00  9.0368331274799915e-02  2.2742214651031169e+01  9.902161e-01  2.502339e+01  9.501099e+01  2.071189e+03  1.513154e+04  3.119175e+05  9.863421e+01  3.369130e+04  1.3434702641831015e+05
      7270  9.0875000000000359e+00  9.0179021610740609e-02  2.2701404491064388e+01  9.867314e-01  2.469226e+01  9.391304e+01  2.006848e+03  1.466623e+04  2.961098e+05  9.702587e+01  3.250900e+04  1.3414330581673305e+05
      7280  9.1000000000000423e+00  8.9990073117213368e-02  2.2655349071749910e+01  9.851358e-01  2.436782e+01  9.260088e+01  1.939454e+03  1.407056e+04  2.781298e+05  9.628036e+01  3.213637e+04  1.3392841520282556e+05
      7290  9.1125000000000487e+00  8.9801531456195724e-02  2.2603623763328009e+01  9.847640e-01  2.405813e+01  9.125984e+01  1.874616e+03  1.345758e+04  2.604110e+05  9.626827e+01  3.235757e+04  1.3367100831088610e+05
      7300  9.1250000000000551e+00  8.9613444770310663e-02  2.2546045336446298e+01  9.843845e-01  2.376296e+01  8.999623e+01  1.816438e+03  1.291184e+04  2.449782e+05  9.697933e+01  3.361522e+04  1.3334442402632194e+05
      7310  9.1375000000000615e+00  8.9425861776651364e-02  2.2482649789267988e+01  9.825967e-01  2.346769e+01  8.878625e+01  1.765928e+03  1.248575e+04  2.335999e+05  9.852406e+01  3.661377e+04  1.3291991255303036e+05
      7320  9.1500000000000679e+00  8.9238829882854448e-02  2.2413721747032266e+01  9.783790e-01  2.315458e+01  8.747350e+01  1.718995e+03  1.213225e+04  2.253253e+05  1.003054e+02  4.102528e+04  1.3236832652087481e+05
      7330  9.1625000000000743e+00  8.9052392920601769e-02  2.2339857302375798e+01  9.712235e-01  2.281688e+01  8.585471e+01  1.671096e+03  1.177158e+04  2.182873e+05  1.011414e+02  4.458424e+04  1.3166068422024735e+05
      7340  9.1750000000000806e+00  8.8866588242049668e-02  2.2262037945633459e+01  9.612425e-01  2.246048e+01  8.389679e+01  1.621690e+03  1.139316e+04  2.117240e+05  1.006223e+02  4.570690e+04  1.3077687311519730e+05
      7350  9.1875000000000870e+00  8.8681443460830039e-02  2.2181607589980342e+01  9.490173e-01  2.209321e+01  8.176339e+01  1.572457e+03  1.104974e+04  2.059857e+05  9.891684e+01  4.433812e+04  1.2972533927860353e+05
      7360  9.2000000000000934e+00  8.8496974273484658e-02  2.2100041621292309e+01  9.354671e-01  2.171924e+01  7.967674e+01  1.524743e+03  1.078025e+04  2.012205e+05  9.638019e+01  4.155060e+04  1.2854204012880729e+05
      7370  9.2125000000000998e+00  8.8313184457797803e-02  2.2018690038598102e+01  9.216401e-01  2.134090e+01  7.774794e+01  1.478943e+03  1.059967e+04  1.976678e+05  9.342388e+01  3.842810e+04  1.2727643346152274e+05
      7380  9.2250000000001062e+00  8.8130067675034257e-02  2.1938616840028857e+01  9.084092e-01  2.096578e+01  7.599172e+01  1.436005e+03  1.050518e+04  1.954526e+05  9.033601e+01  3.544220e+04  1.2597638306366958e+05
      7390  9.2375000000001126e+00  8.7947610062447265e-02  2.1860557930316059e+01  8.964411e-01  2.060635e+01  7.440119e+01  1.397035e+03  1.047229e+04  1.942872e+05  8.730956e+01  3.258934e+04  1.2468124091255471e+05
      7400  9.2500000000001190e+00  8.7765792849673840e-02  2.1784965609943452e+01  8.864057e-01  2.027956e+01  7.306471e+01  1.365369e+03  1.049521e+04  1.946339e+05  8.445278e+01  2.983613e+04  1.2341395940598247e+05
      7410  9.2625000000001254e+00  8.7584594241693958e-02  2.1712132936308894e+01  8.789229e-01  1.999842e+01  7.212780e+01  1.343863e+03  1.058320e+04  1.963813e+05  8.203337e+01  2.786001e+04  1.2217484002185031e+05
      7420  9.2750000000001318e+00  8.7403990073675650e-02  2.1642349804412614e+01  8.742812e-01  1.976025e+01  7.158661e+01  1.330626e+03  1.069159e+04  1.980168e+05  8.004156e+01  2.645460e+04  1.2095349273785946e+05
      7430  9.2875000000001382e+00  8.7223953623622383e-02  2.1575924239216192e+01  8.723902e-01  1.954558e+01  7.120765e+01  1.317693e+03  1.070299e+04  1.967449e+05  7.848322e+01  2.578165e+04  1.1974630219380178e+05
      7440  9.3000000000001446e+00  8.7044455848780150e-02  2.1513064831783353e+01  8.728842e-01  1.932897e+01  7.061232e+01  1.295425e+03  1.047428e+04  1.902857e+05  7.711328e+01  2.476589e+04  1.1857706219973500e+05
      7450  9.3125000000001510e+00  8.6865467204342378e-02  2.1453642475410316e+01  8.754004e-01  1.909987e+01  6.958183e+01  1.259947e+03  9.948433e+03  1.777182e+05  7.590585e+01  2.385955e+04  1.1748184541651650e+05
      7460  9.3250000000001574e+00  8.6686961023534154e-02  2.1397099067323396e+01  8.796003e-01  1.886826e+01  6.818548e+01  1.218296e+03  9.259321e+03  1.634680e+05  7.496438e+01  2.342971e+04  1.1648157274770737e+05
      7470  9.3375000000001638e+00  8.6508916688587387e-02  2.1342576247410769e+01  8.851121e-01  1.865628e+01  6.675963e+01  1.180698e+03  8.607012e+03  1.520720e+05  7.416041e+01  2.304243e+04  1.1556785181852574e+05
      7480  9.3500000000001702e+00  8.6331321108408715e-02  2.1289172181521788e+01  8.913990e-01  1.848325e+01  6.562680e+01  1.153639e+03  8.117762e+03  1.448821e+05  7.347140e+01  2.278719e+04  1.1471110195822213e+05
      7490  9.3625000000001766e+00  8.6154168092311051e-02  2.1236165594591355e+01  8.978908e-01  1.835404e+01  6.485284e+01  1.138236e+03  7.771530e+03  1.412545e+05  7.302156e+01  2.267563e+04  1.1388003198974600e+05
      7500  9.3750000000001830e+00  8.5977456355157342e-02  2.1183117825938719e+01  9.043464e-01  1.826018e+01  6.442414e+01  1.131141e+03  7.540977e+03  1.396769e+05  7.272360e+01  2.293046e+04  1.1305597665966531e+05
      7510  9.3875000000001894e+00  8.5801187144595073e-02  2.1129864373374218e+01  9.107594e-01  1.819242e+01  6.428803e+01  1.130882e+03  7.412745e+03  1.399788e+05  7.246818e+01  2.312034e+04  1.1223669194895453e+05
      7520  9.4000000000001958e+00  8.5625362174085062e-02  2.1076454822935212e+01  9.172573e-01  1.814496e+01  6.440496e+01  1.138837e+03  7.367580e+03  1.432746e+05  7.218696e+01  2.367870e+04  1.1143047767082490e+05
      7530  9.4125000000002021e+00  8.5449982086480997e-02  2.1023091381532101e+01  9.241124e-01  1.811912e+01  6.488314e+01  1.158784e+03  7.441295e+03  1.515962e+05  7.179317e+01  2.379481e+04  1.1065012950159713e+05
      7540  9.4250000000002085e+00  8.5275045358262080e-02  2.0970091310195873e+01  9.315921e-01  1.812734e+01  6.583908e+01  1.199333e+03  7.649530e+03  1.695990e+05  7.120228e+01  2.367996e+04  1.0990977106909000e+05
      7550  9.4375000000002149e+00  8.5100547315426323e-02  2.0917905565364759e+01  9.393619e-01  1.819097e+01  6.734869e+01  1.276457e+03  8.079956e+03  2.078796e+05  7.041961e+01  2.307540e+04  1.0922725401557145e+05
      7560  9.4500000000002213e+00  8.4926478860019361e-02  2.0867148684057888e+01  9.460230e-01  1.835362e+01  6.929580e+01  1.423549e+03  8.907289e+03  2.906124e+05  6.967297e+01  2.267101e+04  1.0863094032719778e+05
      7570  9.4625000000002277e+00  8.4752825401300663e-02  2.0818501710483844e+01  9.494731e-01  1.868089e+01  7.121102e+01  1.704937e+03  1.030622e+04  4.743045e+05  6.959502e+01  2.373657e+04  1.0816837354209871e+05
      7580  9.4750000000002341e+00  8.4579567155583124e-02  2.0772465996899669e+01  9.474493e-01  1.924555e+01  7.174007e+01  2.224605e+03  1.167675e+04  8.727733e+05  7.225932e+01  3.129098e+04  1.0794183980351446e+05
      7590  9.4875000000002405e+00  8.4406683307189770e-02  2.0728579675089332e+01  9.382741e-01  2.012368e+01  6.705512e+01  3.196925e+03  8.368415e+03  1.796994e+06  8.590631e+01  7.847367e+04  1.0813212567087397e+05
      7600  9.5000000000002469e+00  8.4234165618693221e-02  2.0684065721238177e+01  9.248100e-01  2.115590e+01  5.567398e+01  4.805999e+03 -7.125743e+03  3.887008e+06  1.192572e+02  2.518566e+05  1.0888866552839833e+05
      7610  9.5125000000002533e+00  8.4062039663490198e-02  2.0633698063894567e+01  9.161404e-01  2.150873e+01  5.409779e+01  6.033857e+03 -8.500691e+03  6.170827e+06  1.506627e+02  4.517491e+05  1.1010957210897651e+05
      7620  9.5250000000002597e+00  8.3890377628001084e-02  2.0571749704975957e+01  9.211765e-01  2.034162e+01  6.949665e+01  4.765941e+03  1.719579e+04  4.591874e+06  1.523789e+02  4.691560e+05  1.1115041139731152e+05
      7630  9.5375000000002661e+00  8.3719287788745364e-02  2.0496228530137628e+01  9.352367e-01  1.864939e+01  8.278313e+01  2.612503e+03  2.970729e+04  1.658587e+06  1.501949e+02  5.175641e+05  1.1082798849727584e+05
      7640  9.5500000000002725e+00  8.3548853784464527e-02  2.0416344387983123e+01  9.361614e-01  1.774880e+01  7.776959e+01  1.762911e+03  1.760941e+04  7.082037e+05  1.616866e+02  6.149070e+05  1.0869426936942991e+05
      7650  9.5625000000002789e+00  8.3379048048352306e-02  2.0346492198663853e+01  9.271585e-01  1.745066e+01  7.186129e+01  1.547621e+03  1.129428e+04  4.846914e+05  1.476033e+02  5.504156e+05  1.0627238500498144e+05
      7660  9.5750000000002853e+00  8.3209779593027597e-02  2.0286310078565105e+01  9.219469e-01  1.742039e+01  7.311725e+01  1.515976e+03  1.304354e+04  4.271827e+05  1.188878e+02  2.802621e+05  1.0444758360667601e+05
      7670  9.5875000000002917e+00  8.3040992168004799e-02  2.0230266908454478e+01  9.209532e-01  1.747441e+01  7.655344e+01  1.560872e+03  1.652685e+04  4.520840e+05  1.104960e+02  2.263880e+05  1.0308084710752727e+05
      7680  9.6000000000002981e+00  8.2872665892158096e-02  2.0175402138181710e+01  9.205159e-01  1.741930e+01  7.713752e+01  1.522796e+03  1.724316e+04  4.272158e+05  1.044721e+02  1.934612e+05  1.0186725868380521e+05
      7690  9.6125000000003045e+00  8.2704792739023814e-02  2.0121757716592729e+01  9.203117e-01  1.726193e+01  7.433527e+01  1.399867e+03  1.466349e+04  3.346124e+05  9.288099e+01  1.361920e+05  1.0056429954097676e+05
      7700  9.6250000000003109e+00  8.2537354827937753e-02  2.0071297496742837e+01  9.228010e-01  1.709470e+01  7.176321e+01  1.282729e+03  1.229742e+04  2.566706e+05  7.895881e+01  7.824557e+04  9.9186316886744258e+04
      7710  9.6375000000003173e+00  8.2370317154218470e-02  2.0025905608520777e+01  9.274160e-01  1.696018e+01  7.017065e+01  1.204580e+03  1.085170e+04  2.124768e+05  6.789288e+01  4.304959e+04  9.7849477083703779e+04
      7720  9.6500000000003237e+00  8.2203632853897313e-02  1.9986484953113358e+01  9.320550e-01  1.685642e+01  6.910999e+01  1.152203e+03  9.947213e+03  1.852115e+05  6.025490e+01  2.475750e+04  9.6653587907312613e+04
      7730  9.6625000000003300e+00  8.2037251583599313e-02  1.9953052084908308e+01  9.354149e-01  1.676836e+01  6.827643e+01  1.111778e+03  9.320140e+03  1.648133e+05  5.552455e+01  1.687287e+04  9.5641831585035456e+04
      7740  9.6750000000003364e+00  8.1871125460547589e-02  1.9925050046114904e+01  9.373972e-01  1.668964e+01  6.762643e+01  1.081362e+03  8.957137e+03  1.515088e+05  5.287714e+01  1.351438e+04  9.4809604211893849e+04
      7750  9.6875000000003428e+00  8.1705212455905243e-02  1.9901714590521703e+01  9.382215e-01  1.661962e+01  6.704127e+01  1.060792e+03  8.770876e+03  1.447403e+05  5.194405e+01  1.285860e+04  9.4143519172082189e+04
      7760  9.7000000000003492e+00  8.1539477034458754e-02  1.9882236401541412e+01  9.381756e-01  1.655651e+01  6.642352e+01  1.047372e+03  8.673386e+03  1.423347e+05  5.228443e+01  1.376233e+04  9.3638628101065638e+04
      7770  9.7125000000003556e+00  8.1373890683997779e-02  1.9865756142506328e+01  9.375390e-01  1.649454e+01  6.578996e+01  1.036995e+03  8.621574e+03  1.419451e+05  5.322882e+01  1.557454e+04  9.3268235917864600e+04
      7780  9.7250000000003620e+00  8.1208431709004686e-02  1.9851512670502480e+01  9.367309e-01  1.643122e+01  6.523714e+01  1.027457e+03  8.594900e+03  1.421449e+05  5.408192e+01  1.734903e+04  9.3001090329004306e+04
      7790  9.7375000000003684e+00  8.1043084091985768e-02  1.9838904233655835e+01  9.361406e-01  1.636994e+01  6.481635e+01  1.017893e+03  8.569432e+03  1.418586e+05  5.429193e+01  1.782285e+04  9.2807043851566646e+04
      7800  9.7500000000003748e+00  8.0877836109443144e-02  1.9827490179083295e+01  9.359276e-01  1.631499e+01  6.445146e+01  1.007639e+03  8.498908e+03  1.403505e+05  5.402683e+01  1.715449e+04  9.2665063696833153e+04
      7810  9.7625000000003812e+00  8.0712679152552314e-02  1.9816944359588167e+01  9.359559e-01  1.626750e+01  6.402903e+01  9.956408e+02  8.351814e+03  1.371461e+05  5.401942e+01  1.706210e+04  9.2568396583173380e+04
      7820  9.7750000000003876e+00  8.0547607116579614e-02  1.9806970607816371e+01  9.359452e-01  1.622638e+01  6.350529e+01  9.815296e+02  8.132173e+03  1.323898e+05  5.474978e+01  1.835419e+04  9.2516414844262225e+04
      7830  9.7875000000003940e+00  8.0382616542358259e-02  1.9797222910662732e+01  9.356580e-01  1.619214e+01  6.289996e+01  9.663616e+02  7.877146e+03  1.268063e+05  5.592760e+01  2.031033e+04  9.2503690675427759e+04
      7840  9.8000000000004004e+00  8.0217707169733921e-02  1.9787288950080857e+01  9.350783e-01  1.616576e+01  6.225149e+01  9.518802e+02  7.622695e+03  1.214017e+05  5.721247e+01  2.204660e+04  9.2528860524327611e+04
      7850  9.8125000000004068e+00  8.0052882654549851e-02  1.9776647432356420e+01  9.344476e-01  1.614813e+01  6.161838e+01  9.397035e+02  7.399442e+03  1.169294e+05  5.846880e+01  2.338139e+04  9.2598155001327759e+04
      7860  9.8250000000004132e+00  7.9888151688312828e-02  1.9764632523022531e+01  9.340689e-01  1.613886e+01  6.104116e+01  9.315697e+02  7.220502e+03  1.140911e+05  5.958591e+01  2.433641e+04  9.2713254152496549e+04
      7870  9.8375000000004196e+00  7.9723528945908270e-02  1.9750509064567471e+01  9.342150e-01  1.613263e+01  6.054843e+01  9.273198e+02  7.084233e+03  1.129401e+05  6.060219e+01  2.549512e+04  9.2857693931756570e+04
      7880  9.8500000000004260e+00  7.9559034920849717e-02  1.9733652329079565e+01  9.349649e-01  1.612389e+01  6.017041e+01  9.254861e+02  6.989494e+03  1.129895e+05  6.169098e+01  2.778530e+04  9.2998410083393843e+04
      7890  9.8625000000004324e+00  7.9394694207199648e-02  1.9713712095709010e+01  9.361280e-01  1.610775e+01  5.990230e+01  9.238059e+02  6.937531e+03  1.135985e+05  6.283733e+01  3.146277e+04  9.3100388815611121e+04
      7900  9.8750000000004388e+00  7.9230532895853481e-02  1.9690660793004479e+01  9.374446e-01  1.607918e+01  5.967581e+01  9.194282e+02  6.902624e+03  1.137103e+05  6.400445e+01  3.637795e+04  9.3143209730618488e+04
      7910  9.8875000000004452e+00  7.9066576119829340e-02  1.9664712315521395e+01  9.387780e-01  1.603530e+01  5.938217e+01  9.100489e+02  6.839888e+03  1.122361e+05  6.493106e+01  4.098842e+04  9.3130048729908260e+04
      7920  9.9000000000004515e+00  7.8902846761283854e-02  1.9636153095293178e+01  9.402000e-01  1.597631e+01  5.895812e+01  8.948626e+02  6.711178e+03  1.087730e+05  6.518106e+01  4.339612e+04  9.3076627554812701e+04
      7930  9.9125000000004579e+00  7.8739365446852172e-02  1.9605218838407275e+01  9.417224e-01  1.590554e+01  5.836867e+01  8.753979e+02  6.516807e+03  1.040346e+05  6.457120e+01  4.168033e+04  9.2997437312839553e+04
      7940  9.9250000000004643e+00  7.8576151237754577e-02  1.9572055037189610e+01  9.432869e-01  1.583034e+01  5.763056e+01  8.548558e+02  6.270650e+03  9.916388e+04  6.330825e+01  3.692587e+04  9.2891462459415576e+04
      7950  9.9375000000004707e+00  7.8413222182646417e-02  1.9536782771821780e+01  9.447066e-01  1.575933e+01  5.681719e+01  8.372542e+02  6.014543e+03  9.545060e+04  6.185205e+01  3.146628e+04  9.2738959099475644e+04
      7960  9.9500000000004771e+00  7.8250595022157227e-02  1.9499615900686742e+01  9.456659e-01  1.569482e+01  5.596437e+01  8.238740e+02  5.756825e+03  9.252365e+04  6.062853e+01  2.727216e+04  9.2516719225726847e+04
      7970  9.9625000000004835e+00  7.8088284125608490e-02  1.9460903543999525e+01  9.457546e-01  1.562870e+01  5.503863e+01  8.124336e+02  5.489708e+03  8.987930e+04  5.963538e+01  2.450347e+04  9.2219819968959011e+04
      7980  9.9750000000004899e+00  7.7926300650894204e-02  1.9421047505425594e+01  9.446765e-01  1.555043e+01  5.399894e+01  7.996638e+02  5.195807e+03  8.689135e+04  5.839380e+01  2.223278e+04  9.1864618273466374e+04
      7990  9.9875000000004963e+00  7.7764652555707303e-02  1.9380404610210732e+01  9.425334e-01  1.545816e+01  5.290237e+01  7.846470e+02  4.884370e+03  8.320208e+04  5.637477e+01  1.930109e+04  9.1474857367834353e+04
      8000  1.0000000000000503e+01  7.7603345172551061e-02  1.9339247298266027e+01  9.398850e-01  1.536553e+01  5.196610e+01  7.707158e+02  4.616753e+03  7.962853e+04  5.375268e+01  1.569944e+04  9.1075555830913640e+04
